

================================================================
== Vitis HLS Report for 'DebayerG_Pipeline_VITIS_LOOP_318_4'
================================================================
* Date:           Tue Apr  7 16:03:08 2026

* Version:        2025.2 (Build 6295257 on Nov 12 2025)
* Project:        prj
* Solution:       sol (Vivado IP Flow Target)
* Product family: zynquplus
* Target device:  xczu3eg-sfvc784-2-e


================================================================
== Performance Estimates
================================================================
+ Timing: 
    * Summary: 
    +--------+---------+----------+------------+
    |  Clock |  Target | Estimated| Uncertainty|
    +--------+---------+----------+------------+
    |ap_clk  |  6.73 ns|  4.802 ns|     1.82 ns|
    +--------+---------+----------+------------+

+ Latency: 
    * Summary: 
    +---------+---------+-----------+----------+-----+-----+-------------------+
    |  Latency (cycles) |  Latency (absolute)  |  Interval |      Pipeline     |
    |   min   |   max   |    min    |    max   | min | max |        Type       |
    +---------+---------+-----------+----------+-----+-----+-------------------+
    |       13|    65548|  87.542 ns|  0.441 ms|    0|    0|  loop pipeline stp|
    +---------+---------+-----------+----------+-----+-----+-------------------+

    + Detail: 
        * Instance: 
        N/A

        * Loop: 
        +--------------------+---------+---------+----------+-----------+-----------+-----------+----------+
        |                    |  Latency (cycles) | Iteration|  Initiation Interval  |    Trip   |          |
        |      Loop Name     |   min   |   max   |  Latency |  achieved |   target  |   Count   | Pipelined|
        +--------------------+---------+---------+----------+-----------+-----------+-----------+----------+
        |- VITIS_LOOP_318_4  |       11|    65546|        11|          1|          1|  2 ~ 65537|       yes|
        +--------------------+---------+---------+----------+-----------+-----------+-----------+----------+



================================================================
== Utilization Estimates
================================================================
* Summary: 
+-----------------+---------+-----+--------+-------+-----+
|       Name      | BRAM_18K| DSP |   FF   |  LUT  | URAM|
+-----------------+---------+-----+--------+-------+-----+
|DSP              |        -|    2|       -|      -|    -|
|Expression       |        -|    -|       0|   2701|    -|
|FIFO             |        -|    -|       -|      -|    -|
|Instance         |        -|    6|       0|     30|    -|
|Memory           |       10|    -|       0|      0|    0|
|Multiplexer      |        -|    -|       0|    576|    -|
|Register         |        -|    -|    2830|    928|    -|
+-----------------+---------+-----+--------+-------+-----+
|Total            |       10|    8|    2830|   4235|    0|
+-----------------+---------+-----+--------+-------+-----+
|Available        |      432|  360|  141120|  70560|    0|
+-----------------+---------+-----+--------+-------+-----+
|Utilization (%)  |        2|    2|       2|      6|    0|
+-----------------+---------+-----+--------+-------+-----+

+ Detail: 
    * Instance: 
    +-------------------------+---------------------+---------+----+---+----+-----+
    |         Instance        |        Module       | BRAM_18K| DSP| FF| LUT| URAM|
    +-------------------------+---------------------+---------+----+---+----+-----+
    |mul_12s_10ns_22_1_1_U60  |mul_12s_10ns_22_1_1  |        0|   1|  0|   5|    0|
    |mul_12s_10ns_22_1_1_U61  |mul_12s_10ns_22_1_1  |        0|   1|  0|   5|    0|
    |mul_18s_8ns_18_1_1_U57   |mul_18s_8ns_18_1_1   |        0|   1|  0|   5|    0|
    |mul_18s_8ns_18_1_1_U58   |mul_18s_8ns_18_1_1   |        0|   1|  0|   5|    0|
    |mul_18s_9ns_18_1_1_U56   |mul_18s_9ns_18_1_1   |        0|   1|  0|   5|    0|
    |mul_18s_9ns_18_1_1_U59   |mul_18s_9ns_18_1_1   |        0|   1|  0|   5|    0|
    +-------------------------+---------------------+---------+----+---+----+-----+
    |Total                    |                     |        0|   6|  0|  30|    0|
    +-------------------------+---------------------+---------+----+---+----+-----+

    * DSP: 
    +------------------------------------+--------------------------------+--------------+
    |              Instance              |             Module             |  Expression  |
    +------------------------------------+--------------------------------+--------------+
    |mac_muladd_12s_10ns_22s_23_4_1_U62  |mac_muladd_12s_10ns_22s_23_4_1  |  i0 + i1 * i2|
    |mac_muladd_12s_10ns_22s_23_4_1_U63  |mac_muladd_12s_10ns_22s_23_4_1  |  i0 + i1 * i2|
    +------------------------------------+--------------------------------+--------------+

    * Memory: 
    +-----------------+----------------------------------------------------------------+---------+---+----+-----+------+-----+------+-------------+
    |      Memory     |                             Module                             | BRAM_18K| FF| LUT| URAM| Words| Bits| Banks| W*Bits*Banks|
    +-----------------+----------------------------------------------------------------+---------+---+----+-----+------+-----+------+-------------+
    |DIV1_TABLE_U     |DebayerG_Pipeline_VITIS_LOOP_318_4_DIV1_TABLE_ROM_AUTO_1R       |        2|  0|   0|    0|  1024|   10|     1|        10240|
    |DIV2_TABLE_U     |DebayerG_Pipeline_VITIS_LOOP_318_4_DIV2_TABLE_ROM_AUTO_1R       |        4|  0|   0|    0|  4096|   18|     1|        73728|
    |linebuf_yuv_3_U  |DebayerG_Pipeline_VITIS_LOOP_318_4_linebuf_yuv_3_RAM_AUTO_1R1W  |        1|  0|   0|    0|  1921|    8|     1|        15368|
    |linebuf_yuv_2_U  |DebayerG_Pipeline_VITIS_LOOP_318_4_linebuf_yuv_3_RAM_AUTO_1R1W  |        1|  0|   0|    0|  1921|    8|     1|        15368|
    |linebuf_yuv_1_U  |DebayerG_Pipeline_VITIS_LOOP_318_4_linebuf_yuv_3_RAM_AUTO_1R1W  |        1|  0|   0|    0|  1921|    8|     1|        15368|
    |linebuf_yuv_U    |DebayerG_Pipeline_VITIS_LOOP_318_4_linebuf_yuv_3_RAM_AUTO_1R1W  |        1|  0|   0|    0|  1921|    8|     1|        15368|
    +-----------------+----------------------------------------------------------------+---------+---+----+-----+------+-----+------+-------------+
    |Total            |                                                                |       10|  0|   0|    0| 12804|   60|     6|       145440|
    +-----------------+----------------------------------------------------------------+---------+---+----+-----+------+-----+------+-------------+

    * FIFO: 
    N/A

    * Expression: 
    +------------------------------------+----------+----+---+----+------------+------------+
    |            Variable Name           | Operation| DSP| FF| LUT| Bitwidth P0| Bitwidth P1|
    +------------------------------------+----------+----+---+----+------------+------------+
    |add_ln451_fu_1394_p2                |         +|   0|  0|  16|           9|           9|
    |add_ln453_fu_1454_p2                |         +|   0|  0|  16|           9|           9|
    |add_ln455_fu_1522_p2                |         +|   0|  0|  16|           9|           9|
    |add_ln457_fu_1578_p2                |         +|   0|  0|  16|           9|           9|
    |add_ln458_fu_1610_p2                |         +|   0|  0|  16|           9|           9|
    |add_ln459_fu_1638_p2                |         +|   0|  0|  16|           9|           9|
    |add_ln460_fu_1670_p2                |         +|   0|  0|  16|           9|           9|
    |add_ln461_fu_1698_p2                |         +|   0|  0|  16|           9|           9|
    |add_ln465_1_fu_1740_p2              |         +|   0|  0|  18|          11|          11|
    |add_ln465_fu_1730_p2                |         +|   0|  0|  18|          11|          11|
    |add_ln466_1_fu_1786_p2              |         +|   0|  0|  18|          11|          11|
    |add_ln466_fu_1776_p2                |         +|   0|  0|  18|          11|          11|
    |add_ln467_fu_1814_p2                |         +|   0|  0|  18|          11|          11|
    |add_ln468_1_fu_1852_p2              |         +|   0|  0|  18|          11|          11|
    |add_ln468_fu_1842_p2                |         +|   0|  0|  18|          11|          11|
    |add_ln476_1_fu_2473_p2              |         +|   0|  0|  18|          11|          11|
    |add_ln476_2_fu_2483_p2              |         +|   0|  0|  19|          12|          12|
    |add_ln476_fu_2463_p2                |         +|   0|  0|  18|          11|          11|
    |add_ln477_1_fu_2669_p2              |         +|   0|  0|  18|          11|          11|
    |add_ln477_2_fu_2679_p2              |         +|   0|  0|  19|          12|          12|
    |add_ln477_fu_2659_p2                |         +|   0|  0|  18|          11|          11|
    |add_ln478_1_fu_2865_p2              |         +|   0|  0|  18|          11|          11|
    |add_ln478_2_fu_2875_p2              |         +|   0|  0|  19|          12|          12|
    |add_ln478_fu_2855_p2                |         +|   0|  0|  18|          11|          11|
    |add_ln479_1_fu_3061_p2              |         +|   0|  0|  18|          11|          11|
    |add_ln479_2_fu_3071_p2              |         +|   0|  0|  19|          12|          12|
    |add_ln479_fu_3051_p2                |         +|   0|  0|  18|          11|          11|
    |add_ln483_fu_2080_p2                |         +|   0|  0|  16|           9|           9|
    |add_ln484_fu_2168_p2                |         +|   0|  0|  16|           9|           9|
    |add_ln492_1_fu_3103_p2              |         +|   0|  0|  18|          11|          11|
    |add_ln492_2_fu_3123_p2              |         +|   0|  0|  16|           9|           1|
    |add_ln492_3_fu_3133_p2              |         +|   0|  0|  18|          11|          11|
    |add_ln492_4_fu_3153_p2              |         +|   0|  0|  18|          11|          11|
    |add_ln492_5_fu_3173_p2              |         +|   0|  0|  18|          11|          11|
    |add_ln492_fu_3093_p2                |         +|   0|  0|  16|           9|           1|
    |add_ln495_1_fu_3259_p2              |         +|   0|  0|  17|          10|          10|
    |add_ln495_fu_3249_p2                |         +|   0|  0|  16|           9|           9|
    |add_ln504_2_fu_3408_p2              |         +|   0|  0|  31|          24|          24|
    |ave_1_fu_1796_p2                    |         +|   0|  0|  19|          12|          12|
    |ave_2_fu_1824_p2                    |         +|   0|  0|  19|          12|          12|
    |ave_3_fu_1862_p2                    |         +|   0|  0|  19|          12|          12|
    |ave_fu_1750_p2                      |         +|   0|  0|  19|          12|          12|
    |g_fu_3474_p2                        |         +|   0|  0|  19|          12|          12|
    |out_x_fu_999_p2                     |         +|   0|  0|  24|          17|           3|
    |sw_1_fu_3269_p2                     |         +|   0|  0|  18|          11|          11|
    |x_11_fu_985_p2                      |         +|   0|  0|  24|          17|           1|
    |K_10_fu_1680_p2                     |         -|   0|  0|  17|          10|          10|
    |K_11_fu_1708_p2                     |         -|   0|  0|  17|          10|          10|
    |K_1_fu_1404_p2                      |         -|   0|  0|  17|          10|          10|
    |K_2_fu_1436_p2                      |         -|   0|  0|  18|          10|          10|
    |K_3_fu_1464_p2                      |         -|   0|  0|  17|          10|          10|
    |K_4_fu_1496_p2                      |         -|   0|  0|  18|          10|          10|
    |K_5_fu_1532_p2                      |         -|   0|  0|  17|          10|          10|
    |K_6_fu_1556_p2                      |         -|   0|  0|  18|          10|          10|
    |K_7_fu_1588_p2                      |         -|   0|  0|  17|          10|          10|
    |K_8_fu_1620_p2                      |         -|   0|  0|  17|          10|          10|
    |K_9_fu_1648_p2                      |         -|   0|  0|  17|          10|          10|
    |K_fu_1368_p2                        |         -|   0|  0|  18|          10|          10|
    |sub_ln450_fu_1362_p2                |         -|   0|  0|  18|          10|          10|
    |sub_ln452_fu_1430_p2                |         -|   0|  0|  18|          10|          10|
    |sub_ln454_fu_1490_p2                |         -|   0|  0|  18|          10|          10|
    |sub_ln456_fu_1550_p2                |         -|   0|  0|  18|          10|          10|
    |sub_ln472_1_fu_2259_p2              |         -|   0|  0|  17|           1|          10|
    |sub_ln472_2_fu_1914_p2              |         -|   0|  0|  20|           1|          13|
    |sub_ln472_3_fu_2270_p2              |         -|   0|  0|  17|           1|          10|
    |sub_ln472_4_fu_1948_p2              |         -|   0|  0|  20|           1|          13|
    |sub_ln472_5_fu_2281_p2              |         -|   0|  0|  17|           1|          10|
    |sub_ln472_6_fu_1982_p2              |         -|   0|  0|  20|           1|          13|
    |sub_ln472_7_fu_2292_p2              |         -|   0|  0|  17|           1|          10|
    |sub_ln472_fu_1880_p2                |         -|   0|  0|  20|           1|          13|
    |sub_ln476_1_fu_2346_p2              |         -|   0|  0|  18|          11|          11|
    |sub_ln476_2_fu_2385_p2              |         -|   0|  0|  18|          11|          11|
    |sub_ln476_3_fu_2424_p2              |         -|   0|  0|  18|          11|          11|
    |sub_ln476_fu_2307_p2                |         -|   0|  0|  18|          11|          11|
    |sub_ln477_1_fu_2542_p2              |         -|   0|  0|  18|          11|          11|
    |sub_ln477_2_fu_2581_p2              |         -|   0|  0|  18|          11|          11|
    |sub_ln477_3_fu_2620_p2              |         -|   0|  0|  18|          11|          11|
    |sub_ln477_fu_2503_p2                |         -|   0|  0|  18|          11|          11|
    |sub_ln478_1_fu_2738_p2              |         -|   0|  0|  18|          11|          11|
    |sub_ln478_2_fu_2777_p2              |         -|   0|  0|  18|          11|          11|
    |sub_ln478_3_fu_2816_p2              |         -|   0|  0|  18|          11|          11|
    |sub_ln478_fu_2699_p2                |         -|   0|  0|  18|          11|          11|
    |sub_ln479_1_fu_2934_p2              |         -|   0|  0|  18|          11|          11|
    |sub_ln479_2_fu_2973_p2              |         -|   0|  0|  18|          11|          11|
    |sub_ln479_3_fu_3012_p2              |         -|   0|  0|  18|          11|          11|
    |sub_ln479_fu_2895_p2                |         -|   0|  0|  18|          11|          11|
    |sub_ln483_1_fu_2044_p2              |         -|   0|  0|  16|           9|           9|
    |sub_ln483_fu_2008_p2                |         -|   0|  0|  16|           9|           9|
    |sub_ln484_1_fu_2132_p2              |         -|   0|  0|  16|           9|           9|
    |sub_ln484_fu_2096_p2                |         -|   0|  0|  16|           9|           9|
    |sub_ln504_1_fu_3446_p2              |         -|   0|  0|  18|           1|          11|
    |sub_ln504_fu_3430_p2                |         -|   0|  0|  32|           1|          25|
    |sub_ln61_10_fu_2406_p2              |         -|   0|  0|  17|           1|          10|
    |sub_ln61_11_fu_2445_p2              |         -|   0|  0|  17|           1|          10|
    |sub_ln61_12_fu_2524_p2              |         -|   0|  0|  17|           1|          10|
    |sub_ln61_13_fu_2563_p2              |         -|   0|  0|  17|           1|          10|
    |sub_ln61_14_fu_2602_p2              |         -|   0|  0|  17|           1|          10|
    |sub_ln61_15_fu_2641_p2              |         -|   0|  0|  17|           1|          10|
    |sub_ln61_16_fu_2720_p2              |         -|   0|  0|  17|           1|          10|
    |sub_ln61_17_fu_2759_p2              |         -|   0|  0|  17|           1|          10|
    |sub_ln61_18_fu_2798_p2              |         -|   0|  0|  17|           1|          10|
    |sub_ln61_19_fu_2837_p2              |         -|   0|  0|  17|           1|          10|
    |sub_ln61_20_fu_2916_p2              |         -|   0|  0|  17|           1|          10|
    |sub_ln61_21_fu_2955_p2              |         -|   0|  0|  17|           1|          10|
    |sub_ln61_22_fu_2994_p2              |         -|   0|  0|  17|           1|          10|
    |sub_ln61_23_fu_3033_p2              |         -|   0|  0|  17|           1|          10|
    |sub_ln61_24_fu_2026_p2              |         -|   0|  0|  15|           1|           8|
    |sub_ln61_25_fu_2062_p2              |         -|   0|  0|  15|           1|           8|
    |sub_ln61_26_fu_2114_p2              |         -|   0|  0|  15|           1|           8|
    |sub_ln61_27_fu_2150_p2              |         -|   0|  0|  15|           1|           8|
    |sub_ln61_9_fu_2367_p2               |         -|   0|  0|  17|           1|          10|
    |sub_ln61_fu_2328_p2                 |         -|   0|  0|  17|           1|          10|
    |ap_block_pp0                        |       and|   0|  0|   2|           1|           1|
    |ap_block_state11_pp0_stage0_iter10  |       and|   0|  0|   2|           1|           1|
    |ap_block_state2_pp0_stage0_iter1    |       and|   0|  0|   2|           1|           1|
    |ap_condition_2780                   |       and|   0|  0|   2|           1|           1|
    |ap_condition_422                    |       and|   0|  0|   2|           1|           1|
    |ap_condition_72                     |       and|   0|  0|   2|           1|           1|
    |ap_condition_808                    |       and|   0|  0|   2|           1|           1|
    |ap_enable_state1_pp0_iter0_stage0   |       and|   0|  0|   2|           1|           1|
    |ap_enable_state2_pp0_iter1_stage0   |       and|   0|  0|   2|           1|           1|
    |ap_predicate_op111_load_state1      |       and|   0|  0|   2|           1|           1|
    |ap_predicate_op134_load_state2      |       and|   0|  0|   2|           1|           1|
    |icmp_ln318_fu_979_p2                |      icmp|   0|  0|  24|          17|          17|
    |icmp_ln328_fu_1009_p2               |      icmp|   0|  0|  24|          17|          17|
    |icmp_ln346_fu_845_p2                |      icmp|   0|  0|  24|          17|          17|
    |icmp_ln387_fu_1015_p2               |      icmp|   0|  0|  24|          17|           1|
    |icmp_ln403_fu_851_p2                |      icmp|   0|  0|  24|          17|           1|
    |icmp_ln439_fu_1031_p2               |      icmp|   0|  0|  22|          15|          15|
    |icmp_ln506_fu_865_p2                |      icmp|   0|  0|  22|          15|          15|
    |icmp_ln510_fu_3535_p2               |      icmp|   0|  0|  12|           4|           1|
    |ap_block_pp0_stage0_01001           |        or|   0|  0|   2|           1|           1|
    |or_ln510_fu_3559_p2                 |        or|   0|  0|   2|           1|           1|
    |or_ln585_fu_1037_p2                 |        or|   0|  0|  17|          17|          17|
    |LineBufVal_8_fu_1087_p3             |    select|   0|  0|   8|           1|           8|
    |g_1_fu_3501_p3                      |    select|   0|  0|  11|           1|          12|
    |mean_1_fu_2275_p3                   |    select|   0|  0|  10|           1|          10|
    |mean_2_fu_2286_p3                   |    select|   0|  0|  10|           1|          10|
    |mean_3_fu_2297_p3                   |    select|   0|  0|  10|           1|          10|
    |mean_fu_2264_p3                     |    select|   0|  0|  10|           1|          10|
    |outpix_0_0_0_0_0_load_fu_3494_p3    |    select|   0|  0|   8|           1|           8|
    |outpix_0_2_0_0_0_load_fu_3510_p3    |    select|   0|  0|   8|           1|           8|
    |select_ln387_10_fu_1247_p3          |    select|   0|  0|   8|           1|           8|
    |select_ln387_11_fu_1254_p3          |    select|   0|  0|   8|           1|           8|
    |select_ln387_12_fu_1261_p3          |    select|   0|  0|   8|           1|           8|
    |select_ln387_13_fu_1267_p3          |    select|   0|  0|   8|           1|           8|
    |select_ln387_14_fu_1274_p3          |    select|   0|  0|   8|           1|           8|
    |select_ln387_15_fu_1281_p3          |    select|   0|  0|   8|           1|           8|
    |select_ln387_16_fu_1288_p3          |    select|   0|  0|   8|           1|           8|
    |select_ln387_17_fu_1295_p3          |    select|   0|  0|   8|           1|           8|
    |select_ln387_18_fu_1303_p3          |    select|   0|  0|   8|           1|           8|
    |select_ln387_19_fu_1311_p3          |    select|   0|  0|   8|           1|           8|
    |select_ln387_1_fu_1186_p3           |    select|   0|  0|   8|           1|           8|
    |select_ln387_2_fu_1193_p3           |    select|   0|  0|   8|           1|           8|
    |select_ln387_3_fu_1200_p3           |    select|   0|  0|   8|           1|           8|
    |select_ln387_4_fu_1207_p3           |    select|   0|  0|   8|           1|           8|
    |select_ln387_5_fu_1213_p3           |    select|   0|  0|   8|           1|           8|
    |select_ln387_6_fu_1220_p3           |    select|   0|  0|   8|           1|           8|
    |select_ln387_7_fu_1227_p3           |    select|   0|  0|   8|           1|           8|
    |select_ln387_8_fu_1234_p3           |    select|   0|  0|   8|           1|           8|
    |select_ln387_9_fu_1240_p3           |    select|   0|  0|   8|           1|           8|
    |select_ln387_fu_1180_p3             |    select|   0|  0|   8|           1|           8|
    |select_ln403_1_fu_1079_p3           |    select|   0|  0|   8|           1|           8|
    |select_ln403_fu_1071_p3             |    select|   0|  0|   8|           1|           8|
    |select_ln504_fu_3462_p3             |    select|   0|  0|  10|           1|          11|
    |select_ln506_fu_3480_p3             |    select|   0|  0|   8|           1|           8|
    |select_ln507_fu_3487_p3             |    select|   0|  0|   8|           1|           1|
    |select_ln510_1_fu_3551_p3           |    select|   0|  0|   2|           1|           2|
    |select_ln510_fu_3565_p3             |    select|   0|  0|   8|           1|           8|
    |select_ln61_10_fu_2804_p3           |    select|   0|  0|  10|           1|          10|
    |select_ln61_11_fu_2843_p3           |    select|   0|  0|  10|           1|          10|
    |select_ln61_12_fu_2922_p3           |    select|   0|  0|  10|           1|          10|
    |select_ln61_13_fu_2961_p3           |    select|   0|  0|  10|           1|          10|
    |select_ln61_14_fu_3000_p3           |    select|   0|  0|  10|           1|          10|
    |select_ln61_15_fu_3039_p3           |    select|   0|  0|  10|           1|          10|
    |select_ln61_16_fu_2032_p3           |    select|   0|  0|   8|           1|           8|
    |select_ln61_17_fu_2068_p3           |    select|   0|  0|   8|           1|           8|
    |select_ln61_18_fu_2120_p3           |    select|   0|  0|   8|           1|           8|
    |select_ln61_19_fu_2156_p3           |    select|   0|  0|   8|           1|           8|
    |select_ln61_1_fu_2373_p3            |    select|   0|  0|  10|           1|          10|
    |select_ln61_2_fu_2412_p3            |    select|   0|  0|  10|           1|          10|
    |select_ln61_3_fu_2451_p3            |    select|   0|  0|  10|           1|          10|
    |select_ln61_4_fu_2530_p3            |    select|   0|  0|  10|           1|          10|
    |select_ln61_5_fu_2569_p3            |    select|   0|  0|  10|           1|          10|
    |select_ln61_6_fu_2608_p3            |    select|   0|  0|  10|           1|          10|
    |select_ln61_7_fu_2647_p3            |    select|   0|  0|  10|           1|          10|
    |select_ln61_8_fu_2726_p3            |    select|   0|  0|  10|           1|          10|
    |select_ln61_9_fu_2765_p3            |    select|   0|  0|  10|           1|          10|
    |select_ln61_fu_2334_p3              |    select|   0|  0|  10|           1|          10|
    |ap_enable_pp0                       |       xor|   0|  0|   2|           1|           2|
    |xor_ln439_1_fu_1021_p2              |       xor|   0|  0|   2|           1|           1|
    |xor_ln510_fu_3545_p2                |       xor|   0|  0|   2|           1|           2|
    +------------------------------------+----------+----+---+----+------------+------------+
    |Total                               |          |   0|  0|2701|        1122|        1752|
    +------------------------------------+----------+----+---+----+------------+------------+

    * Multiplexer: 
    +----------------------------------------+----+-----------+-----+-----------+
    |                  Name                  | LUT| Input Size| Bits| Total Bits|
    +----------------------------------------+----+-----------+-----+-----------+
    |ap_done_int                             |   9|          2|    1|          2|
    |ap_enable_reg_pp0_iter3                 |   9|          2|    1|          2|
    |ap_phi_mux_empty_150_phi_fu_663_p4      |   9|          2|    8|         16|
    |ap_phi_mux_empty_151_phi_fu_672_p4      |  14|          3|    8|         24|
    |ap_phi_mux_empty_152_phi_fu_681_p4      |  14|          3|    8|         24|
    |ap_phi_mux_empty_153_phi_fu_690_p4      |  14|          3|    8|         24|
    |ap_phi_mux_empty_154_phi_fu_699_p4      |   9|          2|    8|         16|
    |ap_phi_mux_empty_155_phi_fu_708_p4      |  14|          3|    8|         24|
    |ap_phi_mux_empty_156_phi_fu_717_p4      |  14|          3|    8|         24|
    |ap_phi_mux_empty_157_phi_fu_726_p4      |  14|          3|    8|         24|
    |ap_phi_mux_empty_158_phi_fu_735_p4      |   9|          2|    8|         16|
    |ap_phi_mux_empty_159_phi_fu_754_p4      |  14|          3|    8|         24|
    |ap_phi_mux_empty_160_phi_fu_763_p4      |  14|          3|    8|         24|
    |ap_phi_mux_empty_161_phi_fu_772_p4      |   9|          2|    8|         16|
    |ap_phi_mux_empty_162_phi_fu_781_p4      |  14|          3|    8|         24|
    |ap_phi_mux_empty_163_phi_fu_790_p4      |  14|          3|    8|         24|
    |ap_phi_mux_empty_164_phi_fu_799_p4      |  14|          3|    8|         24|
    |ap_phi_mux_empty_165_phi_fu_808_p4      |   9|          2|    8|         16|
    |ap_phi_mux_empty_166_phi_fu_817_p4      |  14|          3|    8|         24|
    |ap_phi_mux_empty_167_phi_fu_826_p4      |  14|          3|    8|         24|
    |ap_phi_mux_empty_168_phi_fu_835_p4      |  14|          3|    8|         24|
    |ap_phi_mux_g_2_phi_fu_744_p4            |  14|          3|    8|         24|
    |ap_phi_mux_p_ph_phi_fu_651_p4           |  14|          3|    8|         24|
    |ap_phi_reg_pp0_iter2_empty_150_reg_660  |   9|          2|    8|         16|
    |ap_phi_reg_pp0_iter2_empty_154_reg_696  |   9|          2|    8|         16|
    |ap_phi_reg_pp0_iter2_empty_158_reg_732  |   9|          2|    8|         16|
    |ap_phi_reg_pp0_iter2_empty_161_reg_769  |   9|          2|    8|         16|
    |ap_phi_reg_pp0_iter2_empty_165_reg_805  |   9|          2|    8|         16|
    |ap_sig_allocacmp_z                      |   9|          2|   17|         34|
    |empty_130_fu_234                        |   9|          2|    8|         16|
    |empty_131_fu_238                        |   9|          2|    8|         16|
    |empty_132_fu_242                        |   9|          2|    8|         16|
    |empty_133_fu_246                        |   9|          2|    8|         16|
    |empty_134_fu_250                        |   9|          2|    8|         16|
    |empty_135_fu_254                        |   9|          2|    8|         16|
    |empty_136_fu_258                        |   9|          2|    8|         16|
    |empty_137_fu_262                        |   9|          2|    8|         16|
    |empty_138_fu_266                        |   9|          2|    8|         16|
    |empty_139_fu_270                        |   9|          2|    8|         16|
    |empty_140_fu_274                        |   9|          2|    8|         16|
    |empty_141_fu_278                        |   9|          2|    8|         16|
    |empty_142_fu_282                        |   9|          2|    8|         16|
    |empty_143_fu_286                        |   9|          2|    8|         16|
    |empty_144_fu_290                        |   9|          2|    8|         16|
    |empty_145_fu_294                        |   9|          2|    8|         16|
    |empty_146_fu_298                        |   9|          2|    8|         16|
    |empty_147_fu_302                        |   9|          2|    8|         16|
    |empty_148_fu_306                        |   9|          2|    8|         16|
    |empty_149_fu_310                        |   9|          2|    8|         16|
    |g_2_reg_741                             |  14|          3|    8|         24|
    |imgBayer_blk_n                          |   9|          2|    1|          2|
    |imgG_blk_n                              |   9|          2|    1|          2|
    |p_ph_reg_648                            |  14|          3|    8|         24|
    |x_fu_230                                |   9|          2|   17|         34|
    +----------------------------------------+----+-----------+-----+-----------+
    |Total                                   | 576|        126|  422|        988|
    +----------------------------------------+----+-----------+-----+-----------+

    * Register: 
    +-------------------------------------------+----+----+-----+-----------+
    |                    Name                   | FF | LUT| Bits| Const Bits|
    +-------------------------------------------+----+----+-----+-----------+
    |LineBufVal_5_reg_3981                      |   8|   0|    8|          0|
    |LineBufVal_6_reg_3989                      |   8|   0|    8|          0|
    |LineBufVal_7_reg_3997                      |   8|   0|    8|          0|
    |LineBufVal_reg_3973                        |   8|   0|    8|          0|
    |SD_1_reg_4229                              |   8|   0|    8|          0|
    |SD_1_reg_4229_pp0_iter3_reg                |   8|   0|    8|          0|
    |SD_reg_4224                                |   8|   0|    8|          0|
    |SD_reg_4224_pp0_iter3_reg                  |   8|   0|    8|          0|
    |ap_CS_fsm                                  |   1|   0|    1|          0|
    |ap_block_pp0_stage0_subdone_grp0_done_reg  |   1|   0|    1|          0|
    |ap_done_reg                                |   1|   0|    1|          0|
    |ap_enable_reg_pp0_iter1                    |   1|   0|    1|          0|
    |ap_enable_reg_pp0_iter10                   |   1|   0|    1|          0|
    |ap_enable_reg_pp0_iter2                    |   1|   0|    1|          0|
    |ap_enable_reg_pp0_iter3                    |   1|   0|    1|          0|
    |ap_enable_reg_pp0_iter4                    |   1|   0|    1|          0|
    |ap_enable_reg_pp0_iter5                    |   1|   0|    1|          0|
    |ap_enable_reg_pp0_iter6                    |   1|   0|    1|          0|
    |ap_enable_reg_pp0_iter7                    |   1|   0|    1|          0|
    |ap_enable_reg_pp0_iter8                    |   1|   0|    1|          0|
    |ap_enable_reg_pp0_iter9                    |   1|   0|    1|          0|
    |ap_loop_exit_ready_pp0_iter1_reg           |   1|   0|    1|          0|
    |ap_loop_exit_ready_pp0_iter2_reg           |   1|   0|    1|          0|
    |ap_loop_exit_ready_pp0_iter3_reg           |   1|   0|    1|          0|
    |ap_loop_exit_ready_pp0_iter4_reg           |   1|   0|    1|          0|
    |ap_loop_exit_ready_pp0_iter5_reg           |   1|   0|    1|          0|
    |ap_loop_exit_ready_pp0_iter6_reg           |   1|   0|    1|          0|
    |ap_loop_exit_ready_pp0_iter7_reg           |   1|   0|    1|          0|
    |ap_loop_exit_ready_pp0_iter8_reg           |   1|   0|    1|          0|
    |ap_loop_exit_ready_pp0_iter9_reg           |   1|   0|    1|          0|
    |ap_phi_reg_pp0_iter1_empty_150_reg_660     |   8|   0|    8|          0|
    |ap_phi_reg_pp0_iter1_empty_154_reg_696     |   8|   0|    8|          0|
    |ap_phi_reg_pp0_iter1_empty_158_reg_732     |   8|   0|    8|          0|
    |ap_phi_reg_pp0_iter1_empty_161_reg_769     |   8|   0|    8|          0|
    |ap_phi_reg_pp0_iter1_empty_165_reg_805     |   8|   0|    8|          0|
    |ap_phi_reg_pp0_iter2_empty_150_reg_660     |   8|   0|    8|          0|
    |ap_phi_reg_pp0_iter2_empty_154_reg_696     |   8|   0|    8|          0|
    |ap_phi_reg_pp0_iter2_empty_158_reg_732     |   8|   0|    8|          0|
    |ap_phi_reg_pp0_iter2_empty_161_reg_769     |   8|   0|    8|          0|
    |ap_phi_reg_pp0_iter2_empty_165_reg_805     |   8|   0|    8|          0|
    |ave_1_reg_4129                             |  12|   0|   12|          0|
    |ave_2_reg_4144                             |  12|   0|   12|          0|
    |ave_3_reg_4159                             |  12|   0|   12|          0|
    |ave_reg_4102                               |  12|   0|   12|          0|
    |empty_130_fu_234                           |   8|   0|    8|          0|
    |empty_131_fu_238                           |   8|   0|    8|          0|
    |empty_132_fu_242                           |   8|   0|    8|          0|
    |empty_133_fu_246                           |   8|   0|    8|          0|
    |empty_134_fu_250                           |   8|   0|    8|          0|
    |empty_135_fu_254                           |   8|   0|    8|          0|
    |empty_136_fu_258                           |   8|   0|    8|          0|
    |empty_137_fu_262                           |   8|   0|    8|          0|
    |empty_138_fu_266                           |   8|   0|    8|          0|
    |empty_139_fu_270                           |   8|   0|    8|          0|
    |empty_140_fu_274                           |   8|   0|    8|          0|
    |empty_141_fu_278                           |   8|   0|    8|          0|
    |empty_142_fu_282                           |   8|   0|    8|          0|
    |empty_143_fu_286                           |   8|   0|    8|          0|
    |empty_144_fu_290                           |   8|   0|    8|          0|
    |empty_145_fu_294                           |   8|   0|    8|          0|
    |empty_146_fu_298                           |   8|   0|    8|          0|
    |empty_147_fu_302                           |   8|   0|    8|          0|
    |empty_148_fu_306                           |   8|   0|    8|          0|
    |empty_149_fu_310                           |   8|   0|    8|          0|
    |g_2_reg_741                                |   8|   0|    8|          0|
    |g_reg_4344                                 |  12|   0|   12|          0|
    |icmp_ln318_reg_3871                        |   1|   0|    1|          0|
    |icmp_ln328_reg_3875                        |   1|   0|    1|          0|
    |icmp_ln346_reg_3854                        |   1|   0|    1|          0|
    |icmp_ln387_reg_3903                        |   1|   0|    1|          0|
    |icmp_ln387_reg_3903_pp0_iter1_reg          |   1|   0|    1|          0|
    |icmp_ln403_reg_3858                        |   1|   0|    1|          0|
    |icmp_ln439_reg_3927                        |   1|   0|    1|          0|
    |icmp_ln506_reg_3865                        |   1|   0|    1|          0|
    |linebuf_yuv_1_addr_reg_3885                |  11|   0|   11|          0|
    |linebuf_yuv_2_addr_reg_3891                |  11|   0|   11|          0|
    |linebuf_yuv_3_addr_reg_3897                |  11|   0|   11|          0|
    |linebuf_yuv_addr_reg_3879                  |  11|   0|   11|          0|
    |lshr_ln1_reg_4279                          |   8|   0|    8|          0|
    |lshr_ln494_1_reg_4284                      |   8|   0|    8|          0|
    |lshr_ln494_2_reg_4289                      |   9|   0|    9|          0|
    |lshr_ln501_1_reg_4309                      |  10|   0|   10|          0|
    |lshr_ln501_1_reg_4309_pp0_iter7_reg        |  10|   0|   10|          0|
    |lshr_ln501_2_reg_4314                      |  10|   0|   10|          0|
    |lshr_ln501_2_reg_4314_pp0_iter7_reg        |  10|   0|   10|          0|
    |p_load198_reg_4070                         |   8|   0|    8|          0|
    |p_load199_reg_4065                         |   8|   0|    8|          0|
    |p_load200_reg_4060                         |   8|   0|    8|          0|
    |p_load201_reg_4055                         |   8|   0|    8|          0|
    |p_load202_reg_4050                         |   8|   0|    8|          0|
    |p_load203_reg_4045                         |   8|   0|    8|          0|
    |p_load204_reg_4040                         |   8|   0|    8|          0|
    |p_load205_reg_4035                         |   8|   0|    8|          0|
    |p_load206_reg_4030                         |   8|   0|    8|          0|
    |p_load207_reg_4025                         |   8|   0|    8|          0|
    |p_load208_reg_4020                         |   8|   0|    8|          0|
    |p_load209_reg_4015                         |   8|   0|    8|          0|
    |p_load210_reg_4010                         |   8|   0|    8|          0|
    |p_load211_reg_4005                         |   8|   0|    8|          0|
    |p_load212_reg_3966                         |   8|   0|    8|          0|
    |p_load214_reg_3959                         |   8|   0|    8|          0|
    |p_load216_reg_3952                         |   8|   0|    8|          0|
    |p_load218_reg_3945                         |   8|   0|    8|          0|
    |p_load220_reg_3938                         |   8|   0|    8|          0|
    |p_load_reg_4075                            |   8|   0|    8|          0|
    |p_ph_reg_648                               |   8|   0|    8|          0|
    |sext_ln465_1_reg_4085                      |  11|   0|   11|          0|
    |sext_ln465_2_reg_4091                      |  11|   0|   11|          0|
    |sext_ln465_3_reg_4096                      |  11|   0|   11|          0|
    |sext_ln465_reg_4080                        |  11|   0|   11|          0|
    |sext_ln466_1_reg_4112                      |  11|   0|   11|          0|
    |sext_ln466_2_reg_4118                      |  11|   0|   11|          0|
    |sext_ln466_3_reg_4124                      |  11|   0|   11|          0|
    |sext_ln466_reg_4107                        |  11|   0|   11|          0|
    |sext_ln467_1_reg_4139                      |  11|   0|   11|          0|
    |sext_ln467_reg_4134                        |  11|   0|   11|          0|
    |sext_ln468_1_reg_4154                      |  11|   0|   11|          0|
    |sext_ln468_reg_4149                        |  11|   0|   11|          0|
    |sw_reg_4274                                |   9|   0|    9|          0|
    |tmp_25_reg_4164                            |   1|   0|    1|          0|
    |tmp_26_reg_4179                            |   1|   0|    1|          0|
    |tmp_27_reg_4194                            |   1|   0|    1|          0|
    |tmp_28_reg_4209                            |   1|   0|    1|          0|
    |tmp_52_reg_3934                            |   1|   0|    1|          0|
    |trunc_ln472_1_cast_reg_4169                |  10|   0|   10|          0|
    |trunc_ln472_2_reg_4174                     |  10|   0|   10|          0|
    |trunc_ln472_4_cast_reg_4184                |  10|   0|   10|          0|
    |trunc_ln472_5_reg_4189                     |  10|   0|   10|          0|
    |trunc_ln472_7_cast_reg_4199                |  10|   0|   10|          0|
    |trunc_ln472_8_reg_4204                     |  10|   0|   10|          0|
    |trunc_ln472_cast_reg_4214                  |  10|   0|   10|          0|
    |trunc_ln472_s_reg_4219                     |  10|   0|   10|          0|
    |var_1_reg_4239                             |  11|   0|   11|          0|
    |var_2_reg_4244                             |  11|   0|   11|          0|
    |var_3_reg_4249                             |  11|   0|   11|          0|
    |var_reg_4234                               |  11|   0|   11|          0|
    |x_fu_230                                   |  17|   0|   17|          0|
    |zext_ln504_4_reg_4339                      |   8|   0|   12|          4|
    |ave_1_reg_4129                             |  64|  32|   12|          0|
    |ave_2_reg_4144                             |  64|  32|   12|          0|
    |ave_3_reg_4159                             |  64|  32|   12|          0|
    |ave_reg_4102                               |  64|  32|   12|          0|
    |g_2_reg_741                                |  64|  32|    8|          0|
    |icmp_ln318_reg_3871                        |  64|  32|    1|          0|
    |icmp_ln328_reg_3875                        |  64|  32|    1|          0|
    |icmp_ln439_reg_3927                        |  64|  32|    1|          0|
    |p_load198_reg_4070                         |  64|  32|    8|          0|
    |p_load199_reg_4065                         |  64|  32|    8|          0|
    |p_load200_reg_4060                         |  64|  32|    8|          0|
    |p_load201_reg_4055                         |  64|  32|    8|          0|
    |p_load202_reg_4050                         |  64|  32|    8|          0|
    |p_load203_reg_4045                         |  64|  32|    8|          0|
    |p_load204_reg_4040                         |  64|  32|    8|          0|
    |p_load205_reg_4035                         |  64|  32|    8|          0|
    |p_load206_reg_4030                         |  64|  32|    8|          0|
    |p_load207_reg_4025                         |  64|  32|    8|          0|
    |p_load208_reg_4020                         |  64|  32|    8|          0|
    |p_load209_reg_4015                         |  64|  32|    8|          0|
    |p_load210_reg_4010                         |  64|  32|    8|          0|
    |p_load211_reg_4005                         |  64|  32|    8|          0|
    |p_load212_reg_3966                         |  64|  32|    8|          0|
    |p_load214_reg_3959                         |  64|  32|    8|          0|
    |p_load216_reg_3952                         |  64|  32|    8|          0|
    |p_load218_reg_3945                         |  64|  32|    8|          0|
    |p_load220_reg_3938                         |  64|  32|    8|          0|
    |p_load_reg_4075                            |  64|  32|    8|          0|
    |tmp_52_reg_3934                            |  64|  32|    1|          0|
    +-------------------------------------------+----+----+-----+-----------+
    |Total                                      |2830| 928| 1198|          4|
    +-------------------------------------------+----+----+-----+-----------+



================================================================
== Interface
================================================================
* Summary: 
+-------------------------+-----+-----+------------+------------------------------------+--------------+
|        RTL Ports        | Dir | Bits|  Protocol  |            Source Object           |    C Type    |
+-------------------------+-----+-----+------------+------------------------------------+--------------+
|ap_clk                   |   in|    1|  ap_ctrl_hs|  DebayerG_Pipeline_VITIS_LOOP_318_4|  return value|
|ap_rst                   |   in|    1|  ap_ctrl_hs|  DebayerG_Pipeline_VITIS_LOOP_318_4|  return value|
|ap_start                 |   in|    1|  ap_ctrl_hs|  DebayerG_Pipeline_VITIS_LOOP_318_4|  return value|
|ap_done                  |  out|    1|  ap_ctrl_hs|  DebayerG_Pipeline_VITIS_LOOP_318_4|  return value|
|ap_idle                  |  out|    1|  ap_ctrl_hs|  DebayerG_Pipeline_VITIS_LOOP_318_4|  return value|
|ap_ready                 |  out|    1|  ap_ctrl_hs|  DebayerG_Pipeline_VITIS_LOOP_318_4|  return value|
|imgBayer_dout            |   in|    8|     ap_fifo|                            imgBayer|       pointer|
|imgBayer_empty_n         |   in|    1|     ap_fifo|                            imgBayer|       pointer|
|imgBayer_read            |  out|    1|     ap_fifo|                            imgBayer|       pointer|
|imgBayer_num_data_valid  |   in|    3|     ap_fifo|                            imgBayer|       pointer|
|imgBayer_fifo_cap        |   in|    3|     ap_fifo|                            imgBayer|       pointer|
|imgG_din                 |  out|   24|     ap_fifo|                                imgG|       pointer|
|imgG_full_n              |   in|    1|     ap_fifo|                                imgG|       pointer|
|imgG_write               |  out|    1|     ap_fifo|                                imgG|       pointer|
|imgG_num_data_valid      |   in|   32|     ap_fifo|                                imgG|       pointer|
|imgG_fifo_cap            |   in|   32|     ap_fifo|                                imgG|       pointer|
|p_lcssa51795189          |   in|    8|     ap_none|                     p_lcssa51795189|        scalar|
|p_lcssa51785187          |   in|    8|     ap_none|                     p_lcssa51785187|        scalar|
|p_lcssa51775185          |   in|    8|     ap_none|                     p_lcssa51775185|        scalar|
|p_lcssa51765183          |   in|    8|     ap_none|                     p_lcssa51765183|        scalar|
|p_lcssa51755181          |   in|    8|     ap_none|                     p_lcssa51755181|        scalar|
|p_lcssa50175059          |   in|    8|     ap_none|                     p_lcssa50175059|        scalar|
|p_lcssa50165057          |   in|    8|     ap_none|                     p_lcssa50165057|        scalar|
|p_lcssa50145055          |   in|    8|     ap_none|                     p_lcssa50145055|        scalar|
|p_lcssa50135053          |   in|    8|     ap_none|                     p_lcssa50135053|        scalar|
|p_lcssa50125051          |   in|    8|     ap_none|                     p_lcssa50125051|        scalar|
|p_lcssa50105049          |   in|    8|     ap_none|                     p_lcssa50105049|        scalar|
|p_lcssa50095047          |   in|    8|     ap_none|                     p_lcssa50095047|        scalar|
|p_lcssa50085045          |   in|    8|     ap_none|                     p_lcssa50085045|        scalar|
|p_lcssa50065043          |   in|    8|     ap_none|                     p_lcssa50065043|        scalar|
|p_lcssa50055041          |   in|    8|     ap_none|                     p_lcssa50055041|        scalar|
|p_lcssa50045039          |   in|    8|     ap_none|                     p_lcssa50045039|        scalar|
|p_lcssa50025037          |   in|    8|     ap_none|                     p_lcssa50025037|        scalar|
|p_lcssa50015035          |   in|    8|     ap_none|                     p_lcssa50015035|        scalar|
|p_lcssa50005033          |   in|    8|     ap_none|                     p_lcssa50005033|        scalar|
|p_lcssa49985031          |   in|    8|     ap_none|                     p_lcssa49985031|        scalar|
|height_val               |   in|   16|   ap_stable|                          height_val|        scalar|
|y                        |   in|   17|     ap_none|                                   y|        scalar|
|width_val                |   in|   16|   ap_stable|                           width_val|        scalar|
|empty_54                 |   in|    1|     ap_none|                            empty_54|        scalar|
|trunc_ln                 |   in|   15|     ap_none|                            trunc_ln|        scalar|
|loopWidth                |   in|   17|   ap_stable|                           loopWidth|        scalar|
|empty                    |   in|    1|     ap_none|                               empty|        scalar|
|xor_ln439                |   in|   15|     ap_none|                           xor_ln439|        scalar|
|out_y                    |   in|   17|     ap_none|                               out_y|        scalar|
|p_out                    |  out|    8|      ap_vld|                               p_out|       pointer|
|p_out_ap_vld             |  out|    1|      ap_vld|                               p_out|       pointer|
|p_out1                   |  out|    8|      ap_vld|                              p_out1|       pointer|
|p_out1_ap_vld            |  out|    1|      ap_vld|                              p_out1|       pointer|
|p_out2                   |  out|    8|      ap_vld|                              p_out2|       pointer|
|p_out2_ap_vld            |  out|    1|      ap_vld|                              p_out2|       pointer|
|p_out3                   |  out|    8|      ap_vld|                              p_out3|       pointer|
|p_out3_ap_vld            |  out|    1|      ap_vld|                              p_out3|       pointer|
|p_out4                   |  out|    8|      ap_vld|                              p_out4|       pointer|
|p_out4_ap_vld            |  out|    1|      ap_vld|                              p_out4|       pointer|
|p_out5                   |  out|    8|      ap_vld|                              p_out5|       pointer|
|p_out5_ap_vld            |  out|    1|      ap_vld|                              p_out5|       pointer|
|p_out6                   |  out|    8|      ap_vld|                              p_out6|       pointer|
|p_out6_ap_vld            |  out|    1|      ap_vld|                              p_out6|       pointer|
|p_out7                   |  out|    8|      ap_vld|                              p_out7|       pointer|
|p_out7_ap_vld            |  out|    1|      ap_vld|                              p_out7|       pointer|
|p_out8                   |  out|    8|      ap_vld|                              p_out8|       pointer|
|p_out8_ap_vld            |  out|    1|      ap_vld|                              p_out8|       pointer|
|p_out9                   |  out|    8|      ap_vld|                              p_out9|       pointer|
|p_out9_ap_vld            |  out|    1|      ap_vld|                              p_out9|       pointer|
|p_out10                  |  out|    8|      ap_vld|                             p_out10|       pointer|
|p_out10_ap_vld           |  out|    1|      ap_vld|                             p_out10|       pointer|
|p_out11                  |  out|    8|      ap_vld|                             p_out11|       pointer|
|p_out11_ap_vld           |  out|    1|      ap_vld|                             p_out11|       pointer|
|p_out12                  |  out|    8|      ap_vld|                             p_out12|       pointer|
|p_out12_ap_vld           |  out|    1|      ap_vld|                             p_out12|       pointer|
|p_out13                  |  out|    8|      ap_vld|                             p_out13|       pointer|
|p_out13_ap_vld           |  out|    1|      ap_vld|                             p_out13|       pointer|
|p_out14                  |  out|    8|      ap_vld|                             p_out14|       pointer|
|p_out14_ap_vld           |  out|    1|      ap_vld|                             p_out14|       pointer|
|p_out15                  |  out|    8|      ap_vld|                             p_out15|       pointer|
|p_out15_ap_vld           |  out|    1|      ap_vld|                             p_out15|       pointer|
|p_out16                  |  out|    8|      ap_vld|                             p_out16|       pointer|
|p_out16_ap_vld           |  out|    1|      ap_vld|                             p_out16|       pointer|
|p_out17                  |  out|    8|      ap_vld|                             p_out17|       pointer|
|p_out17_ap_vld           |  out|    1|      ap_vld|                             p_out17|       pointer|
|p_out18                  |  out|    8|      ap_vld|                             p_out18|       pointer|
|p_out18_ap_vld           |  out|    1|      ap_vld|                             p_out18|       pointer|
|p_out19                  |  out|    8|      ap_vld|                             p_out19|       pointer|
|p_out19_ap_vld           |  out|    1|      ap_vld|                             p_out19|       pointer|
+-------------------------+-----+-----+------------+------------------------------------+--------------+

============================================================
+ Verbose Summary: Synthesis Manager
============================================================
InlineROM: 1
ExposeGlobal: 0
============================================================
+ Verbose Summary: CDFG Model
============================================================
IsTopModel: 0
ResetActiveHigh: 1
IsCombinational: 2
IsDatapathOnly: 2
HasWiredReturn: 1
HasMFsm: 2
HasVarLatency: 1
IsPipeline: 0
IsRtlPipelined: 0
IsInstanceOverlapped: 0
IsDontTouch: 0
HasImplIP: 0
IsGatedGlobalClock: 0

+ Individual pipeline summary: 
  * Pipeline-0: initiation interval (II) = 1, depth = 11


============================================================
+ Verbose Summary: Schedule
============================================================
* Number of FSM states : 11
* Pipeline : 1
  Pipeline-0 : II = 1, D = 11, States = { 1 2 3 4 5 6 7 8 9 10 11 }
* Dataflow Pipeline: 0

* FSM state transitions: 
1 --> 2 
2 --> 3 
3 --> 4 
4 --> 5 
5 --> 6 
6 --> 7 
7 --> 8 
8 --> 9 
9 --> 10 
10 --> 11 
11 --> 

* FSM state operations: 

State 1 <SV = 0> <Delay = 2.52>
ST_1 : Operation 14 [1/1] (0.00ns)   --->   "%x = alloca i32 1" [C:/pcam5/prj/sol/.autopilot/db/v_demosaic.cpp:271]   --->   Operation 14 'alloca' 'x' <Predicate = true> <Delay = 0.00>
ST_1 : Operation 15 [1/1] (0.00ns)   --->   "%empty_130 = alloca i32 1"   --->   Operation 15 'alloca' 'empty_130' <Predicate = true> <Delay = 0.00>
ST_1 : Operation 16 [1/1] (0.00ns)   --->   "%empty_131 = alloca i32 1"   --->   Operation 16 'alloca' 'empty_131' <Predicate = true> <Delay = 0.00>
ST_1 : Operation 17 [1/1] (0.00ns)   --->   "%empty_132 = alloca i32 1"   --->   Operation 17 'alloca' 'empty_132' <Predicate = true> <Delay = 0.00>
ST_1 : Operation 18 [1/1] (0.00ns)   --->   "%empty_133 = alloca i32 1"   --->   Operation 18 'alloca' 'empty_133' <Predicate = true> <Delay = 0.00>
ST_1 : Operation 19 [1/1] (0.00ns)   --->   "%empty_134 = alloca i32 1"   --->   Operation 19 'alloca' 'empty_134' <Predicate = true> <Delay = 0.00>
ST_1 : Operation 20 [1/1] (0.00ns)   --->   "%empty_135 = alloca i32 1"   --->   Operation 20 'alloca' 'empty_135' <Predicate = true> <Delay = 0.00>
ST_1 : Operation 21 [1/1] (0.00ns)   --->   "%empty_136 = alloca i32 1"   --->   Operation 21 'alloca' 'empty_136' <Predicate = true> <Delay = 0.00>
ST_1 : Operation 22 [1/1] (0.00ns)   --->   "%empty_137 = alloca i32 1"   --->   Operation 22 'alloca' 'empty_137' <Predicate = true> <Delay = 0.00>
ST_1 : Operation 23 [1/1] (0.00ns)   --->   "%empty_138 = alloca i32 1"   --->   Operation 23 'alloca' 'empty_138' <Predicate = true> <Delay = 0.00>
ST_1 : Operation 24 [1/1] (0.00ns)   --->   "%empty_139 = alloca i32 1"   --->   Operation 24 'alloca' 'empty_139' <Predicate = true> <Delay = 0.00>
ST_1 : Operation 25 [1/1] (0.00ns)   --->   "%empty_140 = alloca i32 1"   --->   Operation 25 'alloca' 'empty_140' <Predicate = true> <Delay = 0.00>
ST_1 : Operation 26 [1/1] (0.00ns)   --->   "%empty_141 = alloca i32 1"   --->   Operation 26 'alloca' 'empty_141' <Predicate = true> <Delay = 0.00>
ST_1 : Operation 27 [1/1] (0.00ns)   --->   "%empty_142 = alloca i32 1"   --->   Operation 27 'alloca' 'empty_142' <Predicate = true> <Delay = 0.00>
ST_1 : Operation 28 [1/1] (0.00ns)   --->   "%empty_143 = alloca i32 1"   --->   Operation 28 'alloca' 'empty_143' <Predicate = true> <Delay = 0.00>
ST_1 : Operation 29 [1/1] (0.00ns)   --->   "%empty_144 = alloca i32 1"   --->   Operation 29 'alloca' 'empty_144' <Predicate = true> <Delay = 0.00>
ST_1 : Operation 30 [1/1] (0.00ns)   --->   "%empty_145 = alloca i32 1"   --->   Operation 30 'alloca' 'empty_145' <Predicate = true> <Delay = 0.00>
ST_1 : Operation 31 [1/1] (0.00ns)   --->   "%empty_146 = alloca i32 1"   --->   Operation 31 'alloca' 'empty_146' <Predicate = true> <Delay = 0.00>
ST_1 : Operation 32 [1/1] (0.00ns)   --->   "%empty_147 = alloca i32 1"   --->   Operation 32 'alloca' 'empty_147' <Predicate = true> <Delay = 0.00>
ST_1 : Operation 33 [1/1] (0.00ns)   --->   "%empty_148 = alloca i32 1"   --->   Operation 33 'alloca' 'empty_148' <Predicate = true> <Delay = 0.00>
ST_1 : Operation 34 [1/1] (0.00ns)   --->   "%empty_149 = alloca i32 1"   --->   Operation 34 'alloca' 'empty_149' <Predicate = true> <Delay = 0.00>
ST_1 : Operation 35 [1/1] (0.00ns)   --->   "%specinterface_ln0 = specinterface void @_ssdm_op_SpecInterface, i8 %imgBayer, void @empty_20, i32 0, i32 0, void @empty_14, i32 0, i32 0, void @empty_14, void @empty_14, void @empty_14, i32 0, i32 0, i32 0, i32 0, void @empty_14, void @empty_14, i32 4294967295, i32 0, i32 0, i32 0"   --->   Operation 35 'specinterface' 'specinterface_ln0' <Predicate = true> <Delay = 0.00>
ST_1 : Operation 36 [1/1] (0.00ns)   --->   "%specinterface_ln0 = specinterface void @_ssdm_op_SpecInterface, i24 %imgG, void @empty_20, i32 0, i32 0, void @empty_14, i32 0, i32 0, void @empty_14, void @empty_14, void @empty_14, i32 0, i32 0, i32 0, i32 0, void @empty_14, void @empty_14, i32 4294967295, i32 0, i32 0, i32 0"   --->   Operation 36 'specinterface' 'specinterface_ln0' <Predicate = true> <Delay = 0.00>
ST_1 : Operation 37 [1/1] (0.00ns)   --->   "%out_y_read = read i17 @_ssdm_op_Read.ap_auto.i17, i17 %out_y"   --->   Operation 37 'read' 'out_y_read' <Predicate = true> <Delay = 0.00>
ST_1 : Operation 38 [1/1] (0.00ns)   --->   "%xor_ln439_read = read i15 @_ssdm_op_Read.ap_auto.i15, i15 %xor_ln439"   --->   Operation 38 'read' 'xor_ln439_read' <Predicate = true> <Delay = 0.00>
ST_1 : Operation 39 [1/1] (0.00ns)   --->   "%tmp = read i1 @_ssdm_op_Read.ap_auto.i1, i1 %empty"   --->   Operation 39 'read' 'tmp' <Predicate = true> <Delay = 0.00>
ST_1 : Operation 40 [1/1] (0.00ns)   --->   "%loopWidth_read = read i17 @_ssdm_op_Read.ap_auto.i17, i17 %loopWidth"   --->   Operation 40 'read' 'loopWidth_read' <Predicate = true> <Delay = 0.00>
ST_1 : Operation 41 [1/1] (0.00ns)   --->   "%trunc_ln_read = read i15 @_ssdm_op_Read.ap_auto.i15, i15 %trunc_ln"   --->   Operation 41 'read' 'trunc_ln_read' <Predicate = true> <Delay = 0.00>
ST_1 : Operation 42 [1/1] (0.00ns)   --->   "%tmp_24 = read i1 @_ssdm_op_Read.ap_auto.i1, i1 %empty_54"   --->   Operation 42 'read' 'tmp_24' <Predicate = true> <Delay = 0.00>
ST_1 : Operation 43 [1/1] (0.00ns)   --->   "%width_val_read = read i16 @_ssdm_op_Read.ap_auto.i16, i16 %width_val"   --->   Operation 43 'read' 'width_val_read' <Predicate = true> <Delay = 0.00>
ST_1 : Operation 44 [1/1] (0.00ns)   --->   "%y_read = read i17 @_ssdm_op_Read.ap_auto.i17, i17 %y"   --->   Operation 44 'read' 'y_read' <Predicate = true> <Delay = 0.00>
ST_1 : Operation 45 [1/1] (0.00ns)   --->   "%height_val_read = read i16 @_ssdm_op_Read.ap_auto.i16, i16 %height_val"   --->   Operation 45 'read' 'height_val_read' <Predicate = true> <Delay = 0.00>
ST_1 : Operation 46 [1/1] (0.00ns)   --->   "%p_lcssa49985031_read = read i8 @_ssdm_op_Read.ap_auto.i8, i8 %p_lcssa49985031"   --->   Operation 46 'read' 'p_lcssa49985031_read' <Predicate = true> <Delay = 0.00>
ST_1 : Operation 47 [1/1] (0.00ns)   --->   "%p_lcssa50005033_read = read i8 @_ssdm_op_Read.ap_auto.i8, i8 %p_lcssa50005033"   --->   Operation 47 'read' 'p_lcssa50005033_read' <Predicate = true> <Delay = 0.00>
ST_1 : Operation 48 [1/1] (0.00ns)   --->   "%p_lcssa50015035_read = read i8 @_ssdm_op_Read.ap_auto.i8, i8 %p_lcssa50015035"   --->   Operation 48 'read' 'p_lcssa50015035_read' <Predicate = true> <Delay = 0.00>
ST_1 : Operation 49 [1/1] (0.00ns)   --->   "%p_lcssa50025037_read = read i8 @_ssdm_op_Read.ap_auto.i8, i8 %p_lcssa50025037"   --->   Operation 49 'read' 'p_lcssa50025037_read' <Predicate = true> <Delay = 0.00>
ST_1 : Operation 50 [1/1] (0.00ns)   --->   "%p_lcssa50045039_read = read i8 @_ssdm_op_Read.ap_auto.i8, i8 %p_lcssa50045039"   --->   Operation 50 'read' 'p_lcssa50045039_read' <Predicate = true> <Delay = 0.00>
ST_1 : Operation 51 [1/1] (0.00ns)   --->   "%p_lcssa50055041_read = read i8 @_ssdm_op_Read.ap_auto.i8, i8 %p_lcssa50055041"   --->   Operation 51 'read' 'p_lcssa50055041_read' <Predicate = true> <Delay = 0.00>
ST_1 : Operation 52 [1/1] (0.00ns)   --->   "%p_lcssa50065043_read = read i8 @_ssdm_op_Read.ap_auto.i8, i8 %p_lcssa50065043"   --->   Operation 52 'read' 'p_lcssa50065043_read' <Predicate = true> <Delay = 0.00>
ST_1 : Operation 53 [1/1] (0.00ns)   --->   "%p_lcssa50085045_read = read i8 @_ssdm_op_Read.ap_auto.i8, i8 %p_lcssa50085045"   --->   Operation 53 'read' 'p_lcssa50085045_read' <Predicate = true> <Delay = 0.00>
ST_1 : Operation 54 [1/1] (0.00ns)   --->   "%p_lcssa50095047_read = read i8 @_ssdm_op_Read.ap_auto.i8, i8 %p_lcssa50095047"   --->   Operation 54 'read' 'p_lcssa50095047_read' <Predicate = true> <Delay = 0.00>
ST_1 : Operation 55 [1/1] (0.00ns)   --->   "%p_lcssa50105049_read = read i8 @_ssdm_op_Read.ap_auto.i8, i8 %p_lcssa50105049"   --->   Operation 55 'read' 'p_lcssa50105049_read' <Predicate = true> <Delay = 0.00>
ST_1 : Operation 56 [1/1] (0.00ns)   --->   "%p_lcssa50125051_read = read i8 @_ssdm_op_Read.ap_auto.i8, i8 %p_lcssa50125051"   --->   Operation 56 'read' 'p_lcssa50125051_read' <Predicate = true> <Delay = 0.00>
ST_1 : Operation 57 [1/1] (0.00ns)   --->   "%p_lcssa50135053_read = read i8 @_ssdm_op_Read.ap_auto.i8, i8 %p_lcssa50135053"   --->   Operation 57 'read' 'p_lcssa50135053_read' <Predicate = true> <Delay = 0.00>
ST_1 : Operation 58 [1/1] (0.00ns)   --->   "%p_lcssa50145055_read = read i8 @_ssdm_op_Read.ap_auto.i8, i8 %p_lcssa50145055"   --->   Operation 58 'read' 'p_lcssa50145055_read' <Predicate = true> <Delay = 0.00>
ST_1 : Operation 59 [1/1] (0.00ns)   --->   "%p_lcssa50165057_read = read i8 @_ssdm_op_Read.ap_auto.i8, i8 %p_lcssa50165057"   --->   Operation 59 'read' 'p_lcssa50165057_read' <Predicate = true> <Delay = 0.00>
ST_1 : Operation 60 [1/1] (0.00ns)   --->   "%p_lcssa50175059_read = read i8 @_ssdm_op_Read.ap_auto.i8, i8 %p_lcssa50175059"   --->   Operation 60 'read' 'p_lcssa50175059_read' <Predicate = true> <Delay = 0.00>
ST_1 : Operation 61 [1/1] (0.00ns)   --->   "%p_lcssa51755181_read = read i8 @_ssdm_op_Read.ap_auto.i8, i8 %p_lcssa51755181"   --->   Operation 61 'read' 'p_lcssa51755181_read' <Predicate = true> <Delay = 0.00>
ST_1 : Operation 62 [1/1] (0.00ns)   --->   "%p_lcssa51765183_read = read i8 @_ssdm_op_Read.ap_auto.i8, i8 %p_lcssa51765183"   --->   Operation 62 'read' 'p_lcssa51765183_read' <Predicate = true> <Delay = 0.00>
ST_1 : Operation 63 [1/1] (0.00ns)   --->   "%p_lcssa51775185_read = read i8 @_ssdm_op_Read.ap_auto.i8, i8 %p_lcssa51775185"   --->   Operation 63 'read' 'p_lcssa51775185_read' <Predicate = true> <Delay = 0.00>
ST_1 : Operation 64 [1/1] (0.00ns)   --->   "%p_lcssa51785187_read = read i8 @_ssdm_op_Read.ap_auto.i8, i8 %p_lcssa51785187"   --->   Operation 64 'read' 'p_lcssa51785187_read' <Predicate = true> <Delay = 0.00>
ST_1 : Operation 65 [1/1] (0.00ns)   --->   "%p_lcssa51795189_read = read i8 @_ssdm_op_Read.ap_auto.i8, i8 %p_lcssa51795189"   --->   Operation 65 'read' 'p_lcssa51795189_read' <Predicate = true> <Delay = 0.00>
ST_1 : Operation 66 [1/1] (1.23ns)   --->   "%linebuf_yuv_3 = alloca i64 1" [C:/pcam5/prj/sol/.autopilot/db/v_demosaic.cpp:283]   --->   Operation 66 'alloca' 'linebuf_yuv_3' <Predicate = true> <Delay = 1.23> <CoreInst = "RAM">   --->   Core 82 'RAM' <Latency = 1> <II = 1> <Delay = 1.23> <Storage> <Opcode : 'load' 'store'> <Ports = 2> <Width = 8> <Depth = 1921> <RAM>
ST_1 : Operation 67 [1/1] (1.23ns)   --->   "%linebuf_yuv_2 = alloca i64 1" [C:/pcam5/prj/sol/.autopilot/db/v_demosaic.cpp:283]   --->   Operation 67 'alloca' 'linebuf_yuv_2' <Predicate = true> <Delay = 1.23> <CoreInst = "RAM">   --->   Core 82 'RAM' <Latency = 1> <II = 1> <Delay = 1.23> <Storage> <Opcode : 'load' 'store'> <Ports = 2> <Width = 8> <Depth = 1921> <RAM>
ST_1 : Operation 68 [1/1] (1.23ns)   --->   "%linebuf_yuv_1 = alloca i64 1" [C:/pcam5/prj/sol/.autopilot/db/v_demosaic.cpp:283]   --->   Operation 68 'alloca' 'linebuf_yuv_1' <Predicate = true> <Delay = 1.23> <CoreInst = "RAM">   --->   Core 82 'RAM' <Latency = 1> <II = 1> <Delay = 1.23> <Storage> <Opcode : 'load' 'store'> <Ports = 2> <Width = 8> <Depth = 1921> <RAM>
ST_1 : Operation 69 [1/1] (1.23ns)   --->   "%linebuf_yuv = alloca i64 1" [C:/pcam5/prj/sol/.autopilot/db/v_demosaic.cpp:283]   --->   Operation 69 'alloca' 'linebuf_yuv' <Predicate = true> <Delay = 1.23> <CoreInst = "RAM">   --->   Core 82 'RAM' <Latency = 1> <II = 1> <Delay = 1.23> <Storage> <Opcode : 'load' 'store'> <Ports = 2> <Width = 8> <Depth = 1921> <RAM>
ST_1 : Operation 70 [1/1] (0.00ns)   --->   "%zext_ln274 = zext i16 %height_val_read" [C:/pcam5/prj/sol/.autopilot/db/v_demosaic.cpp:274]   --->   Operation 70 'zext' 'zext_ln274' <Predicate = true> <Delay = 0.00>
ST_1 : Operation 71 [1/1] (0.86ns)   --->   "%icmp_ln346 = icmp_ult  i17 %y_read, i17 %zext_ln274" [C:/pcam5/prj/sol/.autopilot/db/v_demosaic.cpp:346]   --->   Operation 71 'icmp' 'icmp_ln346' <Predicate = true> <Delay = 0.86> <CoreInst = "Cmp">   --->   Core 9 'Cmp' <Latency = 0> <II = 1> <Delay = 0.86> <FuncUnit> <Opcode : 'seteq' 'setne' 'setle' 'setge' 'setlt' 'setgt'> <InPorts = 2> <OutPorts = 1>
ST_1 : Operation 72 [1/1] (0.86ns)   --->   "%icmp_ln403 = icmp_ne  i17 %y_read, i17 0" [C:/pcam5/prj/sol/.autopilot/db/v_demosaic.cpp:403]   --->   Operation 72 'icmp' 'icmp_ln403' <Predicate = true> <Delay = 0.86> <CoreInst = "Cmp">   --->   Core 9 'Cmp' <Latency = 0> <II = 1> <Delay = 0.86> <FuncUnit> <Opcode : 'seteq' 'setne' 'setle' 'setge' 'setlt' 'setgt'> <InPorts = 2> <OutPorts = 1>
ST_1 : Operation 73 [1/1] (0.00ns)   --->   "%zext_ln275 = zext i16 %width_val_read" [C:/pcam5/prj/sol/.autopilot/db/v_demosaic.cpp:275]   --->   Operation 73 'zext' 'zext_ln275' <Predicate = true> <Delay = 0.00>
ST_1 : Operation 74 [1/1] (0.00ns)   --->   "%zext_ln439 = zext i1 %tmp_24" [C:/pcam5/prj/sol/.autopilot/db/v_demosaic.cpp:439]   --->   Operation 74 'zext' 'zext_ln439' <Predicate = true> <Delay = 0.00>
ST_1 : Operation 75 [1/1] (0.84ns)   --->   "%icmp_ln506 = icmp_eq  i15 %zext_ln439, i15 %trunc_ln_read" [C:/pcam5/prj/sol/.autopilot/db/v_demosaic.cpp:506]   --->   Operation 75 'icmp' 'icmp_ln506' <Predicate = true> <Delay = 0.84> <CoreInst = "Cmp">   --->   Core 9 'Cmp' <Latency = 0> <II = 1> <Delay = 0.84> <FuncUnit> <Opcode : 'seteq' 'setne' 'setle' 'setge' 'setlt' 'setgt'> <InPorts = 2> <OutPorts = 1>
ST_1 : Operation 76 [1/1] (0.42ns)   --->   "%store_ln0 = store i8 %p_lcssa50175059_read, i8 %empty_149"   --->   Operation 76 'store' 'store_ln0' <Predicate = true> <Delay = 0.42>
ST_1 : Operation 77 [1/1] (0.42ns)   --->   "%store_ln0 = store i8 %p_lcssa50165057_read, i8 %empty_148"   --->   Operation 77 'store' 'store_ln0' <Predicate = true> <Delay = 0.42>
ST_1 : Operation 78 [1/1] (0.42ns)   --->   "%store_ln0 = store i8 %p_lcssa50145055_read, i8 %empty_147"   --->   Operation 78 'store' 'store_ln0' <Predicate = true> <Delay = 0.42>
ST_1 : Operation 79 [1/1] (0.42ns)   --->   "%store_ln0 = store i8 %p_lcssa50135053_read, i8 %empty_146"   --->   Operation 79 'store' 'store_ln0' <Predicate = true> <Delay = 0.42>
ST_1 : Operation 80 [1/1] (0.42ns)   --->   "%store_ln0 = store i8 %p_lcssa50125051_read, i8 %empty_145"   --->   Operation 80 'store' 'store_ln0' <Predicate = true> <Delay = 0.42>
ST_1 : Operation 81 [1/1] (0.42ns)   --->   "%store_ln0 = store i8 %p_lcssa50105049_read, i8 %empty_144"   --->   Operation 81 'store' 'store_ln0' <Predicate = true> <Delay = 0.42>
ST_1 : Operation 82 [1/1] (0.42ns)   --->   "%store_ln0 = store i8 %p_lcssa50095047_read, i8 %empty_143"   --->   Operation 82 'store' 'store_ln0' <Predicate = true> <Delay = 0.42>
ST_1 : Operation 83 [1/1] (0.42ns)   --->   "%store_ln0 = store i8 %p_lcssa50085045_read, i8 %empty_142"   --->   Operation 83 'store' 'store_ln0' <Predicate = true> <Delay = 0.42>
ST_1 : Operation 84 [1/1] (0.42ns)   --->   "%store_ln0 = store i8 %p_lcssa50065043_read, i8 %empty_141"   --->   Operation 84 'store' 'store_ln0' <Predicate = true> <Delay = 0.42>
ST_1 : Operation 85 [1/1] (0.42ns)   --->   "%store_ln0 = store i8 %p_lcssa50055041_read, i8 %empty_140"   --->   Operation 85 'store' 'store_ln0' <Predicate = true> <Delay = 0.42>
ST_1 : Operation 86 [1/1] (0.42ns)   --->   "%store_ln0 = store i8 %p_lcssa50045039_read, i8 %empty_139"   --->   Operation 86 'store' 'store_ln0' <Predicate = true> <Delay = 0.42>
ST_1 : Operation 87 [1/1] (0.42ns)   --->   "%store_ln0 = store i8 %p_lcssa50025037_read, i8 %empty_138"   --->   Operation 87 'store' 'store_ln0' <Predicate = true> <Delay = 0.42>
ST_1 : Operation 88 [1/1] (0.42ns)   --->   "%store_ln0 = store i8 %p_lcssa50015035_read, i8 %empty_137"   --->   Operation 88 'store' 'store_ln0' <Predicate = true> <Delay = 0.42>
ST_1 : Operation 89 [1/1] (0.42ns)   --->   "%store_ln0 = store i8 %p_lcssa50005033_read, i8 %empty_136"   --->   Operation 89 'store' 'store_ln0' <Predicate = true> <Delay = 0.42>
ST_1 : Operation 90 [1/1] (0.42ns)   --->   "%store_ln0 = store i8 %p_lcssa49985031_read, i8 %empty_135"   --->   Operation 90 'store' 'store_ln0' <Predicate = true> <Delay = 0.42>
ST_1 : Operation 91 [1/1] (0.42ns)   --->   "%store_ln0 = store i8 %p_lcssa51795189_read, i8 %empty_134"   --->   Operation 91 'store' 'store_ln0' <Predicate = true> <Delay = 0.42>
ST_1 : Operation 92 [1/1] (0.42ns)   --->   "%store_ln0 = store i8 %p_lcssa51785187_read, i8 %empty_133"   --->   Operation 92 'store' 'store_ln0' <Predicate = true> <Delay = 0.42>
ST_1 : Operation 93 [1/1] (0.42ns)   --->   "%store_ln0 = store i8 %p_lcssa51775185_read, i8 %empty_132"   --->   Operation 93 'store' 'store_ln0' <Predicate = true> <Delay = 0.42>
ST_1 : Operation 94 [1/1] (0.42ns)   --->   "%store_ln0 = store i8 %p_lcssa51765183_read, i8 %empty_131"   --->   Operation 94 'store' 'store_ln0' <Predicate = true> <Delay = 0.42>
ST_1 : Operation 95 [1/1] (0.42ns)   --->   "%store_ln0 = store i8 %p_lcssa51755181_read, i8 %empty_130"   --->   Operation 95 'store' 'store_ln0' <Predicate = true> <Delay = 0.42>
ST_1 : Operation 96 [1/1] (0.42ns)   --->   "%store_ln271 = store i17 0, i17 %x" [C:/pcam5/prj/sol/.autopilot/db/v_demosaic.cpp:271]   --->   Operation 96 'store' 'store_ln271' <Predicate = true> <Delay = 0.42>
ST_1 : Operation 97 [1/1] (0.00ns)   --->   "%br_ln318 = br void %for.body49" [C:/pcam5/prj/sol/.autopilot/db/v_demosaic.cpp:318]   --->   Operation 97 'br' 'br_ln318' <Predicate = true> <Delay = 0.00>
ST_1 : Operation 98 [1/1] (0.00ns)   --->   "%z = load i17 %x" [C:/pcam5/prj/sol/.autopilot/db/v_demosaic.cpp:326]   --->   Operation 98 'load' 'z' <Predicate = true> <Delay = 0.00>
ST_1 : Operation 99 [1/1] (0.86ns)   --->   "%icmp_ln318 = icmp_eq  i17 %z, i17 %loopWidth_read" [C:/pcam5/prj/sol/.autopilot/db/v_demosaic.cpp:318]   --->   Operation 99 'icmp' 'icmp_ln318' <Predicate = true> <Delay = 0.86> <CoreInst = "Cmp">   --->   Core 9 'Cmp' <Latency = 0> <II = 1> <Delay = 0.86> <FuncUnit> <Opcode : 'seteq' 'setne' 'setle' 'setge' 'setlt' 'setgt'> <InPorts = 2> <OutPorts = 1>
ST_1 : Operation 100 [1/1] (0.86ns)   --->   "%x_11 = add i17 %z, i17 1" [C:/pcam5/prj/sol/.autopilot/db/v_demosaic.cpp:323]   --->   Operation 100 'add' 'x_11' <Predicate = true> <Delay = 0.86> <CoreInst = "Adder">   --->   Core 1 'Adder' <Latency = 0> <II = 1> <Delay = 0.86> <FuncUnit> <Opcode : 'add' 'sub'> <InPorts = 2> <OutPorts = 1>
ST_1 : Operation 101 [1/1] (0.00ns)   --->   "%br_ln318 = br i1 %icmp_ln318, void %for.body49.split, void %for.inc748.exitStub" [C:/pcam5/prj/sol/.autopilot/db/v_demosaic.cpp:318]   --->   Operation 101 'br' 'br_ln318' <Predicate = true> <Delay = 0.00>
ST_1 : Operation 102 [1/1] (0.00ns)   --->   "%specpipeline_ln321 = specpipeline void @_ssdm_op_SpecPipeline, i32 1, i32 0, i32 0, i32 0, i32 4294967295, void @empty_14" [C:/pcam5/prj/sol/.autopilot/db/v_demosaic.cpp:321]   --->   Operation 102 'specpipeline' 'specpipeline_ln321' <Predicate = (!icmp_ln318)> <Delay = 0.00>
ST_1 : Operation 103 [1/1] (0.00ns)   --->   "%speclooptripcount_ln282 = speclooptripcount void @_ssdm_op_SpecLoopTripCount, i64 2, i64 65537, i64 32769" [C:/pcam5/prj/sol/.autopilot/db/v_demosaic.cpp:282]   --->   Operation 103 'speclooptripcount' 'speclooptripcount_ln282' <Predicate = (!icmp_ln318)> <Delay = 0.00>
ST_1 : Operation 104 [1/1] (0.00ns)   --->   "%specloopname_ln318 = specloopname void @_ssdm_op_SpecLoopName, void @empty_4" [C:/pcam5/prj/sol/.autopilot/db/v_demosaic.cpp:318]   --->   Operation 104 'specloopname' 'specloopname_ln318' <Predicate = (!icmp_ln318)> <Delay = 0.00>
ST_1 : Operation 105 [1/1] (0.00ns)   --->   "%zext_ln318 = zext i17 %x_11" [C:/pcam5/prj/sol/.autopilot/db/v_demosaic.cpp:318]   --->   Operation 105 'zext' 'zext_ln318' <Predicate = (!icmp_ln318)> <Delay = 0.00>
ST_1 : Operation 106 [1/1] (0.86ns)   --->   "%out_x = add i17 %z, i17 131070" [C:/pcam5/prj/sol/.autopilot/db/v_demosaic.cpp:326]   --->   Operation 106 'add' 'out_x' <Predicate = (!icmp_ln318)> <Delay = 0.86> <CoreInst = "Adder">   --->   Core 1 'Adder' <Latency = 0> <II = 1> <Delay = 0.86> <FuncUnit> <Opcode : 'add' 'sub'> <InPorts = 2> <OutPorts = 1>
ST_1 : Operation 107 [1/1] (0.00ns)   --->   "%trunc_ln279 = trunc i17 %out_x" [C:/pcam5/prj/sol/.autopilot/db/v_demosaic.cpp:279]   --->   Operation 107 'trunc' 'trunc_ln279' <Predicate = (!icmp_ln318)> <Delay = 0.00>
ST_1 : Operation 108 [1/1] (0.86ns)   --->   "%icmp_ln328 = icmp_ult  i17 %z, i17 %zext_ln275" [C:/pcam5/prj/sol/.autopilot/db/v_demosaic.cpp:328]   --->   Operation 108 'icmp' 'icmp_ln328' <Predicate = (!icmp_ln318)> <Delay = 0.86> <CoreInst = "Cmp">   --->   Core 9 'Cmp' <Latency = 0> <II = 1> <Delay = 0.86> <FuncUnit> <Opcode : 'seteq' 'setne' 'setle' 'setge' 'setlt' 'setgt'> <InPorts = 2> <OutPorts = 1>
ST_1 : Operation 109 [1/1] (0.42ns)   --->   "%br_ln328 = br i1 %icmp_ln328, void %for.body226_ifconv, void %VITIS_LOOP_331_5" [C:/pcam5/prj/sol/.autopilot/db/v_demosaic.cpp:328]   --->   Operation 109 'br' 'br_ln328' <Predicate = (!icmp_ln318)> <Delay = 0.42>
ST_1 : Operation 110 [1/1] (0.00ns)   --->   "%linebuf_yuv_addr = getelementptr i8 %linebuf_yuv, i64 0, i64 %zext_ln318" [c:/pcam5/pcam5.gen/sources_1/bd/pcam/ip/pcam_v_demosaic_0_0/src/hls/hls_video_mem.h:850->C:/pcam5/prj/sol/.autopilot/db/v_demosaic.cpp:333]   --->   Operation 110 'getelementptr' 'linebuf_yuv_addr' <Predicate = (!icmp_ln318 & icmp_ln328)> <Delay = 0.00>
ST_1 : Operation 111 [2/2] (1.23ns)   --->   "%LineBufVal = load i11 %linebuf_yuv_addr" [C:/pcam5/prj/sol/.autopilot/db/v_demosaic.cpp:333]   --->   Operation 111 'load' 'LineBufVal' <Predicate = (!icmp_ln318 & icmp_ln328)> <Delay = 1.23> <CoreInst = "RAM">   --->   Core 82 'RAM' <Latency = 1> <II = 1> <Delay = 1.23> <Storage> <Opcode : 'load' 'store'> <Ports = 2> <Width = 8> <Depth = 1921> <RAM>
ST_1 : Operation 112 [1/1] (0.00ns)   --->   "%linebuf_yuv_1_addr = getelementptr i8 %linebuf_yuv_1, i64 0, i64 %zext_ln318" [c:/pcam5/pcam5.gen/sources_1/bd/pcam/ip/pcam_v_demosaic_0_0/src/hls/hls_video_mem.h:850->C:/pcam5/prj/sol/.autopilot/db/v_demosaic.cpp:333]   --->   Operation 112 'getelementptr' 'linebuf_yuv_1_addr' <Predicate = (!icmp_ln318 & icmp_ln328)> <Delay = 0.00>
ST_1 : Operation 113 [2/2] (1.23ns)   --->   "%LineBufVal_5 = load i11 %linebuf_yuv_1_addr" [C:/pcam5/prj/sol/.autopilot/db/v_demosaic.cpp:333]   --->   Operation 113 'load' 'LineBufVal_5' <Predicate = (!icmp_ln318 & icmp_ln328)> <Delay = 1.23> <CoreInst = "RAM">   --->   Core 82 'RAM' <Latency = 1> <II = 1> <Delay = 1.23> <Storage> <Opcode : 'load' 'store'> <Ports = 2> <Width = 8> <Depth = 1921> <RAM>
ST_1 : Operation 114 [1/1] (0.00ns)   --->   "%linebuf_yuv_2_addr = getelementptr i8 %linebuf_yuv_2, i64 0, i64 %zext_ln318" [c:/pcam5/pcam5.gen/sources_1/bd/pcam/ip/pcam_v_demosaic_0_0/src/hls/hls_video_mem.h:850->C:/pcam5/prj/sol/.autopilot/db/v_demosaic.cpp:333]   --->   Operation 114 'getelementptr' 'linebuf_yuv_2_addr' <Predicate = (!icmp_ln318 & icmp_ln328)> <Delay = 0.00>
ST_1 : Operation 115 [2/2] (1.23ns)   --->   "%LineBufVal_6 = load i11 %linebuf_yuv_2_addr" [C:/pcam5/prj/sol/.autopilot/db/v_demosaic.cpp:333]   --->   Operation 115 'load' 'LineBufVal_6' <Predicate = (!icmp_ln318 & icmp_ln328)> <Delay = 1.23> <CoreInst = "RAM">   --->   Core 82 'RAM' <Latency = 1> <II = 1> <Delay = 1.23> <Storage> <Opcode : 'load' 'store'> <Ports = 2> <Width = 8> <Depth = 1921> <RAM>
ST_1 : Operation 116 [1/1] (0.00ns)   --->   "%linebuf_yuv_3_addr = getelementptr i8 %linebuf_yuv_3, i64 0, i64 %zext_ln318" [c:/pcam5/pcam5.gen/sources_1/bd/pcam/ip/pcam_v_demosaic_0_0/src/hls/hls_video_mem.h:850->C:/pcam5/prj/sol/.autopilot/db/v_demosaic.cpp:333]   --->   Operation 116 'getelementptr' 'linebuf_yuv_3_addr' <Predicate = (!icmp_ln318 & icmp_ln328)> <Delay = 0.00>
ST_1 : Operation 117 [2/2] (1.23ns)   --->   "%LineBufVal_7 = load i11 %linebuf_yuv_3_addr" [C:/pcam5/prj/sol/.autopilot/db/v_demosaic.cpp:333]   --->   Operation 117 'load' 'LineBufVal_7' <Predicate = (!icmp_ln318 & icmp_ln328)> <Delay = 1.23> <CoreInst = "RAM">   --->   Core 82 'RAM' <Latency = 1> <II = 1> <Delay = 1.23> <Storage> <Opcode : 'load' 'store'> <Ports = 2> <Width = 8> <Depth = 1921> <RAM>
ST_1 : Operation 118 [1/1] (0.42ns)   --->   "%br_ln346 = br i1 %icmp_ln346, void %VITIS_LOOP_372_11, void %VITIS_LOOP_349_8" [C:/pcam5/prj/sol/.autopilot/db/v_demosaic.cpp:346]   --->   Operation 118 'br' 'br_ln346' <Predicate = (!icmp_ln318 & icmp_ln328)> <Delay = 0.42>
ST_1 : Operation 119 [1/1] (0.42ns)   --->   "%br_ln357 = br void %VITIS_LOOP_372_11" [C:/pcam5/prj/sol/.autopilot/db/v_demosaic.cpp:357]   --->   Operation 119 'br' 'br_ln357' <Predicate = (!icmp_ln318 & icmp_ln328 & icmp_ln346)> <Delay = 0.42>
ST_1 : Operation 120 [1/1] (0.86ns)   --->   "%icmp_ln387 = icmp_eq  i17 %z, i17 0" [C:/pcam5/prj/sol/.autopilot/db/v_demosaic.cpp:387]   --->   Operation 120 'icmp' 'icmp_ln387' <Predicate = (!icmp_ln318 & icmp_ln328)> <Delay = 0.86> <CoreInst = "Cmp">   --->   Core 9 'Cmp' <Latency = 0> <II = 1> <Delay = 0.86> <FuncUnit> <Opcode : 'seteq' 'setne' 'setle' 'setge' 'setlt' 'setgt'> <InPorts = 2> <OutPorts = 1>
ST_1 : Operation 121 [1/1] (0.42ns)   --->   "%br_ln414 = br void %for.body226_ifconv" [C:/pcam5/prj/sol/.autopilot/db/v_demosaic.cpp:414]   --->   Operation 121 'br' 'br_ln414' <Predicate = (!icmp_ln318 & icmp_ln328)> <Delay = 0.42>
ST_1 : Operation 122 [1/1] (0.00ns) (grouped into LUT with out node icmp_ln439)   --->   "%xor_ln439_1 = xor i1 %trunc_ln279, i1 %tmp" [C:/pcam5/prj/sol/.autopilot/db/v_demosaic.cpp:439]   --->   Operation 122 'xor' 'xor_ln439_1' <Predicate = (!icmp_ln318)> <Delay = 0.00> <CoreInst = "LogicGate">   --->   Core 74 'LogicGate' <Latency = 0> <II = 1> <Delay = 0.28> <FuncUnit> <Opcode : 'and' 'or' 'xor'> <InPorts = 2> <OutPorts = 1>
ST_1 : Operation 123 [1/1] (0.00ns) (grouped into LUT with out node icmp_ln439)   --->   "%zext_ln439_1 = zext i1 %xor_ln439_1" [C:/pcam5/prj/sol/.autopilot/db/v_demosaic.cpp:439]   --->   Operation 123 'zext' 'zext_ln439_1' <Predicate = (!icmp_ln318)> <Delay = 0.00>
ST_1 : Operation 124 [1/1] (0.84ns) (out node of the LUT)   --->   "%icmp_ln439 = icmp_eq  i15 %xor_ln439_read, i15 %zext_ln439_1" [C:/pcam5/prj/sol/.autopilot/db/v_demosaic.cpp:439]   --->   Operation 124 'icmp' 'icmp_ln439' <Predicate = (!icmp_ln318)> <Delay = 0.84> <CoreInst = "Cmp">   --->   Core 9 'Cmp' <Latency = 0> <II = 1> <Delay = 0.84> <FuncUnit> <Opcode : 'seteq' 'setne' 'setle' 'setge' 'setlt' 'setgt'> <InPorts = 2> <OutPorts = 1>
ST_1 : Operation 125 [1/1] (0.22ns)   --->   "%or_ln585 = or i17 %out_x, i17 %out_y_read" [C:/pcam5/prj/sol/.autopilot/db/v_demosaic.cpp:585]   --->   Operation 125 'or' 'or_ln585' <Predicate = (!icmp_ln318)> <Delay = 0.22> <CoreInst = "LogicGate">   --->   Core 74 'LogicGate' <Latency = 0> <II = 1> <Delay = 0.22> <FuncUnit> <Opcode : 'and' 'or' 'xor'> <InPorts = 2> <OutPorts = 1>
ST_1 : Operation 126 [1/1] (0.00ns)   --->   "%tmp_52 = bitselect i1 @_ssdm_op_BitSelect.i1.i17.i32, i17 %or_ln585, i32 16" [C:/pcam5/prj/sol/.autopilot/db/v_demosaic.cpp:585]   --->   Operation 126 'bitselect' 'tmp_52' <Predicate = (!icmp_ln318)> <Delay = 0.00>
ST_1 : Operation 127 [1/1] (0.00ns)   --->   "%br_ln585 = br i1 %tmp_52, void %if.then743, void %for.inc745" [C:/pcam5/prj/sol/.autopilot/db/v_demosaic.cpp:585]   --->   Operation 127 'br' 'br_ln585' <Predicate = (!icmp_ln318)> <Delay = 0.00>
ST_1 : Operation 128 [1/1] (0.42ns)   --->   "%store_ln271 = store i17 %x_11, i17 %x" [C:/pcam5/prj/sol/.autopilot/db/v_demosaic.cpp:271]   --->   Operation 128 'store' 'store_ln271' <Predicate = (!icmp_ln318)> <Delay = 0.42>

State 2 <SV = 1> <Delay = 3.46>
ST_2 : Operation 129 [1/1] (0.00ns)   --->   "%p_load220 = load i8 %empty_130"   --->   Operation 129 'load' 'p_load220' <Predicate = true> <Delay = 0.00>
ST_2 : Operation 130 [1/1] (0.00ns)   --->   "%p_load218 = load i8 %empty_131"   --->   Operation 130 'load' 'p_load218' <Predicate = true> <Delay = 0.00>
ST_2 : Operation 131 [1/1] (0.00ns)   --->   "%p_load216 = load i8 %empty_132"   --->   Operation 131 'load' 'p_load216' <Predicate = true> <Delay = 0.00>
ST_2 : Operation 132 [1/1] (0.00ns)   --->   "%p_load214 = load i8 %empty_133"   --->   Operation 132 'load' 'p_load214' <Predicate = true> <Delay = 0.00>
ST_2 : Operation 133 [1/1] (0.00ns)   --->   "%p_load212 = load i8 %empty_134"   --->   Operation 133 'load' 'p_load212' <Predicate = true> <Delay = 0.00>
ST_2 : Operation 134 [1/2] ( I:1.23ns O:1.23ns )   --->   "%LineBufVal = load i11 %linebuf_yuv_addr" [C:/pcam5/prj/sol/.autopilot/db/v_demosaic.cpp:333]   --->   Operation 134 'load' 'LineBufVal' <Predicate = (!icmp_ln318 & icmp_ln328)> <Delay = 1.23> <CoreInst = "RAM">   --->   Core 82 'RAM' <Latency = 1> <II = 1> <Delay = 1.23> <Storage> <Opcode : 'load' 'store'> <Ports = 2> <Width = 8> <Depth = 1921> <RAM>
ST_2 : Operation 135 [1/2] ( I:1.23ns O:1.23ns )   --->   "%LineBufVal_5 = load i11 %linebuf_yuv_1_addr" [C:/pcam5/prj/sol/.autopilot/db/v_demosaic.cpp:333]   --->   Operation 135 'load' 'LineBufVal_5' <Predicate = (!icmp_ln318 & icmp_ln328)> <Delay = 1.23> <CoreInst = "RAM">   --->   Core 82 'RAM' <Latency = 1> <II = 1> <Delay = 1.23> <Storage> <Opcode : 'load' 'store'> <Ports = 2> <Width = 8> <Depth = 1921> <RAM>
ST_2 : Operation 136 [1/2] ( I:1.23ns O:1.23ns )   --->   "%LineBufVal_6 = load i11 %linebuf_yuv_2_addr" [C:/pcam5/prj/sol/.autopilot/db/v_demosaic.cpp:333]   --->   Operation 136 'load' 'LineBufVal_6' <Predicate = (!icmp_ln318 & icmp_ln328)> <Delay = 1.23> <CoreInst = "RAM">   --->   Core 82 'RAM' <Latency = 1> <II = 1> <Delay = 1.23> <Storage> <Opcode : 'load' 'store'> <Ports = 2> <Width = 8> <Depth = 1921> <RAM>
ST_2 : Operation 137 [1/2] ( I:1.23ns O:1.23ns )   --->   "%LineBufVal_7 = load i11 %linebuf_yuv_3_addr" [C:/pcam5/prj/sol/.autopilot/db/v_demosaic.cpp:333]   --->   Operation 137 'load' 'LineBufVal_7' <Predicate = (!icmp_ln318 & icmp_ln328)> <Delay = 1.23> <CoreInst = "RAM">   --->   Core 82 'RAM' <Latency = 1> <II = 1> <Delay = 1.23> <Storage> <Opcode : 'load' 'store'> <Ports = 2> <Width = 8> <Depth = 1921> <RAM>
ST_2 : Operation 138 [1/1] ( I:1.83ns O:1.83ns )   --->   "%imgBayer_read = read i8 @_ssdm_op_Read.ap_fifo.volatile.i8P0A, i8 %imgBayer" [C:/pcam5/prj/sol/.autopilot/db/v_demosaic.cpp:348]   --->   Operation 138 'read' 'imgBayer_read' <Predicate = (!icmp_ln318 & icmp_ln328 & icmp_ln346)> <Delay = 1.83> <CoreInst = "FIFO_SRL">   --->   Core 80 'FIFO_SRL' <Latency = 0> <II = 1> <Delay = 1.83> <Storage> <Opcode : 'read' 'write' 'nbread' 'nbwrite'> <Ports = 0> <Width = 8> <Depth = 2> <FIFO>
ST_2 : Operation 139 [1/1] ( I:1.23ns O:1.23ns )   --->   "%store_ln812 = store i8 %imgBayer_read, i11 %linebuf_yuv_addr" [c:/pcam5/pcam5.gen/sources_1/bd/pcam/ip/pcam_v_demosaic_0_0/src/hls/hls_video_mem.h:812->c:/pcam5/pcam5.gen/sources_1/bd/pcam/ip/pcam_v_demosaic_0_0/src/hls/hls_video_mem.h:888->C:/pcam5/prj/sol/.autopilot/db/v_demosaic.cpp:354]   --->   Operation 139 'store' 'store_ln812' <Predicate = (!icmp_ln318 & icmp_ln328 & icmp_ln346)> <Delay = 1.23> <CoreInst = "RAM">   --->   Core 82 'RAM' <Latency = 1> <II = 1> <Delay = 1.23> <Storage> <Opcode : 'load' 'store'> <Ports = 2> <Width = 8> <Depth = 1921> <RAM>
ST_2 : Operation 140 [1/1] (0.00ns)   --->   "%p_ph = phi i8 %imgBayer_read, void %VITIS_LOOP_349_8, i8 %LineBufVal, void %VITIS_LOOP_331_5"   --->   Operation 140 'phi' 'p_ph' <Predicate = (!icmp_ln318 & icmp_ln328)> <Delay = 0.00>
ST_2 : Operation 141 [1/1] (0.39ns)   --->   "%select_ln403 = select i1 %icmp_ln403, i8 %LineBufVal_5, i8 %p_ph" [C:/pcam5/prj/sol/.autopilot/db/v_demosaic.cpp:403]   --->   Operation 141 'select' 'select_ln403' <Predicate = (!icmp_ln318 & icmp_ln328)> <Delay = 0.39> <CoreInst = "Sel">   --->   Core 73 'Sel' <Latency = 0> <II = 1> <Delay = 0.39> <FuncUnit> <Opcode : 'select'> <InPorts = 3> <OutPorts = 1>
ST_2 : Operation 142 [1/1] (0.39ns)   --->   "%select_ln403_1 = select i1 %icmp_ln403, i8 %LineBufVal_6, i8 %p_ph" [C:/pcam5/prj/sol/.autopilot/db/v_demosaic.cpp:403]   --->   Operation 142 'select' 'select_ln403_1' <Predicate = (!icmp_ln318 & icmp_ln328)> <Delay = 0.39> <CoreInst = "Sel">   --->   Core 73 'Sel' <Latency = 0> <II = 1> <Delay = 0.39> <FuncUnit> <Opcode : 'select'> <InPorts = 3> <OutPorts = 1>
ST_2 : Operation 143 [1/1] (0.39ns)   --->   "%LineBufVal_8 = select i1 %icmp_ln403, i8 %LineBufVal, i8 %p_ph" [C:/pcam5/prj/sol/.autopilot/db/v_demosaic.cpp:403]   --->   Operation 143 'select' 'LineBufVal_8' <Predicate = (!icmp_ln318 & icmp_ln328)> <Delay = 0.39> <CoreInst = "Sel">   --->   Core 73 'Sel' <Latency = 0> <II = 1> <Delay = 0.39> <FuncUnit> <Opcode : 'select'> <InPorts = 3> <OutPorts = 1>
ST_2 : Operation 144 [1/1] ( I:1.23ns O:1.23ns )   --->   "%store_ln412 = store i8 %select_ln403, i11 %linebuf_yuv_2_addr" [C:/pcam5/prj/sol/.autopilot/db/v_demosaic.cpp:412]   --->   Operation 144 'store' 'store_ln412' <Predicate = (!icmp_ln318 & icmp_ln328)> <Delay = 1.23> <CoreInst = "RAM">   --->   Core 82 'RAM' <Latency = 1> <II = 1> <Delay = 1.23> <Storage> <Opcode : 'load' 'store'> <Ports = 2> <Width = 8> <Depth = 1921> <RAM>
ST_2 : Operation 145 [1/1] ( I:1.23ns O:1.23ns )   --->   "%store_ln412 = store i8 %select_ln403_1, i11 %linebuf_yuv_3_addr" [C:/pcam5/prj/sol/.autopilot/db/v_demosaic.cpp:412]   --->   Operation 145 'store' 'store_ln412' <Predicate = (!icmp_ln318 & icmp_ln328)> <Delay = 1.23> <CoreInst = "RAM">   --->   Core 82 'RAM' <Latency = 1> <II = 1> <Delay = 1.23> <Storage> <Opcode : 'load' 'store'> <Ports = 2> <Width = 8> <Depth = 1921> <RAM>
ST_2 : Operation 146 [1/1] ( I:1.23ns O:1.23ns )   --->   "%store_ln412 = store i8 %LineBufVal_8, i11 %linebuf_yuv_1_addr" [C:/pcam5/prj/sol/.autopilot/db/v_demosaic.cpp:412]   --->   Operation 146 'store' 'store_ln412' <Predicate = (!icmp_ln318 & icmp_ln328)> <Delay = 1.23> <CoreInst = "RAM">   --->   Core 82 'RAM' <Latency = 1> <II = 1> <Delay = 1.23> <Storage> <Opcode : 'load' 'store'> <Ports = 2> <Width = 8> <Depth = 1921> <RAM>
ST_2 : Operation 147 [1/1] (0.42ns)   --->   "%store_ln348 = store i8 %p_ph, i8 %empty_134" [C:/pcam5/prj/sol/.autopilot/db/v_demosaic.cpp:348]   --->   Operation 147 'store' 'store_ln348' <Predicate = (!icmp_ln318 & icmp_ln328)> <Delay = 0.42>
ST_2 : Operation 148 [1/1] (0.42ns)   --->   "%store_ln333 = store i8 %LineBufVal, i8 %empty_133" [C:/pcam5/prj/sol/.autopilot/db/v_demosaic.cpp:333]   --->   Operation 148 'store' 'store_ln333' <Predicate = (!icmp_ln318 & icmp_ln328)> <Delay = 0.42>
ST_2 : Operation 149 [1/1] (0.42ns)   --->   "%store_ln333 = store i8 %LineBufVal_5, i8 %empty_132" [C:/pcam5/prj/sol/.autopilot/db/v_demosaic.cpp:333]   --->   Operation 149 'store' 'store_ln333' <Predicate = (!icmp_ln318 & icmp_ln328)> <Delay = 0.42>
ST_2 : Operation 150 [1/1] (0.42ns)   --->   "%store_ln333 = store i8 %LineBufVal_6, i8 %empty_131" [C:/pcam5/prj/sol/.autopilot/db/v_demosaic.cpp:333]   --->   Operation 150 'store' 'store_ln333' <Predicate = (!icmp_ln318 & icmp_ln328)> <Delay = 0.42>
ST_2 : Operation 151 [1/1] (0.42ns)   --->   "%store_ln333 = store i8 %LineBufVal_7, i8 %empty_130" [C:/pcam5/prj/sol/.autopilot/db/v_demosaic.cpp:333]   --->   Operation 151 'store' 'store_ln333' <Predicate = (!icmp_ln318 & icmp_ln328)> <Delay = 0.42>

State 3 <SV = 2> <Delay = 4.32>
ST_3 : Operation 152 [1/1] (0.00ns)   --->   "%p_load211 = load i8 %empty_135"   --->   Operation 152 'load' 'p_load211' <Predicate = true> <Delay = 0.00>
ST_3 : Operation 153 [1/1] (0.00ns)   --->   "%p_load210 = load i8 %empty_136"   --->   Operation 153 'load' 'p_load210' <Predicate = true> <Delay = 0.00>
ST_3 : Operation 154 [1/1] (0.00ns)   --->   "%p_load209 = load i8 %empty_137"   --->   Operation 154 'load' 'p_load209' <Predicate = true> <Delay = 0.00>
ST_3 : Operation 155 [1/1] (0.00ns)   --->   "%p_load208 = load i8 %empty_138"   --->   Operation 155 'load' 'p_load208' <Predicate = true> <Delay = 0.00>
ST_3 : Operation 156 [1/1] (0.00ns)   --->   "%p_load207 = load i8 %empty_139"   --->   Operation 156 'load' 'p_load207' <Predicate = true> <Delay = 0.00>
ST_3 : Operation 157 [1/1] (0.00ns)   --->   "%p_load206 = load i8 %empty_140"   --->   Operation 157 'load' 'p_load206' <Predicate = true> <Delay = 0.00>
ST_3 : Operation 158 [1/1] (0.00ns)   --->   "%p_load205 = load i8 %empty_141"   --->   Operation 158 'load' 'p_load205' <Predicate = true> <Delay = 0.00>
ST_3 : Operation 159 [1/1] (0.00ns)   --->   "%p_load204 = load i8 %empty_142"   --->   Operation 159 'load' 'p_load204' <Predicate = true> <Delay = 0.00>
ST_3 : Operation 160 [1/1] (0.00ns)   --->   "%p_load203 = load i8 %empty_143"   --->   Operation 160 'load' 'p_load203' <Predicate = true> <Delay = 0.00>
ST_3 : Operation 161 [1/1] (0.00ns)   --->   "%p_load202 = load i8 %empty_144"   --->   Operation 161 'load' 'p_load202' <Predicate = true> <Delay = 0.00>
ST_3 : Operation 162 [1/1] (0.00ns)   --->   "%p_load201 = load i8 %empty_145"   --->   Operation 162 'load' 'p_load201' <Predicate = true> <Delay = 0.00>
ST_3 : Operation 163 [1/1] (0.00ns)   --->   "%p_load200 = load i8 %empty_146"   --->   Operation 163 'load' 'p_load200' <Predicate = true> <Delay = 0.00>
ST_3 : Operation 164 [1/1] (0.00ns)   --->   "%p_load199 = load i8 %empty_147"   --->   Operation 164 'load' 'p_load199' <Predicate = true> <Delay = 0.00>
ST_3 : Operation 165 [1/1] (0.00ns)   --->   "%p_load198 = load i8 %empty_148"   --->   Operation 165 'load' 'p_load198' <Predicate = true> <Delay = 0.00>
ST_3 : Operation 166 [1/1] (0.00ns)   --->   "%p_load = load i8 %empty_149"   --->   Operation 166 'load' 'p_load' <Predicate = true> <Delay = 0.00>
ST_3 : Operation 167 [1/1] (0.39ns)   --->   "%select_ln387 = select i1 %icmp_ln387, i8 %LineBufVal_6, i8 %p_load218" [C:/pcam5/prj/sol/.autopilot/db/v_demosaic.cpp:387]   --->   Operation 167 'select' 'select_ln387' <Predicate = (!icmp_ln318 & icmp_ln328)> <Delay = 0.39> <CoreInst = "Sel">   --->   Core 73 'Sel' <Latency = 0> <II = 1> <Delay = 0.39> <FuncUnit> <Opcode : 'select'> <InPorts = 3> <OutPorts = 1>
ST_3 : Operation 168 [1/1] (0.39ns)   --->   "%select_ln387_1 = select i1 %icmp_ln387, i8 %LineBufVal_6, i8 %p_load206" [C:/pcam5/prj/sol/.autopilot/db/v_demosaic.cpp:387]   --->   Operation 168 'select' 'select_ln387_1' <Predicate = (!icmp_ln318 & icmp_ln328)> <Delay = 0.39> <CoreInst = "Sel">   --->   Core 73 'Sel' <Latency = 0> <II = 1> <Delay = 0.39> <FuncUnit> <Opcode : 'select'> <InPorts = 3> <OutPorts = 1>
ST_3 : Operation 169 [1/1] (0.39ns)   --->   "%select_ln387_2 = select i1 %icmp_ln387, i8 %LineBufVal_6, i8 %p_load208" [C:/pcam5/prj/sol/.autopilot/db/v_demosaic.cpp:387]   --->   Operation 169 'select' 'select_ln387_2' <Predicate = (!icmp_ln318 & icmp_ln328 & icmp_ln439)> <Delay = 0.39> <CoreInst = "Sel">   --->   Core 73 'Sel' <Latency = 0> <II = 1> <Delay = 0.39> <FuncUnit> <Opcode : 'select'> <InPorts = 3> <OutPorts = 1>
ST_3 : Operation 170 [1/1] (0.39ns)   --->   "%select_ln387_3 = select i1 %icmp_ln387, i8 %LineBufVal_6, i8 %p_load207" [C:/pcam5/prj/sol/.autopilot/db/v_demosaic.cpp:387]   --->   Operation 170 'select' 'select_ln387_3' <Predicate = (!icmp_ln318 & icmp_ln328)> <Delay = 0.39> <CoreInst = "Sel">   --->   Core 73 'Sel' <Latency = 0> <II = 1> <Delay = 0.39> <FuncUnit> <Opcode : 'select'> <InPorts = 3> <OutPorts = 1>
ST_3 : Operation 171 [1/1] (0.39ns)   --->   "%select_ln387_4 = select i1 %icmp_ln387, i8 %LineBufVal_7, i8 %p_load220" [C:/pcam5/prj/sol/.autopilot/db/v_demosaic.cpp:387]   --->   Operation 171 'select' 'select_ln387_4' <Predicate = (!icmp_ln318 & icmp_ln328)> <Delay = 0.39> <CoreInst = "Sel">   --->   Core 73 'Sel' <Latency = 0> <II = 1> <Delay = 0.39> <FuncUnit> <Opcode : 'select'> <InPorts = 3> <OutPorts = 1>
ST_3 : Operation 172 [1/1] (0.39ns)   --->   "%select_ln387_5 = select i1 %icmp_ln387, i8 %LineBufVal_7, i8 %p_load209" [C:/pcam5/prj/sol/.autopilot/db/v_demosaic.cpp:387]   --->   Operation 172 'select' 'select_ln387_5' <Predicate = (!icmp_ln318 & icmp_ln328)> <Delay = 0.39> <CoreInst = "Sel">   --->   Core 73 'Sel' <Latency = 0> <II = 1> <Delay = 0.39> <FuncUnit> <Opcode : 'select'> <InPorts = 3> <OutPorts = 1>
ST_3 : Operation 173 [1/1] (0.39ns)   --->   "%select_ln387_6 = select i1 %icmp_ln387, i8 %LineBufVal_7, i8 %p_load211" [C:/pcam5/prj/sol/.autopilot/db/v_demosaic.cpp:387]   --->   Operation 173 'select' 'select_ln387_6' <Predicate = (!icmp_ln318 & icmp_ln328 & icmp_ln439)> <Delay = 0.39> <CoreInst = "Sel">   --->   Core 73 'Sel' <Latency = 0> <II = 1> <Delay = 0.39> <FuncUnit> <Opcode : 'select'> <InPorts = 3> <OutPorts = 1>
ST_3 : Operation 174 [1/1] (0.39ns)   --->   "%select_ln387_7 = select i1 %icmp_ln387, i8 %LineBufVal_7, i8 %p_load210" [C:/pcam5/prj/sol/.autopilot/db/v_demosaic.cpp:387]   --->   Operation 174 'select' 'select_ln387_7' <Predicate = (!icmp_ln318 & icmp_ln328)> <Delay = 0.39> <CoreInst = "Sel">   --->   Core 73 'Sel' <Latency = 0> <II = 1> <Delay = 0.39> <FuncUnit> <Opcode : 'select'> <InPorts = 3> <OutPorts = 1>
ST_3 : Operation 175 [1/1] (0.39ns)   --->   "%select_ln387_8 = select i1 %icmp_ln387, i8 %LineBufVal, i8 %p_load214" [C:/pcam5/prj/sol/.autopilot/db/v_demosaic.cpp:387]   --->   Operation 175 'select' 'select_ln387_8' <Predicate = (!icmp_ln318 & icmp_ln328)> <Delay = 0.39> <CoreInst = "Sel">   --->   Core 73 'Sel' <Latency = 0> <II = 1> <Delay = 0.39> <FuncUnit> <Opcode : 'select'> <InPorts = 3> <OutPorts = 1>
ST_3 : Operation 176 [1/1] (0.39ns)   --->   "%select_ln387_9 = select i1 %icmp_ln387, i8 %LineBufVal, i8 %p_load200" [C:/pcam5/prj/sol/.autopilot/db/v_demosaic.cpp:387]   --->   Operation 176 'select' 'select_ln387_9' <Predicate = (!icmp_ln318 & icmp_ln328)> <Delay = 0.39> <CoreInst = "Sel">   --->   Core 73 'Sel' <Latency = 0> <II = 1> <Delay = 0.39> <FuncUnit> <Opcode : 'select'> <InPorts = 3> <OutPorts = 1>
ST_3 : Operation 177 [1/1] (0.39ns)   --->   "%select_ln387_10 = select i1 %icmp_ln387, i8 %LineBufVal, i8 %p_load202" [C:/pcam5/prj/sol/.autopilot/db/v_demosaic.cpp:387]   --->   Operation 177 'select' 'select_ln387_10' <Predicate = (!icmp_ln318 & icmp_ln328 & icmp_ln439)> <Delay = 0.39> <CoreInst = "Sel">   --->   Core 73 'Sel' <Latency = 0> <II = 1> <Delay = 0.39> <FuncUnit> <Opcode : 'select'> <InPorts = 3> <OutPorts = 1>
ST_3 : Operation 178 [1/1] (0.39ns)   --->   "%select_ln387_11 = select i1 %icmp_ln387, i8 %LineBufVal, i8 %p_load201" [C:/pcam5/prj/sol/.autopilot/db/v_demosaic.cpp:387]   --->   Operation 178 'select' 'select_ln387_11' <Predicate = (!icmp_ln318 & icmp_ln328)> <Delay = 0.39> <CoreInst = "Sel">   --->   Core 73 'Sel' <Latency = 0> <II = 1> <Delay = 0.39> <FuncUnit> <Opcode : 'select'> <InPorts = 3> <OutPorts = 1>
ST_3 : Operation 179 [1/1] (0.39ns)   --->   "%select_ln387_12 = select i1 %icmp_ln387, i8 %LineBufVal_5, i8 %p_load216" [C:/pcam5/prj/sol/.autopilot/db/v_demosaic.cpp:387]   --->   Operation 179 'select' 'select_ln387_12' <Predicate = (!icmp_ln318 & icmp_ln328)> <Delay = 0.39> <CoreInst = "Sel">   --->   Core 73 'Sel' <Latency = 0> <II = 1> <Delay = 0.39> <FuncUnit> <Opcode : 'select'> <InPorts = 3> <OutPorts = 1>
ST_3 : Operation 180 [1/1] (0.39ns)   --->   "%select_ln387_13 = select i1 %icmp_ln387, i8 %LineBufVal_5, i8 %p_load203" [C:/pcam5/prj/sol/.autopilot/db/v_demosaic.cpp:387]   --->   Operation 180 'select' 'select_ln387_13' <Predicate = (!icmp_ln318 & icmp_ln328)> <Delay = 0.39> <CoreInst = "Sel">   --->   Core 73 'Sel' <Latency = 0> <II = 1> <Delay = 0.39> <FuncUnit> <Opcode : 'select'> <InPorts = 3> <OutPorts = 1>
ST_3 : Operation 181 [1/1] (0.39ns)   --->   "%select_ln387_14 = select i1 %icmp_ln387, i8 %LineBufVal_5, i8 %p_load205" [C:/pcam5/prj/sol/.autopilot/db/v_demosaic.cpp:387]   --->   Operation 181 'select' 'select_ln387_14' <Predicate = (!icmp_ln318 & icmp_ln328 & icmp_ln439)> <Delay = 0.39> <CoreInst = "Sel">   --->   Core 73 'Sel' <Latency = 0> <II = 1> <Delay = 0.39> <FuncUnit> <Opcode : 'select'> <InPorts = 3> <OutPorts = 1>
ST_3 : Operation 182 [1/1] (0.39ns)   --->   "%select_ln387_15 = select i1 %icmp_ln387, i8 %LineBufVal_5, i8 %p_load204" [C:/pcam5/prj/sol/.autopilot/db/v_demosaic.cpp:387]   --->   Operation 182 'select' 'select_ln387_15' <Predicate = (!icmp_ln318 & icmp_ln328)> <Delay = 0.39> <CoreInst = "Sel">   --->   Core 73 'Sel' <Latency = 0> <II = 1> <Delay = 0.39> <FuncUnit> <Opcode : 'select'> <InPorts = 3> <OutPorts = 1>
ST_3 : Operation 183 [1/1] (0.39ns)   --->   "%select_ln387_16 = select i1 %icmp_ln387, i8 %p_ph, i8 %p_load212" [C:/pcam5/prj/sol/.autopilot/db/v_demosaic.cpp:387]   --->   Operation 183 'select' 'select_ln387_16' <Predicate = (!icmp_ln318 & icmp_ln328)> <Delay = 0.39> <CoreInst = "Sel">   --->   Core 73 'Sel' <Latency = 0> <II = 1> <Delay = 0.39> <FuncUnit> <Opcode : 'select'> <InPorts = 3> <OutPorts = 1>
ST_3 : Operation 184 [1/1] (0.39ns)   --->   "%select_ln387_17 = select i1 %icmp_ln387, i8 %p_ph, i8 %p_load" [C:/pcam5/prj/sol/.autopilot/db/v_demosaic.cpp:387]   --->   Operation 184 'select' 'select_ln387_17' <Predicate = (!icmp_ln318 & icmp_ln328)> <Delay = 0.39> <CoreInst = "Sel">   --->   Core 73 'Sel' <Latency = 0> <II = 1> <Delay = 0.39> <FuncUnit> <Opcode : 'select'> <InPorts = 3> <OutPorts = 1>
ST_3 : Operation 185 [1/1] (0.39ns)   --->   "%select_ln387_18 = select i1 %icmp_ln387, i8 %p_ph, i8 %p_load199" [C:/pcam5/prj/sol/.autopilot/db/v_demosaic.cpp:387]   --->   Operation 185 'select' 'select_ln387_18' <Predicate = (!icmp_ln318 & icmp_ln328 & icmp_ln439)> <Delay = 0.39> <CoreInst = "Sel">   --->   Core 73 'Sel' <Latency = 0> <II = 1> <Delay = 0.39> <FuncUnit> <Opcode : 'select'> <InPorts = 3> <OutPorts = 1>
ST_3 : Operation 186 [1/1] (0.39ns)   --->   "%select_ln387_19 = select i1 %icmp_ln387, i8 %p_ph, i8 %p_load198" [C:/pcam5/prj/sol/.autopilot/db/v_demosaic.cpp:387]   --->   Operation 186 'select' 'select_ln387_19' <Predicate = (!icmp_ln318 & icmp_ln328)> <Delay = 0.39> <CoreInst = "Sel">   --->   Core 73 'Sel' <Latency = 0> <II = 1> <Delay = 0.39> <FuncUnit> <Opcode : 'select'> <InPorts = 3> <OutPorts = 1>
ST_3 : Operation 187 [1/1] (0.00ns)   --->   "%empty_150 = phi i8 %select_ln387_16, void %VITIS_LOOP_372_11, i8 %p_load212, void %for.body49.split" [C:/pcam5/prj/sol/.autopilot/db/v_demosaic.cpp:387]   --->   Operation 187 'phi' 'empty_150' <Predicate = (!icmp_ln318)> <Delay = 0.00>
ST_3 : Operation 188 [1/1] (0.00ns)   --->   "%empty_151 = phi i8 %select_ln387_17, void %VITIS_LOOP_372_11, i8 %p_load, void %for.body49.split" [C:/pcam5/prj/sol/.autopilot/db/v_demosaic.cpp:387]   --->   Operation 188 'phi' 'empty_151' <Predicate = (!icmp_ln318)> <Delay = 0.00>
ST_3 : Operation 189 [1/1] (0.00ns)   --->   "%empty_152 = phi i8 %select_ln387_18, void %VITIS_LOOP_372_11, i8 %p_load199, void %for.body49.split" [C:/pcam5/prj/sol/.autopilot/db/v_demosaic.cpp:387]   --->   Operation 189 'phi' 'empty_152' <Predicate = (!icmp_ln318 & icmp_ln439)> <Delay = 0.00>
ST_3 : Operation 190 [1/1] (0.00ns)   --->   "%empty_153 = phi i8 %select_ln387_19, void %VITIS_LOOP_372_11, i8 %p_load198, void %for.body49.split" [C:/pcam5/prj/sol/.autopilot/db/v_demosaic.cpp:387]   --->   Operation 190 'phi' 'empty_153' <Predicate = (!icmp_ln318)> <Delay = 0.00>
ST_3 : Operation 191 [1/1] (0.00ns)   --->   "%empty_154 = phi i8 %select_ln387_8, void %VITIS_LOOP_372_11, i8 %p_load214, void %for.body49.split" [C:/pcam5/prj/sol/.autopilot/db/v_demosaic.cpp:387]   --->   Operation 191 'phi' 'empty_154' <Predicate = (!icmp_ln318)> <Delay = 0.00>
ST_3 : Operation 192 [1/1] (0.00ns)   --->   "%empty_155 = phi i8 %select_ln387_9, void %VITIS_LOOP_372_11, i8 %p_load200, void %for.body49.split" [C:/pcam5/prj/sol/.autopilot/db/v_demosaic.cpp:387]   --->   Operation 192 'phi' 'empty_155' <Predicate = (!icmp_ln318)> <Delay = 0.00>
ST_3 : Operation 193 [1/1] (0.00ns)   --->   "%empty_156 = phi i8 %select_ln387_10, void %VITIS_LOOP_372_11, i8 %p_load202, void %for.body49.split" [C:/pcam5/prj/sol/.autopilot/db/v_demosaic.cpp:387]   --->   Operation 193 'phi' 'empty_156' <Predicate = (!icmp_ln318 & icmp_ln439)> <Delay = 0.00>
ST_3 : Operation 194 [1/1] (0.00ns)   --->   "%empty_157 = phi i8 %select_ln387_11, void %VITIS_LOOP_372_11, i8 %p_load201, void %for.body49.split" [C:/pcam5/prj/sol/.autopilot/db/v_demosaic.cpp:387]   --->   Operation 194 'phi' 'empty_157' <Predicate = (!icmp_ln318)> <Delay = 0.00>
ST_3 : Operation 195 [1/1] (0.00ns)   --->   "%empty_158 = phi i8 %select_ln387_12, void %VITIS_LOOP_372_11, i8 %p_load216, void %for.body49.split" [C:/pcam5/prj/sol/.autopilot/db/v_demosaic.cpp:387]   --->   Operation 195 'phi' 'empty_158' <Predicate = (!icmp_ln318)> <Delay = 0.00>
ST_3 : Operation 196 [1/1] (0.00ns)   --->   "%g_2 = phi i8 %select_ln387_13, void %VITIS_LOOP_372_11, i8 %p_load203, void %for.body49.split" [C:/pcam5/prj/sol/.autopilot/db/v_demosaic.cpp:387]   --->   Operation 196 'phi' 'g_2' <Predicate = (!icmp_ln318)> <Delay = 0.00>
ST_3 : Operation 197 [1/1] (0.00ns)   --->   "%empty_159 = phi i8 %select_ln387_14, void %VITIS_LOOP_372_11, i8 %p_load205, void %for.body49.split" [C:/pcam5/prj/sol/.autopilot/db/v_demosaic.cpp:387]   --->   Operation 197 'phi' 'empty_159' <Predicate = (!icmp_ln318 & icmp_ln439)> <Delay = 0.00>
ST_3 : Operation 198 [1/1] (0.00ns)   --->   "%empty_160 = phi i8 %select_ln387_15, void %VITIS_LOOP_372_11, i8 %p_load204, void %for.body49.split" [C:/pcam5/prj/sol/.autopilot/db/v_demosaic.cpp:387]   --->   Operation 198 'phi' 'empty_160' <Predicate = (!icmp_ln318)> <Delay = 0.00>
ST_3 : Operation 199 [1/1] (0.00ns)   --->   "%empty_161 = phi i8 %select_ln387, void %VITIS_LOOP_372_11, i8 %p_load218, void %for.body49.split" [C:/pcam5/prj/sol/.autopilot/db/v_demosaic.cpp:387]   --->   Operation 199 'phi' 'empty_161' <Predicate = (!icmp_ln318)> <Delay = 0.00>
ST_3 : Operation 200 [1/1] (0.00ns)   --->   "%empty_162 = phi i8 %select_ln387_1, void %VITIS_LOOP_372_11, i8 %p_load206, void %for.body49.split" [C:/pcam5/prj/sol/.autopilot/db/v_demosaic.cpp:387]   --->   Operation 200 'phi' 'empty_162' <Predicate = (!icmp_ln318)> <Delay = 0.00>
ST_3 : Operation 201 [1/1] (0.00ns)   --->   "%empty_163 = phi i8 %select_ln387_2, void %VITIS_LOOP_372_11, i8 %p_load208, void %for.body49.split" [C:/pcam5/prj/sol/.autopilot/db/v_demosaic.cpp:387]   --->   Operation 201 'phi' 'empty_163' <Predicate = (!icmp_ln318 & icmp_ln439)> <Delay = 0.00>
ST_3 : Operation 202 [1/1] (0.00ns)   --->   "%empty_164 = phi i8 %select_ln387_3, void %VITIS_LOOP_372_11, i8 %p_load207, void %for.body49.split" [C:/pcam5/prj/sol/.autopilot/db/v_demosaic.cpp:387]   --->   Operation 202 'phi' 'empty_164' <Predicate = (!icmp_ln318)> <Delay = 0.00>
ST_3 : Operation 203 [1/1] (0.00ns)   --->   "%empty_165 = phi i8 %select_ln387_4, void %VITIS_LOOP_372_11, i8 %p_load220, void %for.body49.split" [C:/pcam5/prj/sol/.autopilot/db/v_demosaic.cpp:387]   --->   Operation 203 'phi' 'empty_165' <Predicate = (!icmp_ln318)> <Delay = 0.00>
ST_3 : Operation 204 [1/1] (0.00ns)   --->   "%empty_166 = phi i8 %select_ln387_5, void %VITIS_LOOP_372_11, i8 %p_load209, void %for.body49.split" [C:/pcam5/prj/sol/.autopilot/db/v_demosaic.cpp:387]   --->   Operation 204 'phi' 'empty_166' <Predicate = (!icmp_ln318)> <Delay = 0.00>
ST_3 : Operation 205 [1/1] (0.00ns)   --->   "%empty_167 = phi i8 %select_ln387_6, void %VITIS_LOOP_372_11, i8 %p_load211, void %for.body49.split" [C:/pcam5/prj/sol/.autopilot/db/v_demosaic.cpp:387]   --->   Operation 205 'phi' 'empty_167' <Predicate = (!icmp_ln318 & icmp_ln439)> <Delay = 0.00>
ST_3 : Operation 206 [1/1] (0.00ns)   --->   "%empty_168 = phi i8 %select_ln387_7, void %VITIS_LOOP_372_11, i8 %p_load210, void %for.body49.split" [C:/pcam5/prj/sol/.autopilot/db/v_demosaic.cpp:387]   --->   Operation 206 'phi' 'empty_168' <Predicate = (!icmp_ln318)> <Delay = 0.00>
ST_3 : Operation 207 [1/1] (0.00ns)   --->   "%p_load221 = load i8 %empty_130" [C:/pcam5/prj/sol/.autopilot/db/v_demosaic.cpp:460]   --->   Operation 207 'load' 'p_load221' <Predicate = (!icmp_ln318 & icmp_ln439)> <Delay = 0.00>
ST_3 : Operation 208 [1/1] (0.00ns)   --->   "%p_load219 = load i8 %empty_131" [C:/pcam5/prj/sol/.autopilot/db/v_demosaic.cpp:460]   --->   Operation 208 'load' 'p_load219' <Predicate = (!icmp_ln318 & icmp_ln439)> <Delay = 0.00>
ST_3 : Operation 209 [1/1] (0.00ns)   --->   "%p_load217 = load i8 %empty_132" [C:/pcam5/prj/sol/.autopilot/db/v_demosaic.cpp:458]   --->   Operation 209 'load' 'p_load217' <Predicate = (!icmp_ln318 & icmp_ln439)> <Delay = 0.00>
ST_3 : Operation 210 [1/1] (0.00ns)   --->   "%p_load215 = load i8 %empty_133" [C:/pcam5/prj/sol/.autopilot/db/v_demosaic.cpp:458]   --->   Operation 210 'load' 'p_load215' <Predicate = (!icmp_ln318 & icmp_ln439)> <Delay = 0.00>
ST_3 : Operation 211 [1/1] (0.00ns)   --->   "%p_load213 = load i8 %empty_134" [C:/pcam5/prj/sol/.autopilot/db/v_demosaic.cpp:457]   --->   Operation 211 'load' 'p_load213' <Predicate = (!icmp_ln318 & icmp_ln439)> <Delay = 0.00>
ST_3 : Operation 212 [1/1] (0.00ns)   --->   "%shl_ln = bitconcatenate i9 @_ssdm_op_BitConcatenate.i9.i8.i1, i8 %empty_162, i1 0" [C:/pcam5/prj/sol/.autopilot/db/v_demosaic.cpp:450]   --->   Operation 212 'bitconcatenate' 'shl_ln' <Predicate = (!icmp_ln318 & icmp_ln439)> <Delay = 0.00>
ST_3 : Operation 213 [1/1] (0.00ns)   --->   "%zext_ln450 = zext i9 %shl_ln" [C:/pcam5/prj/sol/.autopilot/db/v_demosaic.cpp:450]   --->   Operation 213 'zext' 'zext_ln450' <Predicate = (!icmp_ln318 & icmp_ln439)> <Delay = 0.00>
ST_3 : Operation 214 [1/1] (0.00ns)   --->   "%zext_ln450_1 = zext i8 %empty_166" [C:/pcam5/prj/sol/.autopilot/db/v_demosaic.cpp:450]   --->   Operation 214 'zext' 'zext_ln450_1' <Predicate = (!icmp_ln318 & icmp_ln439)> <Delay = 0.00>
ST_3 : Operation 215 [1/1] (0.00ns)   --->   "%zext_ln450_2 = zext i8 %empty_166" [C:/pcam5/prj/sol/.autopilot/db/v_demosaic.cpp:450]   --->   Operation 215 'zext' 'zext_ln450_2' <Predicate = (!icmp_ln318 & icmp_ln439)> <Delay = 0.00>
ST_3 : Operation 216 [1/1] (0.00ns)   --->   "%zext_ln450_3 = zext i8 %g_2" [C:/pcam5/prj/sol/.autopilot/db/v_demosaic.cpp:450]   --->   Operation 216 'zext' 'zext_ln450_3' <Predicate = (!icmp_ln318 & icmp_ln439)> <Delay = 0.00>
ST_3 : Operation 217 [1/1] (0.00ns)   --->   "%zext_ln450_4 = zext i8 %g_2" [C:/pcam5/prj/sol/.autopilot/db/v_demosaic.cpp:450]   --->   Operation 217 'zext' 'zext_ln450_4' <Predicate = (!icmp_ln318 & icmp_ln439)> <Delay = 0.00>
ST_3 : Operation 218 [1/1] (0.00ns) (grouped into TernaryAdder)   --->   "%sub_ln450 = sub i10 %zext_ln450, i10 %zext_ln450_4" [C:/pcam5/prj/sol/.autopilot/db/v_demosaic.cpp:450]   --->   Operation 218 'sub' 'sub_ln450' <Predicate = (!icmp_ln318 & icmp_ln439)> <Delay = 0.00> <CoreInst = "TAddSub">   --->   Core 10 'TAddSub' <Latency = 0> <II = 1> <Delay = 0.48> <IPBlock> <Opcode : 'add' 'sub'> <InPorts = 3> <OutPorts = 1> <Sync> <CReg>
ST_3 : Operation 219 [1/1] (0.96ns) (root node of TernaryAdder)   --->   "%K = sub i10 %sub_ln450, i10 %zext_ln450_2" [C:/pcam5/prj/sol/.autopilot/db/v_demosaic.cpp:450]   --->   Operation 219 'sub' 'K' <Predicate = (!icmp_ln318 & icmp_ln439)> <Delay = 0.96> <CoreInst = "TAddSub">   --->   Core 10 'TAddSub' <Latency = 0> <II = 1> <Delay = 0.48> <IPBlock> <Opcode : 'add' 'sub'> <InPorts = 3> <OutPorts = 1> <Sync> <CReg>
ST_3 : Operation 220 [1/1] (0.00ns)   --->   "%shl_ln3 = bitconcatenate i9 @_ssdm_op_BitConcatenate.i9.i8.i1, i8 %empty_168, i1 0" [C:/pcam5/prj/sol/.autopilot/db/v_demosaic.cpp:451]   --->   Operation 220 'bitconcatenate' 'shl_ln3' <Predicate = (!icmp_ln318 & icmp_ln439)> <Delay = 0.00>
ST_3 : Operation 221 [1/1] (0.00ns)   --->   "%zext_ln451 = zext i9 %shl_ln3" [C:/pcam5/prj/sol/.autopilot/db/v_demosaic.cpp:451]   --->   Operation 221 'zext' 'zext_ln451' <Predicate = (!icmp_ln318 & icmp_ln439)> <Delay = 0.00>
ST_3 : Operation 222 [1/1] (0.00ns)   --->   "%zext_ln451_1 = zext i8 %empty_167" [C:/pcam5/prj/sol/.autopilot/db/v_demosaic.cpp:451]   --->   Operation 222 'zext' 'zext_ln451_1' <Predicate = (!icmp_ln318 & icmp_ln439)> <Delay = 0.00>
ST_3 : Operation 223 [1/1] (0.00ns)   --->   "%zext_ln451_2 = zext i8 %empty_167" [C:/pcam5/prj/sol/.autopilot/db/v_demosaic.cpp:451]   --->   Operation 223 'zext' 'zext_ln451_2' <Predicate = (!icmp_ln318 & icmp_ln439)> <Delay = 0.00>
ST_3 : Operation 224 [1/1] (0.76ns)   --->   "%add_ln451 = add i9 %zext_ln451_2, i9 %zext_ln450_1" [C:/pcam5/prj/sol/.autopilot/db/v_demosaic.cpp:451]   --->   Operation 224 'add' 'add_ln451' <Predicate = (!icmp_ln318 & icmp_ln439)> <Delay = 0.76> <CoreInst = "Adder">   --->   Core 1 'Adder' <Latency = 0> <II = 1> <Delay = 0.77> <FuncUnit> <Opcode : 'add' 'sub'> <InPorts = 2> <OutPorts = 1>
ST_3 : Operation 225 [1/1] (0.00ns)   --->   "%zext_ln451_3 = zext i9 %add_ln451" [C:/pcam5/prj/sol/.autopilot/db/v_demosaic.cpp:451]   --->   Operation 225 'zext' 'zext_ln451_3' <Predicate = (!icmp_ln318 & icmp_ln439)> <Delay = 0.00>
ST_3 : Operation 226 [1/1] (0.77ns)   --->   "%K_1 = sub i10 %zext_ln451, i10 %zext_ln451_3" [C:/pcam5/prj/sol/.autopilot/db/v_demosaic.cpp:451]   --->   Operation 226 'sub' 'K_1' <Predicate = (!icmp_ln318 & icmp_ln439)> <Delay = 0.77> <CoreInst = "Adder">   --->   Core 1 'Adder' <Latency = 0> <II = 1> <Delay = 0.78> <FuncUnit> <Opcode : 'add' 'sub'> <InPorts = 2> <OutPorts = 1>
ST_3 : Operation 227 [1/1] (0.00ns)   --->   "%shl_ln4 = bitconcatenate i9 @_ssdm_op_BitConcatenate.i9.i8.i1, i8 %empty_163, i1 0" [C:/pcam5/prj/sol/.autopilot/db/v_demosaic.cpp:452]   --->   Operation 227 'bitconcatenate' 'shl_ln4' <Predicate = (!icmp_ln318 & icmp_ln439)> <Delay = 0.00>
ST_3 : Operation 228 [1/1] (0.00ns)   --->   "%zext_ln452 = zext i9 %shl_ln4" [C:/pcam5/prj/sol/.autopilot/db/v_demosaic.cpp:452]   --->   Operation 228 'zext' 'zext_ln452' <Predicate = (!icmp_ln318 & icmp_ln439)> <Delay = 0.00>
ST_3 : Operation 229 [1/1] (0.00ns)   --->   "%zext_ln452_1 = zext i8 %empty_159" [C:/pcam5/prj/sol/.autopilot/db/v_demosaic.cpp:452]   --->   Operation 229 'zext' 'zext_ln452_1' <Predicate = (!icmp_ln318 & icmp_ln439)> <Delay = 0.00>
ST_3 : Operation 230 [1/1] (0.00ns)   --->   "%zext_ln452_2 = zext i8 %empty_159" [C:/pcam5/prj/sol/.autopilot/db/v_demosaic.cpp:452]   --->   Operation 230 'zext' 'zext_ln452_2' <Predicate = (!icmp_ln318 & icmp_ln439)> <Delay = 0.00>
ST_3 : Operation 231 [1/1] (0.00ns) (grouped into TernaryAdder)   --->   "%sub_ln452 = sub i10 %zext_ln452, i10 %zext_ln452_2" [C:/pcam5/prj/sol/.autopilot/db/v_demosaic.cpp:452]   --->   Operation 231 'sub' 'sub_ln452' <Predicate = (!icmp_ln318 & icmp_ln439)> <Delay = 0.00> <CoreInst = "TAddSub">   --->   Core 10 'TAddSub' <Latency = 0> <II = 1> <Delay = 0.48> <IPBlock> <Opcode : 'add' 'sub'> <InPorts = 3> <OutPorts = 1> <Sync> <CReg>
ST_3 : Operation 232 [1/1] (0.96ns) (root node of TernaryAdder)   --->   "%K_2 = sub i10 %sub_ln452, i10 %zext_ln451_1" [C:/pcam5/prj/sol/.autopilot/db/v_demosaic.cpp:452]   --->   Operation 232 'sub' 'K_2' <Predicate = (!icmp_ln318 & icmp_ln439)> <Delay = 0.96> <CoreInst = "TAddSub">   --->   Core 10 'TAddSub' <Latency = 0> <II = 1> <Delay = 0.48> <IPBlock> <Opcode : 'add' 'sub'> <InPorts = 3> <OutPorts = 1> <Sync> <CReg>
ST_3 : Operation 233 [1/1] (0.00ns)   --->   "%shl_ln5 = bitconcatenate i9 @_ssdm_op_BitConcatenate.i9.i8.i1, i8 %empty_160, i1 0" [C:/pcam5/prj/sol/.autopilot/db/v_demosaic.cpp:453]   --->   Operation 233 'bitconcatenate' 'shl_ln5' <Predicate = (!icmp_ln318 & icmp_ln439)> <Delay = 0.00>
ST_3 : Operation 234 [1/1] (0.00ns)   --->   "%zext_ln453 = zext i9 %shl_ln5" [C:/pcam5/prj/sol/.autopilot/db/v_demosaic.cpp:453]   --->   Operation 234 'zext' 'zext_ln453' <Predicate = (!icmp_ln318 & icmp_ln439)> <Delay = 0.00>
ST_3 : Operation 235 [1/1] (0.76ns)   --->   "%add_ln453 = add i9 %zext_ln452_1, i9 %zext_ln450_3" [C:/pcam5/prj/sol/.autopilot/db/v_demosaic.cpp:453]   --->   Operation 235 'add' 'add_ln453' <Predicate = (!icmp_ln318 & icmp_ln439)> <Delay = 0.76> <CoreInst = "Adder">   --->   Core 1 'Adder' <Latency = 0> <II = 1> <Delay = 0.77> <FuncUnit> <Opcode : 'add' 'sub'> <InPorts = 2> <OutPorts = 1>
ST_3 : Operation 236 [1/1] (0.00ns)   --->   "%zext_ln453_1 = zext i9 %add_ln453" [C:/pcam5/prj/sol/.autopilot/db/v_demosaic.cpp:453]   --->   Operation 236 'zext' 'zext_ln453_1' <Predicate = (!icmp_ln318 & icmp_ln439)> <Delay = 0.00>
ST_3 : Operation 237 [1/1] (0.77ns)   --->   "%K_3 = sub i10 %zext_ln453, i10 %zext_ln453_1" [C:/pcam5/prj/sol/.autopilot/db/v_demosaic.cpp:453]   --->   Operation 237 'sub' 'K_3' <Predicate = (!icmp_ln318 & icmp_ln439)> <Delay = 0.77> <CoreInst = "Adder">   --->   Core 1 'Adder' <Latency = 0> <II = 1> <Delay = 0.78> <FuncUnit> <Opcode : 'add' 'sub'> <InPorts = 2> <OutPorts = 1>
ST_3 : Operation 238 [1/1] (0.00ns)   --->   "%shl_ln6 = bitconcatenate i9 @_ssdm_op_BitConcatenate.i9.i8.i1, i8 %empty_156, i1 0" [C:/pcam5/prj/sol/.autopilot/db/v_demosaic.cpp:454]   --->   Operation 238 'bitconcatenate' 'shl_ln6' <Predicate = (!icmp_ln318 & icmp_ln439)> <Delay = 0.00>
ST_3 : Operation 239 [1/1] (0.00ns)   --->   "%zext_ln454 = zext i9 %shl_ln6" [C:/pcam5/prj/sol/.autopilot/db/v_demosaic.cpp:454]   --->   Operation 239 'zext' 'zext_ln454' <Predicate = (!icmp_ln318 & icmp_ln439)> <Delay = 0.00>
ST_3 : Operation 240 [1/1] (0.00ns)   --->   "%zext_ln454_1 = zext i8 %empty_152" [C:/pcam5/prj/sol/.autopilot/db/v_demosaic.cpp:454]   --->   Operation 240 'zext' 'zext_ln454_1' <Predicate = (!icmp_ln318 & icmp_ln439)> <Delay = 0.00>
ST_3 : Operation 241 [1/1] (0.00ns)   --->   "%zext_ln454_2 = zext i8 %empty_152" [C:/pcam5/prj/sol/.autopilot/db/v_demosaic.cpp:454]   --->   Operation 241 'zext' 'zext_ln454_2' <Predicate = (!icmp_ln318 & icmp_ln439)> <Delay = 0.00>
ST_3 : Operation 242 [1/1] (0.00ns) (grouped into TernaryAdder)   --->   "%sub_ln454 = sub i10 %zext_ln454, i10 %zext_ln454_2" [C:/pcam5/prj/sol/.autopilot/db/v_demosaic.cpp:454]   --->   Operation 242 'sub' 'sub_ln454' <Predicate = (!icmp_ln318 & icmp_ln439)> <Delay = 0.00> <CoreInst = "TAddSub">   --->   Core 10 'TAddSub' <Latency = 0> <II = 1> <Delay = 0.48> <IPBlock> <Opcode : 'add' 'sub'> <InPorts = 3> <OutPorts = 1> <Sync> <CReg>
ST_3 : Operation 243 [1/1] (0.96ns) (root node of TernaryAdder)   --->   "%K_4 = sub i10 %sub_ln454, i10 %zext_ln452_2" [C:/pcam5/prj/sol/.autopilot/db/v_demosaic.cpp:454]   --->   Operation 243 'sub' 'K_4' <Predicate = (!icmp_ln318 & icmp_ln439)> <Delay = 0.96> <CoreInst = "TAddSub">   --->   Core 10 'TAddSub' <Latency = 0> <II = 1> <Delay = 0.48> <IPBlock> <Opcode : 'add' 'sub'> <InPorts = 3> <OutPorts = 1> <Sync> <CReg>
ST_3 : Operation 244 [1/1] (0.00ns)   --->   "%shl_ln7 = bitconcatenate i9 @_ssdm_op_BitConcatenate.i9.i8.i1, i8 %empty_153, i1 0" [C:/pcam5/prj/sol/.autopilot/db/v_demosaic.cpp:455]   --->   Operation 244 'bitconcatenate' 'shl_ln7' <Predicate = (!icmp_ln318 & icmp_ln439)> <Delay = 0.00>
ST_3 : Operation 245 [1/1] (0.00ns)   --->   "%zext_ln455 = zext i9 %shl_ln7" [C:/pcam5/prj/sol/.autopilot/db/v_demosaic.cpp:455]   --->   Operation 245 'zext' 'zext_ln455' <Predicate = (!icmp_ln318 & icmp_ln439)> <Delay = 0.00>
ST_3 : Operation 246 [1/1] (0.00ns)   --->   "%zext_ln455_1 = zext i8 %empty_151" [C:/pcam5/prj/sol/.autopilot/db/v_demosaic.cpp:455]   --->   Operation 246 'zext' 'zext_ln455_1' <Predicate = (!icmp_ln318 & icmp_ln439)> <Delay = 0.00>
ST_3 : Operation 247 [1/1] (0.00ns)   --->   "%zext_ln455_2 = zext i8 %empty_151" [C:/pcam5/prj/sol/.autopilot/db/v_demosaic.cpp:455]   --->   Operation 247 'zext' 'zext_ln455_2' <Predicate = (!icmp_ln318 & icmp_ln439)> <Delay = 0.00>
ST_3 : Operation 248 [1/1] (0.76ns)   --->   "%add_ln455 = add i9 %zext_ln454_1, i9 %zext_ln455_2" [C:/pcam5/prj/sol/.autopilot/db/v_demosaic.cpp:455]   --->   Operation 248 'add' 'add_ln455' <Predicate = (!icmp_ln318 & icmp_ln439)> <Delay = 0.76> <CoreInst = "Adder">   --->   Core 1 'Adder' <Latency = 0> <II = 1> <Delay = 0.77> <FuncUnit> <Opcode : 'add' 'sub'> <InPorts = 2> <OutPorts = 1>
ST_3 : Operation 249 [1/1] (0.00ns)   --->   "%zext_ln455_3 = zext i9 %add_ln455" [C:/pcam5/prj/sol/.autopilot/db/v_demosaic.cpp:455]   --->   Operation 249 'zext' 'zext_ln455_3' <Predicate = (!icmp_ln318 & icmp_ln439)> <Delay = 0.00>
ST_3 : Operation 250 [1/1] (0.77ns)   --->   "%K_5 = sub i10 %zext_ln455, i10 %zext_ln455_3" [C:/pcam5/prj/sol/.autopilot/db/v_demosaic.cpp:455]   --->   Operation 250 'sub' 'K_5' <Predicate = (!icmp_ln318 & icmp_ln439)> <Delay = 0.77> <CoreInst = "Adder">   --->   Core 1 'Adder' <Latency = 0> <II = 1> <Delay = 0.78> <FuncUnit> <Opcode : 'add' 'sub'> <InPorts = 2> <OutPorts = 1>
ST_3 : Operation 251 [1/1] (0.00ns)   --->   "%shl_ln8 = bitconcatenate i9 @_ssdm_op_BitConcatenate.i9.i8.i1, i8 %empty_155, i1 0" [C:/pcam5/prj/sol/.autopilot/db/v_demosaic.cpp:456]   --->   Operation 251 'bitconcatenate' 'shl_ln8' <Predicate = (!icmp_ln318 & icmp_ln439)> <Delay = 0.00>
ST_3 : Operation 252 [1/1] (0.00ns)   --->   "%zext_ln456 = zext i9 %shl_ln8" [C:/pcam5/prj/sol/.autopilot/db/v_demosaic.cpp:456]   --->   Operation 252 'zext' 'zext_ln456' <Predicate = (!icmp_ln318 & icmp_ln439)> <Delay = 0.00>
ST_3 : Operation 253 [1/1] (0.00ns) (grouped into TernaryAdder)   --->   "%sub_ln456 = sub i10 %zext_ln456, i10 %zext_ln455_1" [C:/pcam5/prj/sol/.autopilot/db/v_demosaic.cpp:456]   --->   Operation 253 'sub' 'sub_ln456' <Predicate = (!icmp_ln318 & icmp_ln439)> <Delay = 0.00> <CoreInst = "TAddSub">   --->   Core 10 'TAddSub' <Latency = 0> <II = 1> <Delay = 0.48> <IPBlock> <Opcode : 'add' 'sub'> <InPorts = 3> <OutPorts = 1> <Sync> <CReg>
ST_3 : Operation 254 [1/1] (0.96ns) (root node of TernaryAdder)   --->   "%K_6 = sub i10 %sub_ln456, i10 %zext_ln450_4" [C:/pcam5/prj/sol/.autopilot/db/v_demosaic.cpp:456]   --->   Operation 254 'sub' 'K_6' <Predicate = (!icmp_ln318 & icmp_ln439)> <Delay = 0.96> <CoreInst = "TAddSub">   --->   Core 10 'TAddSub' <Latency = 0> <II = 1> <Delay = 0.48> <IPBlock> <Opcode : 'add' 'sub'> <InPorts = 3> <OutPorts = 1> <Sync> <CReg>
ST_3 : Operation 255 [1/1] (0.00ns)   --->   "%shl_ln9 = bitconcatenate i9 @_ssdm_op_BitConcatenate.i9.i8.i1, i8 %empty_150, i1 0" [C:/pcam5/prj/sol/.autopilot/db/v_demosaic.cpp:457]   --->   Operation 255 'bitconcatenate' 'shl_ln9' <Predicate = (!icmp_ln318 & icmp_ln439)> <Delay = 0.00>
ST_3 : Operation 256 [1/1] (0.00ns)   --->   "%zext_ln457 = zext i9 %shl_ln9" [C:/pcam5/prj/sol/.autopilot/db/v_demosaic.cpp:457]   --->   Operation 256 'zext' 'zext_ln457' <Predicate = (!icmp_ln318 & icmp_ln439)> <Delay = 0.00>
ST_3 : Operation 257 [1/1] (0.00ns)   --->   "%zext_ln457_1 = zext i8 %p_load213" [C:/pcam5/prj/sol/.autopilot/db/v_demosaic.cpp:457]   --->   Operation 257 'zext' 'zext_ln457_1' <Predicate = (!icmp_ln318 & icmp_ln439)> <Delay = 0.00>
ST_3 : Operation 258 [1/1] (0.76ns)   --->   "%add_ln457 = add i9 %zext_ln455_2, i9 %zext_ln457_1" [C:/pcam5/prj/sol/.autopilot/db/v_demosaic.cpp:457]   --->   Operation 258 'add' 'add_ln457' <Predicate = (!icmp_ln318 & icmp_ln439)> <Delay = 0.76> <CoreInst = "Adder">   --->   Core 1 'Adder' <Latency = 0> <II = 1> <Delay = 0.77> <FuncUnit> <Opcode : 'add' 'sub'> <InPorts = 2> <OutPorts = 1>
ST_3 : Operation 259 [1/1] (0.00ns)   --->   "%zext_ln457_2 = zext i9 %add_ln457" [C:/pcam5/prj/sol/.autopilot/db/v_demosaic.cpp:457]   --->   Operation 259 'zext' 'zext_ln457_2' <Predicate = (!icmp_ln318 & icmp_ln439)> <Delay = 0.00>
ST_3 : Operation 260 [1/1] (0.77ns)   --->   "%K_7 = sub i10 %zext_ln457, i10 %zext_ln457_2" [C:/pcam5/prj/sol/.autopilot/db/v_demosaic.cpp:457]   --->   Operation 260 'sub' 'K_7' <Predicate = (!icmp_ln318 & icmp_ln439)> <Delay = 0.77> <CoreInst = "Adder">   --->   Core 1 'Adder' <Latency = 0> <II = 1> <Delay = 0.78> <FuncUnit> <Opcode : 'add' 'sub'> <InPorts = 2> <OutPorts = 1>
ST_3 : Operation 261 [1/1] (0.00ns)   --->   "%shl_ln1 = bitconcatenate i9 @_ssdm_op_BitConcatenate.i9.i8.i1, i8 %p_load215, i1 0" [C:/pcam5/prj/sol/.autopilot/db/v_demosaic.cpp:458]   --->   Operation 261 'bitconcatenate' 'shl_ln1' <Predicate = (!icmp_ln318 & icmp_ln439)> <Delay = 0.00>
ST_3 : Operation 262 [1/1] (0.00ns)   --->   "%zext_ln458 = zext i9 %shl_ln1" [C:/pcam5/prj/sol/.autopilot/db/v_demosaic.cpp:458]   --->   Operation 262 'zext' 'zext_ln458' <Predicate = (!icmp_ln318 & icmp_ln439)> <Delay = 0.00>
ST_3 : Operation 263 [1/1] (0.00ns)   --->   "%zext_ln458_1 = zext i8 %p_load217" [C:/pcam5/prj/sol/.autopilot/db/v_demosaic.cpp:458]   --->   Operation 263 'zext' 'zext_ln458_1' <Predicate = (!icmp_ln318 & icmp_ln439)> <Delay = 0.00>
ST_3 : Operation 264 [1/1] (0.76ns)   --->   "%add_ln458 = add i9 %zext_ln458_1, i9 %zext_ln457_1" [C:/pcam5/prj/sol/.autopilot/db/v_demosaic.cpp:458]   --->   Operation 264 'add' 'add_ln458' <Predicate = (!icmp_ln318 & icmp_ln439)> <Delay = 0.76> <CoreInst = "Adder">   --->   Core 1 'Adder' <Latency = 0> <II = 1> <Delay = 0.77> <FuncUnit> <Opcode : 'add' 'sub'> <InPorts = 2> <OutPorts = 1>
ST_3 : Operation 265 [1/1] (0.00ns)   --->   "%zext_ln458_2 = zext i9 %add_ln458" [C:/pcam5/prj/sol/.autopilot/db/v_demosaic.cpp:458]   --->   Operation 265 'zext' 'zext_ln458_2' <Predicate = (!icmp_ln318 & icmp_ln439)> <Delay = 0.00>
ST_3 : Operation 266 [1/1] (0.77ns)   --->   "%K_8 = sub i10 %zext_ln458, i10 %zext_ln458_2" [C:/pcam5/prj/sol/.autopilot/db/v_demosaic.cpp:458]   --->   Operation 266 'sub' 'K_8' <Predicate = (!icmp_ln318 & icmp_ln439)> <Delay = 0.77> <CoreInst = "Adder">   --->   Core 1 'Adder' <Latency = 0> <II = 1> <Delay = 0.78> <FuncUnit> <Opcode : 'add' 'sub'> <InPorts = 2> <OutPorts = 1>
ST_3 : Operation 267 [1/1] (0.00ns)   --->   "%shl_ln2 = bitconcatenate i9 @_ssdm_op_BitConcatenate.i9.i8.i1, i8 %empty_158, i1 0" [C:/pcam5/prj/sol/.autopilot/db/v_demosaic.cpp:459]   --->   Operation 267 'bitconcatenate' 'shl_ln2' <Predicate = (!icmp_ln318 & icmp_ln439)> <Delay = 0.00>
ST_3 : Operation 268 [1/1] (0.00ns)   --->   "%zext_ln459 = zext i9 %shl_ln2" [C:/pcam5/prj/sol/.autopilot/db/v_demosaic.cpp:459]   --->   Operation 268 'zext' 'zext_ln459' <Predicate = (!icmp_ln318 & icmp_ln439)> <Delay = 0.00>
ST_3 : Operation 269 [1/1] (0.76ns)   --->   "%add_ln459 = add i9 %zext_ln450_3, i9 %zext_ln458_1" [C:/pcam5/prj/sol/.autopilot/db/v_demosaic.cpp:459]   --->   Operation 269 'add' 'add_ln459' <Predicate = (!icmp_ln318 & icmp_ln439)> <Delay = 0.76> <CoreInst = "Adder">   --->   Core 1 'Adder' <Latency = 0> <II = 1> <Delay = 0.77> <FuncUnit> <Opcode : 'add' 'sub'> <InPorts = 2> <OutPorts = 1>
ST_3 : Operation 270 [1/1] (0.00ns)   --->   "%zext_ln459_1 = zext i9 %add_ln459" [C:/pcam5/prj/sol/.autopilot/db/v_demosaic.cpp:459]   --->   Operation 270 'zext' 'zext_ln459_1' <Predicate = (!icmp_ln318 & icmp_ln439)> <Delay = 0.00>
ST_3 : Operation 271 [1/1] (0.77ns)   --->   "%K_9 = sub i10 %zext_ln459, i10 %zext_ln459_1" [C:/pcam5/prj/sol/.autopilot/db/v_demosaic.cpp:459]   --->   Operation 271 'sub' 'K_9' <Predicate = (!icmp_ln318 & icmp_ln439)> <Delay = 0.77> <CoreInst = "Adder">   --->   Core 1 'Adder' <Latency = 0> <II = 1> <Delay = 0.78> <FuncUnit> <Opcode : 'add' 'sub'> <InPorts = 2> <OutPorts = 1>
ST_3 : Operation 272 [1/1] (0.00ns)   --->   "%shl_ln10 = bitconcatenate i9 @_ssdm_op_BitConcatenate.i9.i8.i1, i8 %p_load219, i1 0" [C:/pcam5/prj/sol/.autopilot/db/v_demosaic.cpp:460]   --->   Operation 272 'bitconcatenate' 'shl_ln10' <Predicate = (!icmp_ln318 & icmp_ln439)> <Delay = 0.00>
ST_3 : Operation 273 [1/1] (0.00ns)   --->   "%zext_ln460 = zext i9 %shl_ln10" [C:/pcam5/prj/sol/.autopilot/db/v_demosaic.cpp:460]   --->   Operation 273 'zext' 'zext_ln460' <Predicate = (!icmp_ln318 & icmp_ln439)> <Delay = 0.00>
ST_3 : Operation 274 [1/1] (0.00ns)   --->   "%zext_ln460_1 = zext i8 %p_load221" [C:/pcam5/prj/sol/.autopilot/db/v_demosaic.cpp:460]   --->   Operation 274 'zext' 'zext_ln460_1' <Predicate = (!icmp_ln318 & icmp_ln439)> <Delay = 0.00>
ST_3 : Operation 275 [1/1] (0.76ns)   --->   "%add_ln460 = add i9 %zext_ln458_1, i9 %zext_ln460_1" [C:/pcam5/prj/sol/.autopilot/db/v_demosaic.cpp:460]   --->   Operation 275 'add' 'add_ln460' <Predicate = (!icmp_ln318 & icmp_ln439)> <Delay = 0.76> <CoreInst = "Adder">   --->   Core 1 'Adder' <Latency = 0> <II = 1> <Delay = 0.77> <FuncUnit> <Opcode : 'add' 'sub'> <InPorts = 2> <OutPorts = 1>
ST_3 : Operation 276 [1/1] (0.00ns)   --->   "%zext_ln460_2 = zext i9 %add_ln460" [C:/pcam5/prj/sol/.autopilot/db/v_demosaic.cpp:460]   --->   Operation 276 'zext' 'zext_ln460_2' <Predicate = (!icmp_ln318 & icmp_ln439)> <Delay = 0.00>
ST_3 : Operation 277 [1/1] (0.77ns)   --->   "%K_10 = sub i10 %zext_ln460, i10 %zext_ln460_2" [C:/pcam5/prj/sol/.autopilot/db/v_demosaic.cpp:460]   --->   Operation 277 'sub' 'K_10' <Predicate = (!icmp_ln318 & icmp_ln439)> <Delay = 0.77> <CoreInst = "Adder">   --->   Core 1 'Adder' <Latency = 0> <II = 1> <Delay = 0.78> <FuncUnit> <Opcode : 'add' 'sub'> <InPorts = 2> <OutPorts = 1>
ST_3 : Operation 278 [1/1] (0.00ns)   --->   "%shl_ln11 = bitconcatenate i9 @_ssdm_op_BitConcatenate.i9.i8.i1, i8 %empty_165, i1 0" [C:/pcam5/prj/sol/.autopilot/db/v_demosaic.cpp:461]   --->   Operation 278 'bitconcatenate' 'shl_ln11' <Predicate = (!icmp_ln318 & icmp_ln439)> <Delay = 0.00>
ST_3 : Operation 279 [1/1] (0.00ns)   --->   "%zext_ln461 = zext i9 %shl_ln11" [C:/pcam5/prj/sol/.autopilot/db/v_demosaic.cpp:461]   --->   Operation 279 'zext' 'zext_ln461' <Predicate = (!icmp_ln318 & icmp_ln439)> <Delay = 0.00>
ST_3 : Operation 280 [1/1] (0.76ns)   --->   "%add_ln461 = add i9 %zext_ln450_1, i9 %zext_ln460_1" [C:/pcam5/prj/sol/.autopilot/db/v_demosaic.cpp:461]   --->   Operation 280 'add' 'add_ln461' <Predicate = (!icmp_ln318 & icmp_ln439)> <Delay = 0.76> <CoreInst = "Adder">   --->   Core 1 'Adder' <Latency = 0> <II = 1> <Delay = 0.77> <FuncUnit> <Opcode : 'add' 'sub'> <InPorts = 2> <OutPorts = 1>
ST_3 : Operation 281 [1/1] (0.00ns)   --->   "%zext_ln461_1 = zext i9 %add_ln461" [C:/pcam5/prj/sol/.autopilot/db/v_demosaic.cpp:461]   --->   Operation 281 'zext' 'zext_ln461_1' <Predicate = (!icmp_ln318 & icmp_ln439)> <Delay = 0.00>
ST_3 : Operation 282 [1/1] (0.77ns)   --->   "%K_11 = sub i10 %zext_ln461, i10 %zext_ln461_1" [C:/pcam5/prj/sol/.autopilot/db/v_demosaic.cpp:461]   --->   Operation 282 'sub' 'K_11' <Predicate = (!icmp_ln318 & icmp_ln439)> <Delay = 0.77> <CoreInst = "Adder">   --->   Core 1 'Adder' <Latency = 0> <II = 1> <Delay = 0.78> <FuncUnit> <Opcode : 'add' 'sub'> <InPorts = 2> <OutPorts = 1>
ST_3 : Operation 283 [1/1] (0.00ns)   --->   "%sext_ln465 = sext i10 %K_2" [C:/pcam5/prj/sol/.autopilot/db/v_demosaic.cpp:465]   --->   Operation 283 'sext' 'sext_ln465' <Predicate = (!icmp_ln318 & icmp_ln439)> <Delay = 0.00>
ST_3 : Operation 284 [1/1] (0.00ns)   --->   "%sext_ln465_1 = sext i10 %K" [C:/pcam5/prj/sol/.autopilot/db/v_demosaic.cpp:465]   --->   Operation 284 'sext' 'sext_ln465_1' <Predicate = (!icmp_ln318 & icmp_ln439)> <Delay = 0.00>
ST_3 : Operation 285 [1/1] (0.00ns)   --->   "%sext_ln465_2 = sext i10 %K_4" [C:/pcam5/prj/sol/.autopilot/db/v_demosaic.cpp:465]   --->   Operation 285 'sext' 'sext_ln465_2' <Predicate = (!icmp_ln318 & icmp_ln439)> <Delay = 0.00>
ST_3 : Operation 286 [1/1] (0.00ns)   --->   "%sext_ln465_3 = sext i10 %K_6" [C:/pcam5/prj/sol/.autopilot/db/v_demosaic.cpp:465]   --->   Operation 286 'sext' 'sext_ln465_3' <Predicate = (!icmp_ln318 & icmp_ln439)> <Delay = 0.00>
ST_3 : Operation 287 [1/1] (0.78ns)   --->   "%add_ln465 = add i11 %sext_ln465_2, i11 %sext_ln465_3" [C:/pcam5/prj/sol/.autopilot/db/v_demosaic.cpp:465]   --->   Operation 287 'add' 'add_ln465' <Predicate = (!icmp_ln318 & icmp_ln439)> <Delay = 0.78> <CoreInst = "Adder">   --->   Core 1 'Adder' <Latency = 0> <II = 1> <Delay = 0.79> <FuncUnit> <Opcode : 'add' 'sub'> <InPorts = 2> <OutPorts = 1>
ST_3 : Operation 288 [1/1] (0.00ns)   --->   "%sext_ln465_4 = sext i11 %add_ln465" [C:/pcam5/prj/sol/.autopilot/db/v_demosaic.cpp:465]   --->   Operation 288 'sext' 'sext_ln465_4' <Predicate = (!icmp_ln318 & icmp_ln439)> <Delay = 0.00>
ST_3 : Operation 289 [1/1] (0.78ns)   --->   "%add_ln465_1 = add i11 %sext_ln465_1, i11 %sext_ln465" [C:/pcam5/prj/sol/.autopilot/db/v_demosaic.cpp:465]   --->   Operation 289 'add' 'add_ln465_1' <Predicate = (!icmp_ln318 & icmp_ln439)> <Delay = 0.78> <CoreInst = "Adder">   --->   Core 1 'Adder' <Latency = 0> <II = 1> <Delay = 0.79> <FuncUnit> <Opcode : 'add' 'sub'> <InPorts = 2> <OutPorts = 1>
ST_3 : Operation 290 [1/1] (0.00ns)   --->   "%sext_ln465_5 = sext i11 %add_ln465_1" [C:/pcam5/prj/sol/.autopilot/db/v_demosaic.cpp:465]   --->   Operation 290 'sext' 'sext_ln465_5' <Predicate = (!icmp_ln318 & icmp_ln439)> <Delay = 0.00>
ST_3 : Operation 291 [1/1] (0.79ns)   --->   "%ave = add i12 %sext_ln465_5, i12 %sext_ln465_4" [C:/pcam5/prj/sol/.autopilot/db/v_demosaic.cpp:465]   --->   Operation 291 'add' 'ave' <Predicate = (!icmp_ln318 & icmp_ln439)> <Delay = 0.79> <CoreInst = "Adder">   --->   Core 1 'Adder' <Latency = 0> <II = 1> <Delay = 0.80> <FuncUnit> <Opcode : 'add' 'sub'> <InPorts = 2> <OutPorts = 1>
ST_3 : Operation 292 [1/1] (0.00ns)   --->   "%sext_ln435 = sext i12 %ave" [C:/pcam5/prj/sol/.autopilot/db/v_demosaic.cpp:435]   --->   Operation 292 'sext' 'sext_ln435' <Predicate = (!icmp_ln318 & icmp_ln439)> <Delay = 0.00>
ST_3 : Operation 293 [1/1] (0.00ns)   --->   "%sext_ln466 = sext i10 %K_1" [C:/pcam5/prj/sol/.autopilot/db/v_demosaic.cpp:466]   --->   Operation 293 'sext' 'sext_ln466' <Predicate = (!icmp_ln318 & icmp_ln439)> <Delay = 0.00>
ST_3 : Operation 294 [1/1] (0.00ns)   --->   "%sext_ln466_1 = sext i10 %K_3" [C:/pcam5/prj/sol/.autopilot/db/v_demosaic.cpp:466]   --->   Operation 294 'sext' 'sext_ln466_1' <Predicate = (!icmp_ln318 & icmp_ln439)> <Delay = 0.00>
ST_3 : Operation 295 [1/1] (0.00ns)   --->   "%sext_ln466_2 = sext i10 %K_9" [C:/pcam5/prj/sol/.autopilot/db/v_demosaic.cpp:466]   --->   Operation 295 'sext' 'sext_ln466_2' <Predicate = (!icmp_ln318 & icmp_ln439)> <Delay = 0.00>
ST_3 : Operation 296 [1/1] (0.00ns)   --->   "%sext_ln466_3 = sext i10 %K_11" [C:/pcam5/prj/sol/.autopilot/db/v_demosaic.cpp:466]   --->   Operation 296 'sext' 'sext_ln466_3' <Predicate = (!icmp_ln318 & icmp_ln439)> <Delay = 0.00>
ST_3 : Operation 297 [1/1] (0.78ns)   --->   "%add_ln466 = add i11 %sext_ln466_1, i11 %sext_ln466_2" [C:/pcam5/prj/sol/.autopilot/db/v_demosaic.cpp:466]   --->   Operation 297 'add' 'add_ln466' <Predicate = (!icmp_ln318 & icmp_ln439)> <Delay = 0.78> <CoreInst = "Adder">   --->   Core 1 'Adder' <Latency = 0> <II = 1> <Delay = 0.79> <FuncUnit> <Opcode : 'add' 'sub'> <InPorts = 2> <OutPorts = 1>
ST_3 : Operation 298 [1/1] (0.00ns)   --->   "%sext_ln466_4 = sext i11 %add_ln466" [C:/pcam5/prj/sol/.autopilot/db/v_demosaic.cpp:466]   --->   Operation 298 'sext' 'sext_ln466_4' <Predicate = (!icmp_ln318 & icmp_ln439)> <Delay = 0.00>
ST_3 : Operation 299 [1/1] (0.78ns)   --->   "%add_ln466_1 = add i11 %sext_ln466_3, i11 %sext_ln466" [C:/pcam5/prj/sol/.autopilot/db/v_demosaic.cpp:466]   --->   Operation 299 'add' 'add_ln466_1' <Predicate = (!icmp_ln318 & icmp_ln439)> <Delay = 0.78> <CoreInst = "Adder">   --->   Core 1 'Adder' <Latency = 0> <II = 1> <Delay = 0.79> <FuncUnit> <Opcode : 'add' 'sub'> <InPorts = 2> <OutPorts = 1>
ST_3 : Operation 300 [1/1] (0.00ns)   --->   "%sext_ln466_5 = sext i11 %add_ln466_1" [C:/pcam5/prj/sol/.autopilot/db/v_demosaic.cpp:466]   --->   Operation 300 'sext' 'sext_ln466_5' <Predicate = (!icmp_ln318 & icmp_ln439)> <Delay = 0.00>
ST_3 : Operation 301 [1/1] (0.79ns)   --->   "%ave_1 = add i12 %sext_ln466_5, i12 %sext_ln466_4" [C:/pcam5/prj/sol/.autopilot/db/v_demosaic.cpp:466]   --->   Operation 301 'add' 'ave_1' <Predicate = (!icmp_ln318 & icmp_ln439)> <Delay = 0.79> <CoreInst = "Adder">   --->   Core 1 'Adder' <Latency = 0> <II = 1> <Delay = 0.80> <FuncUnit> <Opcode : 'add' 'sub'> <InPorts = 2> <OutPorts = 1>
ST_3 : Operation 302 [1/1] (0.00ns)   --->   "%sext_ln435_1 = sext i12 %ave_1" [C:/pcam5/prj/sol/.autopilot/db/v_demosaic.cpp:435]   --->   Operation 302 'sext' 'sext_ln435_1' <Predicate = (!icmp_ln318 & icmp_ln439)> <Delay = 0.00>
ST_3 : Operation 303 [1/1] (0.00ns)   --->   "%sext_ln467 = sext i10 %K_5" [C:/pcam5/prj/sol/.autopilot/db/v_demosaic.cpp:467]   --->   Operation 303 'sext' 'sext_ln467' <Predicate = (!icmp_ln318 & icmp_ln439)> <Delay = 0.00>
ST_3 : Operation 304 [1/1] (0.00ns)   --->   "%sext_ln467_1 = sext i10 %K_7" [C:/pcam5/prj/sol/.autopilot/db/v_demosaic.cpp:467]   --->   Operation 304 'sext' 'sext_ln467_1' <Predicate = (!icmp_ln318 & icmp_ln439)> <Delay = 0.00>
ST_3 : Operation 305 [1/1] (0.78ns)   --->   "%add_ln467 = add i11 %sext_ln467, i11 %sext_ln467_1" [C:/pcam5/prj/sol/.autopilot/db/v_demosaic.cpp:467]   --->   Operation 305 'add' 'add_ln467' <Predicate = (!icmp_ln318 & icmp_ln439)> <Delay = 0.78> <CoreInst = "Adder">   --->   Core 1 'Adder' <Latency = 0> <II = 1> <Delay = 0.79> <FuncUnit> <Opcode : 'add' 'sub'> <InPorts = 2> <OutPorts = 1>
ST_3 : Operation 306 [1/1] (0.00ns)   --->   "%sext_ln467_2 = sext i11 %add_ln467" [C:/pcam5/prj/sol/.autopilot/db/v_demosaic.cpp:467]   --->   Operation 306 'sext' 'sext_ln467_2' <Predicate = (!icmp_ln318 & icmp_ln439)> <Delay = 0.00>
ST_3 : Operation 307 [1/1] (0.79ns)   --->   "%ave_2 = add i12 %sext_ln466_4, i12 %sext_ln467_2" [C:/pcam5/prj/sol/.autopilot/db/v_demosaic.cpp:467]   --->   Operation 307 'add' 'ave_2' <Predicate = (!icmp_ln318 & icmp_ln439)> <Delay = 0.79> <CoreInst = "Adder">   --->   Core 1 'Adder' <Latency = 0> <II = 1> <Delay = 0.80> <FuncUnit> <Opcode : 'add' 'sub'> <InPorts = 2> <OutPorts = 1>
ST_3 : Operation 308 [1/1] (0.00ns)   --->   "%sext_ln435_2 = sext i12 %ave_2" [C:/pcam5/prj/sol/.autopilot/db/v_demosaic.cpp:435]   --->   Operation 308 'sext' 'sext_ln435_2' <Predicate = (!icmp_ln318 & icmp_ln439)> <Delay = 0.00>
ST_3 : Operation 309 [1/1] (0.00ns)   --->   "%sext_ln468 = sext i10 %K_8" [C:/pcam5/prj/sol/.autopilot/db/v_demosaic.cpp:468]   --->   Operation 309 'sext' 'sext_ln468' <Predicate = (!icmp_ln318 & icmp_ln439)> <Delay = 0.00>
ST_3 : Operation 310 [1/1] (0.00ns)   --->   "%sext_ln468_1 = sext i10 %K_10" [C:/pcam5/prj/sol/.autopilot/db/v_demosaic.cpp:468]   --->   Operation 310 'sext' 'sext_ln468_1' <Predicate = (!icmp_ln318 & icmp_ln439)> <Delay = 0.00>
ST_3 : Operation 311 [1/1] (0.78ns)   --->   "%add_ln468 = add i11 %sext_ln468, i11 %sext_ln468_1" [C:/pcam5/prj/sol/.autopilot/db/v_demosaic.cpp:468]   --->   Operation 311 'add' 'add_ln468' <Predicate = (!icmp_ln318 & icmp_ln439)> <Delay = 0.78> <CoreInst = "Adder">   --->   Core 1 'Adder' <Latency = 0> <II = 1> <Delay = 0.79> <FuncUnit> <Opcode : 'add' 'sub'> <InPorts = 2> <OutPorts = 1>
ST_3 : Operation 312 [1/1] (0.00ns)   --->   "%sext_ln468_2 = sext i11 %add_ln468" [C:/pcam5/prj/sol/.autopilot/db/v_demosaic.cpp:468]   --->   Operation 312 'sext' 'sext_ln468_2' <Predicate = (!icmp_ln318 & icmp_ln439)> <Delay = 0.00>
ST_3 : Operation 313 [1/1] (0.78ns)   --->   "%add_ln468_1 = add i11 %sext_ln465_3, i11 %sext_ln465_1" [C:/pcam5/prj/sol/.autopilot/db/v_demosaic.cpp:468]   --->   Operation 313 'add' 'add_ln468_1' <Predicate = (!icmp_ln318 & icmp_ln439)> <Delay = 0.78> <CoreInst = "Adder">   --->   Core 1 'Adder' <Latency = 0> <II = 1> <Delay = 0.79> <FuncUnit> <Opcode : 'add' 'sub'> <InPorts = 2> <OutPorts = 1>
ST_3 : Operation 314 [1/1] (0.00ns)   --->   "%sext_ln468_3 = sext i11 %add_ln468_1" [C:/pcam5/prj/sol/.autopilot/db/v_demosaic.cpp:468]   --->   Operation 314 'sext' 'sext_ln468_3' <Predicate = (!icmp_ln318 & icmp_ln439)> <Delay = 0.00>
ST_3 : Operation 315 [1/1] (0.79ns)   --->   "%ave_3 = add i12 %sext_ln468_3, i12 %sext_ln468_2" [C:/pcam5/prj/sol/.autopilot/db/v_demosaic.cpp:468]   --->   Operation 315 'add' 'ave_3' <Predicate = (!icmp_ln318 & icmp_ln439)> <Delay = 0.79> <CoreInst = "Adder">   --->   Core 1 'Adder' <Latency = 0> <II = 1> <Delay = 0.80> <FuncUnit> <Opcode : 'add' 'sub'> <InPorts = 2> <OutPorts = 1>
ST_3 : Operation 316 [1/1] (0.00ns)   --->   "%sext_ln435_3 = sext i12 %ave_3" [C:/pcam5/prj/sol/.autopilot/db/v_demosaic.cpp:435]   --->   Operation 316 'sext' 'sext_ln435_3' <Predicate = (!icmp_ln318 & icmp_ln439)> <Delay = 0.00>
ST_3 : Operation 317 [1/1] (0.00ns)   --->   "%tmp_25 = bitselect i1 @_ssdm_op_BitSelect.i1.i12.i32, i12 %ave, i32 11" [C:/pcam5/prj/sol/.autopilot/db/v_demosaic.cpp:472]   --->   Operation 317 'bitselect' 'tmp_25' <Predicate = (!icmp_ln318 & icmp_ln439)> <Delay = 0.00>
ST_3 : Operation 318 [1/1] (0.80ns)   --->   "%sub_ln472 = sub i13 0, i13 %sext_ln435" [C:/pcam5/prj/sol/.autopilot/db/v_demosaic.cpp:472]   --->   Operation 318 'sub' 'sub_ln472' <Predicate = (!icmp_ln318 & icmp_ln439)> <Delay = 0.80> <CoreInst = "Adder">   --->   Core 1 'Adder' <Latency = 0> <II = 1> <Delay = 0.82> <FuncUnit> <Opcode : 'add' 'sub'> <InPorts = 2> <OutPorts = 1>
ST_3 : Operation 319 [1/1] (0.00ns)   --->   "%trunc_ln472_1_cast = partselect i10 @_ssdm_op_PartSelect.i10.i13.i32.i32, i13 %sub_ln472, i32 2, i32 11" [C:/pcam5/prj/sol/.autopilot/db/v_demosaic.cpp:472]   --->   Operation 319 'partselect' 'trunc_ln472_1_cast' <Predicate = (!icmp_ln318 & icmp_ln439)> <Delay = 0.00>
ST_3 : Operation 320 [1/1] (0.00ns)   --->   "%trunc_ln472_2 = partselect i10 @_ssdm_op_PartSelect.i10.i12.i32.i32, i12 %ave, i32 2, i32 11" [C:/pcam5/prj/sol/.autopilot/db/v_demosaic.cpp:472]   --->   Operation 320 'partselect' 'trunc_ln472_2' <Predicate = (!icmp_ln318 & icmp_ln439)> <Delay = 0.00>
ST_3 : Operation 321 [1/1] (0.00ns)   --->   "%tmp_26 = bitselect i1 @_ssdm_op_BitSelect.i1.i12.i32, i12 %ave_1, i32 11" [C:/pcam5/prj/sol/.autopilot/db/v_demosaic.cpp:472]   --->   Operation 321 'bitselect' 'tmp_26' <Predicate = (!icmp_ln318 & icmp_ln439)> <Delay = 0.00>
ST_3 : Operation 322 [1/1] (0.80ns)   --->   "%sub_ln472_2 = sub i13 0, i13 %sext_ln435_1" [C:/pcam5/prj/sol/.autopilot/db/v_demosaic.cpp:472]   --->   Operation 322 'sub' 'sub_ln472_2' <Predicate = (!icmp_ln318 & icmp_ln439)> <Delay = 0.80> <CoreInst = "Adder">   --->   Core 1 'Adder' <Latency = 0> <II = 1> <Delay = 0.82> <FuncUnit> <Opcode : 'add' 'sub'> <InPorts = 2> <OutPorts = 1>
ST_3 : Operation 323 [1/1] (0.00ns)   --->   "%trunc_ln472_4_cast = partselect i10 @_ssdm_op_PartSelect.i10.i13.i32.i32, i13 %sub_ln472_2, i32 2, i32 11" [C:/pcam5/prj/sol/.autopilot/db/v_demosaic.cpp:472]   --->   Operation 323 'partselect' 'trunc_ln472_4_cast' <Predicate = (!icmp_ln318 & icmp_ln439)> <Delay = 0.00>
ST_3 : Operation 324 [1/1] (0.00ns)   --->   "%trunc_ln472_5 = partselect i10 @_ssdm_op_PartSelect.i10.i12.i32.i32, i12 %ave_1, i32 2, i32 11" [C:/pcam5/prj/sol/.autopilot/db/v_demosaic.cpp:472]   --->   Operation 324 'partselect' 'trunc_ln472_5' <Predicate = (!icmp_ln318 & icmp_ln439)> <Delay = 0.00>
ST_3 : Operation 325 [1/1] (0.00ns)   --->   "%tmp_27 = bitselect i1 @_ssdm_op_BitSelect.i1.i12.i32, i12 %ave_2, i32 11" [C:/pcam5/prj/sol/.autopilot/db/v_demosaic.cpp:472]   --->   Operation 325 'bitselect' 'tmp_27' <Predicate = (!icmp_ln318 & icmp_ln439)> <Delay = 0.00>
ST_3 : Operation 326 [1/1] (0.80ns)   --->   "%sub_ln472_4 = sub i13 0, i13 %sext_ln435_2" [C:/pcam5/prj/sol/.autopilot/db/v_demosaic.cpp:472]   --->   Operation 326 'sub' 'sub_ln472_4' <Predicate = (!icmp_ln318 & icmp_ln439)> <Delay = 0.80> <CoreInst = "Adder">   --->   Core 1 'Adder' <Latency = 0> <II = 1> <Delay = 0.82> <FuncUnit> <Opcode : 'add' 'sub'> <InPorts = 2> <OutPorts = 1>
ST_3 : Operation 327 [1/1] (0.00ns)   --->   "%trunc_ln472_7_cast = partselect i10 @_ssdm_op_PartSelect.i10.i13.i32.i32, i13 %sub_ln472_4, i32 2, i32 11" [C:/pcam5/prj/sol/.autopilot/db/v_demosaic.cpp:472]   --->   Operation 327 'partselect' 'trunc_ln472_7_cast' <Predicate = (!icmp_ln318 & icmp_ln439)> <Delay = 0.00>
ST_3 : Operation 328 [1/1] (0.00ns)   --->   "%trunc_ln472_8 = partselect i10 @_ssdm_op_PartSelect.i10.i12.i32.i32, i12 %ave_2, i32 2, i32 11" [C:/pcam5/prj/sol/.autopilot/db/v_demosaic.cpp:472]   --->   Operation 328 'partselect' 'trunc_ln472_8' <Predicate = (!icmp_ln318 & icmp_ln439)> <Delay = 0.00>
ST_3 : Operation 329 [1/1] (0.00ns)   --->   "%tmp_28 = bitselect i1 @_ssdm_op_BitSelect.i1.i12.i32, i12 %ave_3, i32 11" [C:/pcam5/prj/sol/.autopilot/db/v_demosaic.cpp:472]   --->   Operation 329 'bitselect' 'tmp_28' <Predicate = (!icmp_ln318 & icmp_ln439)> <Delay = 0.00>
ST_3 : Operation 330 [1/1] (0.80ns)   --->   "%sub_ln472_6 = sub i13 0, i13 %sext_ln435_3" [C:/pcam5/prj/sol/.autopilot/db/v_demosaic.cpp:472]   --->   Operation 330 'sub' 'sub_ln472_6' <Predicate = (!icmp_ln318 & icmp_ln439)> <Delay = 0.80> <CoreInst = "Adder">   --->   Core 1 'Adder' <Latency = 0> <II = 1> <Delay = 0.82> <FuncUnit> <Opcode : 'add' 'sub'> <InPorts = 2> <OutPorts = 1>
ST_3 : Operation 331 [1/1] (0.00ns)   --->   "%trunc_ln472_cast = partselect i10 @_ssdm_op_PartSelect.i10.i13.i32.i32, i13 %sub_ln472_6, i32 2, i32 11" [C:/pcam5/prj/sol/.autopilot/db/v_demosaic.cpp:472]   --->   Operation 331 'partselect' 'trunc_ln472_cast' <Predicate = (!icmp_ln318 & icmp_ln439)> <Delay = 0.00>
ST_3 : Operation 332 [1/1] (0.00ns)   --->   "%trunc_ln472_s = partselect i10 @_ssdm_op_PartSelect.i10.i12.i32.i32, i12 %ave_3, i32 2, i32 11" [C:/pcam5/prj/sol/.autopilot/db/v_demosaic.cpp:472]   --->   Operation 332 'partselect' 'trunc_ln472_s' <Predicate = (!icmp_ln318 & icmp_ln439)> <Delay = 0.00>
ST_3 : Operation 333 [1/1] (0.76ns)   --->   "%sub_ln483 = sub i9 %zext_ln450_1, i9 %zext_ln450_3" [C:/pcam5/prj/sol/.autopilot/db/v_demosaic.cpp:483]   --->   Operation 333 'sub' 'sub_ln483' <Predicate = (!icmp_ln318 & icmp_ln439)> <Delay = 0.76> <CoreInst = "Adder">   --->   Core 1 'Adder' <Latency = 0> <II = 1> <Delay = 0.77> <FuncUnit> <Opcode : 'add' 'sub'> <InPorts = 2> <OutPorts = 1>
ST_3 : Operation 334 [1/1] (0.00ns)   --->   "%trunc_ln61_24 = trunc i9 %sub_ln483" [C:/AMDDesignTools/2025.2/Vitis/tps/mingw/8.3.0/win64.o/nt\lib\gcc\x86_64-w64-mingw32\8.3.0\include\c++\bits/std_abs.h:61->C:/pcam5/prj/sol/.autopilot/db/v_demosaic.cpp:483]   --->   Operation 334 'trunc' 'trunc_ln61_24' <Predicate = (!icmp_ln318 & icmp_ln439)> <Delay = 0.00>
ST_3 : Operation 335 [1/1] (0.00ns) (grouped into LUT with out node add_ln483)   --->   "%tmp_45 = bitselect i1 @_ssdm_op_BitSelect.i1.i9.i32, i9 %sub_ln483, i32 8" [C:/AMDDesignTools/2025.2/Vitis/tps/mingw/8.3.0/win64.o/nt\lib\gcc\x86_64-w64-mingw32\8.3.0\include\c++\bits/std_abs.h:61->C:/pcam5/prj/sol/.autopilot/db/v_demosaic.cpp:483]   --->   Operation 335 'bitselect' 'tmp_45' <Predicate = (!icmp_ln318 & icmp_ln439)> <Delay = 0.00>
ST_3 : Operation 336 [1/1] (0.76ns)   --->   "%sub_ln61_24 = sub i8 0, i8 %trunc_ln61_24" [C:/AMDDesignTools/2025.2/Vitis/tps/mingw/8.3.0/win64.o/nt\lib\gcc\x86_64-w64-mingw32\8.3.0\include\c++\bits/std_abs.h:61->C:/pcam5/prj/sol/.autopilot/db/v_demosaic.cpp:483]   --->   Operation 336 'sub' 'sub_ln61_24' <Predicate = (!icmp_ln318 & icmp_ln439)> <Delay = 0.76> <CoreInst = "Adder">   --->   Core 1 'Adder' <Latency = 0> <II = 1> <Delay = 0.76> <FuncUnit> <Opcode : 'add' 'sub'> <InPorts = 2> <OutPorts = 1>
ST_3 : Operation 337 [1/1] (0.00ns) (grouped into LUT with out node add_ln483)   --->   "%select_ln61_16 = select i1 %tmp_45, i8 %sub_ln61_24, i8 %trunc_ln61_24" [C:/AMDDesignTools/2025.2/Vitis/tps/mingw/8.3.0/win64.o/nt\lib\gcc\x86_64-w64-mingw32\8.3.0\include\c++\bits/std_abs.h:61->C:/pcam5/prj/sol/.autopilot/db/v_demosaic.cpp:483]   --->   Operation 337 'select' 'select_ln61_16' <Predicate = (!icmp_ln318 & icmp_ln439)> <Delay = 0.00> <CoreInst = "Sel">   --->   Core 73 'Sel' <Latency = 0> <II = 1> <Delay = 0.39> <FuncUnit> <Opcode : 'select'> <InPorts = 3> <OutPorts = 1>
ST_3 : Operation 338 [1/1] (0.00ns) (grouped into LUT with out node add_ln483)   --->   "%zext_ln483 = zext i8 %select_ln61_16" [C:/pcam5/prj/sol/.autopilot/db/v_demosaic.cpp:483]   --->   Operation 338 'zext' 'zext_ln483' <Predicate = (!icmp_ln318 & icmp_ln439)> <Delay = 0.00>
ST_3 : Operation 339 [1/1] (0.76ns)   --->   "%sub_ln483_1 = sub i9 %zext_ln455_2, i9 %zext_ln450_3" [C:/pcam5/prj/sol/.autopilot/db/v_demosaic.cpp:483]   --->   Operation 339 'sub' 'sub_ln483_1' <Predicate = (!icmp_ln318 & icmp_ln439)> <Delay = 0.76> <CoreInst = "Adder">   --->   Core 1 'Adder' <Latency = 0> <II = 1> <Delay = 0.77> <FuncUnit> <Opcode : 'add' 'sub'> <InPorts = 2> <OutPorts = 1>
ST_3 : Operation 340 [1/1] (0.00ns)   --->   "%trunc_ln61_25 = trunc i9 %sub_ln483_1" [C:/AMDDesignTools/2025.2/Vitis/tps/mingw/8.3.0/win64.o/nt\lib\gcc\x86_64-w64-mingw32\8.3.0\include\c++\bits/std_abs.h:61->C:/pcam5/prj/sol/.autopilot/db/v_demosaic.cpp:483]   --->   Operation 340 'trunc' 'trunc_ln61_25' <Predicate = (!icmp_ln318 & icmp_ln439)> <Delay = 0.00>
ST_3 : Operation 341 [1/1] (0.00ns) (grouped into LUT with out node add_ln483)   --->   "%tmp_46 = bitselect i1 @_ssdm_op_BitSelect.i1.i9.i32, i9 %sub_ln483_1, i32 8" [C:/AMDDesignTools/2025.2/Vitis/tps/mingw/8.3.0/win64.o/nt\lib\gcc\x86_64-w64-mingw32\8.3.0\include\c++\bits/std_abs.h:61->C:/pcam5/prj/sol/.autopilot/db/v_demosaic.cpp:483]   --->   Operation 341 'bitselect' 'tmp_46' <Predicate = (!icmp_ln318 & icmp_ln439)> <Delay = 0.00>
ST_3 : Operation 342 [1/1] (0.76ns)   --->   "%sub_ln61_25 = sub i8 0, i8 %trunc_ln61_25" [C:/AMDDesignTools/2025.2/Vitis/tps/mingw/8.3.0/win64.o/nt\lib\gcc\x86_64-w64-mingw32\8.3.0\include\c++\bits/std_abs.h:61->C:/pcam5/prj/sol/.autopilot/db/v_demosaic.cpp:483]   --->   Operation 342 'sub' 'sub_ln61_25' <Predicate = (!icmp_ln318 & icmp_ln439)> <Delay = 0.76> <CoreInst = "Adder">   --->   Core 1 'Adder' <Latency = 0> <II = 1> <Delay = 0.76> <FuncUnit> <Opcode : 'add' 'sub'> <InPorts = 2> <OutPorts = 1>
ST_3 : Operation 343 [1/1] (0.00ns) (grouped into LUT with out node add_ln483)   --->   "%select_ln61_17 = select i1 %tmp_46, i8 %sub_ln61_25, i8 %trunc_ln61_25" [C:/AMDDesignTools/2025.2/Vitis/tps/mingw/8.3.0/win64.o/nt\lib\gcc\x86_64-w64-mingw32\8.3.0\include\c++\bits/std_abs.h:61->C:/pcam5/prj/sol/.autopilot/db/v_demosaic.cpp:483]   --->   Operation 343 'select' 'select_ln61_17' <Predicate = (!icmp_ln318 & icmp_ln439)> <Delay = 0.00> <CoreInst = "Sel">   --->   Core 73 'Sel' <Latency = 0> <II = 1> <Delay = 0.39> <FuncUnit> <Opcode : 'select'> <InPorts = 3> <OutPorts = 1>
ST_3 : Operation 344 [1/1] (0.00ns) (grouped into LUT with out node add_ln483)   --->   "%zext_ln483_1 = zext i8 %select_ln61_17" [C:/pcam5/prj/sol/.autopilot/db/v_demosaic.cpp:483]   --->   Operation 344 'zext' 'zext_ln483_1' <Predicate = (!icmp_ln318 & icmp_ln439)> <Delay = 0.00>
ST_3 : Operation 345 [1/1] (0.76ns) (out node of the LUT)   --->   "%add_ln483 = add i9 %zext_ln483, i9 %zext_ln483_1" [C:/pcam5/prj/sol/.autopilot/db/v_demosaic.cpp:483]   --->   Operation 345 'add' 'add_ln483' <Predicate = (!icmp_ln318 & icmp_ln439)> <Delay = 0.76> <CoreInst = "Adder">   --->   Core 1 'Adder' <Latency = 0> <II = 1> <Delay = 0.77> <FuncUnit> <Opcode : 'add' 'sub'> <InPorts = 2> <OutPorts = 1>
ST_3 : Operation 346 [1/1] (0.00ns)   --->   "%SD = partselect i8 @_ssdm_op_PartSelect.i8.i9.i32.i32, i9 %add_ln483, i32 1, i32 8" [C:/pcam5/prj/sol/.autopilot/db/v_demosaic.cpp:483]   --->   Operation 346 'partselect' 'SD' <Predicate = (!icmp_ln318 & icmp_ln439)> <Delay = 0.00>
ST_3 : Operation 347 [1/1] (0.76ns)   --->   "%sub_ln484 = sub i9 %zext_ln452_1, i9 %zext_ln450_3" [C:/pcam5/prj/sol/.autopilot/db/v_demosaic.cpp:484]   --->   Operation 347 'sub' 'sub_ln484' <Predicate = (!icmp_ln318 & icmp_ln439)> <Delay = 0.76> <CoreInst = "Adder">   --->   Core 1 'Adder' <Latency = 0> <II = 1> <Delay = 0.77> <FuncUnit> <Opcode : 'add' 'sub'> <InPorts = 2> <OutPorts = 1>
ST_3 : Operation 348 [1/1] (0.00ns)   --->   "%trunc_ln61_26 = trunc i9 %sub_ln484" [C:/AMDDesignTools/2025.2/Vitis/tps/mingw/8.3.0/win64.o/nt\lib\gcc\x86_64-w64-mingw32\8.3.0\include\c++\bits/std_abs.h:61->C:/pcam5/prj/sol/.autopilot/db/v_demosaic.cpp:484]   --->   Operation 348 'trunc' 'trunc_ln61_26' <Predicate = (!icmp_ln318 & icmp_ln439)> <Delay = 0.00>
ST_3 : Operation 349 [1/1] (0.00ns) (grouped into LUT with out node add_ln484)   --->   "%tmp_47 = bitselect i1 @_ssdm_op_BitSelect.i1.i9.i32, i9 %sub_ln484, i32 8" [C:/AMDDesignTools/2025.2/Vitis/tps/mingw/8.3.0/win64.o/nt\lib\gcc\x86_64-w64-mingw32\8.3.0\include\c++\bits/std_abs.h:61->C:/pcam5/prj/sol/.autopilot/db/v_demosaic.cpp:484]   --->   Operation 349 'bitselect' 'tmp_47' <Predicate = (!icmp_ln318 & icmp_ln439)> <Delay = 0.00>
ST_3 : Operation 350 [1/1] (0.76ns)   --->   "%sub_ln61_26 = sub i8 0, i8 %trunc_ln61_26" [C:/AMDDesignTools/2025.2/Vitis/tps/mingw/8.3.0/win64.o/nt\lib\gcc\x86_64-w64-mingw32\8.3.0\include\c++\bits/std_abs.h:61->C:/pcam5/prj/sol/.autopilot/db/v_demosaic.cpp:484]   --->   Operation 350 'sub' 'sub_ln61_26' <Predicate = (!icmp_ln318 & icmp_ln439)> <Delay = 0.76> <CoreInst = "Adder">   --->   Core 1 'Adder' <Latency = 0> <II = 1> <Delay = 0.76> <FuncUnit> <Opcode : 'add' 'sub'> <InPorts = 2> <OutPorts = 1>
ST_3 : Operation 351 [1/1] (0.00ns) (grouped into LUT with out node add_ln484)   --->   "%select_ln61_18 = select i1 %tmp_47, i8 %sub_ln61_26, i8 %trunc_ln61_26" [C:/AMDDesignTools/2025.2/Vitis/tps/mingw/8.3.0/win64.o/nt\lib\gcc\x86_64-w64-mingw32\8.3.0\include\c++\bits/std_abs.h:61->C:/pcam5/prj/sol/.autopilot/db/v_demosaic.cpp:484]   --->   Operation 351 'select' 'select_ln61_18' <Predicate = (!icmp_ln318 & icmp_ln439)> <Delay = 0.00> <CoreInst = "Sel">   --->   Core 73 'Sel' <Latency = 0> <II = 1> <Delay = 0.39> <FuncUnit> <Opcode : 'select'> <InPorts = 3> <OutPorts = 1>
ST_3 : Operation 352 [1/1] (0.00ns) (grouped into LUT with out node add_ln484)   --->   "%zext_ln484 = zext i8 %select_ln61_18" [C:/pcam5/prj/sol/.autopilot/db/v_demosaic.cpp:484]   --->   Operation 352 'zext' 'zext_ln484' <Predicate = (!icmp_ln318 & icmp_ln439)> <Delay = 0.00>
ST_3 : Operation 353 [1/1] (0.76ns)   --->   "%sub_ln484_1 = sub i9 %zext_ln458_1, i9 %zext_ln450_3" [C:/pcam5/prj/sol/.autopilot/db/v_demosaic.cpp:484]   --->   Operation 353 'sub' 'sub_ln484_1' <Predicate = (!icmp_ln318 & icmp_ln439)> <Delay = 0.76> <CoreInst = "Adder">   --->   Core 1 'Adder' <Latency = 0> <II = 1> <Delay = 0.77> <FuncUnit> <Opcode : 'add' 'sub'> <InPorts = 2> <OutPorts = 1>
ST_3 : Operation 354 [1/1] (0.00ns)   --->   "%trunc_ln61_27 = trunc i9 %sub_ln484_1" [C:/AMDDesignTools/2025.2/Vitis/tps/mingw/8.3.0/win64.o/nt\lib\gcc\x86_64-w64-mingw32\8.3.0\include\c++\bits/std_abs.h:61->C:/pcam5/prj/sol/.autopilot/db/v_demosaic.cpp:484]   --->   Operation 354 'trunc' 'trunc_ln61_27' <Predicate = (!icmp_ln318 & icmp_ln439)> <Delay = 0.00>
ST_3 : Operation 355 [1/1] (0.00ns) (grouped into LUT with out node add_ln484)   --->   "%tmp_48 = bitselect i1 @_ssdm_op_BitSelect.i1.i9.i32, i9 %sub_ln484_1, i32 8" [C:/AMDDesignTools/2025.2/Vitis/tps/mingw/8.3.0/win64.o/nt\lib\gcc\x86_64-w64-mingw32\8.3.0\include\c++\bits/std_abs.h:61->C:/pcam5/prj/sol/.autopilot/db/v_demosaic.cpp:484]   --->   Operation 355 'bitselect' 'tmp_48' <Predicate = (!icmp_ln318 & icmp_ln439)> <Delay = 0.00>
ST_3 : Operation 356 [1/1] (0.76ns)   --->   "%sub_ln61_27 = sub i8 0, i8 %trunc_ln61_27" [C:/AMDDesignTools/2025.2/Vitis/tps/mingw/8.3.0/win64.o/nt\lib\gcc\x86_64-w64-mingw32\8.3.0\include\c++\bits/std_abs.h:61->C:/pcam5/prj/sol/.autopilot/db/v_demosaic.cpp:484]   --->   Operation 356 'sub' 'sub_ln61_27' <Predicate = (!icmp_ln318 & icmp_ln439)> <Delay = 0.76> <CoreInst = "Adder">   --->   Core 1 'Adder' <Latency = 0> <II = 1> <Delay = 0.76> <FuncUnit> <Opcode : 'add' 'sub'> <InPorts = 2> <OutPorts = 1>
ST_3 : Operation 357 [1/1] (0.00ns) (grouped into LUT with out node add_ln484)   --->   "%select_ln61_19 = select i1 %tmp_48, i8 %sub_ln61_27, i8 %trunc_ln61_27" [C:/AMDDesignTools/2025.2/Vitis/tps/mingw/8.3.0/win64.o/nt\lib\gcc\x86_64-w64-mingw32\8.3.0\include\c++\bits/std_abs.h:61->C:/pcam5/prj/sol/.autopilot/db/v_demosaic.cpp:484]   --->   Operation 357 'select' 'select_ln61_19' <Predicate = (!icmp_ln318 & icmp_ln439)> <Delay = 0.00> <CoreInst = "Sel">   --->   Core 73 'Sel' <Latency = 0> <II = 1> <Delay = 0.39> <FuncUnit> <Opcode : 'select'> <InPorts = 3> <OutPorts = 1>
ST_3 : Operation 358 [1/1] (0.00ns) (grouped into LUT with out node add_ln484)   --->   "%zext_ln484_1 = zext i8 %select_ln61_19" [C:/pcam5/prj/sol/.autopilot/db/v_demosaic.cpp:484]   --->   Operation 358 'zext' 'zext_ln484_1' <Predicate = (!icmp_ln318 & icmp_ln439)> <Delay = 0.00>
ST_3 : Operation 359 [1/1] (0.76ns) (out node of the LUT)   --->   "%add_ln484 = add i9 %zext_ln484, i9 %zext_ln484_1" [C:/pcam5/prj/sol/.autopilot/db/v_demosaic.cpp:484]   --->   Operation 359 'add' 'add_ln484' <Predicate = (!icmp_ln318 & icmp_ln439)> <Delay = 0.76> <CoreInst = "Adder">   --->   Core 1 'Adder' <Latency = 0> <II = 1> <Delay = 0.77> <FuncUnit> <Opcode : 'add' 'sub'> <InPorts = 2> <OutPorts = 1>
ST_3 : Operation 360 [1/1] (0.00ns)   --->   "%SD_1 = partselect i8 @_ssdm_op_PartSelect.i8.i9.i32.i32, i9 %add_ln484, i32 1, i32 8" [C:/pcam5/prj/sol/.autopilot/db/v_demosaic.cpp:484]   --->   Operation 360 'partselect' 'SD_1' <Predicate = (!icmp_ln318 & icmp_ln439)> <Delay = 0.00>
ST_3 : Operation 361 [1/1] (0.42ns)   --->   "%store_ln387 = store i8 %empty_150, i8 %empty_149" [C:/pcam5/prj/sol/.autopilot/db/v_demosaic.cpp:387]   --->   Operation 361 'store' 'store_ln387' <Predicate = (!icmp_ln318)> <Delay = 0.42>
ST_3 : Operation 362 [1/1] (0.42ns)   --->   "%store_ln387 = store i8 %empty_151, i8 %empty_148" [C:/pcam5/prj/sol/.autopilot/db/v_demosaic.cpp:387]   --->   Operation 362 'store' 'store_ln387' <Predicate = (!icmp_ln318)> <Delay = 0.42>
ST_3 : Operation 363 [1/1] (0.42ns)   --->   "%store_ln387 = store i8 %empty_153, i8 %empty_147" [C:/pcam5/prj/sol/.autopilot/db/v_demosaic.cpp:387]   --->   Operation 363 'store' 'store_ln387' <Predicate = (!icmp_ln318)> <Delay = 0.42>
ST_3 : Operation 364 [1/1] (0.42ns)   --->   "%store_ln387 = store i8 %empty_154, i8 %empty_146" [C:/pcam5/prj/sol/.autopilot/db/v_demosaic.cpp:387]   --->   Operation 364 'store' 'store_ln387' <Predicate = (!icmp_ln318)> <Delay = 0.42>
ST_3 : Operation 365 [1/1] (0.42ns)   --->   "%store_ln387 = store i8 %empty_155, i8 %empty_145" [C:/pcam5/prj/sol/.autopilot/db/v_demosaic.cpp:387]   --->   Operation 365 'store' 'store_ln387' <Predicate = (!icmp_ln318)> <Delay = 0.42>
ST_3 : Operation 366 [1/1] (0.42ns)   --->   "%store_ln387 = store i8 %empty_157, i8 %empty_144" [C:/pcam5/prj/sol/.autopilot/db/v_demosaic.cpp:387]   --->   Operation 366 'store' 'store_ln387' <Predicate = (!icmp_ln318)> <Delay = 0.42>
ST_3 : Operation 367 [1/1] (0.42ns)   --->   "%store_ln387 = store i8 %empty_158, i8 %empty_143" [C:/pcam5/prj/sol/.autopilot/db/v_demosaic.cpp:387]   --->   Operation 367 'store' 'store_ln387' <Predicate = (!icmp_ln318)> <Delay = 0.42>
ST_3 : Operation 368 [1/1] (0.42ns)   --->   "%store_ln387 = store i8 %g_2, i8 %empty_142" [C:/pcam5/prj/sol/.autopilot/db/v_demosaic.cpp:387]   --->   Operation 368 'store' 'store_ln387' <Predicate = (!icmp_ln318)> <Delay = 0.42>
ST_3 : Operation 369 [1/1] (0.42ns)   --->   "%store_ln387 = store i8 %empty_160, i8 %empty_141" [C:/pcam5/prj/sol/.autopilot/db/v_demosaic.cpp:387]   --->   Operation 369 'store' 'store_ln387' <Predicate = (!icmp_ln318)> <Delay = 0.42>
ST_3 : Operation 370 [1/1] (0.42ns)   --->   "%store_ln387 = store i8 %empty_161, i8 %empty_140" [C:/pcam5/prj/sol/.autopilot/db/v_demosaic.cpp:387]   --->   Operation 370 'store' 'store_ln387' <Predicate = (!icmp_ln318)> <Delay = 0.42>
ST_3 : Operation 371 [1/1] (0.42ns)   --->   "%store_ln387 = store i8 %empty_162, i8 %empty_139" [C:/pcam5/prj/sol/.autopilot/db/v_demosaic.cpp:387]   --->   Operation 371 'store' 'store_ln387' <Predicate = (!icmp_ln318)> <Delay = 0.42>
ST_3 : Operation 372 [1/1] (0.42ns)   --->   "%store_ln387 = store i8 %empty_164, i8 %empty_138" [C:/pcam5/prj/sol/.autopilot/db/v_demosaic.cpp:387]   --->   Operation 372 'store' 'store_ln387' <Predicate = (!icmp_ln318)> <Delay = 0.42>
ST_3 : Operation 373 [1/1] (0.42ns)   --->   "%store_ln387 = store i8 %empty_165, i8 %empty_137" [C:/pcam5/prj/sol/.autopilot/db/v_demosaic.cpp:387]   --->   Operation 373 'store' 'store_ln387' <Predicate = (!icmp_ln318)> <Delay = 0.42>
ST_3 : Operation 374 [1/1] (0.42ns)   --->   "%store_ln387 = store i8 %empty_166, i8 %empty_136" [C:/pcam5/prj/sol/.autopilot/db/v_demosaic.cpp:387]   --->   Operation 374 'store' 'store_ln387' <Predicate = (!icmp_ln318)> <Delay = 0.42>
ST_3 : Operation 375 [1/1] (0.42ns)   --->   "%store_ln387 = store i8 %empty_168, i8 %empty_135" [C:/pcam5/prj/sol/.autopilot/db/v_demosaic.cpp:387]   --->   Operation 375 'store' 'store_ln387' <Predicate = (!icmp_ln318)> <Delay = 0.42>
ST_3 : Operation 376 [1/1] (0.00ns)   --->   "%br_ln318 = br void %for.body49" [C:/pcam5/prj/sol/.autopilot/db/v_demosaic.cpp:318]   --->   Operation 376 'br' 'br_ln318' <Predicate = (!icmp_ln318)> <Delay = 0.00>

State 4 <SV = 3> <Delay = 4.34>
ST_4 : Operation 377 [1/1] (0.78ns)   --->   "%sub_ln472_1 = sub i10 0, i10 %trunc_ln472_1_cast" [C:/pcam5/prj/sol/.autopilot/db/v_demosaic.cpp:472]   --->   Operation 377 'sub' 'sub_ln472_1' <Predicate = (icmp_ln439 & tmp_25)> <Delay = 0.78> <CoreInst = "Adder">   --->   Core 1 'Adder' <Latency = 0> <II = 1> <Delay = 0.78> <FuncUnit> <Opcode : 'add' 'sub'> <InPorts = 2> <OutPorts = 1>
ST_4 : Operation 378 [1/1] (0.40ns)   --->   "%mean = select i1 %tmp_25, i10 %sub_ln472_1, i10 %trunc_ln472_2" [C:/pcam5/prj/sol/.autopilot/db/v_demosaic.cpp:472]   --->   Operation 378 'select' 'mean' <Predicate = (icmp_ln439)> <Delay = 0.40> <CoreInst = "Sel">   --->   Core 73 'Sel' <Latency = 0> <II = 1> <Delay = 0.40> <FuncUnit> <Opcode : 'select'> <InPorts = 3> <OutPorts = 1>
ST_4 : Operation 379 [1/1] (0.78ns)   --->   "%sub_ln472_3 = sub i10 0, i10 %trunc_ln472_4_cast" [C:/pcam5/prj/sol/.autopilot/db/v_demosaic.cpp:472]   --->   Operation 379 'sub' 'sub_ln472_3' <Predicate = (icmp_ln439 & tmp_26)> <Delay = 0.78> <CoreInst = "Adder">   --->   Core 1 'Adder' <Latency = 0> <II = 1> <Delay = 0.78> <FuncUnit> <Opcode : 'add' 'sub'> <InPorts = 2> <OutPorts = 1>
ST_4 : Operation 380 [1/1] (0.40ns)   --->   "%mean_1 = select i1 %tmp_26, i10 %sub_ln472_3, i10 %trunc_ln472_5" [C:/pcam5/prj/sol/.autopilot/db/v_demosaic.cpp:472]   --->   Operation 380 'select' 'mean_1' <Predicate = (icmp_ln439)> <Delay = 0.40> <CoreInst = "Sel">   --->   Core 73 'Sel' <Latency = 0> <II = 1> <Delay = 0.40> <FuncUnit> <Opcode : 'select'> <InPorts = 3> <OutPorts = 1>
ST_4 : Operation 381 [1/1] (0.78ns)   --->   "%sub_ln472_5 = sub i10 0, i10 %trunc_ln472_7_cast" [C:/pcam5/prj/sol/.autopilot/db/v_demosaic.cpp:472]   --->   Operation 381 'sub' 'sub_ln472_5' <Predicate = (icmp_ln439 & tmp_27)> <Delay = 0.78> <CoreInst = "Adder">   --->   Core 1 'Adder' <Latency = 0> <II = 1> <Delay = 0.78> <FuncUnit> <Opcode : 'add' 'sub'> <InPorts = 2> <OutPorts = 1>
ST_4 : Operation 382 [1/1] (0.40ns)   --->   "%mean_2 = select i1 %tmp_27, i10 %sub_ln472_5, i10 %trunc_ln472_8" [C:/pcam5/prj/sol/.autopilot/db/v_demosaic.cpp:472]   --->   Operation 382 'select' 'mean_2' <Predicate = (icmp_ln439)> <Delay = 0.40> <CoreInst = "Sel">   --->   Core 73 'Sel' <Latency = 0> <II = 1> <Delay = 0.40> <FuncUnit> <Opcode : 'select'> <InPorts = 3> <OutPorts = 1>
ST_4 : Operation 383 [1/1] (0.78ns)   --->   "%sub_ln472_7 = sub i10 0, i10 %trunc_ln472_cast" [C:/pcam5/prj/sol/.autopilot/db/v_demosaic.cpp:472]   --->   Operation 383 'sub' 'sub_ln472_7' <Predicate = (icmp_ln439 & tmp_28)> <Delay = 0.78> <CoreInst = "Adder">   --->   Core 1 'Adder' <Latency = 0> <II = 1> <Delay = 0.78> <FuncUnit> <Opcode : 'add' 'sub'> <InPorts = 2> <OutPorts = 1>
ST_4 : Operation 384 [1/1] (0.40ns)   --->   "%mean_3 = select i1 %tmp_28, i10 %sub_ln472_7, i10 %trunc_ln472_s" [C:/pcam5/prj/sol/.autopilot/db/v_demosaic.cpp:472]   --->   Operation 384 'select' 'mean_3' <Predicate = (icmp_ln439)> <Delay = 0.40> <CoreInst = "Sel">   --->   Core 73 'Sel' <Latency = 0> <II = 1> <Delay = 0.40> <FuncUnit> <Opcode : 'select'> <InPorts = 3> <OutPorts = 1>
ST_4 : Operation 385 [1/1] (0.00ns)   --->   "%sext_ln476 = sext i10 %mean" [C:/pcam5/prj/sol/.autopilot/db/v_demosaic.cpp:476]   --->   Operation 385 'sext' 'sext_ln476' <Predicate = (icmp_ln439)> <Delay = 0.00>
ST_4 : Operation 386 [1/1] (0.78ns)   --->   "%sub_ln476 = sub i11 %sext_ln465_1, i11 %sext_ln476" [C:/pcam5/prj/sol/.autopilot/db/v_demosaic.cpp:476]   --->   Operation 386 'sub' 'sub_ln476' <Predicate = (icmp_ln439)> <Delay = 0.78> <CoreInst = "Adder">   --->   Core 1 'Adder' <Latency = 0> <II = 1> <Delay = 0.79> <FuncUnit> <Opcode : 'add' 'sub'> <InPorts = 2> <OutPorts = 1>
ST_4 : Operation 387 [1/1] (0.00ns) (grouped into LUT with out node add_ln476_1)   --->   "%sext_ln61 = sext i11 %sub_ln476" [C:/AMDDesignTools/2025.2/Vitis/tps/mingw/8.3.0/win64.o/nt\lib\gcc\x86_64-w64-mingw32\8.3.0\include\c++\bits/std_abs.h:61->C:/pcam5/prj/sol/.autopilot/db/v_demosaic.cpp:476]   --->   Operation 387 'sext' 'sext_ln61' <Predicate = (icmp_ln439)> <Delay = 0.00>
ST_4 : Operation 388 [1/1] (0.00ns)   --->   "%trunc_ln61 = trunc i11 %sub_ln476" [C:/AMDDesignTools/2025.2/Vitis/tps/mingw/8.3.0/win64.o/nt\lib\gcc\x86_64-w64-mingw32\8.3.0\include\c++\bits/std_abs.h:61->C:/pcam5/prj/sol/.autopilot/db/v_demosaic.cpp:476]   --->   Operation 388 'trunc' 'trunc_ln61' <Predicate = (icmp_ln439)> <Delay = 0.00>
ST_4 : Operation 389 [1/1] (0.00ns) (grouped into LUT with out node add_ln476_1)   --->   "%tmp_29 = bitselect i1 @_ssdm_op_BitSelect.i1.i12.i32, i12 %sext_ln61, i32 11" [C:/AMDDesignTools/2025.2/Vitis/tps/mingw/8.3.0/win64.o/nt\lib\gcc\x86_64-w64-mingw32\8.3.0\include\c++\bits/std_abs.h:61->C:/pcam5/prj/sol/.autopilot/db/v_demosaic.cpp:476]   --->   Operation 389 'bitselect' 'tmp_29' <Predicate = (icmp_ln439)> <Delay = 0.00>
ST_4 : Operation 390 [1/1] (0.78ns)   --->   "%sub_ln61 = sub i10 0, i10 %trunc_ln61" [C:/AMDDesignTools/2025.2/Vitis/tps/mingw/8.3.0/win64.o/nt\lib\gcc\x86_64-w64-mingw32\8.3.0\include\c++\bits/std_abs.h:61->C:/pcam5/prj/sol/.autopilot/db/v_demosaic.cpp:476]   --->   Operation 390 'sub' 'sub_ln61' <Predicate = (icmp_ln439)> <Delay = 0.78> <CoreInst = "Adder">   --->   Core 1 'Adder' <Latency = 0> <II = 1> <Delay = 0.78> <FuncUnit> <Opcode : 'add' 'sub'> <InPorts = 2> <OutPorts = 1>
ST_4 : Operation 391 [1/1] (0.00ns) (grouped into LUT with out node add_ln476_1)   --->   "%select_ln61 = select i1 %tmp_29, i10 %sub_ln61, i10 %trunc_ln61" [C:/AMDDesignTools/2025.2/Vitis/tps/mingw/8.3.0/win64.o/nt\lib\gcc\x86_64-w64-mingw32\8.3.0\include\c++\bits/std_abs.h:61->C:/pcam5/prj/sol/.autopilot/db/v_demosaic.cpp:476]   --->   Operation 391 'select' 'select_ln61' <Predicate = (icmp_ln439)> <Delay = 0.00> <CoreInst = "Sel">   --->   Core 73 'Sel' <Latency = 0> <II = 1> <Delay = 0.40> <FuncUnit> <Opcode : 'select'> <InPorts = 3> <OutPorts = 1>
ST_4 : Operation 392 [1/1] (0.00ns) (grouped into LUT with out node add_ln476_1)   --->   "%zext_ln476 = zext i10 %select_ln61" [C:/pcam5/prj/sol/.autopilot/db/v_demosaic.cpp:476]   --->   Operation 392 'zext' 'zext_ln476' <Predicate = (icmp_ln439)> <Delay = 0.00>
ST_4 : Operation 393 [1/1] (0.78ns)   --->   "%sub_ln476_1 = sub i11 %sext_ln465, i11 %sext_ln476" [C:/pcam5/prj/sol/.autopilot/db/v_demosaic.cpp:476]   --->   Operation 393 'sub' 'sub_ln476_1' <Predicate = (icmp_ln439)> <Delay = 0.78> <CoreInst = "Adder">   --->   Core 1 'Adder' <Latency = 0> <II = 1> <Delay = 0.79> <FuncUnit> <Opcode : 'add' 'sub'> <InPorts = 2> <OutPorts = 1>
ST_4 : Operation 394 [1/1] (0.00ns) (grouped into LUT with out node add_ln476_1)   --->   "%sext_ln61_1 = sext i11 %sub_ln476_1" [C:/AMDDesignTools/2025.2/Vitis/tps/mingw/8.3.0/win64.o/nt\lib\gcc\x86_64-w64-mingw32\8.3.0\include\c++\bits/std_abs.h:61->C:/pcam5/prj/sol/.autopilot/db/v_demosaic.cpp:476]   --->   Operation 394 'sext' 'sext_ln61_1' <Predicate = (icmp_ln439)> <Delay = 0.00>
ST_4 : Operation 395 [1/1] (0.00ns)   --->   "%trunc_ln61_9 = trunc i11 %sub_ln476_1" [C:/AMDDesignTools/2025.2/Vitis/tps/mingw/8.3.0/win64.o/nt\lib\gcc\x86_64-w64-mingw32\8.3.0\include\c++\bits/std_abs.h:61->C:/pcam5/prj/sol/.autopilot/db/v_demosaic.cpp:476]   --->   Operation 395 'trunc' 'trunc_ln61_9' <Predicate = (icmp_ln439)> <Delay = 0.00>
ST_4 : Operation 396 [1/1] (0.00ns) (grouped into LUT with out node add_ln476_1)   --->   "%tmp_30 = bitselect i1 @_ssdm_op_BitSelect.i1.i12.i32, i12 %sext_ln61_1, i32 11" [C:/AMDDesignTools/2025.2/Vitis/tps/mingw/8.3.0/win64.o/nt\lib\gcc\x86_64-w64-mingw32\8.3.0\include\c++\bits/std_abs.h:61->C:/pcam5/prj/sol/.autopilot/db/v_demosaic.cpp:476]   --->   Operation 396 'bitselect' 'tmp_30' <Predicate = (icmp_ln439)> <Delay = 0.00>
ST_4 : Operation 397 [1/1] (0.78ns)   --->   "%sub_ln61_9 = sub i10 0, i10 %trunc_ln61_9" [C:/AMDDesignTools/2025.2/Vitis/tps/mingw/8.3.0/win64.o/nt\lib\gcc\x86_64-w64-mingw32\8.3.0\include\c++\bits/std_abs.h:61->C:/pcam5/prj/sol/.autopilot/db/v_demosaic.cpp:476]   --->   Operation 397 'sub' 'sub_ln61_9' <Predicate = (icmp_ln439)> <Delay = 0.78> <CoreInst = "Adder">   --->   Core 1 'Adder' <Latency = 0> <II = 1> <Delay = 0.78> <FuncUnit> <Opcode : 'add' 'sub'> <InPorts = 2> <OutPorts = 1>
ST_4 : Operation 398 [1/1] (0.00ns) (grouped into LUT with out node add_ln476_1)   --->   "%select_ln61_1 = select i1 %tmp_30, i10 %sub_ln61_9, i10 %trunc_ln61_9" [C:/AMDDesignTools/2025.2/Vitis/tps/mingw/8.3.0/win64.o/nt\lib\gcc\x86_64-w64-mingw32\8.3.0\include\c++\bits/std_abs.h:61->C:/pcam5/prj/sol/.autopilot/db/v_demosaic.cpp:476]   --->   Operation 398 'select' 'select_ln61_1' <Predicate = (icmp_ln439)> <Delay = 0.00> <CoreInst = "Sel">   --->   Core 73 'Sel' <Latency = 0> <II = 1> <Delay = 0.40> <FuncUnit> <Opcode : 'select'> <InPorts = 3> <OutPorts = 1>
ST_4 : Operation 399 [1/1] (0.00ns) (grouped into LUT with out node add_ln476_1)   --->   "%zext_ln476_1 = zext i10 %select_ln61_1" [C:/pcam5/prj/sol/.autopilot/db/v_demosaic.cpp:476]   --->   Operation 399 'zext' 'zext_ln476_1' <Predicate = (icmp_ln439)> <Delay = 0.00>
ST_4 : Operation 400 [1/1] (0.78ns)   --->   "%sub_ln476_2 = sub i11 %sext_ln465_2, i11 %sext_ln476" [C:/pcam5/prj/sol/.autopilot/db/v_demosaic.cpp:476]   --->   Operation 400 'sub' 'sub_ln476_2' <Predicate = (icmp_ln439)> <Delay = 0.78> <CoreInst = "Adder">   --->   Core 1 'Adder' <Latency = 0> <II = 1> <Delay = 0.79> <FuncUnit> <Opcode : 'add' 'sub'> <InPorts = 2> <OutPorts = 1>
ST_4 : Operation 401 [1/1] (0.00ns) (grouped into LUT with out node add_ln476)   --->   "%sext_ln61_2 = sext i11 %sub_ln476_2" [C:/AMDDesignTools/2025.2/Vitis/tps/mingw/8.3.0/win64.o/nt\lib\gcc\x86_64-w64-mingw32\8.3.0\include\c++\bits/std_abs.h:61->C:/pcam5/prj/sol/.autopilot/db/v_demosaic.cpp:476]   --->   Operation 401 'sext' 'sext_ln61_2' <Predicate = (icmp_ln439)> <Delay = 0.00>
ST_4 : Operation 402 [1/1] (0.00ns)   --->   "%trunc_ln61_10 = trunc i11 %sub_ln476_2" [C:/AMDDesignTools/2025.2/Vitis/tps/mingw/8.3.0/win64.o/nt\lib\gcc\x86_64-w64-mingw32\8.3.0\include\c++\bits/std_abs.h:61->C:/pcam5/prj/sol/.autopilot/db/v_demosaic.cpp:476]   --->   Operation 402 'trunc' 'trunc_ln61_10' <Predicate = (icmp_ln439)> <Delay = 0.00>
ST_4 : Operation 403 [1/1] (0.00ns) (grouped into LUT with out node add_ln476)   --->   "%tmp_31 = bitselect i1 @_ssdm_op_BitSelect.i1.i12.i32, i12 %sext_ln61_2, i32 11" [C:/AMDDesignTools/2025.2/Vitis/tps/mingw/8.3.0/win64.o/nt\lib\gcc\x86_64-w64-mingw32\8.3.0\include\c++\bits/std_abs.h:61->C:/pcam5/prj/sol/.autopilot/db/v_demosaic.cpp:476]   --->   Operation 403 'bitselect' 'tmp_31' <Predicate = (icmp_ln439)> <Delay = 0.00>
ST_4 : Operation 404 [1/1] (0.78ns)   --->   "%sub_ln61_10 = sub i10 0, i10 %trunc_ln61_10" [C:/AMDDesignTools/2025.2/Vitis/tps/mingw/8.3.0/win64.o/nt\lib\gcc\x86_64-w64-mingw32\8.3.0\include\c++\bits/std_abs.h:61->C:/pcam5/prj/sol/.autopilot/db/v_demosaic.cpp:476]   --->   Operation 404 'sub' 'sub_ln61_10' <Predicate = (icmp_ln439)> <Delay = 0.78> <CoreInst = "Adder">   --->   Core 1 'Adder' <Latency = 0> <II = 1> <Delay = 0.78> <FuncUnit> <Opcode : 'add' 'sub'> <InPorts = 2> <OutPorts = 1>
ST_4 : Operation 405 [1/1] (0.00ns) (grouped into LUT with out node add_ln476)   --->   "%select_ln61_2 = select i1 %tmp_31, i10 %sub_ln61_10, i10 %trunc_ln61_10" [C:/AMDDesignTools/2025.2/Vitis/tps/mingw/8.3.0/win64.o/nt\lib\gcc\x86_64-w64-mingw32\8.3.0\include\c++\bits/std_abs.h:61->C:/pcam5/prj/sol/.autopilot/db/v_demosaic.cpp:476]   --->   Operation 405 'select' 'select_ln61_2' <Predicate = (icmp_ln439)> <Delay = 0.00> <CoreInst = "Sel">   --->   Core 73 'Sel' <Latency = 0> <II = 1> <Delay = 0.40> <FuncUnit> <Opcode : 'select'> <InPorts = 3> <OutPorts = 1>
ST_4 : Operation 406 [1/1] (0.00ns) (grouped into LUT with out node add_ln476)   --->   "%zext_ln476_2 = zext i10 %select_ln61_2" [C:/pcam5/prj/sol/.autopilot/db/v_demosaic.cpp:476]   --->   Operation 406 'zext' 'zext_ln476_2' <Predicate = (icmp_ln439)> <Delay = 0.00>
ST_4 : Operation 407 [1/1] (0.78ns)   --->   "%sub_ln476_3 = sub i11 %sext_ln465_3, i11 %sext_ln476" [C:/pcam5/prj/sol/.autopilot/db/v_demosaic.cpp:476]   --->   Operation 407 'sub' 'sub_ln476_3' <Predicate = (icmp_ln439)> <Delay = 0.78> <CoreInst = "Adder">   --->   Core 1 'Adder' <Latency = 0> <II = 1> <Delay = 0.79> <FuncUnit> <Opcode : 'add' 'sub'> <InPorts = 2> <OutPorts = 1>
ST_4 : Operation 408 [1/1] (0.00ns) (grouped into LUT with out node add_ln476)   --->   "%sext_ln61_3 = sext i11 %sub_ln476_3" [C:/AMDDesignTools/2025.2/Vitis/tps/mingw/8.3.0/win64.o/nt\lib\gcc\x86_64-w64-mingw32\8.3.0\include\c++\bits/std_abs.h:61->C:/pcam5/prj/sol/.autopilot/db/v_demosaic.cpp:476]   --->   Operation 408 'sext' 'sext_ln61_3' <Predicate = (icmp_ln439)> <Delay = 0.00>
ST_4 : Operation 409 [1/1] (0.00ns)   --->   "%trunc_ln61_11 = trunc i11 %sub_ln476_3" [C:/AMDDesignTools/2025.2/Vitis/tps/mingw/8.3.0/win64.o/nt\lib\gcc\x86_64-w64-mingw32\8.3.0\include\c++\bits/std_abs.h:61->C:/pcam5/prj/sol/.autopilot/db/v_demosaic.cpp:476]   --->   Operation 409 'trunc' 'trunc_ln61_11' <Predicate = (icmp_ln439)> <Delay = 0.00>
ST_4 : Operation 410 [1/1] (0.00ns) (grouped into LUT with out node add_ln476)   --->   "%tmp_32 = bitselect i1 @_ssdm_op_BitSelect.i1.i12.i32, i12 %sext_ln61_3, i32 11" [C:/AMDDesignTools/2025.2/Vitis/tps/mingw/8.3.0/win64.o/nt\lib\gcc\x86_64-w64-mingw32\8.3.0\include\c++\bits/std_abs.h:61->C:/pcam5/prj/sol/.autopilot/db/v_demosaic.cpp:476]   --->   Operation 410 'bitselect' 'tmp_32' <Predicate = (icmp_ln439)> <Delay = 0.00>
ST_4 : Operation 411 [1/1] (0.78ns)   --->   "%sub_ln61_11 = sub i10 0, i10 %trunc_ln61_11" [C:/AMDDesignTools/2025.2/Vitis/tps/mingw/8.3.0/win64.o/nt\lib\gcc\x86_64-w64-mingw32\8.3.0\include\c++\bits/std_abs.h:61->C:/pcam5/prj/sol/.autopilot/db/v_demosaic.cpp:476]   --->   Operation 411 'sub' 'sub_ln61_11' <Predicate = (icmp_ln439)> <Delay = 0.78> <CoreInst = "Adder">   --->   Core 1 'Adder' <Latency = 0> <II = 1> <Delay = 0.78> <FuncUnit> <Opcode : 'add' 'sub'> <InPorts = 2> <OutPorts = 1>
ST_4 : Operation 412 [1/1] (0.00ns) (grouped into LUT with out node add_ln476)   --->   "%select_ln61_3 = select i1 %tmp_32, i10 %sub_ln61_11, i10 %trunc_ln61_11" [C:/AMDDesignTools/2025.2/Vitis/tps/mingw/8.3.0/win64.o/nt\lib\gcc\x86_64-w64-mingw32\8.3.0\include\c++\bits/std_abs.h:61->C:/pcam5/prj/sol/.autopilot/db/v_demosaic.cpp:476]   --->   Operation 412 'select' 'select_ln61_3' <Predicate = (icmp_ln439)> <Delay = 0.00> <CoreInst = "Sel">   --->   Core 73 'Sel' <Latency = 0> <II = 1> <Delay = 0.40> <FuncUnit> <Opcode : 'select'> <InPorts = 3> <OutPorts = 1>
ST_4 : Operation 413 [1/1] (0.00ns) (grouped into LUT with out node add_ln476)   --->   "%zext_ln476_3 = zext i10 %select_ln61_3" [C:/pcam5/prj/sol/.autopilot/db/v_demosaic.cpp:476]   --->   Operation 413 'zext' 'zext_ln476_3' <Predicate = (icmp_ln439)> <Delay = 0.00>
ST_4 : Operation 414 [1/1] (0.78ns) (out node of the LUT)   --->   "%add_ln476 = add i11 %zext_ln476_3, i11 %zext_ln476_2" [C:/pcam5/prj/sol/.autopilot/db/v_demosaic.cpp:476]   --->   Operation 414 'add' 'add_ln476' <Predicate = (icmp_ln439)> <Delay = 0.78> <CoreInst = "Adder">   --->   Core 1 'Adder' <Latency = 0> <II = 1> <Delay = 0.79> <FuncUnit> <Opcode : 'add' 'sub'> <InPorts = 2> <OutPorts = 1>
ST_4 : Operation 415 [1/1] (0.00ns)   --->   "%zext_ln476_4 = zext i11 %add_ln476" [C:/pcam5/prj/sol/.autopilot/db/v_demosaic.cpp:476]   --->   Operation 415 'zext' 'zext_ln476_4' <Predicate = (icmp_ln439)> <Delay = 0.00>
ST_4 : Operation 416 [1/1] (0.78ns) (out node of the LUT)   --->   "%add_ln476_1 = add i11 %zext_ln476_1, i11 %zext_ln476" [C:/pcam5/prj/sol/.autopilot/db/v_demosaic.cpp:476]   --->   Operation 416 'add' 'add_ln476_1' <Predicate = (icmp_ln439)> <Delay = 0.78> <CoreInst = "Adder">   --->   Core 1 'Adder' <Latency = 0> <II = 1> <Delay = 0.79> <FuncUnit> <Opcode : 'add' 'sub'> <InPorts = 2> <OutPorts = 1>
ST_4 : Operation 417 [1/1] (0.00ns)   --->   "%zext_ln476_5 = zext i11 %add_ln476_1" [C:/pcam5/prj/sol/.autopilot/db/v_demosaic.cpp:476]   --->   Operation 417 'zext' 'zext_ln476_5' <Predicate = (icmp_ln439)> <Delay = 0.00>
ST_4 : Operation 418 [1/1] (0.79ns)   --->   "%add_ln476_2 = add i12 %zext_ln476_5, i12 %zext_ln476_4" [C:/pcam5/prj/sol/.autopilot/db/v_demosaic.cpp:476]   --->   Operation 418 'add' 'add_ln476_2' <Predicate = (icmp_ln439)> <Delay = 0.79> <CoreInst = "Adder">   --->   Core 1 'Adder' <Latency = 0> <II = 1> <Delay = 0.80> <FuncUnit> <Opcode : 'add' 'sub'> <InPorts = 2> <OutPorts = 1>
ST_4 : Operation 419 [1/1] (0.00ns)   --->   "%var = partselect i11 @_ssdm_op_PartSelect.i11.i12.i32.i32, i12 %add_ln476_2, i32 1, i32 11" [C:/pcam5/prj/sol/.autopilot/db/v_demosaic.cpp:476]   --->   Operation 419 'partselect' 'var' <Predicate = (icmp_ln439)> <Delay = 0.00>
ST_4 : Operation 420 [1/1] (0.00ns)   --->   "%sext_ln477 = sext i10 %mean_1" [C:/pcam5/prj/sol/.autopilot/db/v_demosaic.cpp:477]   --->   Operation 420 'sext' 'sext_ln477' <Predicate = (icmp_ln439)> <Delay = 0.00>
ST_4 : Operation 421 [1/1] (0.78ns)   --->   "%sub_ln477 = sub i11 %sext_ln466, i11 %sext_ln477" [C:/pcam5/prj/sol/.autopilot/db/v_demosaic.cpp:477]   --->   Operation 421 'sub' 'sub_ln477' <Predicate = (icmp_ln439)> <Delay = 0.78> <CoreInst = "Adder">   --->   Core 1 'Adder' <Latency = 0> <II = 1> <Delay = 0.79> <FuncUnit> <Opcode : 'add' 'sub'> <InPorts = 2> <OutPorts = 1>
ST_4 : Operation 422 [1/1] (0.00ns) (grouped into LUT with out node add_ln477_1)   --->   "%sext_ln61_4 = sext i11 %sub_ln477" [C:/AMDDesignTools/2025.2/Vitis/tps/mingw/8.3.0/win64.o/nt\lib\gcc\x86_64-w64-mingw32\8.3.0\include\c++\bits/std_abs.h:61->C:/pcam5/prj/sol/.autopilot/db/v_demosaic.cpp:477]   --->   Operation 422 'sext' 'sext_ln61_4' <Predicate = (icmp_ln439)> <Delay = 0.00>
ST_4 : Operation 423 [1/1] (0.00ns)   --->   "%trunc_ln61_12 = trunc i11 %sub_ln477" [C:/AMDDesignTools/2025.2/Vitis/tps/mingw/8.3.0/win64.o/nt\lib\gcc\x86_64-w64-mingw32\8.3.0\include\c++\bits/std_abs.h:61->C:/pcam5/prj/sol/.autopilot/db/v_demosaic.cpp:477]   --->   Operation 423 'trunc' 'trunc_ln61_12' <Predicate = (icmp_ln439)> <Delay = 0.00>
ST_4 : Operation 424 [1/1] (0.00ns) (grouped into LUT with out node add_ln477_1)   --->   "%tmp_33 = bitselect i1 @_ssdm_op_BitSelect.i1.i12.i32, i12 %sext_ln61_4, i32 11" [C:/AMDDesignTools/2025.2/Vitis/tps/mingw/8.3.0/win64.o/nt\lib\gcc\x86_64-w64-mingw32\8.3.0\include\c++\bits/std_abs.h:61->C:/pcam5/prj/sol/.autopilot/db/v_demosaic.cpp:477]   --->   Operation 424 'bitselect' 'tmp_33' <Predicate = (icmp_ln439)> <Delay = 0.00>
ST_4 : Operation 425 [1/1] (0.78ns)   --->   "%sub_ln61_12 = sub i10 0, i10 %trunc_ln61_12" [C:/AMDDesignTools/2025.2/Vitis/tps/mingw/8.3.0/win64.o/nt\lib\gcc\x86_64-w64-mingw32\8.3.0\include\c++\bits/std_abs.h:61->C:/pcam5/prj/sol/.autopilot/db/v_demosaic.cpp:477]   --->   Operation 425 'sub' 'sub_ln61_12' <Predicate = (icmp_ln439)> <Delay = 0.78> <CoreInst = "Adder">   --->   Core 1 'Adder' <Latency = 0> <II = 1> <Delay = 0.78> <FuncUnit> <Opcode : 'add' 'sub'> <InPorts = 2> <OutPorts = 1>
ST_4 : Operation 426 [1/1] (0.00ns) (grouped into LUT with out node add_ln477_1)   --->   "%select_ln61_4 = select i1 %tmp_33, i10 %sub_ln61_12, i10 %trunc_ln61_12" [C:/AMDDesignTools/2025.2/Vitis/tps/mingw/8.3.0/win64.o/nt\lib\gcc\x86_64-w64-mingw32\8.3.0\include\c++\bits/std_abs.h:61->C:/pcam5/prj/sol/.autopilot/db/v_demosaic.cpp:477]   --->   Operation 426 'select' 'select_ln61_4' <Predicate = (icmp_ln439)> <Delay = 0.00> <CoreInst = "Sel">   --->   Core 73 'Sel' <Latency = 0> <II = 1> <Delay = 0.40> <FuncUnit> <Opcode : 'select'> <InPorts = 3> <OutPorts = 1>
ST_4 : Operation 427 [1/1] (0.00ns) (grouped into LUT with out node add_ln477_1)   --->   "%zext_ln477 = zext i10 %select_ln61_4" [C:/pcam5/prj/sol/.autopilot/db/v_demosaic.cpp:477]   --->   Operation 427 'zext' 'zext_ln477' <Predicate = (icmp_ln439)> <Delay = 0.00>
ST_4 : Operation 428 [1/1] (0.78ns)   --->   "%sub_ln477_1 = sub i11 %sext_ln466_1, i11 %sext_ln477" [C:/pcam5/prj/sol/.autopilot/db/v_demosaic.cpp:477]   --->   Operation 428 'sub' 'sub_ln477_1' <Predicate = (icmp_ln439)> <Delay = 0.78> <CoreInst = "Adder">   --->   Core 1 'Adder' <Latency = 0> <II = 1> <Delay = 0.79> <FuncUnit> <Opcode : 'add' 'sub'> <InPorts = 2> <OutPorts = 1>
ST_4 : Operation 429 [1/1] (0.00ns) (grouped into LUT with out node add_ln477_1)   --->   "%sext_ln61_5 = sext i11 %sub_ln477_1" [C:/AMDDesignTools/2025.2/Vitis/tps/mingw/8.3.0/win64.o/nt\lib\gcc\x86_64-w64-mingw32\8.3.0\include\c++\bits/std_abs.h:61->C:/pcam5/prj/sol/.autopilot/db/v_demosaic.cpp:477]   --->   Operation 429 'sext' 'sext_ln61_5' <Predicate = (icmp_ln439)> <Delay = 0.00>
ST_4 : Operation 430 [1/1] (0.00ns)   --->   "%trunc_ln61_13 = trunc i11 %sub_ln477_1" [C:/AMDDesignTools/2025.2/Vitis/tps/mingw/8.3.0/win64.o/nt\lib\gcc\x86_64-w64-mingw32\8.3.0\include\c++\bits/std_abs.h:61->C:/pcam5/prj/sol/.autopilot/db/v_demosaic.cpp:477]   --->   Operation 430 'trunc' 'trunc_ln61_13' <Predicate = (icmp_ln439)> <Delay = 0.00>
ST_4 : Operation 431 [1/1] (0.00ns) (grouped into LUT with out node add_ln477_1)   --->   "%tmp_34 = bitselect i1 @_ssdm_op_BitSelect.i1.i12.i32, i12 %sext_ln61_5, i32 11" [C:/AMDDesignTools/2025.2/Vitis/tps/mingw/8.3.0/win64.o/nt\lib\gcc\x86_64-w64-mingw32\8.3.0\include\c++\bits/std_abs.h:61->C:/pcam5/prj/sol/.autopilot/db/v_demosaic.cpp:477]   --->   Operation 431 'bitselect' 'tmp_34' <Predicate = (icmp_ln439)> <Delay = 0.00>
ST_4 : Operation 432 [1/1] (0.78ns)   --->   "%sub_ln61_13 = sub i10 0, i10 %trunc_ln61_13" [C:/AMDDesignTools/2025.2/Vitis/tps/mingw/8.3.0/win64.o/nt\lib\gcc\x86_64-w64-mingw32\8.3.0\include\c++\bits/std_abs.h:61->C:/pcam5/prj/sol/.autopilot/db/v_demosaic.cpp:477]   --->   Operation 432 'sub' 'sub_ln61_13' <Predicate = (icmp_ln439)> <Delay = 0.78> <CoreInst = "Adder">   --->   Core 1 'Adder' <Latency = 0> <II = 1> <Delay = 0.78> <FuncUnit> <Opcode : 'add' 'sub'> <InPorts = 2> <OutPorts = 1>
ST_4 : Operation 433 [1/1] (0.00ns) (grouped into LUT with out node add_ln477_1)   --->   "%select_ln61_5 = select i1 %tmp_34, i10 %sub_ln61_13, i10 %trunc_ln61_13" [C:/AMDDesignTools/2025.2/Vitis/tps/mingw/8.3.0/win64.o/nt\lib\gcc\x86_64-w64-mingw32\8.3.0\include\c++\bits/std_abs.h:61->C:/pcam5/prj/sol/.autopilot/db/v_demosaic.cpp:477]   --->   Operation 433 'select' 'select_ln61_5' <Predicate = (icmp_ln439)> <Delay = 0.00> <CoreInst = "Sel">   --->   Core 73 'Sel' <Latency = 0> <II = 1> <Delay = 0.40> <FuncUnit> <Opcode : 'select'> <InPorts = 3> <OutPorts = 1>
ST_4 : Operation 434 [1/1] (0.00ns) (grouped into LUT with out node add_ln477_1)   --->   "%zext_ln477_1 = zext i10 %select_ln61_5" [C:/pcam5/prj/sol/.autopilot/db/v_demosaic.cpp:477]   --->   Operation 434 'zext' 'zext_ln477_1' <Predicate = (icmp_ln439)> <Delay = 0.00>
ST_4 : Operation 435 [1/1] (0.78ns)   --->   "%sub_ln477_2 = sub i11 %sext_ln466_2, i11 %sext_ln477" [C:/pcam5/prj/sol/.autopilot/db/v_demosaic.cpp:477]   --->   Operation 435 'sub' 'sub_ln477_2' <Predicate = (icmp_ln439)> <Delay = 0.78> <CoreInst = "Adder">   --->   Core 1 'Adder' <Latency = 0> <II = 1> <Delay = 0.79> <FuncUnit> <Opcode : 'add' 'sub'> <InPorts = 2> <OutPorts = 1>
ST_4 : Operation 436 [1/1] (0.00ns) (grouped into LUT with out node add_ln477)   --->   "%sext_ln61_6 = sext i11 %sub_ln477_2" [C:/AMDDesignTools/2025.2/Vitis/tps/mingw/8.3.0/win64.o/nt\lib\gcc\x86_64-w64-mingw32\8.3.0\include\c++\bits/std_abs.h:61->C:/pcam5/prj/sol/.autopilot/db/v_demosaic.cpp:477]   --->   Operation 436 'sext' 'sext_ln61_6' <Predicate = (icmp_ln439)> <Delay = 0.00>
ST_4 : Operation 437 [1/1] (0.00ns)   --->   "%trunc_ln61_14 = trunc i11 %sub_ln477_2" [C:/AMDDesignTools/2025.2/Vitis/tps/mingw/8.3.0/win64.o/nt\lib\gcc\x86_64-w64-mingw32\8.3.0\include\c++\bits/std_abs.h:61->C:/pcam5/prj/sol/.autopilot/db/v_demosaic.cpp:477]   --->   Operation 437 'trunc' 'trunc_ln61_14' <Predicate = (icmp_ln439)> <Delay = 0.00>
ST_4 : Operation 438 [1/1] (0.00ns) (grouped into LUT with out node add_ln477)   --->   "%tmp_35 = bitselect i1 @_ssdm_op_BitSelect.i1.i12.i32, i12 %sext_ln61_6, i32 11" [C:/AMDDesignTools/2025.2/Vitis/tps/mingw/8.3.0/win64.o/nt\lib\gcc\x86_64-w64-mingw32\8.3.0\include\c++\bits/std_abs.h:61->C:/pcam5/prj/sol/.autopilot/db/v_demosaic.cpp:477]   --->   Operation 438 'bitselect' 'tmp_35' <Predicate = (icmp_ln439)> <Delay = 0.00>
ST_4 : Operation 439 [1/1] (0.78ns)   --->   "%sub_ln61_14 = sub i10 0, i10 %trunc_ln61_14" [C:/AMDDesignTools/2025.2/Vitis/tps/mingw/8.3.0/win64.o/nt\lib\gcc\x86_64-w64-mingw32\8.3.0\include\c++\bits/std_abs.h:61->C:/pcam5/prj/sol/.autopilot/db/v_demosaic.cpp:477]   --->   Operation 439 'sub' 'sub_ln61_14' <Predicate = (icmp_ln439)> <Delay = 0.78> <CoreInst = "Adder">   --->   Core 1 'Adder' <Latency = 0> <II = 1> <Delay = 0.78> <FuncUnit> <Opcode : 'add' 'sub'> <InPorts = 2> <OutPorts = 1>
ST_4 : Operation 440 [1/1] (0.00ns) (grouped into LUT with out node add_ln477)   --->   "%select_ln61_6 = select i1 %tmp_35, i10 %sub_ln61_14, i10 %trunc_ln61_14" [C:/AMDDesignTools/2025.2/Vitis/tps/mingw/8.3.0/win64.o/nt\lib\gcc\x86_64-w64-mingw32\8.3.0\include\c++\bits/std_abs.h:61->C:/pcam5/prj/sol/.autopilot/db/v_demosaic.cpp:477]   --->   Operation 440 'select' 'select_ln61_6' <Predicate = (icmp_ln439)> <Delay = 0.00> <CoreInst = "Sel">   --->   Core 73 'Sel' <Latency = 0> <II = 1> <Delay = 0.40> <FuncUnit> <Opcode : 'select'> <InPorts = 3> <OutPorts = 1>
ST_4 : Operation 441 [1/1] (0.00ns) (grouped into LUT with out node add_ln477)   --->   "%zext_ln477_2 = zext i10 %select_ln61_6" [C:/pcam5/prj/sol/.autopilot/db/v_demosaic.cpp:477]   --->   Operation 441 'zext' 'zext_ln477_2' <Predicate = (icmp_ln439)> <Delay = 0.00>
ST_4 : Operation 442 [1/1] (0.78ns)   --->   "%sub_ln477_3 = sub i11 %sext_ln466_3, i11 %sext_ln477" [C:/pcam5/prj/sol/.autopilot/db/v_demosaic.cpp:477]   --->   Operation 442 'sub' 'sub_ln477_3' <Predicate = (icmp_ln439)> <Delay = 0.78> <CoreInst = "Adder">   --->   Core 1 'Adder' <Latency = 0> <II = 1> <Delay = 0.79> <FuncUnit> <Opcode : 'add' 'sub'> <InPorts = 2> <OutPorts = 1>
ST_4 : Operation 443 [1/1] (0.00ns) (grouped into LUT with out node add_ln477)   --->   "%sext_ln61_7 = sext i11 %sub_ln477_3" [C:/AMDDesignTools/2025.2/Vitis/tps/mingw/8.3.0/win64.o/nt\lib\gcc\x86_64-w64-mingw32\8.3.0\include\c++\bits/std_abs.h:61->C:/pcam5/prj/sol/.autopilot/db/v_demosaic.cpp:477]   --->   Operation 443 'sext' 'sext_ln61_7' <Predicate = (icmp_ln439)> <Delay = 0.00>
ST_4 : Operation 444 [1/1] (0.00ns)   --->   "%trunc_ln61_15 = trunc i11 %sub_ln477_3" [C:/AMDDesignTools/2025.2/Vitis/tps/mingw/8.3.0/win64.o/nt\lib\gcc\x86_64-w64-mingw32\8.3.0\include\c++\bits/std_abs.h:61->C:/pcam5/prj/sol/.autopilot/db/v_demosaic.cpp:477]   --->   Operation 444 'trunc' 'trunc_ln61_15' <Predicate = (icmp_ln439)> <Delay = 0.00>
ST_4 : Operation 445 [1/1] (0.00ns) (grouped into LUT with out node add_ln477)   --->   "%tmp_36 = bitselect i1 @_ssdm_op_BitSelect.i1.i12.i32, i12 %sext_ln61_7, i32 11" [C:/AMDDesignTools/2025.2/Vitis/tps/mingw/8.3.0/win64.o/nt\lib\gcc\x86_64-w64-mingw32\8.3.0\include\c++\bits/std_abs.h:61->C:/pcam5/prj/sol/.autopilot/db/v_demosaic.cpp:477]   --->   Operation 445 'bitselect' 'tmp_36' <Predicate = (icmp_ln439)> <Delay = 0.00>
ST_4 : Operation 446 [1/1] (0.78ns)   --->   "%sub_ln61_15 = sub i10 0, i10 %trunc_ln61_15" [C:/AMDDesignTools/2025.2/Vitis/tps/mingw/8.3.0/win64.o/nt\lib\gcc\x86_64-w64-mingw32\8.3.0\include\c++\bits/std_abs.h:61->C:/pcam5/prj/sol/.autopilot/db/v_demosaic.cpp:477]   --->   Operation 446 'sub' 'sub_ln61_15' <Predicate = (icmp_ln439)> <Delay = 0.78> <CoreInst = "Adder">   --->   Core 1 'Adder' <Latency = 0> <II = 1> <Delay = 0.78> <FuncUnit> <Opcode : 'add' 'sub'> <InPorts = 2> <OutPorts = 1>
ST_4 : Operation 447 [1/1] (0.00ns) (grouped into LUT with out node add_ln477)   --->   "%select_ln61_7 = select i1 %tmp_36, i10 %sub_ln61_15, i10 %trunc_ln61_15" [C:/AMDDesignTools/2025.2/Vitis/tps/mingw/8.3.0/win64.o/nt\lib\gcc\x86_64-w64-mingw32\8.3.0\include\c++\bits/std_abs.h:61->C:/pcam5/prj/sol/.autopilot/db/v_demosaic.cpp:477]   --->   Operation 447 'select' 'select_ln61_7' <Predicate = (icmp_ln439)> <Delay = 0.00> <CoreInst = "Sel">   --->   Core 73 'Sel' <Latency = 0> <II = 1> <Delay = 0.40> <FuncUnit> <Opcode : 'select'> <InPorts = 3> <OutPorts = 1>
ST_4 : Operation 448 [1/1] (0.00ns) (grouped into LUT with out node add_ln477)   --->   "%zext_ln477_3 = zext i10 %select_ln61_7" [C:/pcam5/prj/sol/.autopilot/db/v_demosaic.cpp:477]   --->   Operation 448 'zext' 'zext_ln477_3' <Predicate = (icmp_ln439)> <Delay = 0.00>
ST_4 : Operation 449 [1/1] (0.78ns) (out node of the LUT)   --->   "%add_ln477 = add i11 %zext_ln477_3, i11 %zext_ln477_2" [C:/pcam5/prj/sol/.autopilot/db/v_demosaic.cpp:477]   --->   Operation 449 'add' 'add_ln477' <Predicate = (icmp_ln439)> <Delay = 0.78> <CoreInst = "Adder">   --->   Core 1 'Adder' <Latency = 0> <II = 1> <Delay = 0.79> <FuncUnit> <Opcode : 'add' 'sub'> <InPorts = 2> <OutPorts = 1>
ST_4 : Operation 450 [1/1] (0.00ns)   --->   "%zext_ln477_4 = zext i11 %add_ln477" [C:/pcam5/prj/sol/.autopilot/db/v_demosaic.cpp:477]   --->   Operation 450 'zext' 'zext_ln477_4' <Predicate = (icmp_ln439)> <Delay = 0.00>
ST_4 : Operation 451 [1/1] (0.78ns) (out node of the LUT)   --->   "%add_ln477_1 = add i11 %zext_ln477_1, i11 %zext_ln477" [C:/pcam5/prj/sol/.autopilot/db/v_demosaic.cpp:477]   --->   Operation 451 'add' 'add_ln477_1' <Predicate = (icmp_ln439)> <Delay = 0.78> <CoreInst = "Adder">   --->   Core 1 'Adder' <Latency = 0> <II = 1> <Delay = 0.79> <FuncUnit> <Opcode : 'add' 'sub'> <InPorts = 2> <OutPorts = 1>
ST_4 : Operation 452 [1/1] (0.00ns)   --->   "%zext_ln477_5 = zext i11 %add_ln477_1" [C:/pcam5/prj/sol/.autopilot/db/v_demosaic.cpp:477]   --->   Operation 452 'zext' 'zext_ln477_5' <Predicate = (icmp_ln439)> <Delay = 0.00>
ST_4 : Operation 453 [1/1] (0.79ns)   --->   "%add_ln477_2 = add i12 %zext_ln477_5, i12 %zext_ln477_4" [C:/pcam5/prj/sol/.autopilot/db/v_demosaic.cpp:477]   --->   Operation 453 'add' 'add_ln477_2' <Predicate = (icmp_ln439)> <Delay = 0.79> <CoreInst = "Adder">   --->   Core 1 'Adder' <Latency = 0> <II = 1> <Delay = 0.80> <FuncUnit> <Opcode : 'add' 'sub'> <InPorts = 2> <OutPorts = 1>
ST_4 : Operation 454 [1/1] (0.00ns)   --->   "%var_1 = partselect i11 @_ssdm_op_PartSelect.i11.i12.i32.i32, i12 %add_ln477_2, i32 1, i32 11" [C:/pcam5/prj/sol/.autopilot/db/v_demosaic.cpp:477]   --->   Operation 454 'partselect' 'var_1' <Predicate = (icmp_ln439)> <Delay = 0.00>
ST_4 : Operation 455 [1/1] (0.00ns)   --->   "%sext_ln478 = sext i10 %mean_2" [C:/pcam5/prj/sol/.autopilot/db/v_demosaic.cpp:478]   --->   Operation 455 'sext' 'sext_ln478' <Predicate = (icmp_ln439)> <Delay = 0.00>
ST_4 : Operation 456 [1/1] (0.78ns)   --->   "%sub_ln478 = sub i11 %sext_ln466_1, i11 %sext_ln478" [C:/pcam5/prj/sol/.autopilot/db/v_demosaic.cpp:478]   --->   Operation 456 'sub' 'sub_ln478' <Predicate = (icmp_ln439)> <Delay = 0.78> <CoreInst = "Adder">   --->   Core 1 'Adder' <Latency = 0> <II = 1> <Delay = 0.79> <FuncUnit> <Opcode : 'add' 'sub'> <InPorts = 2> <OutPorts = 1>
ST_4 : Operation 457 [1/1] (0.00ns) (grouped into LUT with out node add_ln478_1)   --->   "%sext_ln61_8 = sext i11 %sub_ln478" [C:/AMDDesignTools/2025.2/Vitis/tps/mingw/8.3.0/win64.o/nt\lib\gcc\x86_64-w64-mingw32\8.3.0\include\c++\bits/std_abs.h:61->C:/pcam5/prj/sol/.autopilot/db/v_demosaic.cpp:478]   --->   Operation 457 'sext' 'sext_ln61_8' <Predicate = (icmp_ln439)> <Delay = 0.00>
ST_4 : Operation 458 [1/1] (0.00ns)   --->   "%trunc_ln61_16 = trunc i11 %sub_ln478" [C:/AMDDesignTools/2025.2/Vitis/tps/mingw/8.3.0/win64.o/nt\lib\gcc\x86_64-w64-mingw32\8.3.0\include\c++\bits/std_abs.h:61->C:/pcam5/prj/sol/.autopilot/db/v_demosaic.cpp:478]   --->   Operation 458 'trunc' 'trunc_ln61_16' <Predicate = (icmp_ln439)> <Delay = 0.00>
ST_4 : Operation 459 [1/1] (0.00ns) (grouped into LUT with out node add_ln478_1)   --->   "%tmp_37 = bitselect i1 @_ssdm_op_BitSelect.i1.i12.i32, i12 %sext_ln61_8, i32 11" [C:/AMDDesignTools/2025.2/Vitis/tps/mingw/8.3.0/win64.o/nt\lib\gcc\x86_64-w64-mingw32\8.3.0\include\c++\bits/std_abs.h:61->C:/pcam5/prj/sol/.autopilot/db/v_demosaic.cpp:478]   --->   Operation 459 'bitselect' 'tmp_37' <Predicate = (icmp_ln439)> <Delay = 0.00>
ST_4 : Operation 460 [1/1] (0.78ns)   --->   "%sub_ln61_16 = sub i10 0, i10 %trunc_ln61_16" [C:/AMDDesignTools/2025.2/Vitis/tps/mingw/8.3.0/win64.o/nt\lib\gcc\x86_64-w64-mingw32\8.3.0\include\c++\bits/std_abs.h:61->C:/pcam5/prj/sol/.autopilot/db/v_demosaic.cpp:478]   --->   Operation 460 'sub' 'sub_ln61_16' <Predicate = (icmp_ln439)> <Delay = 0.78> <CoreInst = "Adder">   --->   Core 1 'Adder' <Latency = 0> <II = 1> <Delay = 0.78> <FuncUnit> <Opcode : 'add' 'sub'> <InPorts = 2> <OutPorts = 1>
ST_4 : Operation 461 [1/1] (0.00ns) (grouped into LUT with out node add_ln478_1)   --->   "%select_ln61_8 = select i1 %tmp_37, i10 %sub_ln61_16, i10 %trunc_ln61_16" [C:/AMDDesignTools/2025.2/Vitis/tps/mingw/8.3.0/win64.o/nt\lib\gcc\x86_64-w64-mingw32\8.3.0\include\c++\bits/std_abs.h:61->C:/pcam5/prj/sol/.autopilot/db/v_demosaic.cpp:478]   --->   Operation 461 'select' 'select_ln61_8' <Predicate = (icmp_ln439)> <Delay = 0.00> <CoreInst = "Sel">   --->   Core 73 'Sel' <Latency = 0> <II = 1> <Delay = 0.40> <FuncUnit> <Opcode : 'select'> <InPorts = 3> <OutPorts = 1>
ST_4 : Operation 462 [1/1] (0.00ns) (grouped into LUT with out node add_ln478_1)   --->   "%zext_ln478 = zext i10 %select_ln61_8" [C:/pcam5/prj/sol/.autopilot/db/v_demosaic.cpp:478]   --->   Operation 462 'zext' 'zext_ln478' <Predicate = (icmp_ln439)> <Delay = 0.00>
ST_4 : Operation 463 [1/1] (0.78ns)   --->   "%sub_ln478_1 = sub i11 %sext_ln467, i11 %sext_ln478" [C:/pcam5/prj/sol/.autopilot/db/v_demosaic.cpp:478]   --->   Operation 463 'sub' 'sub_ln478_1' <Predicate = (icmp_ln439)> <Delay = 0.78> <CoreInst = "Adder">   --->   Core 1 'Adder' <Latency = 0> <II = 1> <Delay = 0.79> <FuncUnit> <Opcode : 'add' 'sub'> <InPorts = 2> <OutPorts = 1>
ST_4 : Operation 464 [1/1] (0.00ns) (grouped into LUT with out node add_ln478_1)   --->   "%sext_ln61_9 = sext i11 %sub_ln478_1" [C:/AMDDesignTools/2025.2/Vitis/tps/mingw/8.3.0/win64.o/nt\lib\gcc\x86_64-w64-mingw32\8.3.0\include\c++\bits/std_abs.h:61->C:/pcam5/prj/sol/.autopilot/db/v_demosaic.cpp:478]   --->   Operation 464 'sext' 'sext_ln61_9' <Predicate = (icmp_ln439)> <Delay = 0.00>
ST_4 : Operation 465 [1/1] (0.00ns)   --->   "%trunc_ln61_17 = trunc i11 %sub_ln478_1" [C:/AMDDesignTools/2025.2/Vitis/tps/mingw/8.3.0/win64.o/nt\lib\gcc\x86_64-w64-mingw32\8.3.0\include\c++\bits/std_abs.h:61->C:/pcam5/prj/sol/.autopilot/db/v_demosaic.cpp:478]   --->   Operation 465 'trunc' 'trunc_ln61_17' <Predicate = (icmp_ln439)> <Delay = 0.00>
ST_4 : Operation 466 [1/1] (0.00ns) (grouped into LUT with out node add_ln478_1)   --->   "%tmp_38 = bitselect i1 @_ssdm_op_BitSelect.i1.i12.i32, i12 %sext_ln61_9, i32 11" [C:/AMDDesignTools/2025.2/Vitis/tps/mingw/8.3.0/win64.o/nt\lib\gcc\x86_64-w64-mingw32\8.3.0\include\c++\bits/std_abs.h:61->C:/pcam5/prj/sol/.autopilot/db/v_demosaic.cpp:478]   --->   Operation 466 'bitselect' 'tmp_38' <Predicate = (icmp_ln439)> <Delay = 0.00>
ST_4 : Operation 467 [1/1] (0.78ns)   --->   "%sub_ln61_17 = sub i10 0, i10 %trunc_ln61_17" [C:/AMDDesignTools/2025.2/Vitis/tps/mingw/8.3.0/win64.o/nt\lib\gcc\x86_64-w64-mingw32\8.3.0\include\c++\bits/std_abs.h:61->C:/pcam5/prj/sol/.autopilot/db/v_demosaic.cpp:478]   --->   Operation 467 'sub' 'sub_ln61_17' <Predicate = (icmp_ln439)> <Delay = 0.78> <CoreInst = "Adder">   --->   Core 1 'Adder' <Latency = 0> <II = 1> <Delay = 0.78> <FuncUnit> <Opcode : 'add' 'sub'> <InPorts = 2> <OutPorts = 1>
ST_4 : Operation 468 [1/1] (0.00ns) (grouped into LUT with out node add_ln478_1)   --->   "%select_ln61_9 = select i1 %tmp_38, i10 %sub_ln61_17, i10 %trunc_ln61_17" [C:/AMDDesignTools/2025.2/Vitis/tps/mingw/8.3.0/win64.o/nt\lib\gcc\x86_64-w64-mingw32\8.3.0\include\c++\bits/std_abs.h:61->C:/pcam5/prj/sol/.autopilot/db/v_demosaic.cpp:478]   --->   Operation 468 'select' 'select_ln61_9' <Predicate = (icmp_ln439)> <Delay = 0.00> <CoreInst = "Sel">   --->   Core 73 'Sel' <Latency = 0> <II = 1> <Delay = 0.40> <FuncUnit> <Opcode : 'select'> <InPorts = 3> <OutPorts = 1>
ST_4 : Operation 469 [1/1] (0.00ns) (grouped into LUT with out node add_ln478_1)   --->   "%zext_ln478_1 = zext i10 %select_ln61_9" [C:/pcam5/prj/sol/.autopilot/db/v_demosaic.cpp:478]   --->   Operation 469 'zext' 'zext_ln478_1' <Predicate = (icmp_ln439)> <Delay = 0.00>
ST_4 : Operation 470 [1/1] (0.78ns)   --->   "%sub_ln478_2 = sub i11 %sext_ln467_1, i11 %sext_ln478" [C:/pcam5/prj/sol/.autopilot/db/v_demosaic.cpp:478]   --->   Operation 470 'sub' 'sub_ln478_2' <Predicate = (icmp_ln439)> <Delay = 0.78> <CoreInst = "Adder">   --->   Core 1 'Adder' <Latency = 0> <II = 1> <Delay = 0.79> <FuncUnit> <Opcode : 'add' 'sub'> <InPorts = 2> <OutPorts = 1>
ST_4 : Operation 471 [1/1] (0.00ns) (grouped into LUT with out node add_ln478)   --->   "%sext_ln61_10 = sext i11 %sub_ln478_2" [C:/AMDDesignTools/2025.2/Vitis/tps/mingw/8.3.0/win64.o/nt\lib\gcc\x86_64-w64-mingw32\8.3.0\include\c++\bits/std_abs.h:61->C:/pcam5/prj/sol/.autopilot/db/v_demosaic.cpp:478]   --->   Operation 471 'sext' 'sext_ln61_10' <Predicate = (icmp_ln439)> <Delay = 0.00>
ST_4 : Operation 472 [1/1] (0.00ns)   --->   "%trunc_ln61_18 = trunc i11 %sub_ln478_2" [C:/AMDDesignTools/2025.2/Vitis/tps/mingw/8.3.0/win64.o/nt\lib\gcc\x86_64-w64-mingw32\8.3.0\include\c++\bits/std_abs.h:61->C:/pcam5/prj/sol/.autopilot/db/v_demosaic.cpp:478]   --->   Operation 472 'trunc' 'trunc_ln61_18' <Predicate = (icmp_ln439)> <Delay = 0.00>
ST_4 : Operation 473 [1/1] (0.00ns) (grouped into LUT with out node add_ln478)   --->   "%tmp_39 = bitselect i1 @_ssdm_op_BitSelect.i1.i12.i32, i12 %sext_ln61_10, i32 11" [C:/AMDDesignTools/2025.2/Vitis/tps/mingw/8.3.0/win64.o/nt\lib\gcc\x86_64-w64-mingw32\8.3.0\include\c++\bits/std_abs.h:61->C:/pcam5/prj/sol/.autopilot/db/v_demosaic.cpp:478]   --->   Operation 473 'bitselect' 'tmp_39' <Predicate = (icmp_ln439)> <Delay = 0.00>
ST_4 : Operation 474 [1/1] (0.78ns)   --->   "%sub_ln61_18 = sub i10 0, i10 %trunc_ln61_18" [C:/AMDDesignTools/2025.2/Vitis/tps/mingw/8.3.0/win64.o/nt\lib\gcc\x86_64-w64-mingw32\8.3.0\include\c++\bits/std_abs.h:61->C:/pcam5/prj/sol/.autopilot/db/v_demosaic.cpp:478]   --->   Operation 474 'sub' 'sub_ln61_18' <Predicate = (icmp_ln439)> <Delay = 0.78> <CoreInst = "Adder">   --->   Core 1 'Adder' <Latency = 0> <II = 1> <Delay = 0.78> <FuncUnit> <Opcode : 'add' 'sub'> <InPorts = 2> <OutPorts = 1>
ST_4 : Operation 475 [1/1] (0.00ns) (grouped into LUT with out node add_ln478)   --->   "%select_ln61_10 = select i1 %tmp_39, i10 %sub_ln61_18, i10 %trunc_ln61_18" [C:/AMDDesignTools/2025.2/Vitis/tps/mingw/8.3.0/win64.o/nt\lib\gcc\x86_64-w64-mingw32\8.3.0\include\c++\bits/std_abs.h:61->C:/pcam5/prj/sol/.autopilot/db/v_demosaic.cpp:478]   --->   Operation 475 'select' 'select_ln61_10' <Predicate = (icmp_ln439)> <Delay = 0.00> <CoreInst = "Sel">   --->   Core 73 'Sel' <Latency = 0> <II = 1> <Delay = 0.40> <FuncUnit> <Opcode : 'select'> <InPorts = 3> <OutPorts = 1>
ST_4 : Operation 476 [1/1] (0.00ns) (grouped into LUT with out node add_ln478)   --->   "%zext_ln478_2 = zext i10 %select_ln61_10" [C:/pcam5/prj/sol/.autopilot/db/v_demosaic.cpp:478]   --->   Operation 476 'zext' 'zext_ln478_2' <Predicate = (icmp_ln439)> <Delay = 0.00>
ST_4 : Operation 477 [1/1] (0.78ns)   --->   "%sub_ln478_3 = sub i11 %sext_ln466_2, i11 %sext_ln478" [C:/pcam5/prj/sol/.autopilot/db/v_demosaic.cpp:478]   --->   Operation 477 'sub' 'sub_ln478_3' <Predicate = (icmp_ln439)> <Delay = 0.78> <CoreInst = "Adder">   --->   Core 1 'Adder' <Latency = 0> <II = 1> <Delay = 0.79> <FuncUnit> <Opcode : 'add' 'sub'> <InPorts = 2> <OutPorts = 1>
ST_4 : Operation 478 [1/1] (0.00ns) (grouped into LUT with out node add_ln478)   --->   "%sext_ln61_11 = sext i11 %sub_ln478_3" [C:/AMDDesignTools/2025.2/Vitis/tps/mingw/8.3.0/win64.o/nt\lib\gcc\x86_64-w64-mingw32\8.3.0\include\c++\bits/std_abs.h:61->C:/pcam5/prj/sol/.autopilot/db/v_demosaic.cpp:478]   --->   Operation 478 'sext' 'sext_ln61_11' <Predicate = (icmp_ln439)> <Delay = 0.00>
ST_4 : Operation 479 [1/1] (0.00ns)   --->   "%trunc_ln61_19 = trunc i11 %sub_ln478_3" [C:/AMDDesignTools/2025.2/Vitis/tps/mingw/8.3.0/win64.o/nt\lib\gcc\x86_64-w64-mingw32\8.3.0\include\c++\bits/std_abs.h:61->C:/pcam5/prj/sol/.autopilot/db/v_demosaic.cpp:478]   --->   Operation 479 'trunc' 'trunc_ln61_19' <Predicate = (icmp_ln439)> <Delay = 0.00>
ST_4 : Operation 480 [1/1] (0.00ns) (grouped into LUT with out node add_ln478)   --->   "%tmp_40 = bitselect i1 @_ssdm_op_BitSelect.i1.i12.i32, i12 %sext_ln61_11, i32 11" [C:/AMDDesignTools/2025.2/Vitis/tps/mingw/8.3.0/win64.o/nt\lib\gcc\x86_64-w64-mingw32\8.3.0\include\c++\bits/std_abs.h:61->C:/pcam5/prj/sol/.autopilot/db/v_demosaic.cpp:478]   --->   Operation 480 'bitselect' 'tmp_40' <Predicate = (icmp_ln439)> <Delay = 0.00>
ST_4 : Operation 481 [1/1] (0.78ns)   --->   "%sub_ln61_19 = sub i10 0, i10 %trunc_ln61_19" [C:/AMDDesignTools/2025.2/Vitis/tps/mingw/8.3.0/win64.o/nt\lib\gcc\x86_64-w64-mingw32\8.3.0\include\c++\bits/std_abs.h:61->C:/pcam5/prj/sol/.autopilot/db/v_demosaic.cpp:478]   --->   Operation 481 'sub' 'sub_ln61_19' <Predicate = (icmp_ln439)> <Delay = 0.78> <CoreInst = "Adder">   --->   Core 1 'Adder' <Latency = 0> <II = 1> <Delay = 0.78> <FuncUnit> <Opcode : 'add' 'sub'> <InPorts = 2> <OutPorts = 1>
ST_4 : Operation 482 [1/1] (0.00ns) (grouped into LUT with out node add_ln478)   --->   "%select_ln61_11 = select i1 %tmp_40, i10 %sub_ln61_19, i10 %trunc_ln61_19" [C:/AMDDesignTools/2025.2/Vitis/tps/mingw/8.3.0/win64.o/nt\lib\gcc\x86_64-w64-mingw32\8.3.0\include\c++\bits/std_abs.h:61->C:/pcam5/prj/sol/.autopilot/db/v_demosaic.cpp:478]   --->   Operation 482 'select' 'select_ln61_11' <Predicate = (icmp_ln439)> <Delay = 0.00> <CoreInst = "Sel">   --->   Core 73 'Sel' <Latency = 0> <II = 1> <Delay = 0.40> <FuncUnit> <Opcode : 'select'> <InPorts = 3> <OutPorts = 1>
ST_4 : Operation 483 [1/1] (0.00ns) (grouped into LUT with out node add_ln478)   --->   "%zext_ln478_3 = zext i10 %select_ln61_11" [C:/pcam5/prj/sol/.autopilot/db/v_demosaic.cpp:478]   --->   Operation 483 'zext' 'zext_ln478_3' <Predicate = (icmp_ln439)> <Delay = 0.00>
ST_4 : Operation 484 [1/1] (0.78ns) (out node of the LUT)   --->   "%add_ln478 = add i11 %zext_ln478_3, i11 %zext_ln478_2" [C:/pcam5/prj/sol/.autopilot/db/v_demosaic.cpp:478]   --->   Operation 484 'add' 'add_ln478' <Predicate = (icmp_ln439)> <Delay = 0.78> <CoreInst = "Adder">   --->   Core 1 'Adder' <Latency = 0> <II = 1> <Delay = 0.79> <FuncUnit> <Opcode : 'add' 'sub'> <InPorts = 2> <OutPorts = 1>
ST_4 : Operation 485 [1/1] (0.00ns)   --->   "%zext_ln478_4 = zext i11 %add_ln478" [C:/pcam5/prj/sol/.autopilot/db/v_demosaic.cpp:478]   --->   Operation 485 'zext' 'zext_ln478_4' <Predicate = (icmp_ln439)> <Delay = 0.00>
ST_4 : Operation 486 [1/1] (0.78ns) (out node of the LUT)   --->   "%add_ln478_1 = add i11 %zext_ln478_1, i11 %zext_ln478" [C:/pcam5/prj/sol/.autopilot/db/v_demosaic.cpp:478]   --->   Operation 486 'add' 'add_ln478_1' <Predicate = (icmp_ln439)> <Delay = 0.78> <CoreInst = "Adder">   --->   Core 1 'Adder' <Latency = 0> <II = 1> <Delay = 0.79> <FuncUnit> <Opcode : 'add' 'sub'> <InPorts = 2> <OutPorts = 1>
ST_4 : Operation 487 [1/1] (0.00ns)   --->   "%zext_ln478_5 = zext i11 %add_ln478_1" [C:/pcam5/prj/sol/.autopilot/db/v_demosaic.cpp:478]   --->   Operation 487 'zext' 'zext_ln478_5' <Predicate = (icmp_ln439)> <Delay = 0.00>
ST_4 : Operation 488 [1/1] (0.79ns)   --->   "%add_ln478_2 = add i12 %zext_ln478_5, i12 %zext_ln478_4" [C:/pcam5/prj/sol/.autopilot/db/v_demosaic.cpp:478]   --->   Operation 488 'add' 'add_ln478_2' <Predicate = (icmp_ln439)> <Delay = 0.79> <CoreInst = "Adder">   --->   Core 1 'Adder' <Latency = 0> <II = 1> <Delay = 0.80> <FuncUnit> <Opcode : 'add' 'sub'> <InPorts = 2> <OutPorts = 1>
ST_4 : Operation 489 [1/1] (0.00ns)   --->   "%var_2 = partselect i11 @_ssdm_op_PartSelect.i11.i12.i32.i32, i12 %add_ln478_2, i32 1, i32 11" [C:/pcam5/prj/sol/.autopilot/db/v_demosaic.cpp:478]   --->   Operation 489 'partselect' 'var_2' <Predicate = (icmp_ln439)> <Delay = 0.00>
ST_4 : Operation 490 [1/1] (0.00ns)   --->   "%sext_ln479 = sext i10 %mean_3" [C:/pcam5/prj/sol/.autopilot/db/v_demosaic.cpp:479]   --->   Operation 490 'sext' 'sext_ln479' <Predicate = (icmp_ln439)> <Delay = 0.00>
ST_4 : Operation 491 [1/1] (0.78ns)   --->   "%sub_ln479 = sub i11 %sext_ln465_1, i11 %sext_ln479" [C:/pcam5/prj/sol/.autopilot/db/v_demosaic.cpp:479]   --->   Operation 491 'sub' 'sub_ln479' <Predicate = (icmp_ln439)> <Delay = 0.78> <CoreInst = "Adder">   --->   Core 1 'Adder' <Latency = 0> <II = 1> <Delay = 0.79> <FuncUnit> <Opcode : 'add' 'sub'> <InPorts = 2> <OutPorts = 1>
ST_4 : Operation 492 [1/1] (0.00ns) (grouped into LUT with out node add_ln479_1)   --->   "%sext_ln61_12 = sext i11 %sub_ln479" [C:/AMDDesignTools/2025.2/Vitis/tps/mingw/8.3.0/win64.o/nt\lib\gcc\x86_64-w64-mingw32\8.3.0\include\c++\bits/std_abs.h:61->C:/pcam5/prj/sol/.autopilot/db/v_demosaic.cpp:479]   --->   Operation 492 'sext' 'sext_ln61_12' <Predicate = (icmp_ln439)> <Delay = 0.00>
ST_4 : Operation 493 [1/1] (0.00ns)   --->   "%trunc_ln61_20 = trunc i11 %sub_ln479" [C:/AMDDesignTools/2025.2/Vitis/tps/mingw/8.3.0/win64.o/nt\lib\gcc\x86_64-w64-mingw32\8.3.0\include\c++\bits/std_abs.h:61->C:/pcam5/prj/sol/.autopilot/db/v_demosaic.cpp:479]   --->   Operation 493 'trunc' 'trunc_ln61_20' <Predicate = (icmp_ln439)> <Delay = 0.00>
ST_4 : Operation 494 [1/1] (0.00ns) (grouped into LUT with out node add_ln479_1)   --->   "%tmp_41 = bitselect i1 @_ssdm_op_BitSelect.i1.i12.i32, i12 %sext_ln61_12, i32 11" [C:/AMDDesignTools/2025.2/Vitis/tps/mingw/8.3.0/win64.o/nt\lib\gcc\x86_64-w64-mingw32\8.3.0\include\c++\bits/std_abs.h:61->C:/pcam5/prj/sol/.autopilot/db/v_demosaic.cpp:479]   --->   Operation 494 'bitselect' 'tmp_41' <Predicate = (icmp_ln439)> <Delay = 0.00>
ST_4 : Operation 495 [1/1] (0.78ns)   --->   "%sub_ln61_20 = sub i10 0, i10 %trunc_ln61_20" [C:/AMDDesignTools/2025.2/Vitis/tps/mingw/8.3.0/win64.o/nt\lib\gcc\x86_64-w64-mingw32\8.3.0\include\c++\bits/std_abs.h:61->C:/pcam5/prj/sol/.autopilot/db/v_demosaic.cpp:479]   --->   Operation 495 'sub' 'sub_ln61_20' <Predicate = (icmp_ln439)> <Delay = 0.78> <CoreInst = "Adder">   --->   Core 1 'Adder' <Latency = 0> <II = 1> <Delay = 0.78> <FuncUnit> <Opcode : 'add' 'sub'> <InPorts = 2> <OutPorts = 1>
ST_4 : Operation 496 [1/1] (0.00ns) (grouped into LUT with out node add_ln479_1)   --->   "%select_ln61_12 = select i1 %tmp_41, i10 %sub_ln61_20, i10 %trunc_ln61_20" [C:/AMDDesignTools/2025.2/Vitis/tps/mingw/8.3.0/win64.o/nt\lib\gcc\x86_64-w64-mingw32\8.3.0\include\c++\bits/std_abs.h:61->C:/pcam5/prj/sol/.autopilot/db/v_demosaic.cpp:479]   --->   Operation 496 'select' 'select_ln61_12' <Predicate = (icmp_ln439)> <Delay = 0.00> <CoreInst = "Sel">   --->   Core 73 'Sel' <Latency = 0> <II = 1> <Delay = 0.40> <FuncUnit> <Opcode : 'select'> <InPorts = 3> <OutPorts = 1>
ST_4 : Operation 497 [1/1] (0.00ns) (grouped into LUT with out node add_ln479_1)   --->   "%zext_ln479 = zext i10 %select_ln61_12" [C:/pcam5/prj/sol/.autopilot/db/v_demosaic.cpp:479]   --->   Operation 497 'zext' 'zext_ln479' <Predicate = (icmp_ln439)> <Delay = 0.00>
ST_4 : Operation 498 [1/1] (0.78ns)   --->   "%sub_ln479_1 = sub i11 %sext_ln465_3, i11 %sext_ln479" [C:/pcam5/prj/sol/.autopilot/db/v_demosaic.cpp:479]   --->   Operation 498 'sub' 'sub_ln479_1' <Predicate = (icmp_ln439)> <Delay = 0.78> <CoreInst = "Adder">   --->   Core 1 'Adder' <Latency = 0> <II = 1> <Delay = 0.79> <FuncUnit> <Opcode : 'add' 'sub'> <InPorts = 2> <OutPorts = 1>
ST_4 : Operation 499 [1/1] (0.00ns) (grouped into LUT with out node add_ln479_1)   --->   "%sext_ln61_13 = sext i11 %sub_ln479_1" [C:/AMDDesignTools/2025.2/Vitis/tps/mingw/8.3.0/win64.o/nt\lib\gcc\x86_64-w64-mingw32\8.3.0\include\c++\bits/std_abs.h:61->C:/pcam5/prj/sol/.autopilot/db/v_demosaic.cpp:479]   --->   Operation 499 'sext' 'sext_ln61_13' <Predicate = (icmp_ln439)> <Delay = 0.00>
ST_4 : Operation 500 [1/1] (0.00ns)   --->   "%trunc_ln61_21 = trunc i11 %sub_ln479_1" [C:/AMDDesignTools/2025.2/Vitis/tps/mingw/8.3.0/win64.o/nt\lib\gcc\x86_64-w64-mingw32\8.3.0\include\c++\bits/std_abs.h:61->C:/pcam5/prj/sol/.autopilot/db/v_demosaic.cpp:479]   --->   Operation 500 'trunc' 'trunc_ln61_21' <Predicate = (icmp_ln439)> <Delay = 0.00>
ST_4 : Operation 501 [1/1] (0.00ns) (grouped into LUT with out node add_ln479_1)   --->   "%tmp_42 = bitselect i1 @_ssdm_op_BitSelect.i1.i12.i32, i12 %sext_ln61_13, i32 11" [C:/AMDDesignTools/2025.2/Vitis/tps/mingw/8.3.0/win64.o/nt\lib\gcc\x86_64-w64-mingw32\8.3.0\include\c++\bits/std_abs.h:61->C:/pcam5/prj/sol/.autopilot/db/v_demosaic.cpp:479]   --->   Operation 501 'bitselect' 'tmp_42' <Predicate = (icmp_ln439)> <Delay = 0.00>
ST_4 : Operation 502 [1/1] (0.78ns)   --->   "%sub_ln61_21 = sub i10 0, i10 %trunc_ln61_21" [C:/AMDDesignTools/2025.2/Vitis/tps/mingw/8.3.0/win64.o/nt\lib\gcc\x86_64-w64-mingw32\8.3.0\include\c++\bits/std_abs.h:61->C:/pcam5/prj/sol/.autopilot/db/v_demosaic.cpp:479]   --->   Operation 502 'sub' 'sub_ln61_21' <Predicate = (icmp_ln439)> <Delay = 0.78> <CoreInst = "Adder">   --->   Core 1 'Adder' <Latency = 0> <II = 1> <Delay = 0.78> <FuncUnit> <Opcode : 'add' 'sub'> <InPorts = 2> <OutPorts = 1>
ST_4 : Operation 503 [1/1] (0.00ns) (grouped into LUT with out node add_ln479_1)   --->   "%select_ln61_13 = select i1 %tmp_42, i10 %sub_ln61_21, i10 %trunc_ln61_21" [C:/AMDDesignTools/2025.2/Vitis/tps/mingw/8.3.0/win64.o/nt\lib\gcc\x86_64-w64-mingw32\8.3.0\include\c++\bits/std_abs.h:61->C:/pcam5/prj/sol/.autopilot/db/v_demosaic.cpp:479]   --->   Operation 503 'select' 'select_ln61_13' <Predicate = (icmp_ln439)> <Delay = 0.00> <CoreInst = "Sel">   --->   Core 73 'Sel' <Latency = 0> <II = 1> <Delay = 0.40> <FuncUnit> <Opcode : 'select'> <InPorts = 3> <OutPorts = 1>
ST_4 : Operation 504 [1/1] (0.00ns) (grouped into LUT with out node add_ln479_1)   --->   "%zext_ln479_1 = zext i10 %select_ln61_13" [C:/pcam5/prj/sol/.autopilot/db/v_demosaic.cpp:479]   --->   Operation 504 'zext' 'zext_ln479_1' <Predicate = (icmp_ln439)> <Delay = 0.00>
ST_4 : Operation 505 [1/1] (0.78ns)   --->   "%sub_ln479_2 = sub i11 %sext_ln468, i11 %sext_ln479" [C:/pcam5/prj/sol/.autopilot/db/v_demosaic.cpp:479]   --->   Operation 505 'sub' 'sub_ln479_2' <Predicate = (icmp_ln439)> <Delay = 0.78> <CoreInst = "Adder">   --->   Core 1 'Adder' <Latency = 0> <II = 1> <Delay = 0.79> <FuncUnit> <Opcode : 'add' 'sub'> <InPorts = 2> <OutPorts = 1>
ST_4 : Operation 506 [1/1] (0.00ns) (grouped into LUT with out node add_ln479)   --->   "%sext_ln61_14 = sext i11 %sub_ln479_2" [C:/AMDDesignTools/2025.2/Vitis/tps/mingw/8.3.0/win64.o/nt\lib\gcc\x86_64-w64-mingw32\8.3.0\include\c++\bits/std_abs.h:61->C:/pcam5/prj/sol/.autopilot/db/v_demosaic.cpp:479]   --->   Operation 506 'sext' 'sext_ln61_14' <Predicate = (icmp_ln439)> <Delay = 0.00>
ST_4 : Operation 507 [1/1] (0.00ns)   --->   "%trunc_ln61_22 = trunc i11 %sub_ln479_2" [C:/AMDDesignTools/2025.2/Vitis/tps/mingw/8.3.0/win64.o/nt\lib\gcc\x86_64-w64-mingw32\8.3.0\include\c++\bits/std_abs.h:61->C:/pcam5/prj/sol/.autopilot/db/v_demosaic.cpp:479]   --->   Operation 507 'trunc' 'trunc_ln61_22' <Predicate = (icmp_ln439)> <Delay = 0.00>
ST_4 : Operation 508 [1/1] (0.00ns) (grouped into LUT with out node add_ln479)   --->   "%tmp_43 = bitselect i1 @_ssdm_op_BitSelect.i1.i12.i32, i12 %sext_ln61_14, i32 11" [C:/AMDDesignTools/2025.2/Vitis/tps/mingw/8.3.0/win64.o/nt\lib\gcc\x86_64-w64-mingw32\8.3.0\include\c++\bits/std_abs.h:61->C:/pcam5/prj/sol/.autopilot/db/v_demosaic.cpp:479]   --->   Operation 508 'bitselect' 'tmp_43' <Predicate = (icmp_ln439)> <Delay = 0.00>
ST_4 : Operation 509 [1/1] (0.78ns)   --->   "%sub_ln61_22 = sub i10 0, i10 %trunc_ln61_22" [C:/AMDDesignTools/2025.2/Vitis/tps/mingw/8.3.0/win64.o/nt\lib\gcc\x86_64-w64-mingw32\8.3.0\include\c++\bits/std_abs.h:61->C:/pcam5/prj/sol/.autopilot/db/v_demosaic.cpp:479]   --->   Operation 509 'sub' 'sub_ln61_22' <Predicate = (icmp_ln439)> <Delay = 0.78> <CoreInst = "Adder">   --->   Core 1 'Adder' <Latency = 0> <II = 1> <Delay = 0.78> <FuncUnit> <Opcode : 'add' 'sub'> <InPorts = 2> <OutPorts = 1>
ST_4 : Operation 510 [1/1] (0.00ns) (grouped into LUT with out node add_ln479)   --->   "%select_ln61_14 = select i1 %tmp_43, i10 %sub_ln61_22, i10 %trunc_ln61_22" [C:/AMDDesignTools/2025.2/Vitis/tps/mingw/8.3.0/win64.o/nt\lib\gcc\x86_64-w64-mingw32\8.3.0\include\c++\bits/std_abs.h:61->C:/pcam5/prj/sol/.autopilot/db/v_demosaic.cpp:479]   --->   Operation 510 'select' 'select_ln61_14' <Predicate = (icmp_ln439)> <Delay = 0.00> <CoreInst = "Sel">   --->   Core 73 'Sel' <Latency = 0> <II = 1> <Delay = 0.40> <FuncUnit> <Opcode : 'select'> <InPorts = 3> <OutPorts = 1>
ST_4 : Operation 511 [1/1] (0.00ns) (grouped into LUT with out node add_ln479)   --->   "%zext_ln479_2 = zext i10 %select_ln61_14" [C:/pcam5/prj/sol/.autopilot/db/v_demosaic.cpp:479]   --->   Operation 511 'zext' 'zext_ln479_2' <Predicate = (icmp_ln439)> <Delay = 0.00>
ST_4 : Operation 512 [1/1] (0.78ns)   --->   "%sub_ln479_3 = sub i11 %sext_ln468_1, i11 %sext_ln479" [C:/pcam5/prj/sol/.autopilot/db/v_demosaic.cpp:479]   --->   Operation 512 'sub' 'sub_ln479_3' <Predicate = (icmp_ln439)> <Delay = 0.78> <CoreInst = "Adder">   --->   Core 1 'Adder' <Latency = 0> <II = 1> <Delay = 0.79> <FuncUnit> <Opcode : 'add' 'sub'> <InPorts = 2> <OutPorts = 1>
ST_4 : Operation 513 [1/1] (0.00ns) (grouped into LUT with out node add_ln479)   --->   "%sext_ln61_15 = sext i11 %sub_ln479_3" [C:/AMDDesignTools/2025.2/Vitis/tps/mingw/8.3.0/win64.o/nt\lib\gcc\x86_64-w64-mingw32\8.3.0\include\c++\bits/std_abs.h:61->C:/pcam5/prj/sol/.autopilot/db/v_demosaic.cpp:479]   --->   Operation 513 'sext' 'sext_ln61_15' <Predicate = (icmp_ln439)> <Delay = 0.00>
ST_4 : Operation 514 [1/1] (0.00ns)   --->   "%trunc_ln61_23 = trunc i11 %sub_ln479_3" [C:/AMDDesignTools/2025.2/Vitis/tps/mingw/8.3.0/win64.o/nt\lib\gcc\x86_64-w64-mingw32\8.3.0\include\c++\bits/std_abs.h:61->C:/pcam5/prj/sol/.autopilot/db/v_demosaic.cpp:479]   --->   Operation 514 'trunc' 'trunc_ln61_23' <Predicate = (icmp_ln439)> <Delay = 0.00>
ST_4 : Operation 515 [1/1] (0.00ns) (grouped into LUT with out node add_ln479)   --->   "%tmp_44 = bitselect i1 @_ssdm_op_BitSelect.i1.i12.i32, i12 %sext_ln61_15, i32 11" [C:/AMDDesignTools/2025.2/Vitis/tps/mingw/8.3.0/win64.o/nt\lib\gcc\x86_64-w64-mingw32\8.3.0\include\c++\bits/std_abs.h:61->C:/pcam5/prj/sol/.autopilot/db/v_demosaic.cpp:479]   --->   Operation 515 'bitselect' 'tmp_44' <Predicate = (icmp_ln439)> <Delay = 0.00>
ST_4 : Operation 516 [1/1] (0.78ns)   --->   "%sub_ln61_23 = sub i10 0, i10 %trunc_ln61_23" [C:/AMDDesignTools/2025.2/Vitis/tps/mingw/8.3.0/win64.o/nt\lib\gcc\x86_64-w64-mingw32\8.3.0\include\c++\bits/std_abs.h:61->C:/pcam5/prj/sol/.autopilot/db/v_demosaic.cpp:479]   --->   Operation 516 'sub' 'sub_ln61_23' <Predicate = (icmp_ln439)> <Delay = 0.78> <CoreInst = "Adder">   --->   Core 1 'Adder' <Latency = 0> <II = 1> <Delay = 0.78> <FuncUnit> <Opcode : 'add' 'sub'> <InPorts = 2> <OutPorts = 1>
ST_4 : Operation 517 [1/1] (0.00ns) (grouped into LUT with out node add_ln479)   --->   "%select_ln61_15 = select i1 %tmp_44, i10 %sub_ln61_23, i10 %trunc_ln61_23" [C:/AMDDesignTools/2025.2/Vitis/tps/mingw/8.3.0/win64.o/nt\lib\gcc\x86_64-w64-mingw32\8.3.0\include\c++\bits/std_abs.h:61->C:/pcam5/prj/sol/.autopilot/db/v_demosaic.cpp:479]   --->   Operation 517 'select' 'select_ln61_15' <Predicate = (icmp_ln439)> <Delay = 0.00> <CoreInst = "Sel">   --->   Core 73 'Sel' <Latency = 0> <II = 1> <Delay = 0.40> <FuncUnit> <Opcode : 'select'> <InPorts = 3> <OutPorts = 1>
ST_4 : Operation 518 [1/1] (0.00ns) (grouped into LUT with out node add_ln479)   --->   "%zext_ln479_3 = zext i10 %select_ln61_15" [C:/pcam5/prj/sol/.autopilot/db/v_demosaic.cpp:479]   --->   Operation 518 'zext' 'zext_ln479_3' <Predicate = (icmp_ln439)> <Delay = 0.00>
ST_4 : Operation 519 [1/1] (0.78ns) (out node of the LUT)   --->   "%add_ln479 = add i11 %zext_ln479_3, i11 %zext_ln479_2" [C:/pcam5/prj/sol/.autopilot/db/v_demosaic.cpp:479]   --->   Operation 519 'add' 'add_ln479' <Predicate = (icmp_ln439)> <Delay = 0.78> <CoreInst = "Adder">   --->   Core 1 'Adder' <Latency = 0> <II = 1> <Delay = 0.79> <FuncUnit> <Opcode : 'add' 'sub'> <InPorts = 2> <OutPorts = 1>
ST_4 : Operation 520 [1/1] (0.00ns)   --->   "%zext_ln479_4 = zext i11 %add_ln479" [C:/pcam5/prj/sol/.autopilot/db/v_demosaic.cpp:479]   --->   Operation 520 'zext' 'zext_ln479_4' <Predicate = (icmp_ln439)> <Delay = 0.00>
ST_4 : Operation 521 [1/1] (0.78ns) (out node of the LUT)   --->   "%add_ln479_1 = add i11 %zext_ln479_1, i11 %zext_ln479" [C:/pcam5/prj/sol/.autopilot/db/v_demosaic.cpp:479]   --->   Operation 521 'add' 'add_ln479_1' <Predicate = (icmp_ln439)> <Delay = 0.78> <CoreInst = "Adder">   --->   Core 1 'Adder' <Latency = 0> <II = 1> <Delay = 0.79> <FuncUnit> <Opcode : 'add' 'sub'> <InPorts = 2> <OutPorts = 1>
ST_4 : Operation 522 [1/1] (0.00ns)   --->   "%zext_ln479_5 = zext i11 %add_ln479_1" [C:/pcam5/prj/sol/.autopilot/db/v_demosaic.cpp:479]   --->   Operation 522 'zext' 'zext_ln479_5' <Predicate = (icmp_ln439)> <Delay = 0.00>
ST_4 : Operation 523 [1/1] (0.79ns)   --->   "%add_ln479_2 = add i12 %zext_ln479_5, i12 %zext_ln479_4" [C:/pcam5/prj/sol/.autopilot/db/v_demosaic.cpp:479]   --->   Operation 523 'add' 'add_ln479_2' <Predicate = (icmp_ln439)> <Delay = 0.79> <CoreInst = "Adder">   --->   Core 1 'Adder' <Latency = 0> <II = 1> <Delay = 0.80> <FuncUnit> <Opcode : 'add' 'sub'> <InPorts = 2> <OutPorts = 1>
ST_4 : Operation 524 [1/1] (0.00ns)   --->   "%var_3 = partselect i11 @_ssdm_op_PartSelect.i11.i12.i32.i32, i12 %add_ln479_2, i32 1, i32 11" [C:/pcam5/prj/sol/.autopilot/db/v_demosaic.cpp:479]   --->   Operation 524 'partselect' 'var_3' <Predicate = (icmp_ln439)> <Delay = 0.00>

State 5 <SV = 4> <Delay = 2.80>
ST_5 : Operation 525 [1/1] (0.00ns)   --->   "%zext_ln483_2 = zext i8 %SD" [C:/pcam5/prj/sol/.autopilot/db/v_demosaic.cpp:483]   --->   Operation 525 'zext' 'zext_ln483_2' <Predicate = (icmp_ln439)> <Delay = 0.00>
ST_5 : Operation 526 [1/1] (0.00ns)   --->   "%zext_ln484_2 = zext i8 %SD_1" [C:/pcam5/prj/sol/.autopilot/db/v_demosaic.cpp:484]   --->   Operation 526 'zext' 'zext_ln484_2' <Predicate = (icmp_ln439)> <Delay = 0.00>
ST_5 : Operation 527 [1/1] (0.76ns)   --->   "%add_ln492 = add i9 %zext_ln483_2, i9 1" [C:/pcam5/prj/sol/.autopilot/db/v_demosaic.cpp:492]   --->   Operation 527 'add' 'add_ln492' <Predicate = (icmp_ln439)> <Delay = 0.76> <CoreInst = "Adder">   --->   Core 1 'Adder' <Latency = 0> <II = 1> <Delay = 0.77> <FuncUnit> <Opcode : 'add' 'sub'> <InPorts = 2> <OutPorts = 1>
ST_5 : Operation 528 [1/1] (0.00ns)   --->   "%zext_ln492 = zext i9 %add_ln492" [C:/pcam5/prj/sol/.autopilot/db/v_demosaic.cpp:492]   --->   Operation 528 'zext' 'zext_ln492' <Predicate = (icmp_ln439)> <Delay = 0.00>
ST_5 : Operation 529 [1/1] (0.79ns)   --->   "%add_ln492_1 = add i11 %zext_ln492, i11 %var" [C:/pcam5/prj/sol/.autopilot/db/v_demosaic.cpp:492]   --->   Operation 529 'add' 'add_ln492_1' <Predicate = (icmp_ln439)> <Delay = 0.79> <CoreInst = "Adder">   --->   Core 1 'Adder' <Latency = 0> <II = 1> <Delay = 0.79> <FuncUnit> <Opcode : 'add' 'sub'> <InPorts = 2> <OutPorts = 1>
ST_5 : Operation 530 [1/1] (0.00ns)   --->   "%lshr_ln = partselect i10 @_ssdm_op_PartSelect.i10.i11.i32.i32, i11 %add_ln492_1, i32 1, i32 10" [C:/pcam5/prj/sol/.autopilot/db/v_demosaic.cpp:492]   --->   Operation 530 'partselect' 'lshr_ln' <Predicate = (icmp_ln439)> <Delay = 0.00>
ST_5 : Operation 531 [1/1] (0.00ns)   --->   "%zext_ln493 = zext i10 %lshr_ln" [C:/pcam5/prj/sol/.autopilot/db/v_demosaic.cpp:493]   --->   Operation 531 'zext' 'zext_ln493' <Predicate = (icmp_ln439)> <Delay = 0.00>
ST_5 : Operation 532 [1/1] (0.00ns)   --->   "%DIV1_TABLE_addr = getelementptr i10 %DIV1_TABLE, i64 0, i64 %zext_ln493" [C:/pcam5/prj/sol/.autopilot/db/v_demosaic.cpp:493]   --->   Operation 532 'getelementptr' 'DIV1_TABLE_addr' <Predicate = (icmp_ln439)> <Delay = 0.00>
ST_5 : Operation 533 [2/2] (1.23ns)   --->   "%DIV1_TABLE_load = load i10 %DIV1_TABLE_addr" [C:/pcam5/prj/sol/.autopilot/db/v_demosaic.cpp:493]   --->   Operation 533 'load' 'DIV1_TABLE_load' <Predicate = (icmp_ln439)> <Delay = 1.23> <CoreInst = "ROM">   --->   Core 100 'ROM' <Latency = 1> <II = 1> <Delay = 1.23> <Storage> <Opcode : 'load'> <Ports = 0> <Width = 10> <Depth = 1024> <ROM>
ST_5 : Operation 534 [1/1] (0.76ns)   --->   "%add_ln492_2 = add i9 %zext_ln484_2, i9 1" [C:/pcam5/prj/sol/.autopilot/db/v_demosaic.cpp:492]   --->   Operation 534 'add' 'add_ln492_2' <Predicate = (icmp_ln439)> <Delay = 0.76> <CoreInst = "Adder">   --->   Core 1 'Adder' <Latency = 0> <II = 1> <Delay = 0.77> <FuncUnit> <Opcode : 'add' 'sub'> <InPorts = 2> <OutPorts = 1>
ST_5 : Operation 535 [1/1] (0.00ns)   --->   "%zext_ln492_1 = zext i9 %add_ln492_2" [C:/pcam5/prj/sol/.autopilot/db/v_demosaic.cpp:492]   --->   Operation 535 'zext' 'zext_ln492_1' <Predicate = (icmp_ln439)> <Delay = 0.00>
ST_5 : Operation 536 [1/1] (0.79ns)   --->   "%add_ln492_3 = add i11 %zext_ln492_1, i11 %var_1" [C:/pcam5/prj/sol/.autopilot/db/v_demosaic.cpp:492]   --->   Operation 536 'add' 'add_ln492_3' <Predicate = (icmp_ln439)> <Delay = 0.79> <CoreInst = "Adder">   --->   Core 1 'Adder' <Latency = 0> <II = 1> <Delay = 0.79> <FuncUnit> <Opcode : 'add' 'sub'> <InPorts = 2> <OutPorts = 1>
ST_5 : Operation 537 [1/1] (0.00ns)   --->   "%lshr_ln492_1 = partselect i10 @_ssdm_op_PartSelect.i10.i11.i32.i32, i11 %add_ln492_3, i32 1, i32 10" [C:/pcam5/prj/sol/.autopilot/db/v_demosaic.cpp:492]   --->   Operation 537 'partselect' 'lshr_ln492_1' <Predicate = (icmp_ln439)> <Delay = 0.00>
ST_5 : Operation 538 [1/1] (0.00ns)   --->   "%zext_ln493_1 = zext i10 %lshr_ln492_1" [C:/pcam5/prj/sol/.autopilot/db/v_demosaic.cpp:493]   --->   Operation 538 'zext' 'zext_ln493_1' <Predicate = (icmp_ln439)> <Delay = 0.00>
ST_5 : Operation 539 [1/1] (0.00ns)   --->   "%DIV1_TABLE_addr_1 = getelementptr i10 %DIV1_TABLE, i64 0, i64 %zext_ln493_1" [C:/pcam5/prj/sol/.autopilot/db/v_demosaic.cpp:493]   --->   Operation 539 'getelementptr' 'DIV1_TABLE_addr_1' <Predicate = (icmp_ln439)> <Delay = 0.00>
ST_5 : Operation 540 [2/2] (1.23ns)   --->   "%DIV1_TABLE_load_1 = load i10 %DIV1_TABLE_addr_1" [C:/pcam5/prj/sol/.autopilot/db/v_demosaic.cpp:493]   --->   Operation 540 'load' 'DIV1_TABLE_load_1' <Predicate = (icmp_ln439)> <Delay = 1.23> <CoreInst = "ROM">   --->   Core 100 'ROM' <Latency = 1> <II = 1> <Delay = 1.23> <Storage> <Opcode : 'load'> <Ports = 0> <Width = 10> <Depth = 1024> <ROM>
ST_5 : Operation 541 [1/1] (0.79ns)   --->   "%add_ln492_4 = add i11 %zext_ln492_1, i11 %var_2" [C:/pcam5/prj/sol/.autopilot/db/v_demosaic.cpp:492]   --->   Operation 541 'add' 'add_ln492_4' <Predicate = (icmp_ln439)> <Delay = 0.79> <CoreInst = "Adder">   --->   Core 1 'Adder' <Latency = 0> <II = 1> <Delay = 0.79> <FuncUnit> <Opcode : 'add' 'sub'> <InPorts = 2> <OutPorts = 1>
ST_5 : Operation 542 [1/1] (0.00ns)   --->   "%lshr_ln492_2 = partselect i10 @_ssdm_op_PartSelect.i10.i11.i32.i32, i11 %add_ln492_4, i32 1, i32 10" [C:/pcam5/prj/sol/.autopilot/db/v_demosaic.cpp:492]   --->   Operation 542 'partselect' 'lshr_ln492_2' <Predicate = (icmp_ln439)> <Delay = 0.00>
ST_5 : Operation 543 [1/1] (0.00ns)   --->   "%zext_ln493_2 = zext i10 %lshr_ln492_2" [C:/pcam5/prj/sol/.autopilot/db/v_demosaic.cpp:493]   --->   Operation 543 'zext' 'zext_ln493_2' <Predicate = (icmp_ln439)> <Delay = 0.00>
ST_5 : Operation 544 [1/1] (0.00ns)   --->   "%DIV1_TABLE_addr_2 = getelementptr i10 %DIV1_TABLE, i64 0, i64 %zext_ln493_2" [C:/pcam5/prj/sol/.autopilot/db/v_demosaic.cpp:493]   --->   Operation 544 'getelementptr' 'DIV1_TABLE_addr_2' <Predicate = (icmp_ln439)> <Delay = 0.00>
ST_5 : Operation 545 [2/2] (1.23ns)   --->   "%DIV1_TABLE_load_2 = load i10 %DIV1_TABLE_addr_2" [C:/pcam5/prj/sol/.autopilot/db/v_demosaic.cpp:493]   --->   Operation 545 'load' 'DIV1_TABLE_load_2' <Predicate = (icmp_ln439)> <Delay = 1.23> <CoreInst = "ROM">   --->   Core 100 'ROM' <Latency = 1> <II = 1> <Delay = 1.23> <Storage> <Opcode : 'load'> <Ports = 0> <Width = 10> <Depth = 1024> <ROM>
ST_5 : Operation 546 [1/1] (0.79ns)   --->   "%add_ln492_5 = add i11 %zext_ln492, i11 %var_3" [C:/pcam5/prj/sol/.autopilot/db/v_demosaic.cpp:492]   --->   Operation 546 'add' 'add_ln492_5' <Predicate = (icmp_ln439)> <Delay = 0.79> <CoreInst = "Adder">   --->   Core 1 'Adder' <Latency = 0> <II = 1> <Delay = 0.79> <FuncUnit> <Opcode : 'add' 'sub'> <InPorts = 2> <OutPorts = 1>
ST_5 : Operation 547 [1/1] (0.00ns)   --->   "%lshr_ln492_3 = partselect i10 @_ssdm_op_PartSelect.i10.i11.i32.i32, i11 %add_ln492_5, i32 1, i32 10" [C:/pcam5/prj/sol/.autopilot/db/v_demosaic.cpp:492]   --->   Operation 547 'partselect' 'lshr_ln492_3' <Predicate = (icmp_ln439)> <Delay = 0.00>
ST_5 : Operation 548 [1/1] (0.00ns)   --->   "%zext_ln493_3 = zext i10 %lshr_ln492_3" [C:/pcam5/prj/sol/.autopilot/db/v_demosaic.cpp:493]   --->   Operation 548 'zext' 'zext_ln493_3' <Predicate = (icmp_ln439)> <Delay = 0.00>
ST_5 : Operation 549 [1/1] (0.00ns)   --->   "%DIV1_TABLE_addr_3 = getelementptr i10 %DIV1_TABLE, i64 0, i64 %zext_ln493_3" [C:/pcam5/prj/sol/.autopilot/db/v_demosaic.cpp:493]   --->   Operation 549 'getelementptr' 'DIV1_TABLE_addr_3' <Predicate = (icmp_ln439)> <Delay = 0.00>
ST_5 : Operation 550 [2/2] (1.23ns)   --->   "%DIV1_TABLE_load_3 = load i10 %DIV1_TABLE_addr_3" [C:/pcam5/prj/sol/.autopilot/db/v_demosaic.cpp:493]   --->   Operation 550 'load' 'DIV1_TABLE_load_3' <Predicate = (icmp_ln439)> <Delay = 1.23> <CoreInst = "ROM">   --->   Core 100 'ROM' <Latency = 1> <II = 1> <Delay = 1.23> <Storage> <Opcode : 'load'> <Ports = 0> <Width = 10> <Depth = 1024> <ROM>

State 6 <SV = 5> <Delay = 4.80>
ST_6 : Operation 551 [1/2] ( I:1.23ns O:1.23ns )   --->   "%DIV1_TABLE_load = load i10 %DIV1_TABLE_addr" [C:/pcam5/prj/sol/.autopilot/db/v_demosaic.cpp:493]   --->   Operation 551 'load' 'DIV1_TABLE_load' <Predicate = (icmp_ln439)> <Delay = 1.23> <CoreInst = "ROM">   --->   Core 100 'ROM' <Latency = 1> <II = 1> <Delay = 1.23> <Storage> <Opcode : 'load'> <Ports = 0> <Width = 10> <Depth = 1024> <ROM>
ST_6 : Operation 552 [1/1] (0.00ns)   --->   "%sw = partselect i9 @_ssdm_op_PartSelect.i9.i10.i32.i32, i10 %DIV1_TABLE_load, i32 1, i32 9" [C:/pcam5/prj/sol/.autopilot/db/v_demosaic.cpp:494]   --->   Operation 552 'partselect' 'sw' <Predicate = (icmp_ln439)> <Delay = 0.00>
ST_6 : Operation 553 [1/1] (0.00ns)   --->   "%zext_ln494 = zext i9 %sw" [C:/pcam5/prj/sol/.autopilot/db/v_demosaic.cpp:494]   --->   Operation 553 'zext' 'zext_ln494' <Predicate = (icmp_ln439)> <Delay = 0.00>
ST_6 : Operation 554 [1/2] ( I:1.23ns O:1.23ns )   --->   "%DIV1_TABLE_load_1 = load i10 %DIV1_TABLE_addr_1" [C:/pcam5/prj/sol/.autopilot/db/v_demosaic.cpp:493]   --->   Operation 554 'load' 'DIV1_TABLE_load_1' <Predicate = (icmp_ln439)> <Delay = 1.23> <CoreInst = "ROM">   --->   Core 100 'ROM' <Latency = 1> <II = 1> <Delay = 1.23> <Storage> <Opcode : 'load'> <Ports = 0> <Width = 10> <Depth = 1024> <ROM>
ST_6 : Operation 555 [1/1] (0.00ns)   --->   "%lshr_ln1 = partselect i8 @_ssdm_op_PartSelect.i8.i10.i32.i32, i10 %DIV1_TABLE_load_1, i32 2, i32 9" [C:/pcam5/prj/sol/.autopilot/db/v_demosaic.cpp:494]   --->   Operation 555 'partselect' 'lshr_ln1' <Predicate = (icmp_ln439)> <Delay = 0.00>
ST_6 : Operation 556 [1/1] (0.00ns)   --->   "%zext_ln492_2 = zext i8 %lshr_ln1" [C:/pcam5/prj/sol/.autopilot/db/v_demosaic.cpp:492]   --->   Operation 556 'zext' 'zext_ln492_2' <Predicate = (icmp_ln439)> <Delay = 0.00>
ST_6 : Operation 557 [1/2] ( I:1.23ns O:1.23ns )   --->   "%DIV1_TABLE_load_2 = load i10 %DIV1_TABLE_addr_2" [C:/pcam5/prj/sol/.autopilot/db/v_demosaic.cpp:493]   --->   Operation 557 'load' 'DIV1_TABLE_load_2' <Predicate = (icmp_ln439)> <Delay = 1.23> <CoreInst = "ROM">   --->   Core 100 'ROM' <Latency = 1> <II = 1> <Delay = 1.23> <Storage> <Opcode : 'load'> <Ports = 0> <Width = 10> <Depth = 1024> <ROM>
ST_6 : Operation 558 [1/1] (0.00ns)   --->   "%lshr_ln494_1 = partselect i8 @_ssdm_op_PartSelect.i8.i10.i32.i32, i10 %DIV1_TABLE_load_2, i32 2, i32 9" [C:/pcam5/prj/sol/.autopilot/db/v_demosaic.cpp:494]   --->   Operation 558 'partselect' 'lshr_ln494_1' <Predicate = (icmp_ln439)> <Delay = 0.00>
ST_6 : Operation 559 [1/1] (0.00ns)   --->   "%zext_ln492_3 = zext i8 %lshr_ln494_1" [C:/pcam5/prj/sol/.autopilot/db/v_demosaic.cpp:492]   --->   Operation 559 'zext' 'zext_ln492_3' <Predicate = (icmp_ln439)> <Delay = 0.00>
ST_6 : Operation 560 [1/2] ( I:1.23ns O:1.23ns )   --->   "%DIV1_TABLE_load_3 = load i10 %DIV1_TABLE_addr_3" [C:/pcam5/prj/sol/.autopilot/db/v_demosaic.cpp:493]   --->   Operation 560 'load' 'DIV1_TABLE_load_3' <Predicate = (icmp_ln439)> <Delay = 1.23> <CoreInst = "ROM">   --->   Core 100 'ROM' <Latency = 1> <II = 1> <Delay = 1.23> <Storage> <Opcode : 'load'> <Ports = 0> <Width = 10> <Depth = 1024> <ROM>
ST_6 : Operation 561 [1/1] (0.00ns)   --->   "%lshr_ln494_2 = partselect i9 @_ssdm_op_PartSelect.i9.i10.i32.i32, i10 %DIV1_TABLE_load_3, i32 1, i32 9" [C:/pcam5/prj/sol/.autopilot/db/v_demosaic.cpp:494]   --->   Operation 561 'partselect' 'lshr_ln494_2' <Predicate = (icmp_ln439)> <Delay = 0.00>
ST_6 : Operation 562 [1/1] (0.00ns)   --->   "%zext_ln495 = zext i9 %lshr_ln494_2" [C:/pcam5/prj/sol/.autopilot/db/v_demosaic.cpp:495]   --->   Operation 562 'zext' 'zext_ln495' <Predicate = (icmp_ln439)> <Delay = 0.00>
ST_6 : Operation 563 [1/1] (0.76ns)   --->   "%add_ln495 = add i9 %zext_ln492_2, i9 %zext_ln492_3" [C:/pcam5/prj/sol/.autopilot/db/v_demosaic.cpp:495]   --->   Operation 563 'add' 'add_ln495' <Predicate = (icmp_ln439)> <Delay = 0.76> <CoreInst = "Adder">   --->   Core 1 'Adder' <Latency = 0> <II = 1> <Delay = 0.77> <FuncUnit> <Opcode : 'add' 'sub'> <InPorts = 2> <OutPorts = 1>
ST_6 : Operation 564 [1/1] (0.00ns)   --->   "%zext_ln495_2 = zext i9 %add_ln495" [C:/pcam5/prj/sol/.autopilot/db/v_demosaic.cpp:495]   --->   Operation 564 'zext' 'zext_ln495_2' <Predicate = (icmp_ln439)> <Delay = 0.00>
ST_6 : Operation 565 [1/1] (0.77ns)   --->   "%add_ln495_1 = add i10 %zext_ln495_2, i10 %zext_ln494" [C:/pcam5/prj/sol/.autopilot/db/v_demosaic.cpp:495]   --->   Operation 565 'add' 'add_ln495_1' <Predicate = (icmp_ln439)> <Delay = 0.77> <CoreInst = "Adder">   --->   Core 1 'Adder' <Latency = 0> <II = 1> <Delay = 0.78> <FuncUnit> <Opcode : 'add' 'sub'> <InPorts = 2> <OutPorts = 1>
ST_6 : Operation 566 [1/1] (0.00ns)   --->   "%zext_ln495_1 = zext i10 %add_ln495_1" [C:/pcam5/prj/sol/.autopilot/db/v_demosaic.cpp:495]   --->   Operation 566 'zext' 'zext_ln495_1' <Predicate = (icmp_ln439)> <Delay = 0.00>
ST_6 : Operation 567 [1/1] (0.78ns)   --->   "%sw_1 = add i11 %zext_ln495_1, i11 %zext_ln495" [C:/pcam5/prj/sol/.autopilot/db/v_demosaic.cpp:495]   --->   Operation 567 'add' 'sw_1' <Predicate = (icmp_ln439)> <Delay = 0.78> <CoreInst = "Adder">   --->   Core 1 'Adder' <Latency = 0> <II = 1> <Delay = 0.79> <FuncUnit> <Opcode : 'add' 'sub'> <InPorts = 2> <OutPorts = 1>
ST_6 : Operation 568 [1/1] (0.00ns)   --->   "%zext_ln497 = zext i11 %sw_1" [C:/pcam5/prj/sol/.autopilot/db/v_demosaic.cpp:497]   --->   Operation 568 'zext' 'zext_ln497' <Predicate = (icmp_ln439)> <Delay = 0.00>
ST_6 : Operation 569 [1/1] (0.00ns)   --->   "%DIV2_TABLE_addr = getelementptr i18 %DIV2_TABLE, i64 0, i64 %zext_ln497" [C:/pcam5/prj/sol/.autopilot/db/v_demosaic.cpp:497]   --->   Operation 569 'getelementptr' 'DIV2_TABLE_addr' <Predicate = (icmp_ln439)> <Delay = 0.00>
ST_6 : Operation 570 [2/2] (1.23ns)   --->   "%norm = load i12 %DIV2_TABLE_addr" [C:/pcam5/prj/sol/.autopilot/db/v_demosaic.cpp:497]   --->   Operation 570 'load' 'norm' <Predicate = (icmp_ln439)> <Delay = 1.23> <CoreInst = "ROM">   --->   Core 100 'ROM' <Latency = 1> <II = 1> <Delay = 1.23> <Storage> <Opcode : 'load'> <Ports = 0> <Width = 18> <Depth = 4096> <ROM>

State 7 <SV = 6> <Delay = 4.68>
ST_7 : Operation 571 [1/1] (0.00ns)   --->   "%sext_ln472 = sext i12 %ave" [C:/pcam5/prj/sol/.autopilot/db/v_demosaic.cpp:472]   --->   Operation 571 'sext' 'sext_ln472' <Predicate = (icmp_ln439)> <Delay = 0.00>
ST_7 : Operation 572 [1/1] (0.00ns)   --->   "%sext_ln472_3 = sext i12 %ave_3" [C:/pcam5/prj/sol/.autopilot/db/v_demosaic.cpp:472]   --->   Operation 572 'sext' 'sext_ln472_3' <Predicate = (icmp_ln439)> <Delay = 0.00>
ST_7 : Operation 573 [1/2] ( I:1.23ns O:1.23ns )   --->   "%norm = load i12 %DIV2_TABLE_addr" [C:/pcam5/prj/sol/.autopilot/db/v_demosaic.cpp:497]   --->   Operation 573 'load' 'norm' <Predicate = (icmp_ln439)> <Delay = 1.23> <CoreInst = "ROM">   --->   Core 100 'ROM' <Latency = 1> <II = 1> <Delay = 1.23> <Storage> <Opcode : 'load'> <Ports = 0> <Width = 18> <Depth = 4096> <ROM>
ST_7 : Operation 574 [1/1] (0.00ns)   --->   "%zext_ln501 = zext i9 %sw" [C:/pcam5/prj/sol/.autopilot/db/v_demosaic.cpp:501]   --->   Operation 574 'zext' 'zext_ln501' <Predicate = (icmp_ln439)> <Delay = 0.00>
ST_7 : Operation 575 [1/1] (2.45ns)   --->   "%mul_ln501 = mul i18 %norm, i18 %zext_ln501" [C:/pcam5/prj/sol/.autopilot/db/v_demosaic.cpp:501]   --->   Operation 575 'mul' 'mul_ln501' <Predicate = (icmp_ln439)> <Delay = 2.45> <CoreInst = "Multiplier">   --->   Core 3 'Multiplier' <Latency = 0> <II = 1> <Delay = 2.45> <FuncUnit> <Opcode : 'mul'> <InPorts = 2> <OutPorts = 1>
ST_7 : Operation 576 [1/1] (0.00ns)   --->   "%lshr_ln2 = partselect i10 @_ssdm_op_PartSelect.i10.i18.i32.i32, i18 %mul_ln501, i32 8, i32 17" [C:/pcam5/prj/sol/.autopilot/db/v_demosaic.cpp:501]   --->   Operation 576 'partselect' 'lshr_ln2' <Predicate = (icmp_ln439)> <Delay = 0.00>
ST_7 : Operation 577 [1/1] (0.00ns)   --->   "%zext_ln501_1 = zext i8 %lshr_ln1" [C:/pcam5/prj/sol/.autopilot/db/v_demosaic.cpp:501]   --->   Operation 577 'zext' 'zext_ln501_1' <Predicate = (icmp_ln439)> <Delay = 0.00>
ST_7 : Operation 578 [1/1] (2.45ns)   --->   "%mul_ln501_1 = mul i18 %norm, i18 %zext_ln501_1" [C:/pcam5/prj/sol/.autopilot/db/v_demosaic.cpp:501]   --->   Operation 578 'mul' 'mul_ln501_1' <Predicate = (icmp_ln439)> <Delay = 2.45> <CoreInst = "Multiplier">   --->   Core 3 'Multiplier' <Latency = 0> <II = 1> <Delay = 2.45> <FuncUnit> <Opcode : 'mul'> <InPorts = 2> <OutPorts = 1>
ST_7 : Operation 579 [1/1] (0.00ns)   --->   "%lshr_ln501_1 = partselect i10 @_ssdm_op_PartSelect.i10.i18.i32.i32, i18 %mul_ln501_1, i32 8, i32 17" [C:/pcam5/prj/sol/.autopilot/db/v_demosaic.cpp:501]   --->   Operation 579 'partselect' 'lshr_ln501_1' <Predicate = (icmp_ln439)> <Delay = 0.00>
ST_7 : Operation 580 [1/1] (0.00ns)   --->   "%zext_ln501_2 = zext i8 %lshr_ln494_1" [C:/pcam5/prj/sol/.autopilot/db/v_demosaic.cpp:501]   --->   Operation 580 'zext' 'zext_ln501_2' <Predicate = (icmp_ln439)> <Delay = 0.00>
ST_7 : Operation 581 [1/1] (2.45ns)   --->   "%mul_ln501_2 = mul i18 %norm, i18 %zext_ln501_2" [C:/pcam5/prj/sol/.autopilot/db/v_demosaic.cpp:501]   --->   Operation 581 'mul' 'mul_ln501_2' <Predicate = (icmp_ln439)> <Delay = 2.45> <CoreInst = "Multiplier">   --->   Core 3 'Multiplier' <Latency = 0> <II = 1> <Delay = 2.45> <FuncUnit> <Opcode : 'mul'> <InPorts = 2> <OutPorts = 1>
ST_7 : Operation 582 [1/1] (0.00ns)   --->   "%lshr_ln501_2 = partselect i10 @_ssdm_op_PartSelect.i10.i18.i32.i32, i18 %mul_ln501_2, i32 8, i32 17" [C:/pcam5/prj/sol/.autopilot/db/v_demosaic.cpp:501]   --->   Operation 582 'partselect' 'lshr_ln501_2' <Predicate = (icmp_ln439)> <Delay = 0.00>
ST_7 : Operation 583 [1/1] (0.00ns)   --->   "%zext_ln501_3 = zext i9 %lshr_ln494_2" [C:/pcam5/prj/sol/.autopilot/db/v_demosaic.cpp:501]   --->   Operation 583 'zext' 'zext_ln501_3' <Predicate = (icmp_ln439)> <Delay = 0.00>
ST_7 : Operation 584 [1/1] (2.45ns)   --->   "%mul_ln501_3 = mul i18 %norm, i18 %zext_ln501_3" [C:/pcam5/prj/sol/.autopilot/db/v_demosaic.cpp:501]   --->   Operation 584 'mul' 'mul_ln501_3' <Predicate = (icmp_ln439)> <Delay = 2.45> <CoreInst = "Multiplier">   --->   Core 3 'Multiplier' <Latency = 0> <II = 1> <Delay = 2.45> <FuncUnit> <Opcode : 'mul'> <InPorts = 2> <OutPorts = 1>
ST_7 : Operation 585 [1/1] (0.00ns)   --->   "%lshr_ln501_3 = partselect i10 @_ssdm_op_PartSelect.i10.i18.i32.i32, i18 %mul_ln501_3, i32 8, i32 17" [C:/pcam5/prj/sol/.autopilot/db/v_demosaic.cpp:501]   --->   Operation 585 'partselect' 'lshr_ln501_3' <Predicate = (icmp_ln439)> <Delay = 0.00>
ST_7 : Operation 586 [1/1] (0.00ns)   --->   "%zext_ln504 = zext i10 %lshr_ln501_3" [C:/pcam5/prj/sol/.autopilot/db/v_demosaic.cpp:504]   --->   Operation 586 'zext' 'zext_ln504' <Predicate = (icmp_ln439)> <Delay = 0.00>
ST_7 : Operation 587 [1/1] (0.00ns)   --->   "%zext_ln504_2 = zext i10 %lshr_ln2" [C:/pcam5/prj/sol/.autopilot/db/v_demosaic.cpp:504]   --->   Operation 587 'zext' 'zext_ln504_2' <Predicate = (icmp_ln439)> <Delay = 0.00>
ST_7 : Operation 588 [3/3] (0.99ns) (grouped into DSP with root node add_ln504_1)   --->   "%mul_ln504 = mul i22 %sext_ln472_3, i22 %zext_ln504" [C:/pcam5/prj/sol/.autopilot/db/v_demosaic.cpp:504]   --->   Operation 588 'mul' 'mul_ln504' <Predicate = (icmp_ln439)> <Delay = 0.99> <CoreInst = "DSP48">   --->   Core 124 'DSP48' <Latency = 3> <II = 1> <Delay = 0.53> <IPBlock> <Opcode : 'add' 'sub' 'mul' 'select'> <InPorts = 0> <OutPorts = 1> <Sync> <CReg>
ST_7 : Operation 589 [3/3] (0.99ns) (grouped into DSP with root node add_ln504)   --->   "%mul_ln504_2 = mul i22 %sext_ln472, i22 %zext_ln504_2" [C:/pcam5/prj/sol/.autopilot/db/v_demosaic.cpp:504]   --->   Operation 589 'mul' 'mul_ln504_2' <Predicate = (icmp_ln439)> <Delay = 0.99> <CoreInst = "DSP48">   --->   Core 124 'DSP48' <Latency = 3> <II = 1> <Delay = 0.53> <IPBlock> <Opcode : 'add' 'sub' 'mul' 'select'> <InPorts = 0> <OutPorts = 1> <Sync> <CReg>

State 8 <SV = 7> <Delay = 0.99>
ST_8 : Operation 590 [2/3] (0.99ns) (grouped into DSP with root node add_ln504_1)   --->   "%mul_ln504 = mul i22 %sext_ln472_3, i22 %zext_ln504" [C:/pcam5/prj/sol/.autopilot/db/v_demosaic.cpp:504]   --->   Operation 590 'mul' 'mul_ln504' <Predicate = (icmp_ln439)> <Delay = 0.99> <CoreInst = "DSP48">   --->   Core 124 'DSP48' <Latency = 3> <II = 1> <Delay = 0.53> <IPBlock> <Opcode : 'add' 'sub' 'mul' 'select'> <InPorts = 0> <OutPorts = 1> <Sync> <CReg>
ST_8 : Operation 591 [2/3] (0.99ns) (grouped into DSP with root node add_ln504)   --->   "%mul_ln504_2 = mul i22 %sext_ln472, i22 %zext_ln504_2" [C:/pcam5/prj/sol/.autopilot/db/v_demosaic.cpp:504]   --->   Operation 591 'mul' 'mul_ln504_2' <Predicate = (icmp_ln439)> <Delay = 0.99> <CoreInst = "DSP48">   --->   Core 124 'DSP48' <Latency = 3> <II = 1> <Delay = 0.53> <IPBlock> <Opcode : 'add' 'sub' 'mul' 'select'> <InPorts = 0> <OutPorts = 1> <Sync> <CReg>

State 9 <SV = 8> <Delay = 2.83>
ST_9 : Operation 592 [1/1] (0.00ns)   --->   "%sext_ln472_1 = sext i12 %ave_1" [C:/pcam5/prj/sol/.autopilot/db/v_demosaic.cpp:472]   --->   Operation 592 'sext' 'sext_ln472_1' <Predicate = (icmp_ln439)> <Delay = 0.00>
ST_9 : Operation 593 [1/1] (0.00ns)   --->   "%sext_ln472_2 = sext i12 %ave_2" [C:/pcam5/prj/sol/.autopilot/db/v_demosaic.cpp:472]   --->   Operation 593 'sext' 'sext_ln472_2' <Predicate = (icmp_ln439)> <Delay = 0.00>
ST_9 : Operation 594 [1/1] (0.00ns)   --->   "%zext_ln504_1 = zext i10 %lshr_ln501_2" [C:/pcam5/prj/sol/.autopilot/db/v_demosaic.cpp:504]   --->   Operation 594 'zext' 'zext_ln504_1' <Predicate = (icmp_ln439)> <Delay = 0.00>
ST_9 : Operation 595 [1/1] (0.00ns)   --->   "%zext_ln504_3 = zext i10 %lshr_ln501_1" [C:/pcam5/prj/sol/.autopilot/db/v_demosaic.cpp:504]   --->   Operation 595 'zext' 'zext_ln504_3' <Predicate = (icmp_ln439)> <Delay = 0.00>
ST_9 : Operation 596 [1/3] (0.00ns) (grouped into DSP with root node add_ln504_1)   --->   "%mul_ln504 = mul i22 %sext_ln472_3, i22 %zext_ln504" [C:/pcam5/prj/sol/.autopilot/db/v_demosaic.cpp:504]   --->   Operation 596 'mul' 'mul_ln504' <Predicate = (icmp_ln439)> <Delay = 0.00> <CoreInst = "DSP48">   --->   Core 124 'DSP48' <Latency = 3> <II = 1> <Delay = 0.53> <IPBlock> <Opcode : 'add' 'sub' 'mul' 'select'> <InPorts = 0> <OutPorts = 1> <Sync> <CReg>
ST_9 : Operation 597 [1/1] (0.00ns) (grouped into DSP with root node add_ln504_1)   --->   "%sext_ln504 = sext i22 %mul_ln504" [C:/pcam5/prj/sol/.autopilot/db/v_demosaic.cpp:504]   --->   Operation 597 'sext' 'sext_ln504' <Predicate = (icmp_ln439)> <Delay = 0.00>
ST_9 : Operation 598 [1/1] (2.18ns)   --->   "%mul_ln504_1 = mul i22 %sext_ln472_2, i22 %zext_ln504_1" [C:/pcam5/prj/sol/.autopilot/db/v_demosaic.cpp:504]   --->   Operation 598 'mul' 'mul_ln504_1' <Predicate = (icmp_ln439)> <Delay = 2.18> <CoreInst = "Multiplier">   --->   Core 3 'Multiplier' <Latency = 0> <II = 1> <Delay = 2.18> <FuncUnit> <Opcode : 'mul'> <InPorts = 2> <OutPorts = 1>
ST_9 : Operation 599 [1/1] (0.00ns)   --->   "%sext_ln504_1 = sext i22 %mul_ln504_1" [C:/pcam5/prj/sol/.autopilot/db/v_demosaic.cpp:504]   --->   Operation 599 'sext' 'sext_ln504_1' <Predicate = (icmp_ln439)> <Delay = 0.00>
ST_9 : Operation 600 [1/3] (0.00ns) (grouped into DSP with root node add_ln504)   --->   "%mul_ln504_2 = mul i22 %sext_ln472, i22 %zext_ln504_2" [C:/pcam5/prj/sol/.autopilot/db/v_demosaic.cpp:504]   --->   Operation 600 'mul' 'mul_ln504_2' <Predicate = (icmp_ln439)> <Delay = 0.00> <CoreInst = "DSP48">   --->   Core 124 'DSP48' <Latency = 3> <II = 1> <Delay = 0.53> <IPBlock> <Opcode : 'add' 'sub' 'mul' 'select'> <InPorts = 0> <OutPorts = 1> <Sync> <CReg>
ST_9 : Operation 601 [1/1] (0.00ns) (grouped into DSP with root node add_ln504)   --->   "%sext_ln504_2 = sext i22 %mul_ln504_2" [C:/pcam5/prj/sol/.autopilot/db/v_demosaic.cpp:504]   --->   Operation 601 'sext' 'sext_ln504_2' <Predicate = (icmp_ln439)> <Delay = 0.00>
ST_9 : Operation 602 [1/1] (2.18ns)   --->   "%mul_ln504_3 = mul i22 %sext_ln472_1, i22 %zext_ln504_3" [C:/pcam5/prj/sol/.autopilot/db/v_demosaic.cpp:504]   --->   Operation 602 'mul' 'mul_ln504_3' <Predicate = (icmp_ln439)> <Delay = 2.18> <CoreInst = "Multiplier">   --->   Core 3 'Multiplier' <Latency = 0> <II = 1> <Delay = 2.18> <FuncUnit> <Opcode : 'mul'> <InPorts = 2> <OutPorts = 1>
ST_9 : Operation 603 [1/1] (0.00ns)   --->   "%sext_ln504_3 = sext i22 %mul_ln504_3" [C:/pcam5/prj/sol/.autopilot/db/v_demosaic.cpp:504]   --->   Operation 603 'sext' 'sext_ln504_3' <Predicate = (icmp_ln439)> <Delay = 0.00>
ST_9 : Operation 604 [2/2] (0.64ns) (root node of the DSP)   --->   "%add_ln504 = add i23 %sext_ln504_3, i23 %sext_ln504_2" [C:/pcam5/prj/sol/.autopilot/db/v_demosaic.cpp:504]   --->   Operation 604 'add' 'add_ln504' <Predicate = (icmp_ln439)> <Delay = 0.64> <CoreInst = "DSP48">   --->   Core 124 'DSP48' <Latency = 3> <II = 1> <Delay = 0.53> <IPBlock> <Opcode : 'add' 'sub' 'mul' 'select'> <InPorts = 0> <OutPorts = 1> <Sync> <CReg>
ST_9 : Operation 605 [2/2] (0.64ns) (root node of the DSP)   --->   "%add_ln504_1 = add i23 %sext_ln504_1, i23 %sext_ln504" [C:/pcam5/prj/sol/.autopilot/db/v_demosaic.cpp:504]   --->   Operation 605 'add' 'add_ln504_1' <Predicate = (icmp_ln439)> <Delay = 0.64> <CoreInst = "DSP48">   --->   Core 124 'DSP48' <Latency = 3> <II = 1> <Delay = 0.53> <IPBlock> <Opcode : 'add' 'sub' 'mul' 'select'> <InPorts = 0> <OutPorts = 1> <Sync> <CReg>

State 10 <SV = 9> <Delay = 4.09>
ST_10 : Operation 606 [1/2] (0.64ns) (root node of the DSP)   --->   "%add_ln504 = add i23 %sext_ln504_3, i23 %sext_ln504_2" [C:/pcam5/prj/sol/.autopilot/db/v_demosaic.cpp:504]   --->   Operation 606 'add' 'add_ln504' <Predicate = (icmp_ln439)> <Delay = 0.64> <CoreInst = "DSP48">   --->   Core 124 'DSP48' <Latency = 3> <II = 1> <Delay = 0.53> <IPBlock> <Opcode : 'add' 'sub' 'mul' 'select'> <InPorts = 0> <OutPorts = 1> <Sync> <CReg>
ST_10 : Operation 607 [1/1] (0.00ns)   --->   "%sext_ln504_4 = sext i23 %add_ln504" [C:/pcam5/prj/sol/.autopilot/db/v_demosaic.cpp:504]   --->   Operation 607 'sext' 'sext_ln504_4' <Predicate = (icmp_ln439)> <Delay = 0.00>
ST_10 : Operation 608 [1/2] (0.64ns) (root node of the DSP)   --->   "%add_ln504_1 = add i23 %sext_ln504_1, i23 %sext_ln504" [C:/pcam5/prj/sol/.autopilot/db/v_demosaic.cpp:504]   --->   Operation 608 'add' 'add_ln504_1' <Predicate = (icmp_ln439)> <Delay = 0.64> <CoreInst = "DSP48">   --->   Core 124 'DSP48' <Latency = 3> <II = 1> <Delay = 0.53> <IPBlock> <Opcode : 'add' 'sub' 'mul' 'select'> <InPorts = 0> <OutPorts = 1> <Sync> <CReg>
ST_10 : Operation 609 [1/1] (0.00ns)   --->   "%sext_ln504_6 = sext i23 %add_ln504_1" [C:/pcam5/prj/sol/.autopilot/db/v_demosaic.cpp:504]   --->   Operation 609 'sext' 'sext_ln504_6' <Predicate = (icmp_ln439)> <Delay = 0.00>
ST_10 : Operation 610 [1/1] (0.92ns)   --->   "%add_ln504_2 = add i24 %sext_ln504_6, i24 %sext_ln504_4" [C:/pcam5/prj/sol/.autopilot/db/v_demosaic.cpp:504]   --->   Operation 610 'add' 'add_ln504_2' <Predicate = (icmp_ln439)> <Delay = 0.92> <CoreInst = "Adder">   --->   Core 1 'Adder' <Latency = 0> <II = 1> <Delay = 0.93> <FuncUnit> <Opcode : 'add' 'sub'> <InPorts = 2> <OutPorts = 1>
ST_10 : Operation 611 [1/1] (0.00ns)   --->   "%sext_ln504_5 = sext i24 %add_ln504_2" [C:/pcam5/prj/sol/.autopilot/db/v_demosaic.cpp:504]   --->   Operation 611 'sext' 'sext_ln504_5' <Predicate = (icmp_ln439)> <Delay = 0.00>
ST_10 : Operation 612 [1/1] (0.00ns)   --->   "%zext_ln504_4 = zext i8 %g_2" [C:/pcam5/prj/sol/.autopilot/db/v_demosaic.cpp:504]   --->   Operation 612 'zext' 'zext_ln504_4' <Predicate = true> <Delay = 0.00>
ST_10 : Operation 613 [1/1] (0.00ns) (grouped into LUT with out node g)   --->   "%tmp_49 = bitselect i1 @_ssdm_op_BitSelect.i1.i24.i32, i24 %add_ln504_2, i32 23" [C:/pcam5/prj/sol/.autopilot/db/v_demosaic.cpp:504]   --->   Operation 613 'bitselect' 'tmp_49' <Predicate = (icmp_ln439)> <Delay = 0.00>
ST_10 : Operation 614 [1/1] (0.93ns)   --->   "%sub_ln504 = sub i25 0, i25 %sext_ln504_5" [C:/pcam5/prj/sol/.autopilot/db/v_demosaic.cpp:504]   --->   Operation 614 'sub' 'sub_ln504' <Predicate = (icmp_ln439)> <Delay = 0.93> <CoreInst = "Adder">   --->   Core 1 'Adder' <Latency = 0> <II = 1> <Delay = 0.94> <FuncUnit> <Opcode : 'add' 'sub'> <InPorts = 2> <OutPorts = 1>
ST_10 : Operation 615 [1/1] (0.00ns)   --->   "%tmp_3_cast = partselect i11 @_ssdm_op_PartSelect.i11.i25.i32.i32, i25 %sub_ln504, i32 13, i32 23" [C:/pcam5/prj/sol/.autopilot/db/v_demosaic.cpp:504]   --->   Operation 615 'partselect' 'tmp_3_cast' <Predicate = (icmp_ln439)> <Delay = 0.00>
ST_10 : Operation 616 [1/1] (0.79ns)   --->   "%sub_ln504_1 = sub i11 0, i11 %tmp_3_cast" [C:/pcam5/prj/sol/.autopilot/db/v_demosaic.cpp:504]   --->   Operation 616 'sub' 'sub_ln504_1' <Predicate = (icmp_ln439)> <Delay = 0.79> <CoreInst = "Adder">   --->   Core 1 'Adder' <Latency = 0> <II = 1> <Delay = 0.79> <FuncUnit> <Opcode : 'add' 'sub'> <InPorts = 2> <OutPorts = 1>
ST_10 : Operation 617 [1/1] (0.00ns) (grouped into LUT with out node g)   --->   "%zext_ln504_5 = partselect i11 @_ssdm_op_PartSelect.i11.i24.i32.i32, i24 %add_ln504_2, i32 13, i32 23" [C:/pcam5/prj/sol/.autopilot/db/v_demosaic.cpp:504]   --->   Operation 617 'partselect' 'zext_ln504_5' <Predicate = (icmp_ln439)> <Delay = 0.00>
ST_10 : Operation 618 [1/1] (0.00ns) (grouped into LUT with out node g)   --->   "%select_ln504 = select i1 %tmp_49, i11 %sub_ln504_1, i11 %zext_ln504_5" [C:/pcam5/prj/sol/.autopilot/db/v_demosaic.cpp:504]   --->   Operation 618 'select' 'select_ln504' <Predicate = (icmp_ln439)> <Delay = 0.00> <CoreInst = "Sel">   --->   Core 73 'Sel' <Latency = 0> <II = 1> <Delay = 0.38> <FuncUnit> <Opcode : 'select'> <InPorts = 3> <OutPorts = 1>
ST_10 : Operation 619 [1/1] (0.00ns) (grouped into LUT with out node g)   --->   "%sext_ln504_7 = sext i11 %select_ln504" [C:/pcam5/prj/sol/.autopilot/db/v_demosaic.cpp:504]   --->   Operation 619 'sext' 'sext_ln504_7' <Predicate = (icmp_ln439)> <Delay = 0.00>
ST_10 : Operation 620 [1/1] (0.79ns) (out node of the LUT)   --->   "%g = add i12 %sext_ln504_7, i12 %zext_ln504_4" [C:/pcam5/prj/sol/.autopilot/db/v_demosaic.cpp:504]   --->   Operation 620 'add' 'g' <Predicate = (icmp_ln439)> <Delay = 0.79> <CoreInst = "Adder">   --->   Core 1 'Adder' <Latency = 0> <II = 1> <Delay = 0.80> <FuncUnit> <Opcode : 'add' 'sub'> <InPorts = 2> <OutPorts = 1>
ST_10 : Operation 638 [1/1] (0.00ns)   --->   "%store_ln0 = store i8 %p_load212, i8 %p_out"   --->   Operation 638 'store' 'store_ln0' <Predicate = (icmp_ln318)> <Delay = 0.00>
ST_10 : Operation 639 [1/1] (0.00ns)   --->   "%store_ln0 = store i8 %p_load214, i8 %p_out1"   --->   Operation 639 'store' 'store_ln0' <Predicate = (icmp_ln318)> <Delay = 0.00>
ST_10 : Operation 640 [1/1] (0.00ns)   --->   "%store_ln0 = store i8 %p_load216, i8 %p_out2"   --->   Operation 640 'store' 'store_ln0' <Predicate = (icmp_ln318)> <Delay = 0.00>
ST_10 : Operation 641 [1/1] (0.00ns)   --->   "%store_ln0 = store i8 %p_load218, i8 %p_out3"   --->   Operation 641 'store' 'store_ln0' <Predicate = (icmp_ln318)> <Delay = 0.00>
ST_10 : Operation 642 [1/1] (0.00ns)   --->   "%store_ln0 = store i8 %p_load220, i8 %p_out4"   --->   Operation 642 'store' 'store_ln0' <Predicate = (icmp_ln318)> <Delay = 0.00>
ST_10 : Operation 643 [1/1] (0.00ns)   --->   "%store_ln0 = store i8 %p_load, i8 %p_out5"   --->   Operation 643 'store' 'store_ln0' <Predicate = (icmp_ln318)> <Delay = 0.00>
ST_10 : Operation 644 [1/1] (0.00ns)   --->   "%store_ln0 = store i8 %p_load198, i8 %p_out6"   --->   Operation 644 'store' 'store_ln0' <Predicate = (icmp_ln318)> <Delay = 0.00>
ST_10 : Operation 645 [1/1] (0.00ns)   --->   "%store_ln0 = store i8 %p_load199, i8 %p_out7"   --->   Operation 645 'store' 'store_ln0' <Predicate = (icmp_ln318)> <Delay = 0.00>
ST_10 : Operation 646 [1/1] (0.00ns)   --->   "%store_ln0 = store i8 %p_load200, i8 %p_out8"   --->   Operation 646 'store' 'store_ln0' <Predicate = (icmp_ln318)> <Delay = 0.00>
ST_10 : Operation 647 [1/1] (0.00ns)   --->   "%store_ln0 = store i8 %p_load201, i8 %p_out9"   --->   Operation 647 'store' 'store_ln0' <Predicate = (icmp_ln318)> <Delay = 0.00>
ST_10 : Operation 648 [1/1] (0.00ns)   --->   "%store_ln0 = store i8 %p_load202, i8 %p_out10"   --->   Operation 648 'store' 'store_ln0' <Predicate = (icmp_ln318)> <Delay = 0.00>
ST_10 : Operation 649 [1/1] (0.00ns)   --->   "%store_ln0 = store i8 %p_load203, i8 %p_out11"   --->   Operation 649 'store' 'store_ln0' <Predicate = (icmp_ln318)> <Delay = 0.00>
ST_10 : Operation 650 [1/1] (0.00ns)   --->   "%store_ln0 = store i8 %p_load204, i8 %p_out12"   --->   Operation 650 'store' 'store_ln0' <Predicate = (icmp_ln318)> <Delay = 0.00>
ST_10 : Operation 651 [1/1] (0.00ns)   --->   "%store_ln0 = store i8 %p_load205, i8 %p_out13"   --->   Operation 651 'store' 'store_ln0' <Predicate = (icmp_ln318)> <Delay = 0.00>
ST_10 : Operation 652 [1/1] (0.00ns)   --->   "%store_ln0 = store i8 %p_load206, i8 %p_out14"   --->   Operation 652 'store' 'store_ln0' <Predicate = (icmp_ln318)> <Delay = 0.00>
ST_10 : Operation 653 [1/1] (0.00ns)   --->   "%store_ln0 = store i8 %p_load207, i8 %p_out15"   --->   Operation 653 'store' 'store_ln0' <Predicate = (icmp_ln318)> <Delay = 0.00>
ST_10 : Operation 654 [1/1] (0.00ns)   --->   "%store_ln0 = store i8 %p_load208, i8 %p_out16"   --->   Operation 654 'store' 'store_ln0' <Predicate = (icmp_ln318)> <Delay = 0.00>
ST_10 : Operation 655 [1/1] (0.00ns)   --->   "%store_ln0 = store i8 %p_load209, i8 %p_out17"   --->   Operation 655 'store' 'store_ln0' <Predicate = (icmp_ln318)> <Delay = 0.00>
ST_10 : Operation 656 [1/1] (0.00ns)   --->   "%store_ln0 = store i8 %p_load210, i8 %p_out18"   --->   Operation 656 'store' 'store_ln0' <Predicate = (icmp_ln318)> <Delay = 0.00>
ST_10 : Operation 657 [1/1] (0.00ns)   --->   "%store_ln0 = store i8 %p_load211, i8 %p_out19"   --->   Operation 657 'store' 'store_ln0' <Predicate = (icmp_ln318)> <Delay = 0.00>
ST_10 : Operation 658 [1/1] (0.42ns)   --->   "%ret_ln0 = ret"   --->   Operation 658 'ret' 'ret_ln0' <Predicate = (icmp_ln318)> <Delay = 0.42>

State 11 <SV = 10> <Delay = 3.40>
ST_11 : Operation 621 [1/1] (0.00ns) (grouped into LUT with out node outpix_0_0_0_0_0_load)   --->   "%select_ln506 = select i1 %icmp_ln506, i8 %g_2, i8 0" [C:/pcam5/prj/sol/.autopilot/db/v_demosaic.cpp:506]   --->   Operation 621 'select' 'select_ln506' <Predicate = (icmp_ln439)> <Delay = 0.00> <CoreInst = "Sel">   --->   Core 73 'Sel' <Latency = 0> <II = 1> <Delay = 0.39> <FuncUnit> <Opcode : 'select'> <InPorts = 3> <OutPorts = 1>
ST_11 : Operation 622 [1/1] (0.00ns) (grouped into LUT with out node outpix_0_2_0_0_0_load)   --->   "%select_ln507 = select i1 %icmp_ln506, i8 0, i8 %g_2" [C:/pcam5/prj/sol/.autopilot/db/v_demosaic.cpp:507]   --->   Operation 622 'select' 'select_ln507' <Predicate = (icmp_ln439)> <Delay = 0.00> <CoreInst = "Sel">   --->   Core 73 'Sel' <Latency = 0> <II = 1> <Delay = 0.39> <FuncUnit> <Opcode : 'select'> <InPorts = 3> <OutPorts = 1>
ST_11 : Operation 623 [1/1] (0.39ns) (out node of the LUT)   --->   "%outpix_0_0_0_0_0_load = select i1 %icmp_ln439, i8 %select_ln506, i8 0" [C:/pcam5/prj/sol/.autopilot/db/v_demosaic.cpp:439]   --->   Operation 623 'select' 'outpix_0_0_0_0_0_load' <Predicate = true> <Delay = 0.39> <CoreInst = "Sel">   --->   Core 73 'Sel' <Latency = 0> <II = 1> <Delay = 0.39> <FuncUnit> <Opcode : 'select'> <InPorts = 3> <OutPorts = 1>
ST_11 : Operation 624 [1/1] (0.37ns)   --->   "%g_1 = select i1 %icmp_ln439, i12 %g, i12 %zext_ln504_4" [C:/pcam5/prj/sol/.autopilot/db/v_demosaic.cpp:439]   --->   Operation 624 'select' 'g_1' <Predicate = true> <Delay = 0.37> <CoreInst = "Sel">   --->   Core 73 'Sel' <Latency = 0> <II = 1> <Delay = 0.37> <FuncUnit> <Opcode : 'select'> <InPorts = 3> <OutPorts = 1>
ST_11 : Operation 625 [1/1] (0.00ns)   --->   "%g_1_cast58 = sext i12 %g_1" [C:/pcam5/prj/sol/.autopilot/db/v_demosaic.cpp:439]   --->   Operation 625 'sext' 'g_1_cast58' <Predicate = true> <Delay = 0.00>
ST_11 : Operation 626 [1/1] (0.39ns) (out node of the LUT)   --->   "%outpix_0_2_0_0_0_load = select i1 %icmp_ln439, i8 %select_ln507, i8 0" [C:/pcam5/prj/sol/.autopilot/db/v_demosaic.cpp:439]   --->   Operation 626 'select' 'outpix_0_2_0_0_0_load' <Predicate = true> <Delay = 0.39> <CoreInst = "Sel">   --->   Core 73 'Sel' <Latency = 0> <II = 1> <Delay = 0.39> <FuncUnit> <Opcode : 'select'> <InPorts = 3> <OutPorts = 1>
ST_11 : Operation 627 [1/1] (0.00ns)   --->   "%tmp_50 = bitselect i1 @_ssdm_op_BitSelect.i1.i14.i32, i14 %g_1_cast58, i32 13" [C:/pcam5/prj/sol/.autopilot/db/v_demosaic.cpp:510]   --->   Operation 627 'bitselect' 'tmp_50' <Predicate = true> <Delay = 0.00>
ST_11 : Operation 628 [1/1] (0.00ns)   --->   "%tmp_51 = partselect i4 @_ssdm_op_PartSelect.i4.i12.i32.i32, i12 %g_1, i32 8, i32 11" [C:/pcam5/prj/sol/.autopilot/db/v_demosaic.cpp:510]   --->   Operation 628 'partselect' 'tmp_51' <Predicate = true> <Delay = 0.00>
ST_11 : Operation 629 [1/1] (0.79ns)   --->   "%icmp_ln510 = icmp_sgt  i4 %tmp_51, i4 0" [C:/pcam5/prj/sol/.autopilot/db/v_demosaic.cpp:510]   --->   Operation 629 'icmp' 'icmp_ln510' <Predicate = true> <Delay = 0.79> <CoreInst = "Cmp">   --->   Core 9 'Cmp' <Latency = 0> <II = 1> <Delay = 0.79> <FuncUnit> <Opcode : 'seteq' 'setne' 'setle' 'setge' 'setlt' 'setgt'> <InPorts = 2> <OutPorts = 1>
ST_11 : Operation 630 [1/1] (0.00ns) (grouped into LUT with out node select_ln510)   --->   "%trunc_ln510 = trunc i12 %g_1" [C:/pcam5/prj/sol/.autopilot/db/v_demosaic.cpp:510]   --->   Operation 630 'trunc' 'trunc_ln510' <Predicate = true> <Delay = 0.00>
ST_11 : Operation 631 [1/1] (0.00ns) (grouped into LUT with out node select_ln510)   --->   "%xor_ln510 = xor i1 %tmp_50, i1 1" [C:/pcam5/prj/sol/.autopilot/db/v_demosaic.cpp:510]   --->   Operation 631 'xor' 'xor_ln510' <Predicate = true> <Delay = 0.00> <CoreInst = "LogicGate">   --->   Core 74 'LogicGate' <Latency = 0> <II = 1> <Delay = 0.28> <FuncUnit> <Opcode : 'and' 'or' 'xor'> <InPorts = 2> <OutPorts = 1>
ST_11 : Operation 632 [1/1] (0.00ns) (grouped into LUT with out node select_ln510)   --->   "%select_ln510_1 = select i1 %xor_ln510, i8 255, i8 0" [C:/pcam5/prj/sol/.autopilot/db/v_demosaic.cpp:510]   --->   Operation 632 'select' 'select_ln510_1' <Predicate = true> <Delay = 0.00> <CoreInst = "Sel">   --->   Core 73 'Sel' <Latency = 0> <II = 1> <Delay = 0.17> <FuncUnit> <Opcode : 'select'> <InPorts = 3> <OutPorts = 1>
ST_11 : Operation 633 [1/1] (0.00ns) (grouped into LUT with out node select_ln510)   --->   "%or_ln510 = or i1 %tmp_50, i1 %icmp_ln510" [C:/pcam5/prj/sol/.autopilot/db/v_demosaic.cpp:510]   --->   Operation 633 'or' 'or_ln510' <Predicate = true> <Delay = 0.00> <CoreInst = "LogicGate">   --->   Core 74 'LogicGate' <Latency = 0> <II = 1> <Delay = 0.28> <FuncUnit> <Opcode : 'and' 'or' 'xor'> <InPorts = 2> <OutPorts = 1>
ST_11 : Operation 634 [1/1] (0.39ns) (out node of the LUT)   --->   "%select_ln510 = select i1 %or_ln510, i8 %select_ln510_1, i8 %trunc_ln510" [C:/pcam5/prj/sol/.autopilot/db/v_demosaic.cpp:510]   --->   Operation 634 'select' 'select_ln510' <Predicate = true> <Delay = 0.39> <CoreInst = "Sel">   --->   Core 73 'Sel' <Latency = 0> <II = 1> <Delay = 0.39> <FuncUnit> <Opcode : 'select'> <InPorts = 3> <OutPorts = 1>
ST_11 : Operation 635 [1/1] (0.00ns)   --->   "%or_ln587_3 = bitconcatenate i24 @_ssdm_op_BitConcatenate.i24.i8.i8.i8, i8 %outpix_0_2_0_0_0_load, i8 %select_ln510, i8 %outpix_0_0_0_0_0_load" [C:/pcam5/prj/sol/.autopilot/db/v_demosaic.cpp:587]   --->   Operation 635 'bitconcatenate' 'or_ln587_3' <Predicate = (!tmp_52)> <Delay = 0.00>
ST_11 : Operation 636 [1/1] ( I:1.83ns O:1.83ns )   --->   "%write_ln587 = write void @_ssdm_op_Write.ap_fifo.volatile.i24P0A, i24 %imgG, i24 %or_ln587_3" [C:/pcam5/prj/sol/.autopilot/db/v_demosaic.cpp:587]   --->   Operation 636 'write' 'write_ln587' <Predicate = (!tmp_52)> <Delay = 1.83> <CoreInst = "FIFO_SRL">   --->   Core 80 'FIFO_SRL' <Latency = 0> <II = 1> <Delay = 1.83> <Storage> <Opcode : 'read' 'write' 'nbread' 'nbwrite'> <Ports = 0> <Width = 24> <Depth = 2> <FIFO>
ST_11 : Operation 637 [1/1] (0.00ns)   --->   "%br_ln588 = br void %for.inc745" [C:/pcam5/prj/sol/.autopilot/db/v_demosaic.cpp:588]   --->   Operation 637 'br' 'br_ln588' <Predicate = (!tmp_52)> <Delay = 0.00>


============================================================
+ Verbose Summary: Binding
============================================================
STG Binding: 
---------------- STG Properties BEGIN ----------------
- Is combinational: 0
- Is one-state seq: 0
- Is datapath-only: 0
- Is pipelined: 0
- Is top level: 0
Port [ Return ] is wired: 1; IO mode=ap_ctrl_hs:ce=0
Port [ p_lcssa51795189]:  wired=1; compound=0; hidden=0; nouse=0; global=0; static=0; extern=0; dir=0; type=0; pingpong=0; private_global=0; IO mode=ap_none:ce=0
Port [ p_lcssa51785187]:  wired=1; compound=0; hidden=0; nouse=0; global=0; static=0; extern=0; dir=0; type=0; pingpong=0; private_global=0; IO mode=ap_none:ce=0
Port [ p_lcssa51775185]:  wired=1; compound=0; hidden=0; nouse=0; global=0; static=0; extern=0; dir=0; type=0; pingpong=0; private_global=0; IO mode=ap_none:ce=0
Port [ p_lcssa51765183]:  wired=1; compound=0; hidden=0; nouse=0; global=0; static=0; extern=0; dir=0; type=0; pingpong=0; private_global=0; IO mode=ap_none:ce=0
Port [ p_lcssa51755181]:  wired=1; compound=0; hidden=0; nouse=0; global=0; static=0; extern=0; dir=0; type=0; pingpong=0; private_global=0; IO mode=ap_none:ce=0
Port [ p_lcssa50175059]:  wired=1; compound=0; hidden=0; nouse=0; global=0; static=0; extern=0; dir=0; type=0; pingpong=0; private_global=0; IO mode=ap_none:ce=0
Port [ p_lcssa50165057]:  wired=1; compound=0; hidden=0; nouse=0; global=0; static=0; extern=0; dir=0; type=0; pingpong=0; private_global=0; IO mode=ap_none:ce=0
Port [ p_lcssa50145055]:  wired=1; compound=0; hidden=0; nouse=0; global=0; static=0; extern=0; dir=0; type=0; pingpong=0; private_global=0; IO mode=ap_none:ce=0
Port [ p_lcssa50135053]:  wired=1; compound=0; hidden=0; nouse=0; global=0; static=0; extern=0; dir=0; type=0; pingpong=0; private_global=0; IO mode=ap_none:ce=0
Port [ p_lcssa50125051]:  wired=1; compound=0; hidden=0; nouse=0; global=0; static=0; extern=0; dir=0; type=0; pingpong=0; private_global=0; IO mode=ap_none:ce=0
Port [ p_lcssa50105049]:  wired=1; compound=0; hidden=0; nouse=0; global=0; static=0; extern=0; dir=0; type=0; pingpong=0; private_global=0; IO mode=ap_none:ce=0
Port [ p_lcssa50095047]:  wired=1; compound=0; hidden=0; nouse=0; global=0; static=0; extern=0; dir=0; type=0; pingpong=0; private_global=0; IO mode=ap_none:ce=0
Port [ p_lcssa50085045]:  wired=1; compound=0; hidden=0; nouse=0; global=0; static=0; extern=0; dir=0; type=0; pingpong=0; private_global=0; IO mode=ap_none:ce=0
Port [ p_lcssa50065043]:  wired=1; compound=0; hidden=0; nouse=0; global=0; static=0; extern=0; dir=0; type=0; pingpong=0; private_global=0; IO mode=ap_none:ce=0
Port [ p_lcssa50055041]:  wired=1; compound=0; hidden=0; nouse=0; global=0; static=0; extern=0; dir=0; type=0; pingpong=0; private_global=0; IO mode=ap_none:ce=0
Port [ p_lcssa50045039]:  wired=1; compound=0; hidden=0; nouse=0; global=0; static=0; extern=0; dir=0; type=0; pingpong=0; private_global=0; IO mode=ap_none:ce=0
Port [ p_lcssa50025037]:  wired=1; compound=0; hidden=0; nouse=0; global=0; static=0; extern=0; dir=0; type=0; pingpong=0; private_global=0; IO mode=ap_none:ce=0
Port [ p_lcssa50015035]:  wired=1; compound=0; hidden=0; nouse=0; global=0; static=0; extern=0; dir=0; type=0; pingpong=0; private_global=0; IO mode=ap_none:ce=0
Port [ p_lcssa50005033]:  wired=1; compound=0; hidden=0; nouse=0; global=0; static=0; extern=0; dir=0; type=0; pingpong=0; private_global=0; IO mode=ap_none:ce=0
Port [ p_lcssa49985031]:  wired=1; compound=0; hidden=0; nouse=0; global=0; static=0; extern=0; dir=0; type=0; pingpong=0; private_global=0; IO mode=ap_none:ce=0
Port [ height_val]:  wired=1; compound=0; hidden=0; nouse=0; global=0; static=0; extern=0; dir=0; type=0; pingpong=0; private_global=0; IO mode=ap_stable:ce=0
Port [ y]:  wired=1; compound=0; hidden=0; nouse=0; global=0; static=0; extern=0; dir=0; type=0; pingpong=0; private_global=0; IO mode=ap_none:ce=0
Port [ width_val]:  wired=1; compound=0; hidden=0; nouse=0; global=0; static=0; extern=0; dir=0; type=0; pingpong=0; private_global=0; IO mode=ap_stable:ce=0
Port [ empty_54]:  wired=1; compound=0; hidden=0; nouse=0; global=0; static=0; extern=0; dir=0; type=0; pingpong=0; private_global=0; IO mode=ap_none:ce=0
Port [ trunc_ln]:  wired=1; compound=0; hidden=0; nouse=0; global=0; static=0; extern=0; dir=0; type=0; pingpong=0; private_global=0; IO mode=ap_none:ce=0
Port [ loopWidth]:  wired=1; compound=0; hidden=0; nouse=0; global=0; static=0; extern=0; dir=0; type=0; pingpong=0; private_global=0; IO mode=ap_stable:ce=0
Port [ imgG]:  wired=1; compound=1; hidden=0; nouse=0; global=0; static=0; extern=0; dir=1; type=3; pingpong=0; private_global=0; IO mode=ap_fifo:ce=0
Port [ empty]:  wired=1; compound=0; hidden=0; nouse=0; global=0; static=0; extern=0; dir=0; type=0; pingpong=0; private_global=0; IO mode=ap_none:ce=0
Port [ xor_ln439]:  wired=1; compound=0; hidden=0; nouse=0; global=0; static=0; extern=0; dir=0; type=0; pingpong=0; private_global=0; IO mode=ap_none:ce=0
Port [ out_y]:  wired=1; compound=0; hidden=0; nouse=0; global=0; static=0; extern=0; dir=0; type=0; pingpong=0; private_global=0; IO mode=ap_none:ce=0
Port [ imgBayer]:  wired=1; compound=1; hidden=0; nouse=0; global=0; static=0; extern=0; dir=0; type=3; pingpong=0; private_global=0; IO mode=ap_fifo:ce=0
Port [ p_out]:  wired=1; compound=0; hidden=0; nouse=0; global=0; static=0; extern=0; dir=1; type=0; pingpong=0; private_global=0; IO mode=ap_vld:ce=0
Port [ p_out1]:  wired=1; compound=0; hidden=0; nouse=0; global=0; static=0; extern=0; dir=1; type=0; pingpong=0; private_global=0; IO mode=ap_vld:ce=0
Port [ p_out2]:  wired=1; compound=0; hidden=0; nouse=0; global=0; static=0; extern=0; dir=1; type=0; pingpong=0; private_global=0; IO mode=ap_vld:ce=0
Port [ p_out3]:  wired=1; compound=0; hidden=0; nouse=0; global=0; static=0; extern=0; dir=1; type=0; pingpong=0; private_global=0; IO mode=ap_vld:ce=0
Port [ p_out4]:  wired=1; compound=0; hidden=0; nouse=0; global=0; static=0; extern=0; dir=1; type=0; pingpong=0; private_global=0; IO mode=ap_vld:ce=0
Port [ p_out5]:  wired=1; compound=0; hidden=0; nouse=0; global=0; static=0; extern=0; dir=1; type=0; pingpong=0; private_global=0; IO mode=ap_vld:ce=0
Port [ p_out6]:  wired=1; compound=0; hidden=0; nouse=0; global=0; static=0; extern=0; dir=1; type=0; pingpong=0; private_global=0; IO mode=ap_vld:ce=0
Port [ p_out7]:  wired=1; compound=0; hidden=0; nouse=0; global=0; static=0; extern=0; dir=1; type=0; pingpong=0; private_global=0; IO mode=ap_vld:ce=0
Port [ p_out8]:  wired=1; compound=0; hidden=0; nouse=0; global=0; static=0; extern=0; dir=1; type=0; pingpong=0; private_global=0; IO mode=ap_vld:ce=0
Port [ p_out9]:  wired=1; compound=0; hidden=0; nouse=0; global=0; static=0; extern=0; dir=1; type=0; pingpong=0; private_global=0; IO mode=ap_vld:ce=0
Port [ p_out10]:  wired=1; compound=0; hidden=0; nouse=0; global=0; static=0; extern=0; dir=1; type=0; pingpong=0; private_global=0; IO mode=ap_vld:ce=0
Port [ p_out11]:  wired=1; compound=0; hidden=0; nouse=0; global=0; static=0; extern=0; dir=1; type=0; pingpong=0; private_global=0; IO mode=ap_vld:ce=0
Port [ p_out12]:  wired=1; compound=0; hidden=0; nouse=0; global=0; static=0; extern=0; dir=1; type=0; pingpong=0; private_global=0; IO mode=ap_vld:ce=0
Port [ p_out13]:  wired=1; compound=0; hidden=0; nouse=0; global=0; static=0; extern=0; dir=1; type=0; pingpong=0; private_global=0; IO mode=ap_vld:ce=0
Port [ p_out14]:  wired=1; compound=0; hidden=0; nouse=0; global=0; static=0; extern=0; dir=1; type=0; pingpong=0; private_global=0; IO mode=ap_vld:ce=0
Port [ p_out15]:  wired=1; compound=0; hidden=0; nouse=0; global=0; static=0; extern=0; dir=1; type=0; pingpong=0; private_global=0; IO mode=ap_vld:ce=0
Port [ p_out16]:  wired=1; compound=0; hidden=0; nouse=0; global=0; static=0; extern=0; dir=1; type=0; pingpong=0; private_global=0; IO mode=ap_vld:ce=0
Port [ p_out17]:  wired=1; compound=0; hidden=0; nouse=0; global=0; static=0; extern=0; dir=1; type=0; pingpong=0; private_global=0; IO mode=ap_vld:ce=0
Port [ p_out18]:  wired=1; compound=0; hidden=0; nouse=0; global=0; static=0; extern=0; dir=1; type=0; pingpong=0; private_global=0; IO mode=ap_vld:ce=0
Port [ p_out19]:  wired=1; compound=0; hidden=0; nouse=0; global=0; static=0; extern=0; dir=1; type=0; pingpong=0; private_global=0; IO mode=ap_vld:ce=0
Port [ DIV1_TABLE]:  wired=0; compound=1; hidden=1; nouse=0; global=1; static=1; extern=0; dir=0; type=1; pingpong=0; private_global=1; MemPort=[1111]; IO mode=ap_memory:ce=0
Port [ DIV2_TABLE]:  wired=0; compound=1; hidden=1; nouse=0; global=1; static=1; extern=0; dir=0; type=1; pingpong=0; private_global=1; MemPort=[1]; IO mode=ap_memory:ce=0
---------------- STG Properties END ------------------

---------------- Datapath Model BEGIN ----------------

<LifeTime>
<method=bitvector/>
x                       (alloca           ) [ 010000000000]
empty_130               (alloca           ) [ 011100000000]
empty_131               (alloca           ) [ 011100000000]
empty_132               (alloca           ) [ 011100000000]
empty_133               (alloca           ) [ 011100000000]
empty_134               (alloca           ) [ 011100000000]
empty_135               (alloca           ) [ 011100000000]
empty_136               (alloca           ) [ 011100000000]
empty_137               (alloca           ) [ 011100000000]
empty_138               (alloca           ) [ 011100000000]
empty_139               (alloca           ) [ 011100000000]
empty_140               (alloca           ) [ 011100000000]
empty_141               (alloca           ) [ 011100000000]
empty_142               (alloca           ) [ 011100000000]
empty_143               (alloca           ) [ 011100000000]
empty_144               (alloca           ) [ 011100000000]
empty_145               (alloca           ) [ 011100000000]
empty_146               (alloca           ) [ 011100000000]
empty_147               (alloca           ) [ 011100000000]
empty_148               (alloca           ) [ 011100000000]
empty_149               (alloca           ) [ 011100000000]
specinterface_ln0       (specinterface    ) [ 000000000000]
specinterface_ln0       (specinterface    ) [ 000000000000]
out_y_read              (read             ) [ 000000000000]
xor_ln439_read          (read             ) [ 000000000000]
tmp                     (read             ) [ 000000000000]
loopWidth_read          (read             ) [ 000000000000]
trunc_ln_read           (read             ) [ 000000000000]
tmp_24                  (read             ) [ 000000000000]
width_val_read          (read             ) [ 000000000000]
y_read                  (read             ) [ 000000000000]
height_val_read         (read             ) [ 000000000000]
p_lcssa49985031_read    (read             ) [ 000000000000]
p_lcssa50005033_read    (read             ) [ 000000000000]
p_lcssa50015035_read    (read             ) [ 000000000000]
p_lcssa50025037_read    (read             ) [ 000000000000]
p_lcssa50045039_read    (read             ) [ 000000000000]
p_lcssa50055041_read    (read             ) [ 000000000000]
p_lcssa50065043_read    (read             ) [ 000000000000]
p_lcssa50085045_read    (read             ) [ 000000000000]
p_lcssa50095047_read    (read             ) [ 000000000000]
p_lcssa50105049_read    (read             ) [ 000000000000]
p_lcssa50125051_read    (read             ) [ 000000000000]
p_lcssa50135053_read    (read             ) [ 000000000000]
p_lcssa50145055_read    (read             ) [ 000000000000]
p_lcssa50165057_read    (read             ) [ 000000000000]
p_lcssa50175059_read    (read             ) [ 000000000000]
p_lcssa51755181_read    (read             ) [ 000000000000]
p_lcssa51765183_read    (read             ) [ 000000000000]
p_lcssa51775185_read    (read             ) [ 000000000000]
p_lcssa51785187_read    (read             ) [ 000000000000]
p_lcssa51795189_read    (read             ) [ 000000000000]
linebuf_yuv_3           (alloca           ) [ 000000000000]
linebuf_yuv_2           (alloca           ) [ 000000000000]
linebuf_yuv_1           (alloca           ) [ 000000000000]
linebuf_yuv             (alloca           ) [ 000000000000]
zext_ln274              (zext             ) [ 000000000000]
icmp_ln346              (icmp             ) [ 011111111111]
icmp_ln403              (icmp             ) [ 011000000000]
zext_ln275              (zext             ) [ 000000000000]
zext_ln439              (zext             ) [ 000000000000]
icmp_ln506              (icmp             ) [ 011111111111]
store_ln0               (store            ) [ 000000000000]
store_ln0               (store            ) [ 000000000000]
store_ln0               (store            ) [ 000000000000]
store_ln0               (store            ) [ 000000000000]
store_ln0               (store            ) [ 000000000000]
store_ln0               (store            ) [ 000000000000]
store_ln0               (store            ) [ 000000000000]
store_ln0               (store            ) [ 000000000000]
store_ln0               (store            ) [ 000000000000]
store_ln0               (store            ) [ 000000000000]
store_ln0               (store            ) [ 000000000000]
store_ln0               (store            ) [ 000000000000]
store_ln0               (store            ) [ 000000000000]
store_ln0               (store            ) [ 000000000000]
store_ln0               (store            ) [ 000000000000]
store_ln0               (store            ) [ 000000000000]
store_ln0               (store            ) [ 000000000000]
store_ln0               (store            ) [ 000000000000]
store_ln0               (store            ) [ 000000000000]
store_ln0               (store            ) [ 000000000000]
store_ln271             (store            ) [ 000000000000]
br_ln318                (br               ) [ 000000000000]
z                       (load             ) [ 000000000000]
icmp_ln318              (icmp             ) [ 011111111111]
x_11                    (add              ) [ 000000000000]
br_ln318                (br               ) [ 000000000000]
specpipeline_ln321      (specpipeline     ) [ 000000000000]
speclooptripcount_ln282 (speclooptripcount) [ 000000000000]
specloopname_ln318      (specloopname     ) [ 000000000000]
zext_ln318              (zext             ) [ 000000000000]
out_x                   (add              ) [ 000000000000]
trunc_ln279             (trunc            ) [ 000000000000]
icmp_ln328              (icmp             ) [ 011111111111]
br_ln328                (br               ) [ 011100000000]
linebuf_yuv_addr        (getelementptr    ) [ 011000000000]
linebuf_yuv_1_addr      (getelementptr    ) [ 011000000000]
linebuf_yuv_2_addr      (getelementptr    ) [ 011000000000]
linebuf_yuv_3_addr      (getelementptr    ) [ 011000000000]
br_ln346                (br               ) [ 011000000000]
br_ln357                (br               ) [ 011000000000]
icmp_ln387              (icmp             ) [ 011100000000]
br_ln414                (br               ) [ 011100000000]
xor_ln439_1             (xor              ) [ 000000000000]
zext_ln439_1            (zext             ) [ 000000000000]
icmp_ln439              (icmp             ) [ 011111111111]
or_ln585                (or               ) [ 000000000000]
tmp_52                  (bitselect        ) [ 011111111111]
br_ln585                (br               ) [ 000000000000]
store_ln271             (store            ) [ 000000000000]
p_load220               (load             ) [ 010111111110]
p_load218               (load             ) [ 010111111110]
p_load216               (load             ) [ 010111111110]
p_load214               (load             ) [ 010111111110]
p_load212               (load             ) [ 010111111110]
LineBufVal              (load             ) [ 010100000000]
LineBufVal_5            (load             ) [ 010100000000]
LineBufVal_6            (load             ) [ 010100000000]
LineBufVal_7            (load             ) [ 010100000000]
imgBayer_read           (read             ) [ 000000000000]
store_ln812             (store            ) [ 000000000000]
p_ph                    (phi              ) [ 011100000000]
select_ln403            (select           ) [ 000000000000]
select_ln403_1          (select           ) [ 000000000000]
LineBufVal_8            (select           ) [ 000000000000]
store_ln412             (store            ) [ 000000000000]
store_ln412             (store            ) [ 000000000000]
store_ln412             (store            ) [ 000000000000]
store_ln348             (store            ) [ 000000000000]
store_ln333             (store            ) [ 000000000000]
store_ln333             (store            ) [ 000000000000]
store_ln333             (store            ) [ 000000000000]
store_ln333             (store            ) [ 000000000000]
p_load211               (load             ) [ 010011111110]
p_load210               (load             ) [ 010011111110]
p_load209               (load             ) [ 010011111110]
p_load208               (load             ) [ 010011111110]
p_load207               (load             ) [ 010011111110]
p_load206               (load             ) [ 010011111110]
p_load205               (load             ) [ 010011111110]
p_load204               (load             ) [ 010011111110]
p_load203               (load             ) [ 010011111110]
p_load202               (load             ) [ 010011111110]
p_load201               (load             ) [ 010011111110]
p_load200               (load             ) [ 010011111110]
p_load199               (load             ) [ 010011111110]
p_load198               (load             ) [ 010011111110]
p_load                  (load             ) [ 010011111110]
select_ln387            (select           ) [ 000000000000]
select_ln387_1          (select           ) [ 000000000000]
select_ln387_2          (select           ) [ 000000000000]
select_ln387_3          (select           ) [ 000000000000]
select_ln387_4          (select           ) [ 000000000000]
select_ln387_5          (select           ) [ 000000000000]
select_ln387_6          (select           ) [ 000000000000]
select_ln387_7          (select           ) [ 000000000000]
select_ln387_8          (select           ) [ 000000000000]
select_ln387_9          (select           ) [ 000000000000]
select_ln387_10         (select           ) [ 000000000000]
select_ln387_11         (select           ) [ 000000000000]
select_ln387_12         (select           ) [ 000000000000]
select_ln387_13         (select           ) [ 000000000000]
select_ln387_14         (select           ) [ 000000000000]
select_ln387_15         (select           ) [ 000000000000]
select_ln387_16         (select           ) [ 000000000000]
select_ln387_17         (select           ) [ 000000000000]
select_ln387_18         (select           ) [ 000000000000]
select_ln387_19         (select           ) [ 000000000000]
empty_150               (phi              ) [ 010100000000]
empty_151               (phi              ) [ 011100000000]
empty_152               (phi              ) [ 011100000000]
empty_153               (phi              ) [ 011100000000]
empty_154               (phi              ) [ 010100000000]
empty_155               (phi              ) [ 011100000000]
empty_156               (phi              ) [ 011100000000]
empty_157               (phi              ) [ 011100000000]
empty_158               (phi              ) [ 010100000000]
g_2                     (phi              ) [ 011111111111]
empty_159               (phi              ) [ 011100000000]
empty_160               (phi              ) [ 011100000000]
empty_161               (phi              ) [ 010100000000]
empty_162               (phi              ) [ 011100000000]
empty_163               (phi              ) [ 011100000000]
empty_164               (phi              ) [ 011100000000]
empty_165               (phi              ) [ 010100000000]
empty_166               (phi              ) [ 011100000000]
empty_167               (phi              ) [ 011100000000]
empty_168               (phi              ) [ 011100000000]
p_load221               (load             ) [ 000000000000]
p_load219               (load             ) [ 000000000000]
p_load217               (load             ) [ 000000000000]
p_load215               (load             ) [ 000000000000]
p_load213               (load             ) [ 000000000000]
shl_ln                  (bitconcatenate   ) [ 000000000000]
zext_ln450              (zext             ) [ 000000000000]
zext_ln450_1            (zext             ) [ 000000000000]
zext_ln450_2            (zext             ) [ 000000000000]
zext_ln450_3            (zext             ) [ 000000000000]
zext_ln450_4            (zext             ) [ 000000000000]
sub_ln450               (sub              ) [ 000000000000]
K                       (sub              ) [ 000000000000]
shl_ln3                 (bitconcatenate   ) [ 000000000000]
zext_ln451              (zext             ) [ 000000000000]
zext_ln451_1            (zext             ) [ 000000000000]
zext_ln451_2            (zext             ) [ 000000000000]
add_ln451               (add              ) [ 000000000000]
zext_ln451_3            (zext             ) [ 000000000000]
K_1                     (sub              ) [ 000000000000]
shl_ln4                 (bitconcatenate   ) [ 000000000000]
zext_ln452              (zext             ) [ 000000000000]
zext_ln452_1            (zext             ) [ 000000000000]
zext_ln452_2            (zext             ) [ 000000000000]
sub_ln452               (sub              ) [ 000000000000]
K_2                     (sub              ) [ 000000000000]
shl_ln5                 (bitconcatenate   ) [ 000000000000]
zext_ln453              (zext             ) [ 000000000000]
add_ln453               (add              ) [ 000000000000]
zext_ln453_1            (zext             ) [ 000000000000]
K_3                     (sub              ) [ 000000000000]
shl_ln6                 (bitconcatenate   ) [ 000000000000]
zext_ln454              (zext             ) [ 000000000000]
zext_ln454_1            (zext             ) [ 000000000000]
zext_ln454_2            (zext             ) [ 000000000000]
sub_ln454               (sub              ) [ 000000000000]
K_4                     (sub              ) [ 000000000000]
shl_ln7                 (bitconcatenate   ) [ 000000000000]
zext_ln455              (zext             ) [ 000000000000]
zext_ln455_1            (zext             ) [ 000000000000]
zext_ln455_2            (zext             ) [ 000000000000]
add_ln455               (add              ) [ 000000000000]
zext_ln455_3            (zext             ) [ 000000000000]
K_5                     (sub              ) [ 000000000000]
shl_ln8                 (bitconcatenate   ) [ 000000000000]
zext_ln456              (zext             ) [ 000000000000]
sub_ln456               (sub              ) [ 000000000000]
K_6                     (sub              ) [ 000000000000]
shl_ln9                 (bitconcatenate   ) [ 000000000000]
zext_ln457              (zext             ) [ 000000000000]
zext_ln457_1            (zext             ) [ 000000000000]
add_ln457               (add              ) [ 000000000000]
zext_ln457_2            (zext             ) [ 000000000000]
K_7                     (sub              ) [ 000000000000]
shl_ln1                 (bitconcatenate   ) [ 000000000000]
zext_ln458              (zext             ) [ 000000000000]
zext_ln458_1            (zext             ) [ 000000000000]
add_ln458               (add              ) [ 000000000000]
zext_ln458_2            (zext             ) [ 000000000000]
K_8                     (sub              ) [ 000000000000]
shl_ln2                 (bitconcatenate   ) [ 000000000000]
zext_ln459              (zext             ) [ 000000000000]
add_ln459               (add              ) [ 000000000000]
zext_ln459_1            (zext             ) [ 000000000000]
K_9                     (sub              ) [ 000000000000]
shl_ln10                (bitconcatenate   ) [ 000000000000]
zext_ln460              (zext             ) [ 000000000000]
zext_ln460_1            (zext             ) [ 000000000000]
add_ln460               (add              ) [ 000000000000]
zext_ln460_2            (zext             ) [ 000000000000]
K_10                    (sub              ) [ 000000000000]
shl_ln11                (bitconcatenate   ) [ 000000000000]
zext_ln461              (zext             ) [ 000000000000]
add_ln461               (add              ) [ 000000000000]
zext_ln461_1            (zext             ) [ 000000000000]
K_11                    (sub              ) [ 000000000000]
sext_ln465              (sext             ) [ 010010000000]
sext_ln465_1            (sext             ) [ 010010000000]
sext_ln465_2            (sext             ) [ 010010000000]
sext_ln465_3            (sext             ) [ 010010000000]
add_ln465               (add              ) [ 000000000000]
sext_ln465_4            (sext             ) [ 000000000000]
add_ln465_1             (add              ) [ 000000000000]
sext_ln465_5            (sext             ) [ 000000000000]
ave                     (add              ) [ 010011110000]
sext_ln435              (sext             ) [ 000000000000]
sext_ln466              (sext             ) [ 010010000000]
sext_ln466_1            (sext             ) [ 010010000000]
sext_ln466_2            (sext             ) [ 010010000000]
sext_ln466_3            (sext             ) [ 010010000000]
add_ln466               (add              ) [ 000000000000]
sext_ln466_4            (sext             ) [ 000000000000]
add_ln466_1             (add              ) [ 000000000000]
sext_ln466_5            (sext             ) [ 000000000000]
ave_1                   (add              ) [ 010011111100]
sext_ln435_1            (sext             ) [ 000000000000]
sext_ln467              (sext             ) [ 010010000000]
sext_ln467_1            (sext             ) [ 010010000000]
add_ln467               (add              ) [ 000000000000]
sext_ln467_2            (sext             ) [ 000000000000]
ave_2                   (add              ) [ 010011111100]
sext_ln435_2            (sext             ) [ 000000000000]
sext_ln468              (sext             ) [ 010010000000]
sext_ln468_1            (sext             ) [ 010010000000]
add_ln468               (add              ) [ 000000000000]
sext_ln468_2            (sext             ) [ 000000000000]
add_ln468_1             (add              ) [ 000000000000]
sext_ln468_3            (sext             ) [ 000000000000]
ave_3                   (add              ) [ 010011110000]
sext_ln435_3            (sext             ) [ 000000000000]
tmp_25                  (bitselect        ) [ 010010000000]
sub_ln472               (sub              ) [ 000000000000]
trunc_ln472_1_cast      (partselect       ) [ 010010000000]
trunc_ln472_2           (partselect       ) [ 010010000000]
tmp_26                  (bitselect        ) [ 010010000000]
sub_ln472_2             (sub              ) [ 000000000000]
trunc_ln472_4_cast      (partselect       ) [ 010010000000]
trunc_ln472_5           (partselect       ) [ 010010000000]
tmp_27                  (bitselect        ) [ 010010000000]
sub_ln472_4             (sub              ) [ 000000000000]
trunc_ln472_7_cast      (partselect       ) [ 010010000000]
trunc_ln472_8           (partselect       ) [ 010010000000]
tmp_28                  (bitselect        ) [ 010010000000]
sub_ln472_6             (sub              ) [ 000000000000]
trunc_ln472_cast        (partselect       ) [ 010010000000]
trunc_ln472_s           (partselect       ) [ 010010000000]
sub_ln483               (sub              ) [ 000000000000]
trunc_ln61_24           (trunc            ) [ 000000000000]
tmp_45                  (bitselect        ) [ 000000000000]
sub_ln61_24             (sub              ) [ 000000000000]
select_ln61_16          (select           ) [ 000000000000]
zext_ln483              (zext             ) [ 000000000000]
sub_ln483_1             (sub              ) [ 000000000000]
trunc_ln61_25           (trunc            ) [ 000000000000]
tmp_46                  (bitselect        ) [ 000000000000]
sub_ln61_25             (sub              ) [ 000000000000]
select_ln61_17          (select           ) [ 000000000000]
zext_ln483_1            (zext             ) [ 000000000000]
add_ln483               (add              ) [ 000000000000]
SD                      (partselect       ) [ 010011000000]
sub_ln484               (sub              ) [ 000000000000]
trunc_ln61_26           (trunc            ) [ 000000000000]
tmp_47                  (bitselect        ) [ 000000000000]
sub_ln61_26             (sub              ) [ 000000000000]
select_ln61_18          (select           ) [ 000000000000]
zext_ln484              (zext             ) [ 000000000000]
sub_ln484_1             (sub              ) [ 000000000000]
trunc_ln61_27           (trunc            ) [ 000000000000]
tmp_48                  (bitselect        ) [ 000000000000]
sub_ln61_27             (sub              ) [ 000000000000]
select_ln61_19          (select           ) [ 000000000000]
zext_ln484_1            (zext             ) [ 000000000000]
add_ln484               (add              ) [ 000000000000]
SD_1                    (partselect       ) [ 010011000000]
store_ln387             (store            ) [ 000000000000]
store_ln387             (store            ) [ 000000000000]
store_ln387             (store            ) [ 000000000000]
store_ln387             (store            ) [ 000000000000]
store_ln387             (store            ) [ 000000000000]
store_ln387             (store            ) [ 000000000000]
store_ln387             (store            ) [ 000000000000]
store_ln387             (store            ) [ 000000000000]
store_ln387             (store            ) [ 000000000000]
store_ln387             (store            ) [ 000000000000]
store_ln387             (store            ) [ 000000000000]
store_ln387             (store            ) [ 000000000000]
store_ln387             (store            ) [ 000000000000]
store_ln387             (store            ) [ 000000000000]
store_ln387             (store            ) [ 000000000000]
br_ln318                (br               ) [ 000000000000]
sub_ln472_1             (sub              ) [ 000000000000]
mean                    (select           ) [ 000000000000]
sub_ln472_3             (sub              ) [ 000000000000]
mean_1                  (select           ) [ 000000000000]
sub_ln472_5             (sub              ) [ 000000000000]
mean_2                  (select           ) [ 000000000000]
sub_ln472_7             (sub              ) [ 000000000000]
mean_3                  (select           ) [ 000000000000]
sext_ln476              (sext             ) [ 000000000000]
sub_ln476               (sub              ) [ 000000000000]
sext_ln61               (sext             ) [ 000000000000]
trunc_ln61              (trunc            ) [ 000000000000]
tmp_29                  (bitselect        ) [ 000000000000]
sub_ln61                (sub              ) [ 000000000000]
select_ln61             (select           ) [ 000000000000]
zext_ln476              (zext             ) [ 000000000000]
sub_ln476_1             (sub              ) [ 000000000000]
sext_ln61_1             (sext             ) [ 000000000000]
trunc_ln61_9            (trunc            ) [ 000000000000]
tmp_30                  (bitselect        ) [ 000000000000]
sub_ln61_9              (sub              ) [ 000000000000]
select_ln61_1           (select           ) [ 000000000000]
zext_ln476_1            (zext             ) [ 000000000000]
sub_ln476_2             (sub              ) [ 000000000000]
sext_ln61_2             (sext             ) [ 000000000000]
trunc_ln61_10           (trunc            ) [ 000000000000]
tmp_31                  (bitselect        ) [ 000000000000]
sub_ln61_10             (sub              ) [ 000000000000]
select_ln61_2           (select           ) [ 000000000000]
zext_ln476_2            (zext             ) [ 000000000000]
sub_ln476_3             (sub              ) [ 000000000000]
sext_ln61_3             (sext             ) [ 000000000000]
trunc_ln61_11           (trunc            ) [ 000000000000]
tmp_32                  (bitselect        ) [ 000000000000]
sub_ln61_11             (sub              ) [ 000000000000]
select_ln61_3           (select           ) [ 000000000000]
zext_ln476_3            (zext             ) [ 000000000000]
add_ln476               (add              ) [ 000000000000]
zext_ln476_4            (zext             ) [ 000000000000]
add_ln476_1             (add              ) [ 000000000000]
zext_ln476_5            (zext             ) [ 000000000000]
add_ln476_2             (add              ) [ 000000000000]
var                     (partselect       ) [ 010001000000]
sext_ln477              (sext             ) [ 000000000000]
sub_ln477               (sub              ) [ 000000000000]
sext_ln61_4             (sext             ) [ 000000000000]
trunc_ln61_12           (trunc            ) [ 000000000000]
tmp_33                  (bitselect        ) [ 000000000000]
sub_ln61_12             (sub              ) [ 000000000000]
select_ln61_4           (select           ) [ 000000000000]
zext_ln477              (zext             ) [ 000000000000]
sub_ln477_1             (sub              ) [ 000000000000]
sext_ln61_5             (sext             ) [ 000000000000]
trunc_ln61_13           (trunc            ) [ 000000000000]
tmp_34                  (bitselect        ) [ 000000000000]
sub_ln61_13             (sub              ) [ 000000000000]
select_ln61_5           (select           ) [ 000000000000]
zext_ln477_1            (zext             ) [ 000000000000]
sub_ln477_2             (sub              ) [ 000000000000]
sext_ln61_6             (sext             ) [ 000000000000]
trunc_ln61_14           (trunc            ) [ 000000000000]
tmp_35                  (bitselect        ) [ 000000000000]
sub_ln61_14             (sub              ) [ 000000000000]
select_ln61_6           (select           ) [ 000000000000]
zext_ln477_2            (zext             ) [ 000000000000]
sub_ln477_3             (sub              ) [ 000000000000]
sext_ln61_7             (sext             ) [ 000000000000]
trunc_ln61_15           (trunc            ) [ 000000000000]
tmp_36                  (bitselect        ) [ 000000000000]
sub_ln61_15             (sub              ) [ 000000000000]
select_ln61_7           (select           ) [ 000000000000]
zext_ln477_3            (zext             ) [ 000000000000]
add_ln477               (add              ) [ 000000000000]
zext_ln477_4            (zext             ) [ 000000000000]
add_ln477_1             (add              ) [ 000000000000]
zext_ln477_5            (zext             ) [ 000000000000]
add_ln477_2             (add              ) [ 000000000000]
var_1                   (partselect       ) [ 010001000000]
sext_ln478              (sext             ) [ 000000000000]
sub_ln478               (sub              ) [ 000000000000]
sext_ln61_8             (sext             ) [ 000000000000]
trunc_ln61_16           (trunc            ) [ 000000000000]
tmp_37                  (bitselect        ) [ 000000000000]
sub_ln61_16             (sub              ) [ 000000000000]
select_ln61_8           (select           ) [ 000000000000]
zext_ln478              (zext             ) [ 000000000000]
sub_ln478_1             (sub              ) [ 000000000000]
sext_ln61_9             (sext             ) [ 000000000000]
trunc_ln61_17           (trunc            ) [ 000000000000]
tmp_38                  (bitselect        ) [ 000000000000]
sub_ln61_17             (sub              ) [ 000000000000]
select_ln61_9           (select           ) [ 000000000000]
zext_ln478_1            (zext             ) [ 000000000000]
sub_ln478_2             (sub              ) [ 000000000000]
sext_ln61_10            (sext             ) [ 000000000000]
trunc_ln61_18           (trunc            ) [ 000000000000]
tmp_39                  (bitselect        ) [ 000000000000]
sub_ln61_18             (sub              ) [ 000000000000]
select_ln61_10          (select           ) [ 000000000000]
zext_ln478_2            (zext             ) [ 000000000000]
sub_ln478_3             (sub              ) [ 000000000000]
sext_ln61_11            (sext             ) [ 000000000000]
trunc_ln61_19           (trunc            ) [ 000000000000]
tmp_40                  (bitselect        ) [ 000000000000]
sub_ln61_19             (sub              ) [ 000000000000]
select_ln61_11          (select           ) [ 000000000000]
zext_ln478_3            (zext             ) [ 000000000000]
add_ln478               (add              ) [ 000000000000]
zext_ln478_4            (zext             ) [ 000000000000]
add_ln478_1             (add              ) [ 000000000000]
zext_ln478_5            (zext             ) [ 000000000000]
add_ln478_2             (add              ) [ 000000000000]
var_2                   (partselect       ) [ 010001000000]
sext_ln479              (sext             ) [ 000000000000]
sub_ln479               (sub              ) [ 000000000000]
sext_ln61_12            (sext             ) [ 000000000000]
trunc_ln61_20           (trunc            ) [ 000000000000]
tmp_41                  (bitselect        ) [ 000000000000]
sub_ln61_20             (sub              ) [ 000000000000]
select_ln61_12          (select           ) [ 000000000000]
zext_ln479              (zext             ) [ 000000000000]
sub_ln479_1             (sub              ) [ 000000000000]
sext_ln61_13            (sext             ) [ 000000000000]
trunc_ln61_21           (trunc            ) [ 000000000000]
tmp_42                  (bitselect        ) [ 000000000000]
sub_ln61_21             (sub              ) [ 000000000000]
select_ln61_13          (select           ) [ 000000000000]
zext_ln479_1            (zext             ) [ 000000000000]
sub_ln479_2             (sub              ) [ 000000000000]
sext_ln61_14            (sext             ) [ 000000000000]
trunc_ln61_22           (trunc            ) [ 000000000000]
tmp_43                  (bitselect        ) [ 000000000000]
sub_ln61_22             (sub              ) [ 000000000000]
select_ln61_14          (select           ) [ 000000000000]
zext_ln479_2            (zext             ) [ 000000000000]
sub_ln479_3             (sub              ) [ 000000000000]
sext_ln61_15            (sext             ) [ 000000000000]
trunc_ln61_23           (trunc            ) [ 000000000000]
tmp_44                  (bitselect        ) [ 000000000000]
sub_ln61_23             (sub              ) [ 000000000000]
select_ln61_15          (select           ) [ 000000000000]
zext_ln479_3            (zext             ) [ 000000000000]
add_ln479               (add              ) [ 000000000000]
zext_ln479_4            (zext             ) [ 000000000000]
add_ln479_1             (add              ) [ 000000000000]
zext_ln479_5            (zext             ) [ 000000000000]
add_ln479_2             (add              ) [ 000000000000]
var_3                   (partselect       ) [ 010001000000]
zext_ln483_2            (zext             ) [ 000000000000]
zext_ln484_2            (zext             ) [ 000000000000]
add_ln492               (add              ) [ 000000000000]
zext_ln492              (zext             ) [ 000000000000]
add_ln492_1             (add              ) [ 000000000000]
lshr_ln                 (partselect       ) [ 000000000000]
zext_ln493              (zext             ) [ 000000000000]
DIV1_TABLE_addr         (getelementptr    ) [ 010000100000]
add_ln492_2             (add              ) [ 000000000000]
zext_ln492_1            (zext             ) [ 000000000000]
add_ln492_3             (add              ) [ 000000000000]
lshr_ln492_1            (partselect       ) [ 000000000000]
zext_ln493_1            (zext             ) [ 000000000000]
DIV1_TABLE_addr_1       (getelementptr    ) [ 010000100000]
add_ln492_4             (add              ) [ 000000000000]
lshr_ln492_2            (partselect       ) [ 000000000000]
zext_ln493_2            (zext             ) [ 000000000000]
DIV1_TABLE_addr_2       (getelementptr    ) [ 010000100000]
add_ln492_5             (add              ) [ 000000000000]
lshr_ln492_3            (partselect       ) [ 000000000000]
zext_ln493_3            (zext             ) [ 000000000000]
DIV1_TABLE_addr_3       (getelementptr    ) [ 010000100000]
DIV1_TABLE_load         (load             ) [ 000000000000]
sw                      (partselect       ) [ 010000010000]
zext_ln494              (zext             ) [ 000000000000]
DIV1_TABLE_load_1       (load             ) [ 000000000000]
lshr_ln1                (partselect       ) [ 010000010000]
zext_ln492_2            (zext             ) [ 000000000000]
DIV1_TABLE_load_2       (load             ) [ 000000000000]
lshr_ln494_1            (partselect       ) [ 010000010000]
zext_ln492_3            (zext             ) [ 000000000000]
DIV1_TABLE_load_3       (load             ) [ 000000000000]
lshr_ln494_2            (partselect       ) [ 010000010000]
zext_ln495              (zext             ) [ 000000000000]
add_ln495               (add              ) [ 000000000000]
zext_ln495_2            (zext             ) [ 000000000000]
add_ln495_1             (add              ) [ 000000000000]
zext_ln495_1            (zext             ) [ 000000000000]
sw_1                    (add              ) [ 000000000000]
zext_ln497              (zext             ) [ 000000000000]
DIV2_TABLE_addr         (getelementptr    ) [ 010000010000]
sext_ln472              (sext             ) [ 010000001100]
sext_ln472_3            (sext             ) [ 010000001100]
norm                    (load             ) [ 000000000000]
zext_ln501              (zext             ) [ 000000000000]
mul_ln501               (mul              ) [ 000000000000]
lshr_ln2                (partselect       ) [ 000000000000]
zext_ln501_1            (zext             ) [ 000000000000]
mul_ln501_1             (mul              ) [ 000000000000]
lshr_ln501_1            (partselect       ) [ 010000001100]
zext_ln501_2            (zext             ) [ 000000000000]
mul_ln501_2             (mul              ) [ 000000000000]
lshr_ln501_2            (partselect       ) [ 010000001100]
zext_ln501_3            (zext             ) [ 000000000000]
mul_ln501_3             (mul              ) [ 000000000000]
lshr_ln501_3            (partselect       ) [ 000000000000]
zext_ln504              (zext             ) [ 010000001100]
zext_ln504_2            (zext             ) [ 010000001100]
sext_ln472_1            (sext             ) [ 000000000000]
sext_ln472_2            (sext             ) [ 000000000000]
zext_ln504_1            (zext             ) [ 000000000000]
zext_ln504_3            (zext             ) [ 000000000000]
mul_ln504               (mul              ) [ 000000000000]
sext_ln504              (sext             ) [ 010000000010]
mul_ln504_1             (mul              ) [ 000000000000]
sext_ln504_1            (sext             ) [ 010000000010]
mul_ln504_2             (mul              ) [ 000000000000]
sext_ln504_2            (sext             ) [ 010000000010]
mul_ln504_3             (mul              ) [ 000000000000]
sext_ln504_3            (sext             ) [ 010000000010]
add_ln504               (add              ) [ 000000000000]
sext_ln504_4            (sext             ) [ 000000000000]
add_ln504_1             (add              ) [ 000000000000]
sext_ln504_6            (sext             ) [ 000000000000]
add_ln504_2             (add              ) [ 000000000000]
sext_ln504_5            (sext             ) [ 000000000000]
zext_ln504_4            (zext             ) [ 010000000001]
tmp_49                  (bitselect        ) [ 000000000000]
sub_ln504               (sub              ) [ 000000000000]
tmp_3_cast              (partselect       ) [ 000000000000]
sub_ln504_1             (sub              ) [ 000000000000]
zext_ln504_5            (partselect       ) [ 000000000000]
select_ln504            (select           ) [ 000000000000]
sext_ln504_7            (sext             ) [ 000000000000]
g                       (add              ) [ 010000000001]
select_ln506            (select           ) [ 000000000000]
select_ln507            (select           ) [ 000000000000]
outpix_0_0_0_0_0_load   (select           ) [ 000000000000]
g_1                     (select           ) [ 000000000000]
g_1_cast58              (sext             ) [ 000000000000]
outpix_0_2_0_0_0_load   (select           ) [ 000000000000]
tmp_50                  (bitselect        ) [ 000000000000]
tmp_51                  (partselect       ) [ 000000000000]
icmp_ln510              (icmp             ) [ 000000000000]
trunc_ln510             (trunc            ) [ 000000000000]
xor_ln510               (xor              ) [ 000000000000]
select_ln510_1          (select           ) [ 000000000000]
or_ln510                (or               ) [ 000000000000]
select_ln510            (select           ) [ 000000000000]
or_ln587_3              (bitconcatenate   ) [ 000000000000]
write_ln587             (write            ) [ 000000000000]
br_ln588                (br               ) [ 000000000000]
store_ln0               (store            ) [ 000000000000]
store_ln0               (store            ) [ 000000000000]
store_ln0               (store            ) [ 000000000000]
store_ln0               (store            ) [ 000000000000]
store_ln0               (store            ) [ 000000000000]
store_ln0               (store            ) [ 000000000000]
store_ln0               (store            ) [ 000000000000]
store_ln0               (store            ) [ 000000000000]
store_ln0               (store            ) [ 000000000000]
store_ln0               (store            ) [ 000000000000]
store_ln0               (store            ) [ 000000000000]
store_ln0               (store            ) [ 000000000000]
store_ln0               (store            ) [ 000000000000]
store_ln0               (store            ) [ 000000000000]
store_ln0               (store            ) [ 000000000000]
store_ln0               (store            ) [ 000000000000]
store_ln0               (store            ) [ 000000000000]
store_ln0               (store            ) [ 000000000000]
store_ln0               (store            ) [ 000000000000]
store_ln0               (store            ) [ 000000000000]
ret_ln0                 (ret              ) [ 000000000000]
</LifeTime>

<model>

<comp_list>
<comp id="0" class="1000" name="p_lcssa51795189">
<pin_list>
<pin id="1" dir="1" index="0" bw="1" slack="0"/>
</pin_list>
<bind>
<StgValue><ssdm name="p_lcssa51795189"/></StgValue>
</bind>
</comp>

<comp id="2" class="1000" name="p_lcssa51785187">
<pin_list>
<pin id="3" dir="1" index="0" bw="1" slack="0"/>
</pin_list>
<bind>
<StgValue><ssdm name="p_lcssa51785187"/></StgValue>
</bind>
</comp>

<comp id="4" class="1000" name="p_lcssa51775185">
<pin_list>
<pin id="5" dir="1" index="0" bw="1" slack="0"/>
</pin_list>
<bind>
<StgValue><ssdm name="p_lcssa51775185"/></StgValue>
</bind>
</comp>

<comp id="6" class="1000" name="p_lcssa51765183">
<pin_list>
<pin id="7" dir="1" index="0" bw="1" slack="0"/>
</pin_list>
<bind>
<StgValue><ssdm name="p_lcssa51765183"/></StgValue>
</bind>
</comp>

<comp id="8" class="1000" name="p_lcssa51755181">
<pin_list>
<pin id="9" dir="1" index="0" bw="1" slack="0"/>
</pin_list>
<bind>
<StgValue><ssdm name="p_lcssa51755181"/></StgValue>
</bind>
</comp>

<comp id="10" class="1000" name="p_lcssa50175059">
<pin_list>
<pin id="11" dir="1" index="0" bw="1" slack="0"/>
</pin_list>
<bind>
<StgValue><ssdm name="p_lcssa50175059"/></StgValue>
</bind>
</comp>

<comp id="12" class="1000" name="p_lcssa50165057">
<pin_list>
<pin id="13" dir="1" index="0" bw="1" slack="0"/>
</pin_list>
<bind>
<StgValue><ssdm name="p_lcssa50165057"/></StgValue>
</bind>
</comp>

<comp id="14" class="1000" name="p_lcssa50145055">
<pin_list>
<pin id="15" dir="1" index="0" bw="1" slack="0"/>
</pin_list>
<bind>
<StgValue><ssdm name="p_lcssa50145055"/></StgValue>
</bind>
</comp>

<comp id="16" class="1000" name="p_lcssa50135053">
<pin_list>
<pin id="17" dir="1" index="0" bw="1" slack="0"/>
</pin_list>
<bind>
<StgValue><ssdm name="p_lcssa50135053"/></StgValue>
</bind>
</comp>

<comp id="18" class="1000" name="p_lcssa50125051">
<pin_list>
<pin id="19" dir="1" index="0" bw="1" slack="0"/>
</pin_list>
<bind>
<StgValue><ssdm name="p_lcssa50125051"/></StgValue>
</bind>
</comp>

<comp id="20" class="1000" name="p_lcssa50105049">
<pin_list>
<pin id="21" dir="1" index="0" bw="1" slack="0"/>
</pin_list>
<bind>
<StgValue><ssdm name="p_lcssa50105049"/></StgValue>
</bind>
</comp>

<comp id="22" class="1000" name="p_lcssa50095047">
<pin_list>
<pin id="23" dir="1" index="0" bw="1" slack="0"/>
</pin_list>
<bind>
<StgValue><ssdm name="p_lcssa50095047"/></StgValue>
</bind>
</comp>

<comp id="24" class="1000" name="p_lcssa50085045">
<pin_list>
<pin id="25" dir="1" index="0" bw="1" slack="0"/>
</pin_list>
<bind>
<StgValue><ssdm name="p_lcssa50085045"/></StgValue>
</bind>
</comp>

<comp id="26" class="1000" name="p_lcssa50065043">
<pin_list>
<pin id="27" dir="1" index="0" bw="1" slack="0"/>
</pin_list>
<bind>
<StgValue><ssdm name="p_lcssa50065043"/></StgValue>
</bind>
</comp>

<comp id="28" class="1000" name="p_lcssa50055041">
<pin_list>
<pin id="29" dir="1" index="0" bw="1" slack="0"/>
</pin_list>
<bind>
<StgValue><ssdm name="p_lcssa50055041"/></StgValue>
</bind>
</comp>

<comp id="30" class="1000" name="p_lcssa50045039">
<pin_list>
<pin id="31" dir="1" index="0" bw="1" slack="0"/>
</pin_list>
<bind>
<StgValue><ssdm name="p_lcssa50045039"/></StgValue>
</bind>
</comp>

<comp id="32" class="1000" name="p_lcssa50025037">
<pin_list>
<pin id="33" dir="1" index="0" bw="1" slack="0"/>
</pin_list>
<bind>
<StgValue><ssdm name="p_lcssa50025037"/></StgValue>
</bind>
</comp>

<comp id="34" class="1000" name="p_lcssa50015035">
<pin_list>
<pin id="35" dir="1" index="0" bw="1" slack="0"/>
</pin_list>
<bind>
<StgValue><ssdm name="p_lcssa50015035"/></StgValue>
</bind>
</comp>

<comp id="36" class="1000" name="p_lcssa50005033">
<pin_list>
<pin id="37" dir="1" index="0" bw="1" slack="0"/>
</pin_list>
<bind>
<StgValue><ssdm name="p_lcssa50005033"/></StgValue>
</bind>
</comp>

<comp id="38" class="1000" name="p_lcssa49985031">
<pin_list>
<pin id="39" dir="1" index="0" bw="1" slack="0"/>
</pin_list>
<bind>
<StgValue><ssdm name="p_lcssa49985031"/></StgValue>
</bind>
</comp>

<comp id="40" class="1000" name="height_val">
<pin_list>
<pin id="41" dir="1" index="0" bw="1" slack="0"/>
</pin_list>
<bind>
<StgValue><ssdm name="height_val"/></StgValue>
</bind>
</comp>

<comp id="42" class="1000" name="y">
<pin_list>
<pin id="43" dir="1" index="0" bw="1" slack="0"/>
</pin_list>
<bind>
<StgValue><ssdm name="y"/></StgValue>
</bind>
</comp>

<comp id="44" class="1000" name="width_val">
<pin_list>
<pin id="45" dir="1" index="0" bw="1" slack="0"/>
</pin_list>
<bind>
<StgValue><ssdm name="width_val"/></StgValue>
</bind>
</comp>

<comp id="46" class="1000" name="empty_54">
<pin_list>
<pin id="47" dir="1" index="0" bw="1" slack="0"/>
</pin_list>
<bind>
<StgValue><ssdm name="empty_54"/></StgValue>
</bind>
</comp>

<comp id="48" class="1000" name="trunc_ln">
<pin_list>
<pin id="49" dir="1" index="0" bw="1" slack="0"/>
</pin_list>
<bind>
<StgValue><ssdm name="trunc_ln"/></StgValue>
</bind>
</comp>

<comp id="50" class="1000" name="loopWidth">
<pin_list>
<pin id="51" dir="1" index="0" bw="1" slack="0"/>
</pin_list>
<bind>
<StgValue><ssdm name="loopWidth"/></StgValue>
</bind>
</comp>

<comp id="52" class="1000" name="imgG">
<pin_list>
<pin id="53" dir="1" index="0" bw="1" slack="0"/>
</pin_list>
<bind>
<StgValue><ssdm name="imgG"/></StgValue>
</bind>
</comp>

<comp id="54" class="1000" name="empty">
<pin_list>
<pin id="55" dir="1" index="0" bw="1" slack="0"/>
</pin_list>
<bind>
<StgValue><ssdm name="empty"/></StgValue>
</bind>
</comp>

<comp id="56" class="1000" name="xor_ln439">
<pin_list>
<pin id="57" dir="1" index="0" bw="1" slack="0"/>
</pin_list>
<bind>
<StgValue><ssdm name="xor_ln439"/></StgValue>
</bind>
</comp>

<comp id="58" class="1000" name="out_y">
<pin_list>
<pin id="59" dir="1" index="0" bw="1" slack="0"/>
</pin_list>
<bind>
<StgValue><ssdm name="out_y"/></StgValue>
</bind>
</comp>

<comp id="60" class="1000" name="imgBayer">
<pin_list>
<pin id="61" dir="1" index="0" bw="1" slack="0"/>
</pin_list>
<bind>
<StgValue><ssdm name="imgBayer"/></StgValue>
</bind>
</comp>

<comp id="62" class="1000" name="p_out">
<pin_list>
<pin id="63" dir="1" index="0" bw="1" slack="0"/>
</pin_list>
<bind>
<StgValue><ssdm name="p_out"/></StgValue>
</bind>
</comp>

<comp id="64" class="1000" name="p_out1">
<pin_list>
<pin id="65" dir="1" index="0" bw="1" slack="0"/>
</pin_list>
<bind>
<StgValue><ssdm name="p_out1"/></StgValue>
</bind>
</comp>

<comp id="66" class="1000" name="p_out2">
<pin_list>
<pin id="67" dir="1" index="0" bw="1" slack="0"/>
</pin_list>
<bind>
<StgValue><ssdm name="p_out2"/></StgValue>
</bind>
</comp>

<comp id="68" class="1000" name="p_out3">
<pin_list>
<pin id="69" dir="1" index="0" bw="1" slack="0"/>
</pin_list>
<bind>
<StgValue><ssdm name="p_out3"/></StgValue>
</bind>
</comp>

<comp id="70" class="1000" name="p_out4">
<pin_list>
<pin id="71" dir="1" index="0" bw="1" slack="0"/>
</pin_list>
<bind>
<StgValue><ssdm name="p_out4"/></StgValue>
</bind>
</comp>

<comp id="72" class="1000" name="p_out5">
<pin_list>
<pin id="73" dir="1" index="0" bw="1" slack="0"/>
</pin_list>
<bind>
<StgValue><ssdm name="p_out5"/></StgValue>
</bind>
</comp>

<comp id="74" class="1000" name="p_out6">
<pin_list>
<pin id="75" dir="1" index="0" bw="1" slack="0"/>
</pin_list>
<bind>
<StgValue><ssdm name="p_out6"/></StgValue>
</bind>
</comp>

<comp id="76" class="1000" name="p_out7">
<pin_list>
<pin id="77" dir="1" index="0" bw="1" slack="0"/>
</pin_list>
<bind>
<StgValue><ssdm name="p_out7"/></StgValue>
</bind>
</comp>

<comp id="78" class="1000" name="p_out8">
<pin_list>
<pin id="79" dir="1" index="0" bw="1" slack="0"/>
</pin_list>
<bind>
<StgValue><ssdm name="p_out8"/></StgValue>
</bind>
</comp>

<comp id="80" class="1000" name="p_out9">
<pin_list>
<pin id="81" dir="1" index="0" bw="1" slack="0"/>
</pin_list>
<bind>
<StgValue><ssdm name="p_out9"/></StgValue>
</bind>
</comp>

<comp id="82" class="1000" name="p_out10">
<pin_list>
<pin id="83" dir="1" index="0" bw="1" slack="0"/>
</pin_list>
<bind>
<StgValue><ssdm name="p_out10"/></StgValue>
</bind>
</comp>

<comp id="84" class="1000" name="p_out11">
<pin_list>
<pin id="85" dir="1" index="0" bw="1" slack="0"/>
</pin_list>
<bind>
<StgValue><ssdm name="p_out11"/></StgValue>
</bind>
</comp>

<comp id="86" class="1000" name="p_out12">
<pin_list>
<pin id="87" dir="1" index="0" bw="1" slack="0"/>
</pin_list>
<bind>
<StgValue><ssdm name="p_out12"/></StgValue>
</bind>
</comp>

<comp id="88" class="1000" name="p_out13">
<pin_list>
<pin id="89" dir="1" index="0" bw="1" slack="0"/>
</pin_list>
<bind>
<StgValue><ssdm name="p_out13"/></StgValue>
</bind>
</comp>

<comp id="90" class="1000" name="p_out14">
<pin_list>
<pin id="91" dir="1" index="0" bw="1" slack="0"/>
</pin_list>
<bind>
<StgValue><ssdm name="p_out14"/></StgValue>
</bind>
</comp>

<comp id="92" class="1000" name="p_out15">
<pin_list>
<pin id="93" dir="1" index="0" bw="1" slack="0"/>
</pin_list>
<bind>
<StgValue><ssdm name="p_out15"/></StgValue>
</bind>
</comp>

<comp id="94" class="1000" name="p_out16">
<pin_list>
<pin id="95" dir="1" index="0" bw="1" slack="0"/>
</pin_list>
<bind>
<StgValue><ssdm name="p_out16"/></StgValue>
</bind>
</comp>

<comp id="96" class="1000" name="p_out17">
<pin_list>
<pin id="97" dir="1" index="0" bw="1" slack="0"/>
</pin_list>
<bind>
<StgValue><ssdm name="p_out17"/></StgValue>
</bind>
</comp>

<comp id="98" class="1000" name="p_out18">
<pin_list>
<pin id="99" dir="1" index="0" bw="1" slack="0"/>
</pin_list>
<bind>
<StgValue><ssdm name="p_out18"/></StgValue>
</bind>
</comp>

<comp id="100" class="1000" name="p_out19">
<pin_list>
<pin id="101" dir="1" index="0" bw="1" slack="0"/>
</pin_list>
<bind>
<StgValue><ssdm name="p_out19"/></StgValue>
</bind>
</comp>

<comp id="102" class="1000" name="DIV1_TABLE">
<pin_list>
<pin id="103" dir="1" index="0" bw="1" slack="0"/>
</pin_list>
<bind>
<StgValue><ssdm name="DIV1_TABLE"/><MemPortTyVec>1 1 1 1 </MemPortTyVec>
</StgValue>
</bind>
</comp>

<comp id="104" class="1000" name="DIV2_TABLE">
<pin_list>
<pin id="105" dir="1" index="0" bw="1" slack="0"/>
</pin_list>
<bind>
<StgValue><ssdm name="DIV2_TABLE"/><MemPortTyVec>1 </MemPortTyVec>
</StgValue>
</bind>
</comp>

<comp id="106" class="1001" name="const_106">
<pin_list>
<pin id="107" dir="1" index="0" bw="1" slack="0"/>
</pin_list>
<bind>
<StgValue><ssdm name=""/></StgValue>
</bind>
</comp>

<comp id="108" class="1001" name="const_108">
<pin_list>
<pin id="109" dir="1" index="0" bw="1" slack="2147483647"/>
</pin_list>
<bind>
<StgValue><ssdm name="_ssdm_op_SpecInterface"/></StgValue>
</bind>
</comp>

<comp id="110" class="1001" name="const_110">
<pin_list>
<pin id="111" dir="1" index="0" bw="1" slack="2147483647"/>
</pin_list>
<bind>
<StgValue><ssdm name="empty_20"/></StgValue>
</bind>
</comp>

<comp id="112" class="1001" name="const_112">
<pin_list>
<pin id="113" dir="1" index="0" bw="1" slack="2147483647"/>
</pin_list>
<bind>
<StgValue><ssdm name=""/></StgValue>
</bind>
</comp>

<comp id="114" class="1001" name="const_114">
<pin_list>
<pin id="115" dir="1" index="0" bw="1" slack="2147483647"/>
</pin_list>
<bind>
<StgValue><ssdm name="empty_14"/></StgValue>
</bind>
</comp>

<comp id="116" class="1001" name="const_116">
<pin_list>
<pin id="117" dir="1" index="0" bw="1" slack="2147483647"/>
</pin_list>
<bind>
<StgValue><ssdm name=""/></StgValue>
</bind>
</comp>

<comp id="118" class="1001" name="const_118">
<pin_list>
<pin id="119" dir="1" index="0" bw="1" slack="0"/>
</pin_list>
<bind>
<StgValue><ssdm name="_ssdm_op_Read.ap_auto.i17"/></StgValue>
</bind>
</comp>

<comp id="120" class="1001" name="const_120">
<pin_list>
<pin id="121" dir="1" index="0" bw="1" slack="0"/>
</pin_list>
<bind>
<StgValue><ssdm name="_ssdm_op_Read.ap_auto.i15"/></StgValue>
</bind>
</comp>

<comp id="122" class="1001" name="const_122">
<pin_list>
<pin id="123" dir="1" index="0" bw="1" slack="0"/>
</pin_list>
<bind>
<StgValue><ssdm name="_ssdm_op_Read.ap_auto.i1"/></StgValue>
</bind>
</comp>

<comp id="124" class="1001" name="const_124">
<pin_list>
<pin id="125" dir="1" index="0" bw="1" slack="0"/>
</pin_list>
<bind>
<StgValue><ssdm name="_ssdm_op_Read.ap_auto.i16"/></StgValue>
</bind>
</comp>

<comp id="126" class="1001" name="const_126">
<pin_list>
<pin id="127" dir="1" index="0" bw="1" slack="0"/>
</pin_list>
<bind>
<StgValue><ssdm name="_ssdm_op_Read.ap_auto.i8"/></StgValue>
</bind>
</comp>

<comp id="128" class="1001" name="const_128">
<pin_list>
<pin id="129" dir="1" index="0" bw="1" slack="0"/>
</pin_list>
<bind>
<StgValue><ssdm name=""/></StgValue>
</bind>
</comp>

<comp id="130" class="1001" name="const_130">
<pin_list>
<pin id="131" dir="1" index="0" bw="1" slack="0"/>
</pin_list>
<bind>
<StgValue><ssdm name=""/></StgValue>
</bind>
</comp>

<comp id="132" class="1001" name="const_132">
<pin_list>
<pin id="133" dir="1" index="0" bw="1" slack="0"/>
</pin_list>
<bind>
<StgValue><ssdm name=""/></StgValue>
</bind>
</comp>

<comp id="134" class="1001" name="const_134">
<pin_list>
<pin id="135" dir="1" index="0" bw="1" slack="2147483647"/>
</pin_list>
<bind>
<StgValue><ssdm name="_ssdm_op_SpecPipeline"/></StgValue>
</bind>
</comp>

<comp id="136" class="1001" name="const_136">
<pin_list>
<pin id="137" dir="1" index="0" bw="1" slack="2147483647"/>
</pin_list>
<bind>
<StgValue><ssdm name="_ssdm_op_SpecLoopTripCount"/></StgValue>
</bind>
</comp>

<comp id="138" class="1001" name="const_138">
<pin_list>
<pin id="139" dir="1" index="0" bw="1" slack="2147483647"/>
</pin_list>
<bind>
<StgValue><ssdm name=""/></StgValue>
</bind>
</comp>

<comp id="140" class="1001" name="const_140">
<pin_list>
<pin id="141" dir="1" index="0" bw="1" slack="2147483647"/>
</pin_list>
<bind>
<StgValue><ssdm name=""/></StgValue>
</bind>
</comp>

<comp id="142" class="1001" name="const_142">
<pin_list>
<pin id="143" dir="1" index="0" bw="1" slack="2147483647"/>
</pin_list>
<bind>
<StgValue><ssdm name=""/></StgValue>
</bind>
</comp>

<comp id="144" class="1001" name="const_144">
<pin_list>
<pin id="145" dir="1" index="0" bw="1" slack="2147483647"/>
</pin_list>
<bind>
<StgValue><ssdm name="_ssdm_op_SpecLoopName"/></StgValue>
</bind>
</comp>

<comp id="146" class="1001" name="const_146">
<pin_list>
<pin id="147" dir="1" index="0" bw="1" slack="2147483647"/>
</pin_list>
<bind>
<StgValue><ssdm name="empty_4"/></StgValue>
</bind>
</comp>

<comp id="148" class="1001" name="const_148">
<pin_list>
<pin id="149" dir="1" index="0" bw="1" slack="0"/>
</pin_list>
<bind>
<StgValue><ssdm name=""/></StgValue>
</bind>
</comp>

<comp id="150" class="1001" name="const_150">
<pin_list>
<pin id="151" dir="1" index="0" bw="1" slack="0"/>
</pin_list>
<bind>
<StgValue><ssdm name=""/></StgValue>
</bind>
</comp>

<comp id="152" class="1001" name="const_152">
<pin_list>
<pin id="153" dir="1" index="0" bw="1" slack="0"/>
</pin_list>
<bind>
<StgValue><ssdm name="_ssdm_op_BitSelect.i1.i17.i32"/></StgValue>
</bind>
</comp>

<comp id="154" class="1001" name="const_154">
<pin_list>
<pin id="155" dir="1" index="0" bw="1" slack="0"/>
</pin_list>
<bind>
<StgValue><ssdm name=""/></StgValue>
</bind>
</comp>

<comp id="156" class="1001" name="const_156">
<pin_list>
<pin id="157" dir="1" index="0" bw="1" slack="0"/>
</pin_list>
<bind>
<StgValue><ssdm name="_ssdm_op_Read.ap_fifo.volatile.i8P0A"/></StgValue>
</bind>
</comp>

<comp id="158" class="1001" name="const_158">
<pin_list>
<pin id="159" dir="1" index="0" bw="1" slack="0"/>
</pin_list>
<bind>
<StgValue><ssdm name="_ssdm_op_BitConcatenate.i9.i8.i1"/></StgValue>
</bind>
</comp>

<comp id="160" class="1001" name="const_160">
<pin_list>
<pin id="161" dir="1" index="0" bw="1" slack="0"/>
</pin_list>
<bind>
<StgValue><ssdm name=""/></StgValue>
</bind>
</comp>

<comp id="162" class="1001" name="const_162">
<pin_list>
<pin id="163" dir="1" index="0" bw="1" slack="0"/>
</pin_list>
<bind>
<StgValue><ssdm name="_ssdm_op_BitSelect.i1.i12.i32"/></StgValue>
</bind>
</comp>

<comp id="164" class="1001" name="const_164">
<pin_list>
<pin id="165" dir="1" index="0" bw="1" slack="0"/>
</pin_list>
<bind>
<StgValue><ssdm name=""/></StgValue>
</bind>
</comp>

<comp id="166" class="1001" name="const_166">
<pin_list>
<pin id="167" dir="1" index="0" bw="1" slack="0"/>
</pin_list>
<bind>
<StgValue><ssdm name=""/></StgValue>
</bind>
</comp>

<comp id="168" class="1001" name="const_168">
<pin_list>
<pin id="169" dir="1" index="0" bw="1" slack="0"/>
</pin_list>
<bind>
<StgValue><ssdm name="_ssdm_op_PartSelect.i10.i13.i32.i32"/></StgValue>
</bind>
</comp>

<comp id="170" class="1001" name="const_170">
<pin_list>
<pin id="171" dir="1" index="0" bw="1" slack="0"/>
</pin_list>
<bind>
<StgValue><ssdm name=""/></StgValue>
</bind>
</comp>

<comp id="172" class="1001" name="const_172">
<pin_list>
<pin id="173" dir="1" index="0" bw="1" slack="0"/>
</pin_list>
<bind>
<StgValue><ssdm name="_ssdm_op_PartSelect.i10.i12.i32.i32"/></StgValue>
</bind>
</comp>

<comp id="174" class="1001" name="const_174">
<pin_list>
<pin id="175" dir="1" index="0" bw="1" slack="0"/>
</pin_list>
<bind>
<StgValue><ssdm name="_ssdm_op_BitSelect.i1.i9.i32"/></StgValue>
</bind>
</comp>

<comp id="176" class="1001" name="const_176">
<pin_list>
<pin id="177" dir="1" index="0" bw="1" slack="0"/>
</pin_list>
<bind>
<StgValue><ssdm name=""/></StgValue>
</bind>
</comp>

<comp id="178" class="1001" name="const_178">
<pin_list>
<pin id="179" dir="1" index="0" bw="1" slack="0"/>
</pin_list>
<bind>
<StgValue><ssdm name=""/></StgValue>
</bind>
</comp>

<comp id="180" class="1001" name="const_180">
<pin_list>
<pin id="181" dir="1" index="0" bw="1" slack="0"/>
</pin_list>
<bind>
<StgValue><ssdm name="_ssdm_op_PartSelect.i8.i9.i32.i32"/></StgValue>
</bind>
</comp>

<comp id="182" class="1001" name="const_182">
<pin_list>
<pin id="183" dir="1" index="0" bw="1" slack="0"/>
</pin_list>
<bind>
<StgValue><ssdm name=""/></StgValue>
</bind>
</comp>

<comp id="184" class="1001" name="const_184">
<pin_list>
<pin id="185" dir="1" index="0" bw="1" slack="0"/>
</pin_list>
<bind>
<StgValue><ssdm name="_ssdm_op_PartSelect.i11.i12.i32.i32"/></StgValue>
</bind>
</comp>

<comp id="186" class="1001" name="const_186">
<pin_list>
<pin id="187" dir="1" index="0" bw="1" slack="0"/>
</pin_list>
<bind>
<StgValue><ssdm name=""/></StgValue>
</bind>
</comp>

<comp id="188" class="1001" name="const_188">
<pin_list>
<pin id="189" dir="1" index="0" bw="1" slack="0"/>
</pin_list>
<bind>
<StgValue><ssdm name="_ssdm_op_PartSelect.i10.i11.i32.i32"/></StgValue>
</bind>
</comp>

<comp id="190" class="1001" name="const_190">
<pin_list>
<pin id="191" dir="1" index="0" bw="1" slack="0"/>
</pin_list>
<bind>
<StgValue><ssdm name=""/></StgValue>
</bind>
</comp>

<comp id="192" class="1001" name="const_192">
<pin_list>
<pin id="193" dir="1" index="0" bw="1" slack="0"/>
</pin_list>
<bind>
<StgValue><ssdm name="_ssdm_op_PartSelect.i9.i10.i32.i32"/></StgValue>
</bind>
</comp>

<comp id="194" class="1001" name="const_194">
<pin_list>
<pin id="195" dir="1" index="0" bw="1" slack="0"/>
</pin_list>
<bind>
<StgValue><ssdm name=""/></StgValue>
</bind>
</comp>

<comp id="196" class="1001" name="const_196">
<pin_list>
<pin id="197" dir="1" index="0" bw="1" slack="0"/>
</pin_list>
<bind>
<StgValue><ssdm name="_ssdm_op_PartSelect.i8.i10.i32.i32"/></StgValue>
</bind>
</comp>

<comp id="198" class="1001" name="const_198">
<pin_list>
<pin id="199" dir="1" index="0" bw="1" slack="0"/>
</pin_list>
<bind>
<StgValue><ssdm name="_ssdm_op_PartSelect.i10.i18.i32.i32"/></StgValue>
</bind>
</comp>

<comp id="200" class="1001" name="const_200">
<pin_list>
<pin id="201" dir="1" index="0" bw="1" slack="0"/>
</pin_list>
<bind>
<StgValue><ssdm name=""/></StgValue>
</bind>
</comp>

<comp id="202" class="1001" name="const_202">
<pin_list>
<pin id="203" dir="1" index="0" bw="1" slack="0"/>
</pin_list>
<bind>
<StgValue><ssdm name="_ssdm_op_BitSelect.i1.i24.i32"/></StgValue>
</bind>
</comp>

<comp id="204" class="1001" name="const_204">
<pin_list>
<pin id="205" dir="1" index="0" bw="1" slack="0"/>
</pin_list>
<bind>
<StgValue><ssdm name=""/></StgValue>
</bind>
</comp>

<comp id="206" class="1001" name="const_206">
<pin_list>
<pin id="207" dir="1" index="0" bw="1" slack="0"/>
</pin_list>
<bind>
<StgValue><ssdm name=""/></StgValue>
</bind>
</comp>

<comp id="208" class="1001" name="const_208">
<pin_list>
<pin id="209" dir="1" index="0" bw="1" slack="0"/>
</pin_list>
<bind>
<StgValue><ssdm name="_ssdm_op_PartSelect.i11.i25.i32.i32"/></StgValue>
</bind>
</comp>

<comp id="210" class="1001" name="const_210">
<pin_list>
<pin id="211" dir="1" index="0" bw="1" slack="0"/>
</pin_list>
<bind>
<StgValue><ssdm name=""/></StgValue>
</bind>
</comp>

<comp id="212" class="1001" name="const_212">
<pin_list>
<pin id="213" dir="1" index="0" bw="1" slack="0"/>
</pin_list>
<bind>
<StgValue><ssdm name=""/></StgValue>
</bind>
</comp>

<comp id="214" class="1001" name="const_214">
<pin_list>
<pin id="215" dir="1" index="0" bw="1" slack="0"/>
</pin_list>
<bind>
<StgValue><ssdm name="_ssdm_op_PartSelect.i11.i24.i32.i32"/></StgValue>
</bind>
</comp>

<comp id="216" class="1001" name="const_216">
<pin_list>
<pin id="217" dir="1" index="0" bw="1" slack="0"/>
</pin_list>
<bind>
<StgValue><ssdm name="_ssdm_op_BitSelect.i1.i14.i32"/></StgValue>
</bind>
</comp>

<comp id="218" class="1001" name="const_218">
<pin_list>
<pin id="219" dir="1" index="0" bw="1" slack="0"/>
</pin_list>
<bind>
<StgValue><ssdm name="_ssdm_op_PartSelect.i4.i12.i32.i32"/></StgValue>
</bind>
</comp>

<comp id="220" class="1001" name="const_220">
<pin_list>
<pin id="221" dir="1" index="0" bw="1" slack="0"/>
</pin_list>
<bind>
<StgValue><ssdm name=""/></StgValue>
</bind>
</comp>

<comp id="222" class="1001" name="const_222">
<pin_list>
<pin id="223" dir="1" index="0" bw="1" slack="0"/>
</pin_list>
<bind>
<StgValue><ssdm name=""/></StgValue>
</bind>
</comp>

<comp id="224" class="1001" name="const_224">
<pin_list>
<pin id="225" dir="1" index="0" bw="1" slack="0"/>
</pin_list>
<bind>
<StgValue><ssdm name=""/></StgValue>
</bind>
</comp>

<comp id="226" class="1001" name="const_226">
<pin_list>
<pin id="227" dir="1" index="0" bw="1" slack="0"/>
</pin_list>
<bind>
<StgValue><ssdm name="_ssdm_op_BitConcatenate.i24.i8.i8.i8"/></StgValue>
</bind>
</comp>

<comp id="228" class="1001" name="const_228">
<pin_list>
<pin id="229" dir="1" index="0" bw="1" slack="0"/>
</pin_list>
<bind>
<StgValue><ssdm name="_ssdm_op_Write.ap_fifo.volatile.i24P0A"/></StgValue>
</bind>
</comp>

<comp id="230" class="1004" name="x_fu_230">
<pin_list>
<pin id="231" dir="0" index="0" bw="1" slack="0"/>
<pin id="232" dir="1" index="1" bw="17" slack="0"/>
</pin_list>
<bind>
<opcode="alloca(26) " fcode="alloca"/>
<opset="x/1 "/>
</bind>
</comp>

<comp id="234" class="1004" name="empty_130_fu_234">
<pin_list>
<pin id="235" dir="0" index="0" bw="1" slack="0"/>
<pin id="236" dir="1" index="1" bw="8" slack="0"/>
</pin_list>
<bind>
<opcode="alloca(26) " fcode="alloca"/>
<opset="empty_130/1 "/>
</bind>
</comp>

<comp id="238" class="1004" name="empty_131_fu_238">
<pin_list>
<pin id="239" dir="0" index="0" bw="1" slack="0"/>
<pin id="240" dir="1" index="1" bw="8" slack="0"/>
</pin_list>
<bind>
<opcode="alloca(26) " fcode="alloca"/>
<opset="empty_131/1 "/>
</bind>
</comp>

<comp id="242" class="1004" name="empty_132_fu_242">
<pin_list>
<pin id="243" dir="0" index="0" bw="1" slack="0"/>
<pin id="244" dir="1" index="1" bw="8" slack="0"/>
</pin_list>
<bind>
<opcode="alloca(26) " fcode="alloca"/>
<opset="empty_132/1 "/>
</bind>
</comp>

<comp id="246" class="1004" name="empty_133_fu_246">
<pin_list>
<pin id="247" dir="0" index="0" bw="1" slack="0"/>
<pin id="248" dir="1" index="1" bw="8" slack="0"/>
</pin_list>
<bind>
<opcode="alloca(26) " fcode="alloca"/>
<opset="empty_133/1 "/>
</bind>
</comp>

<comp id="250" class="1004" name="empty_134_fu_250">
<pin_list>
<pin id="251" dir="0" index="0" bw="1" slack="0"/>
<pin id="252" dir="1" index="1" bw="8" slack="0"/>
</pin_list>
<bind>
<opcode="alloca(26) " fcode="alloca"/>
<opset="empty_134/1 "/>
</bind>
</comp>

<comp id="254" class="1004" name="empty_135_fu_254">
<pin_list>
<pin id="255" dir="0" index="0" bw="1" slack="0"/>
<pin id="256" dir="1" index="1" bw="8" slack="0"/>
</pin_list>
<bind>
<opcode="alloca(26) " fcode="alloca"/>
<opset="empty_135/1 "/>
</bind>
</comp>

<comp id="258" class="1004" name="empty_136_fu_258">
<pin_list>
<pin id="259" dir="0" index="0" bw="1" slack="0"/>
<pin id="260" dir="1" index="1" bw="8" slack="0"/>
</pin_list>
<bind>
<opcode="alloca(26) " fcode="alloca"/>
<opset="empty_136/1 "/>
</bind>
</comp>

<comp id="262" class="1004" name="empty_137_fu_262">
<pin_list>
<pin id="263" dir="0" index="0" bw="1" slack="0"/>
<pin id="264" dir="1" index="1" bw="8" slack="0"/>
</pin_list>
<bind>
<opcode="alloca(26) " fcode="alloca"/>
<opset="empty_137/1 "/>
</bind>
</comp>

<comp id="266" class="1004" name="empty_138_fu_266">
<pin_list>
<pin id="267" dir="0" index="0" bw="1" slack="0"/>
<pin id="268" dir="1" index="1" bw="8" slack="0"/>
</pin_list>
<bind>
<opcode="alloca(26) " fcode="alloca"/>
<opset="empty_138/1 "/>
</bind>
</comp>

<comp id="270" class="1004" name="empty_139_fu_270">
<pin_list>
<pin id="271" dir="0" index="0" bw="1" slack="0"/>
<pin id="272" dir="1" index="1" bw="8" slack="0"/>
</pin_list>
<bind>
<opcode="alloca(26) " fcode="alloca"/>
<opset="empty_139/1 "/>
</bind>
</comp>

<comp id="274" class="1004" name="empty_140_fu_274">
<pin_list>
<pin id="275" dir="0" index="0" bw="1" slack="0"/>
<pin id="276" dir="1" index="1" bw="8" slack="0"/>
</pin_list>
<bind>
<opcode="alloca(26) " fcode="alloca"/>
<opset="empty_140/1 "/>
</bind>
</comp>

<comp id="278" class="1004" name="empty_141_fu_278">
<pin_list>
<pin id="279" dir="0" index="0" bw="1" slack="0"/>
<pin id="280" dir="1" index="1" bw="8" slack="0"/>
</pin_list>
<bind>
<opcode="alloca(26) " fcode="alloca"/>
<opset="empty_141/1 "/>
</bind>
</comp>

<comp id="282" class="1004" name="empty_142_fu_282">
<pin_list>
<pin id="283" dir="0" index="0" bw="1" slack="0"/>
<pin id="284" dir="1" index="1" bw="8" slack="0"/>
</pin_list>
<bind>
<opcode="alloca(26) " fcode="alloca"/>
<opset="empty_142/1 "/>
</bind>
</comp>

<comp id="286" class="1004" name="empty_143_fu_286">
<pin_list>
<pin id="287" dir="0" index="0" bw="1" slack="0"/>
<pin id="288" dir="1" index="1" bw="8" slack="0"/>
</pin_list>
<bind>
<opcode="alloca(26) " fcode="alloca"/>
<opset="empty_143/1 "/>
</bind>
</comp>

<comp id="290" class="1004" name="empty_144_fu_290">
<pin_list>
<pin id="291" dir="0" index="0" bw="1" slack="0"/>
<pin id="292" dir="1" index="1" bw="8" slack="0"/>
</pin_list>
<bind>
<opcode="alloca(26) " fcode="alloca"/>
<opset="empty_144/1 "/>
</bind>
</comp>

<comp id="294" class="1004" name="empty_145_fu_294">
<pin_list>
<pin id="295" dir="0" index="0" bw="1" slack="0"/>
<pin id="296" dir="1" index="1" bw="8" slack="0"/>
</pin_list>
<bind>
<opcode="alloca(26) " fcode="alloca"/>
<opset="empty_145/1 "/>
</bind>
</comp>

<comp id="298" class="1004" name="empty_146_fu_298">
<pin_list>
<pin id="299" dir="0" index="0" bw="1" slack="0"/>
<pin id="300" dir="1" index="1" bw="8" slack="0"/>
</pin_list>
<bind>
<opcode="alloca(26) " fcode="alloca"/>
<opset="empty_146/1 "/>
</bind>
</comp>

<comp id="302" class="1004" name="empty_147_fu_302">
<pin_list>
<pin id="303" dir="0" index="0" bw="1" slack="0"/>
<pin id="304" dir="1" index="1" bw="8" slack="0"/>
</pin_list>
<bind>
<opcode="alloca(26) " fcode="alloca"/>
<opset="empty_147/1 "/>
</bind>
</comp>

<comp id="306" class="1004" name="empty_148_fu_306">
<pin_list>
<pin id="307" dir="0" index="0" bw="1" slack="0"/>
<pin id="308" dir="1" index="1" bw="8" slack="0"/>
</pin_list>
<bind>
<opcode="alloca(26) " fcode="alloca"/>
<opset="empty_148/1 "/>
</bind>
</comp>

<comp id="310" class="1004" name="empty_149_fu_310">
<pin_list>
<pin id="311" dir="0" index="0" bw="1" slack="0"/>
<pin id="312" dir="1" index="1" bw="8" slack="0"/>
</pin_list>
<bind>
<opcode="alloca(26) " fcode="alloca"/>
<opset="empty_149/1 "/>
</bind>
</comp>

<comp id="314" class="1004" name="linebuf_yuv_3_alloca_fu_314">
<pin_list>
<pin id="315" dir="0" index="0" bw="1" slack="0"/>
<pin id="316" dir="1" index="1" bw="8" slack="0"/>
</pin_list>
<bind>
<opcode="alloca(26) " fcode="alloca"/>
<opset="linebuf_yuv_3/1 "/>
</bind>
</comp>

<comp id="318" class="1004" name="linebuf_yuv_2_alloca_fu_318">
<pin_list>
<pin id="319" dir="0" index="0" bw="1" slack="0"/>
<pin id="320" dir="1" index="1" bw="8" slack="0"/>
</pin_list>
<bind>
<opcode="alloca(26) " fcode="alloca"/>
<opset="linebuf_yuv_2/1 "/>
</bind>
</comp>

<comp id="322" class="1004" name="linebuf_yuv_1_alloca_fu_322">
<pin_list>
<pin id="323" dir="0" index="0" bw="1" slack="0"/>
<pin id="324" dir="1" index="1" bw="8" slack="0"/>
</pin_list>
<bind>
<opcode="alloca(26) " fcode="alloca"/>
<opset="linebuf_yuv_1/1 "/>
</bind>
</comp>

<comp id="326" class="1004" name="linebuf_yuv_alloca_fu_326">
<pin_list>
<pin id="327" dir="0" index="0" bw="1" slack="0"/>
<pin id="328" dir="1" index="1" bw="8" slack="0"/>
</pin_list>
<bind>
<opcode="alloca(26) " fcode="alloca"/>
<opset="linebuf_yuv/1 "/>
</bind>
</comp>

<comp id="330" class="1004" name="out_y_read_read_fu_330">
<pin_list>
<pin id="331" dir="0" index="0" bw="17" slack="0"/>
<pin id="332" dir="0" index="1" bw="17" slack="0"/>
<pin id="333" dir="1" index="2" bw="17" slack="0"/>
</pin_list>
<bind>
<opcode="read(1150) " fcode="read"/>
<opset="out_y_read/1 "/>
</bind>
</comp>

<comp id="336" class="1004" name="xor_ln439_read_read_fu_336">
<pin_list>
<pin id="337" dir="0" index="0" bw="15" slack="0"/>
<pin id="338" dir="0" index="1" bw="15" slack="0"/>
<pin id="339" dir="1" index="2" bw="15" slack="0"/>
</pin_list>
<bind>
<opcode="read(1150) " fcode="read"/>
<opset="xor_ln439_read/1 "/>
</bind>
</comp>

<comp id="342" class="1004" name="tmp_read_fu_342">
<pin_list>
<pin id="343" dir="0" index="0" bw="1" slack="0"/>
<pin id="344" dir="0" index="1" bw="1" slack="0"/>
<pin id="345" dir="1" index="2" bw="1" slack="0"/>
</pin_list>
<bind>
<opcode="read(1150) " fcode="read"/>
<opset="tmp/1 "/>
</bind>
</comp>

<comp id="348" class="1004" name="loopWidth_read_read_fu_348">
<pin_list>
<pin id="349" dir="0" index="0" bw="17" slack="0"/>
<pin id="350" dir="0" index="1" bw="17" slack="0"/>
<pin id="351" dir="1" index="2" bw="17" slack="0"/>
</pin_list>
<bind>
<opcode="read(1150) " fcode="read"/>
<opset="loopWidth_read/1 "/>
</bind>
</comp>

<comp id="354" class="1004" name="trunc_ln_read_read_fu_354">
<pin_list>
<pin id="355" dir="0" index="0" bw="15" slack="0"/>
<pin id="356" dir="0" index="1" bw="15" slack="0"/>
<pin id="357" dir="1" index="2" bw="15" slack="0"/>
</pin_list>
<bind>
<opcode="read(1150) " fcode="read"/>
<opset="trunc_ln_read/1 "/>
</bind>
</comp>

<comp id="360" class="1004" name="tmp_24_read_fu_360">
<pin_list>
<pin id="361" dir="0" index="0" bw="1" slack="0"/>
<pin id="362" dir="0" index="1" bw="1" slack="0"/>
<pin id="363" dir="1" index="2" bw="1" slack="0"/>
</pin_list>
<bind>
<opcode="read(1150) " fcode="read"/>
<opset="tmp_24/1 "/>
</bind>
</comp>

<comp id="366" class="1004" name="width_val_read_read_fu_366">
<pin_list>
<pin id="367" dir="0" index="0" bw="16" slack="0"/>
<pin id="368" dir="0" index="1" bw="16" slack="0"/>
<pin id="369" dir="1" index="2" bw="16" slack="0"/>
</pin_list>
<bind>
<opcode="read(1150) " fcode="read"/>
<opset="width_val_read/1 "/>
</bind>
</comp>

<comp id="372" class="1004" name="y_read_read_fu_372">
<pin_list>
<pin id="373" dir="0" index="0" bw="17" slack="0"/>
<pin id="374" dir="0" index="1" bw="17" slack="0"/>
<pin id="375" dir="1" index="2" bw="17" slack="0"/>
</pin_list>
<bind>
<opcode="read(1150) " fcode="read"/>
<opset="y_read/1 "/>
</bind>
</comp>

<comp id="378" class="1004" name="height_val_read_read_fu_378">
<pin_list>
<pin id="379" dir="0" index="0" bw="16" slack="0"/>
<pin id="380" dir="0" index="1" bw="16" slack="0"/>
<pin id="381" dir="1" index="2" bw="16" slack="0"/>
</pin_list>
<bind>
<opcode="read(1150) " fcode="read"/>
<opset="height_val_read/1 "/>
</bind>
</comp>

<comp id="384" class="1004" name="p_lcssa49985031_read_read_fu_384">
<pin_list>
<pin id="385" dir="0" index="0" bw="8" slack="0"/>
<pin id="386" dir="0" index="1" bw="8" slack="0"/>
<pin id="387" dir="1" index="2" bw="8" slack="0"/>
</pin_list>
<bind>
<opcode="read(1150) " fcode="read"/>
<opset="p_lcssa49985031_read/1 "/>
</bind>
</comp>

<comp id="390" class="1004" name="p_lcssa50005033_read_read_fu_390">
<pin_list>
<pin id="391" dir="0" index="0" bw="8" slack="0"/>
<pin id="392" dir="0" index="1" bw="8" slack="0"/>
<pin id="393" dir="1" index="2" bw="8" slack="0"/>
</pin_list>
<bind>
<opcode="read(1150) " fcode="read"/>
<opset="p_lcssa50005033_read/1 "/>
</bind>
</comp>

<comp id="396" class="1004" name="p_lcssa50015035_read_read_fu_396">
<pin_list>
<pin id="397" dir="0" index="0" bw="8" slack="0"/>
<pin id="398" dir="0" index="1" bw="8" slack="0"/>
<pin id="399" dir="1" index="2" bw="8" slack="0"/>
</pin_list>
<bind>
<opcode="read(1150) " fcode="read"/>
<opset="p_lcssa50015035_read/1 "/>
</bind>
</comp>

<comp id="402" class="1004" name="p_lcssa50025037_read_read_fu_402">
<pin_list>
<pin id="403" dir="0" index="0" bw="8" slack="0"/>
<pin id="404" dir="0" index="1" bw="8" slack="0"/>
<pin id="405" dir="1" index="2" bw="8" slack="0"/>
</pin_list>
<bind>
<opcode="read(1150) " fcode="read"/>
<opset="p_lcssa50025037_read/1 "/>
</bind>
</comp>

<comp id="408" class="1004" name="p_lcssa50045039_read_read_fu_408">
<pin_list>
<pin id="409" dir="0" index="0" bw="8" slack="0"/>
<pin id="410" dir="0" index="1" bw="8" slack="0"/>
<pin id="411" dir="1" index="2" bw="8" slack="0"/>
</pin_list>
<bind>
<opcode="read(1150) " fcode="read"/>
<opset="p_lcssa50045039_read/1 "/>
</bind>
</comp>

<comp id="414" class="1004" name="p_lcssa50055041_read_read_fu_414">
<pin_list>
<pin id="415" dir="0" index="0" bw="8" slack="0"/>
<pin id="416" dir="0" index="1" bw="8" slack="0"/>
<pin id="417" dir="1" index="2" bw="8" slack="0"/>
</pin_list>
<bind>
<opcode="read(1150) " fcode="read"/>
<opset="p_lcssa50055041_read/1 "/>
</bind>
</comp>

<comp id="420" class="1004" name="p_lcssa50065043_read_read_fu_420">
<pin_list>
<pin id="421" dir="0" index="0" bw="8" slack="0"/>
<pin id="422" dir="0" index="1" bw="8" slack="0"/>
<pin id="423" dir="1" index="2" bw="8" slack="0"/>
</pin_list>
<bind>
<opcode="read(1150) " fcode="read"/>
<opset="p_lcssa50065043_read/1 "/>
</bind>
</comp>

<comp id="426" class="1004" name="p_lcssa50085045_read_read_fu_426">
<pin_list>
<pin id="427" dir="0" index="0" bw="8" slack="0"/>
<pin id="428" dir="0" index="1" bw="8" slack="0"/>
<pin id="429" dir="1" index="2" bw="8" slack="0"/>
</pin_list>
<bind>
<opcode="read(1150) " fcode="read"/>
<opset="p_lcssa50085045_read/1 "/>
</bind>
</comp>

<comp id="432" class="1004" name="p_lcssa50095047_read_read_fu_432">
<pin_list>
<pin id="433" dir="0" index="0" bw="8" slack="0"/>
<pin id="434" dir="0" index="1" bw="8" slack="0"/>
<pin id="435" dir="1" index="2" bw="8" slack="0"/>
</pin_list>
<bind>
<opcode="read(1150) " fcode="read"/>
<opset="p_lcssa50095047_read/1 "/>
</bind>
</comp>

<comp id="438" class="1004" name="p_lcssa50105049_read_read_fu_438">
<pin_list>
<pin id="439" dir="0" index="0" bw="8" slack="0"/>
<pin id="440" dir="0" index="1" bw="8" slack="0"/>
<pin id="441" dir="1" index="2" bw="8" slack="0"/>
</pin_list>
<bind>
<opcode="read(1150) " fcode="read"/>
<opset="p_lcssa50105049_read/1 "/>
</bind>
</comp>

<comp id="444" class="1004" name="p_lcssa50125051_read_read_fu_444">
<pin_list>
<pin id="445" dir="0" index="0" bw="8" slack="0"/>
<pin id="446" dir="0" index="1" bw="8" slack="0"/>
<pin id="447" dir="1" index="2" bw="8" slack="0"/>
</pin_list>
<bind>
<opcode="read(1150) " fcode="read"/>
<opset="p_lcssa50125051_read/1 "/>
</bind>
</comp>

<comp id="450" class="1004" name="p_lcssa50135053_read_read_fu_450">
<pin_list>
<pin id="451" dir="0" index="0" bw="8" slack="0"/>
<pin id="452" dir="0" index="1" bw="8" slack="0"/>
<pin id="453" dir="1" index="2" bw="8" slack="0"/>
</pin_list>
<bind>
<opcode="read(1150) " fcode="read"/>
<opset="p_lcssa50135053_read/1 "/>
</bind>
</comp>

<comp id="456" class="1004" name="p_lcssa50145055_read_read_fu_456">
<pin_list>
<pin id="457" dir="0" index="0" bw="8" slack="0"/>
<pin id="458" dir="0" index="1" bw="8" slack="0"/>
<pin id="459" dir="1" index="2" bw="8" slack="0"/>
</pin_list>
<bind>
<opcode="read(1150) " fcode="read"/>
<opset="p_lcssa50145055_read/1 "/>
</bind>
</comp>

<comp id="462" class="1004" name="p_lcssa50165057_read_read_fu_462">
<pin_list>
<pin id="463" dir="0" index="0" bw="8" slack="0"/>
<pin id="464" dir="0" index="1" bw="8" slack="0"/>
<pin id="465" dir="1" index="2" bw="8" slack="0"/>
</pin_list>
<bind>
<opcode="read(1150) " fcode="read"/>
<opset="p_lcssa50165057_read/1 "/>
</bind>
</comp>

<comp id="468" class="1004" name="p_lcssa50175059_read_read_fu_468">
<pin_list>
<pin id="469" dir="0" index="0" bw="8" slack="0"/>
<pin id="470" dir="0" index="1" bw="8" slack="0"/>
<pin id="471" dir="1" index="2" bw="8" slack="0"/>
</pin_list>
<bind>
<opcode="read(1150) " fcode="read"/>
<opset="p_lcssa50175059_read/1 "/>
</bind>
</comp>

<comp id="474" class="1004" name="p_lcssa51755181_read_read_fu_474">
<pin_list>
<pin id="475" dir="0" index="0" bw="8" slack="0"/>
<pin id="476" dir="0" index="1" bw="8" slack="0"/>
<pin id="477" dir="1" index="2" bw="8" slack="0"/>
</pin_list>
<bind>
<opcode="read(1150) " fcode="read"/>
<opset="p_lcssa51755181_read/1 "/>
</bind>
</comp>

<comp id="480" class="1004" name="p_lcssa51765183_read_read_fu_480">
<pin_list>
<pin id="481" dir="0" index="0" bw="8" slack="0"/>
<pin id="482" dir="0" index="1" bw="8" slack="0"/>
<pin id="483" dir="1" index="2" bw="8" slack="0"/>
</pin_list>
<bind>
<opcode="read(1150) " fcode="read"/>
<opset="p_lcssa51765183_read/1 "/>
</bind>
</comp>

<comp id="486" class="1004" name="p_lcssa51775185_read_read_fu_486">
<pin_list>
<pin id="487" dir="0" index="0" bw="8" slack="0"/>
<pin id="488" dir="0" index="1" bw="8" slack="0"/>
<pin id="489" dir="1" index="2" bw="8" slack="0"/>
</pin_list>
<bind>
<opcode="read(1150) " fcode="read"/>
<opset="p_lcssa51775185_read/1 "/>
</bind>
</comp>

<comp id="492" class="1004" name="p_lcssa51785187_read_read_fu_492">
<pin_list>
<pin id="493" dir="0" index="0" bw="8" slack="0"/>
<pin id="494" dir="0" index="1" bw="8" slack="0"/>
<pin id="495" dir="1" index="2" bw="8" slack="0"/>
</pin_list>
<bind>
<opcode="read(1150) " fcode="read"/>
<opset="p_lcssa51785187_read/1 "/>
</bind>
</comp>

<comp id="498" class="1004" name="p_lcssa51795189_read_read_fu_498">
<pin_list>
<pin id="499" dir="0" index="0" bw="8" slack="0"/>
<pin id="500" dir="0" index="1" bw="8" slack="0"/>
<pin id="501" dir="1" index="2" bw="8" slack="0"/>
</pin_list>
<bind>
<opcode="read(1150) " fcode="read"/>
<opset="p_lcssa51795189_read/1 "/>
</bind>
</comp>

<comp id="504" class="1004" name="imgBayer_read_read_fu_504">
<pin_list>
<pin id="505" dir="0" index="0" bw="8" slack="0"/>
<pin id="506" dir="0" index="1" bw="8" slack="0"/>
<pin id="507" dir="1" index="2" bw="8" slack="0"/>
</pin_list>
<bind>
<opcode="read(1150) " fcode="read"/>
<opset="imgBayer_read/2 "/>
</bind>
</comp>

<comp id="510" class="1004" name="write_ln587_write_fu_510">
<pin_list>
<pin id="511" dir="0" index="0" bw="0" slack="0"/>
<pin id="512" dir="0" index="1" bw="24" slack="0"/>
<pin id="513" dir="0" index="2" bw="24" slack="0"/>
<pin id="514" dir="1" index="3" bw="0" slack="2147483647"/>
</pin_list>
<bind>
<opcode="write(1151) " fcode="write"/>
<opset="write_ln587/11 "/>
</bind>
</comp>

<comp id="517" class="1004" name="linebuf_yuv_addr_gep_fu_517">
<pin_list>
<pin id="518" dir="0" index="0" bw="8" slack="0"/>
<pin id="519" dir="0" index="1" bw="1" slack="0"/>
<pin id="520" dir="0" index="2" bw="17" slack="0"/>
<pin id="521" dir="1" index="3" bw="11" slack="0"/>
</pin_list>
<bind>
<opcode="getelementptr(29) " fcode="getelementptr"/>
<opset="linebuf_yuv_addr/1 "/>
</bind>
</comp>

<comp id="524" class="1004" name="grp_access_fu_524">
<pin_list>
<pin id="525" dir="0" index="0" bw="11" slack="1"/>
<pin id="526" dir="0" index="1" bw="8" slack="0"/>
<pin id="527" dir="0" index="2" bw="0" slack="0"/>
<pin id="529" dir="0" index="4" bw="11" slack="2147483647"/>
<pin id="530" dir="0" index="5" bw="8" slack="2147483647"/>
<pin id="531" dir="0" index="6" bw="0" slack="2147483647"/>
<pin id="528" dir="1" index="3" bw="8" slack="2147483647"/>
<pin id="532" dir="1" index="7" bw="8" slack="0"/>
</pin_list>
<bind>
<opcode="load(27) store(28) " fcode="store"/>
<opset="LineBufVal/1 store_ln812/2 "/>
</bind>
</comp>

<comp id="534" class="1004" name="linebuf_yuv_1_addr_gep_fu_534">
<pin_list>
<pin id="535" dir="0" index="0" bw="8" slack="0"/>
<pin id="536" dir="0" index="1" bw="1" slack="0"/>
<pin id="537" dir="0" index="2" bw="17" slack="0"/>
<pin id="538" dir="1" index="3" bw="11" slack="0"/>
</pin_list>
<bind>
<opcode="getelementptr(29) " fcode="getelementptr"/>
<opset="linebuf_yuv_1_addr/1 "/>
</bind>
</comp>

<comp id="541" class="1004" name="grp_access_fu_541">
<pin_list>
<pin id="542" dir="0" index="0" bw="11" slack="1"/>
<pin id="543" dir="0" index="1" bw="8" slack="0"/>
<pin id="544" dir="0" index="2" bw="0" slack="0"/>
<pin id="546" dir="0" index="4" bw="11" slack="2147483647"/>
<pin id="547" dir="0" index="5" bw="8" slack="2147483647"/>
<pin id="548" dir="0" index="6" bw="0" slack="2147483647"/>
<pin id="545" dir="1" index="3" bw="8" slack="2147483647"/>
<pin id="549" dir="1" index="7" bw="8" slack="0"/>
</pin_list>
<bind>
<opcode="load(27) store(28) " fcode="store"/>
<opset="LineBufVal_5/1 store_ln412/2 "/>
</bind>
</comp>

<comp id="551" class="1004" name="linebuf_yuv_2_addr_gep_fu_551">
<pin_list>
<pin id="552" dir="0" index="0" bw="8" slack="0"/>
<pin id="553" dir="0" index="1" bw="1" slack="0"/>
<pin id="554" dir="0" index="2" bw="17" slack="0"/>
<pin id="555" dir="1" index="3" bw="11" slack="0"/>
</pin_list>
<bind>
<opcode="getelementptr(29) " fcode="getelementptr"/>
<opset="linebuf_yuv_2_addr/1 "/>
</bind>
</comp>

<comp id="558" class="1004" name="grp_access_fu_558">
<pin_list>
<pin id="559" dir="0" index="0" bw="11" slack="1"/>
<pin id="560" dir="0" index="1" bw="8" slack="0"/>
<pin id="561" dir="0" index="2" bw="0" slack="0"/>
<pin id="563" dir="0" index="4" bw="11" slack="2147483647"/>
<pin id="564" dir="0" index="5" bw="8" slack="2147483647"/>
<pin id="565" dir="0" index="6" bw="0" slack="2147483647"/>
<pin id="562" dir="1" index="3" bw="8" slack="2147483647"/>
<pin id="566" dir="1" index="7" bw="8" slack="0"/>
</pin_list>
<bind>
<opcode="load(27) store(28) " fcode="store"/>
<opset="LineBufVal_6/1 store_ln412/2 "/>
</bind>
</comp>

<comp id="568" class="1004" name="linebuf_yuv_3_addr_gep_fu_568">
<pin_list>
<pin id="569" dir="0" index="0" bw="8" slack="0"/>
<pin id="570" dir="0" index="1" bw="1" slack="0"/>
<pin id="571" dir="0" index="2" bw="17" slack="0"/>
<pin id="572" dir="1" index="3" bw="11" slack="0"/>
</pin_list>
<bind>
<opcode="getelementptr(29) " fcode="getelementptr"/>
<opset="linebuf_yuv_3_addr/1 "/>
</bind>
</comp>

<comp id="575" class="1004" name="grp_access_fu_575">
<pin_list>
<pin id="576" dir="0" index="0" bw="11" slack="1"/>
<pin id="577" dir="0" index="1" bw="8" slack="0"/>
<pin id="578" dir="0" index="2" bw="0" slack="0"/>
<pin id="580" dir="0" index="4" bw="11" slack="2147483647"/>
<pin id="581" dir="0" index="5" bw="8" slack="2147483647"/>
<pin id="582" dir="0" index="6" bw="0" slack="2147483647"/>
<pin id="579" dir="1" index="3" bw="8" slack="2147483647"/>
<pin id="583" dir="1" index="7" bw="8" slack="0"/>
</pin_list>
<bind>
<opcode="load(27) store(28) " fcode="store"/>
<opset="LineBufVal_7/1 store_ln412/2 "/>
</bind>
</comp>

<comp id="586" class="1004" name="DIV1_TABLE_addr_gep_fu_586">
<pin_list>
<pin id="587" dir="0" index="0" bw="10" slack="0"/>
<pin id="588" dir="0" index="1" bw="1" slack="0"/>
<pin id="589" dir="0" index="2" bw="10" slack="0"/>
<pin id="590" dir="1" index="3" bw="10" slack="0"/>
</pin_list>
<bind>
<opcode="getelementptr(29) " fcode="getelementptr"/>
<opset="DIV1_TABLE_addr/5 "/>
</bind>
</comp>

<comp id="593" class="1004" name="grp_access_fu_593">
<pin_list>
<pin id="594" dir="0" index="0" bw="10" slack="0"/>
<pin id="595" dir="0" index="1" bw="10" slack="2147483647"/>
<pin id="596" dir="0" index="2" bw="0" slack="0"/>
<pin id="598" dir="0" index="4" bw="10" slack="2147483647"/>
<pin id="599" dir="0" index="5" bw="10" slack="0"/>
<pin id="600" dir="0" index="6" bw="0" slack="2147483647"/>
<pin id="602" dir="0" index="8" bw="10" slack="0"/>
<pin id="603" dir="0" index="9" bw="10" slack="2147483647"/>
<pin id="604" dir="0" index="10" bw="0" slack="2147483647"/>
<pin id="606" dir="0" index="12" bw="10" slack="2147483647"/>
<pin id="607" dir="0" index="13" bw="10" slack="2147483647"/>
<pin id="608" dir="0" index="14" bw="0" slack="2147483647"/>
<pin id="597" dir="1" index="3" bw="10" slack="0"/>
<pin id="601" dir="1" index="7" bw="10" slack="0"/>
<pin id="605" dir="1" index="11" bw="10" slack="0"/>
<pin id="609" dir="1" index="15" bw="10" slack="0"/>
</pin_list>
<bind>
<opcode="load(27) " fcode="load"/>
<opset="DIV1_TABLE_load/5 DIV1_TABLE_load_1/5 DIV1_TABLE_load_2/5 DIV1_TABLE_load_3/5 "/>
</bind>
</comp>

<comp id="611" class="1004" name="DIV1_TABLE_addr_1_gep_fu_611">
<pin_list>
<pin id="612" dir="0" index="0" bw="10" slack="0"/>
<pin id="613" dir="0" index="1" bw="1" slack="0"/>
<pin id="614" dir="0" index="2" bw="10" slack="0"/>
<pin id="615" dir="1" index="3" bw="10" slack="0"/>
</pin_list>
<bind>
<opcode="getelementptr(29) " fcode="getelementptr"/>
<opset="DIV1_TABLE_addr_1/5 "/>
</bind>
</comp>

<comp id="619" class="1004" name="DIV1_TABLE_addr_2_gep_fu_619">
<pin_list>
<pin id="620" dir="0" index="0" bw="10" slack="0"/>
<pin id="621" dir="0" index="1" bw="1" slack="0"/>
<pin id="622" dir="0" index="2" bw="10" slack="0"/>
<pin id="623" dir="1" index="3" bw="10" slack="0"/>
</pin_list>
<bind>
<opcode="getelementptr(29) " fcode="getelementptr"/>
<opset="DIV1_TABLE_addr_2/5 "/>
</bind>
</comp>

<comp id="627" class="1004" name="DIV1_TABLE_addr_3_gep_fu_627">
<pin_list>
<pin id="628" dir="0" index="0" bw="10" slack="0"/>
<pin id="629" dir="0" index="1" bw="1" slack="0"/>
<pin id="630" dir="0" index="2" bw="10" slack="0"/>
<pin id="631" dir="1" index="3" bw="10" slack="0"/>
</pin_list>
<bind>
<opcode="getelementptr(29) " fcode="getelementptr"/>
<opset="DIV1_TABLE_addr_3/5 "/>
</bind>
</comp>

<comp id="635" class="1004" name="DIV2_TABLE_addr_gep_fu_635">
<pin_list>
<pin id="636" dir="0" index="0" bw="18" slack="0"/>
<pin id="637" dir="0" index="1" bw="1" slack="0"/>
<pin id="638" dir="0" index="2" bw="11" slack="0"/>
<pin id="639" dir="1" index="3" bw="12" slack="0"/>
</pin_list>
<bind>
<opcode="getelementptr(29) " fcode="getelementptr"/>
<opset="DIV2_TABLE_addr/6 "/>
</bind>
</comp>

<comp id="642" class="1004" name="grp_access_fu_642">
<pin_list>
<pin id="643" dir="0" index="0" bw="12" slack="0"/>
<pin id="644" dir="0" index="1" bw="18" slack="2147483647"/>
<pin id="645" dir="0" index="2" bw="0" slack="2147483647"/>
<pin id="646" dir="1" index="3" bw="18" slack="0"/>
</pin_list>
<bind>
<opcode="load(27) " fcode="load"/>
<opset="norm/6 "/>
</bind>
</comp>

<comp id="648" class="1005" name="p_ph_reg_648">
<pin_list>
<pin id="649" dir="0" index="0" bw="8" slack="1"/>
<pin id="650" dir="1" index="1" bw="8" slack="1"/>
</pin_list>
<bind>
<opset="p_ph (phireg) "/>
</bind>
</comp>

<comp id="651" class="1004" name="p_ph_phi_fu_651">
<pin_list>
<pin id="652" dir="0" index="0" bw="8" slack="0"/>
<pin id="653" dir="0" index="1" bw="0" slack="2147483647"/>
<pin id="654" dir="0" index="2" bw="8" slack="0"/>
<pin id="655" dir="0" index="3" bw="0" slack="2147483647"/>
<pin id="656" dir="1" index="4" bw="8" slack="0"/>
</pin_list>
<bind>
<opcode="phi(47) " fcode="phi"/>
<opset="p_ph/2 "/>
</bind>
</comp>

<comp id="660" class="1005" name="empty_150_reg_660">
<pin_list>
<pin id="661" dir="0" index="0" bw="8" slack="2147483647"/>
<pin id="662" dir="1" index="1" bw="8" slack="2147483647"/>
</pin_list>
<bind>
<opset="empty_150 (phireg) "/>
</bind>
</comp>

<comp id="663" class="1004" name="empty_150_phi_fu_663">
<pin_list>
<pin id="664" dir="0" index="0" bw="8" slack="0"/>
<pin id="665" dir="0" index="1" bw="0" slack="2147483647"/>
<pin id="666" dir="0" index="2" bw="8" slack="1"/>
<pin id="667" dir="0" index="3" bw="0" slack="2147483647"/>
<pin id="668" dir="1" index="4" bw="8" slack="0"/>
</pin_list>
<bind>
<opcode="phi(47) " fcode="phi"/>
<opset="empty_150/3 "/>
</bind>
</comp>

<comp id="669" class="1005" name="empty_151_reg_669">
<pin_list>
<pin id="670" dir="0" index="0" bw="8" slack="2147483647"/>
<pin id="671" dir="1" index="1" bw="8" slack="2147483647"/>
</pin_list>
<bind>
<opset="empty_151 (phireg) "/>
</bind>
</comp>

<comp id="672" class="1004" name="empty_151_phi_fu_672">
<pin_list>
<pin id="673" dir="0" index="0" bw="8" slack="0"/>
<pin id="674" dir="0" index="1" bw="0" slack="2147483647"/>
<pin id="675" dir="0" index="2" bw="8" slack="0"/>
<pin id="676" dir="0" index="3" bw="0" slack="2147483647"/>
<pin id="677" dir="1" index="4" bw="8" slack="0"/>
</pin_list>
<bind>
<opcode="phi(47) " fcode="phi"/>
<opset="empty_151/3 "/>
</bind>
</comp>

<comp id="678" class="1005" name="empty_152_reg_678">
<pin_list>
<pin id="679" dir="0" index="0" bw="8" slack="2147483647"/>
<pin id="680" dir="1" index="1" bw="8" slack="2147483647"/>
</pin_list>
<bind>
<opset="empty_152 (phireg) "/>
</bind>
</comp>

<comp id="681" class="1004" name="empty_152_phi_fu_681">
<pin_list>
<pin id="682" dir="0" index="0" bw="8" slack="0"/>
<pin id="683" dir="0" index="1" bw="0" slack="2147483647"/>
<pin id="684" dir="0" index="2" bw="8" slack="0"/>
<pin id="685" dir="0" index="3" bw="0" slack="2147483647"/>
<pin id="686" dir="1" index="4" bw="8" slack="0"/>
</pin_list>
<bind>
<opcode="phi(47) " fcode="phi"/>
<opset="empty_152/3 "/>
</bind>
</comp>

<comp id="687" class="1005" name="empty_153_reg_687">
<pin_list>
<pin id="688" dir="0" index="0" bw="8" slack="2147483647"/>
<pin id="689" dir="1" index="1" bw="8" slack="2147483647"/>
</pin_list>
<bind>
<opset="empty_153 (phireg) "/>
</bind>
</comp>

<comp id="690" class="1004" name="empty_153_phi_fu_690">
<pin_list>
<pin id="691" dir="0" index="0" bw="8" slack="0"/>
<pin id="692" dir="0" index="1" bw="0" slack="2147483647"/>
<pin id="693" dir="0" index="2" bw="8" slack="0"/>
<pin id="694" dir="0" index="3" bw="0" slack="2147483647"/>
<pin id="695" dir="1" index="4" bw="8" slack="0"/>
</pin_list>
<bind>
<opcode="phi(47) " fcode="phi"/>
<opset="empty_153/3 "/>
</bind>
</comp>

<comp id="696" class="1005" name="empty_154_reg_696">
<pin_list>
<pin id="697" dir="0" index="0" bw="8" slack="2147483647"/>
<pin id="698" dir="1" index="1" bw="8" slack="2147483647"/>
</pin_list>
<bind>
<opset="empty_154 (phireg) "/>
</bind>
</comp>

<comp id="699" class="1004" name="empty_154_phi_fu_699">
<pin_list>
<pin id="700" dir="0" index="0" bw="8" slack="0"/>
<pin id="701" dir="0" index="1" bw="0" slack="2147483647"/>
<pin id="702" dir="0" index="2" bw="8" slack="1"/>
<pin id="703" dir="0" index="3" bw="0" slack="2147483647"/>
<pin id="704" dir="1" index="4" bw="8" slack="0"/>
</pin_list>
<bind>
<opcode="phi(47) " fcode="phi"/>
<opset="empty_154/3 "/>
</bind>
</comp>

<comp id="705" class="1005" name="empty_155_reg_705">
<pin_list>
<pin id="706" dir="0" index="0" bw="8" slack="2147483647"/>
<pin id="707" dir="1" index="1" bw="8" slack="2147483647"/>
</pin_list>
<bind>
<opset="empty_155 (phireg) "/>
</bind>
</comp>

<comp id="708" class="1004" name="empty_155_phi_fu_708">
<pin_list>
<pin id="709" dir="0" index="0" bw="8" slack="0"/>
<pin id="710" dir="0" index="1" bw="0" slack="2147483647"/>
<pin id="711" dir="0" index="2" bw="8" slack="0"/>
<pin id="712" dir="0" index="3" bw="0" slack="2147483647"/>
<pin id="713" dir="1" index="4" bw="8" slack="0"/>
</pin_list>
<bind>
<opcode="phi(47) " fcode="phi"/>
<opset="empty_155/3 "/>
</bind>
</comp>

<comp id="714" class="1005" name="empty_156_reg_714">
<pin_list>
<pin id="715" dir="0" index="0" bw="8" slack="2147483647"/>
<pin id="716" dir="1" index="1" bw="8" slack="2147483647"/>
</pin_list>
<bind>
<opset="empty_156 (phireg) "/>
</bind>
</comp>

<comp id="717" class="1004" name="empty_156_phi_fu_717">
<pin_list>
<pin id="718" dir="0" index="0" bw="8" slack="0"/>
<pin id="719" dir="0" index="1" bw="0" slack="2147483647"/>
<pin id="720" dir="0" index="2" bw="8" slack="0"/>
<pin id="721" dir="0" index="3" bw="0" slack="2147483647"/>
<pin id="722" dir="1" index="4" bw="8" slack="0"/>
</pin_list>
<bind>
<opcode="phi(47) " fcode="phi"/>
<opset="empty_156/3 "/>
</bind>
</comp>

<comp id="723" class="1005" name="empty_157_reg_723">
<pin_list>
<pin id="724" dir="0" index="0" bw="8" slack="2147483647"/>
<pin id="725" dir="1" index="1" bw="8" slack="2147483647"/>
</pin_list>
<bind>
<opset="empty_157 (phireg) "/>
</bind>
</comp>

<comp id="726" class="1004" name="empty_157_phi_fu_726">
<pin_list>
<pin id="727" dir="0" index="0" bw="8" slack="0"/>
<pin id="728" dir="0" index="1" bw="0" slack="2147483647"/>
<pin id="729" dir="0" index="2" bw="8" slack="0"/>
<pin id="730" dir="0" index="3" bw="0" slack="2147483647"/>
<pin id="731" dir="1" index="4" bw="8" slack="0"/>
</pin_list>
<bind>
<opcode="phi(47) " fcode="phi"/>
<opset="empty_157/3 "/>
</bind>
</comp>

<comp id="732" class="1005" name="empty_158_reg_732">
<pin_list>
<pin id="733" dir="0" index="0" bw="8" slack="2147483647"/>
<pin id="734" dir="1" index="1" bw="8" slack="2147483647"/>
</pin_list>
<bind>
<opset="empty_158 (phireg) "/>
</bind>
</comp>

<comp id="735" class="1004" name="empty_158_phi_fu_735">
<pin_list>
<pin id="736" dir="0" index="0" bw="8" slack="0"/>
<pin id="737" dir="0" index="1" bw="0" slack="2147483647"/>
<pin id="738" dir="0" index="2" bw="8" slack="1"/>
<pin id="739" dir="0" index="3" bw="0" slack="2147483647"/>
<pin id="740" dir="1" index="4" bw="8" slack="0"/>
</pin_list>
<bind>
<opcode="phi(47) " fcode="phi"/>
<opset="empty_158/3 "/>
</bind>
</comp>

<comp id="741" class="1005" name="g_2_reg_741">
<pin_list>
<pin id="742" dir="0" index="0" bw="8" slack="7"/>
<pin id="743" dir="1" index="1" bw="8" slack="7"/>
</pin_list>
<bind>
<opset="g_2 (phireg) "/>
</bind>
</comp>

<comp id="744" class="1004" name="g_2_phi_fu_744">
<pin_list>
<pin id="745" dir="0" index="0" bw="8" slack="0"/>
<pin id="746" dir="0" index="1" bw="0" slack="2147483647"/>
<pin id="747" dir="0" index="2" bw="8" slack="0"/>
<pin id="748" dir="0" index="3" bw="0" slack="2147483647"/>
<pin id="749" dir="1" index="4" bw="8" slack="0"/>
</pin_list>
<bind>
<opcode="phi(47) " fcode="phi"/>
<opset="g_2/3 "/>
</bind>
</comp>

<comp id="751" class="1005" name="empty_159_reg_751">
<pin_list>
<pin id="752" dir="0" index="0" bw="8" slack="2147483647"/>
<pin id="753" dir="1" index="1" bw="8" slack="2147483647"/>
</pin_list>
<bind>
<opset="empty_159 (phireg) "/>
</bind>
</comp>

<comp id="754" class="1004" name="empty_159_phi_fu_754">
<pin_list>
<pin id="755" dir="0" index="0" bw="8" slack="0"/>
<pin id="756" dir="0" index="1" bw="0" slack="2147483647"/>
<pin id="757" dir="0" index="2" bw="8" slack="0"/>
<pin id="758" dir="0" index="3" bw="0" slack="2147483647"/>
<pin id="759" dir="1" index="4" bw="8" slack="0"/>
</pin_list>
<bind>
<opcode="phi(47) " fcode="phi"/>
<opset="empty_159/3 "/>
</bind>
</comp>

<comp id="760" class="1005" name="empty_160_reg_760">
<pin_list>
<pin id="761" dir="0" index="0" bw="8" slack="2147483647"/>
<pin id="762" dir="1" index="1" bw="8" slack="2147483647"/>
</pin_list>
<bind>
<opset="empty_160 (phireg) "/>
</bind>
</comp>

<comp id="763" class="1004" name="empty_160_phi_fu_763">
<pin_list>
<pin id="764" dir="0" index="0" bw="8" slack="0"/>
<pin id="765" dir="0" index="1" bw="0" slack="2147483647"/>
<pin id="766" dir="0" index="2" bw="8" slack="0"/>
<pin id="767" dir="0" index="3" bw="0" slack="2147483647"/>
<pin id="768" dir="1" index="4" bw="8" slack="0"/>
</pin_list>
<bind>
<opcode="phi(47) " fcode="phi"/>
<opset="empty_160/3 "/>
</bind>
</comp>

<comp id="769" class="1005" name="empty_161_reg_769">
<pin_list>
<pin id="770" dir="0" index="0" bw="8" slack="2147483647"/>
<pin id="771" dir="1" index="1" bw="8" slack="2147483647"/>
</pin_list>
<bind>
<opset="empty_161 (phireg) "/>
</bind>
</comp>

<comp id="772" class="1004" name="empty_161_phi_fu_772">
<pin_list>
<pin id="773" dir="0" index="0" bw="8" slack="0"/>
<pin id="774" dir="0" index="1" bw="0" slack="2147483647"/>
<pin id="775" dir="0" index="2" bw="8" slack="1"/>
<pin id="776" dir="0" index="3" bw="0" slack="2147483647"/>
<pin id="777" dir="1" index="4" bw="8" slack="0"/>
</pin_list>
<bind>
<opcode="phi(47) " fcode="phi"/>
<opset="empty_161/3 "/>
</bind>
</comp>

<comp id="778" class="1005" name="empty_162_reg_778">
<pin_list>
<pin id="779" dir="0" index="0" bw="8" slack="2147483647"/>
<pin id="780" dir="1" index="1" bw="8" slack="2147483647"/>
</pin_list>
<bind>
<opset="empty_162 (phireg) "/>
</bind>
</comp>

<comp id="781" class="1004" name="empty_162_phi_fu_781">
<pin_list>
<pin id="782" dir="0" index="0" bw="8" slack="0"/>
<pin id="783" dir="0" index="1" bw="0" slack="2147483647"/>
<pin id="784" dir="0" index="2" bw="8" slack="0"/>
<pin id="785" dir="0" index="3" bw="0" slack="2147483647"/>
<pin id="786" dir="1" index="4" bw="8" slack="0"/>
</pin_list>
<bind>
<opcode="phi(47) " fcode="phi"/>
<opset="empty_162/3 "/>
</bind>
</comp>

<comp id="787" class="1005" name="empty_163_reg_787">
<pin_list>
<pin id="788" dir="0" index="0" bw="8" slack="2147483647"/>
<pin id="789" dir="1" index="1" bw="8" slack="2147483647"/>
</pin_list>
<bind>
<opset="empty_163 (phireg) "/>
</bind>
</comp>

<comp id="790" class="1004" name="empty_163_phi_fu_790">
<pin_list>
<pin id="791" dir="0" index="0" bw="8" slack="0"/>
<pin id="792" dir="0" index="1" bw="0" slack="2147483647"/>
<pin id="793" dir="0" index="2" bw="8" slack="0"/>
<pin id="794" dir="0" index="3" bw="0" slack="2147483647"/>
<pin id="795" dir="1" index="4" bw="8" slack="0"/>
</pin_list>
<bind>
<opcode="phi(47) " fcode="phi"/>
<opset="empty_163/3 "/>
</bind>
</comp>

<comp id="796" class="1005" name="empty_164_reg_796">
<pin_list>
<pin id="797" dir="0" index="0" bw="8" slack="2147483647"/>
<pin id="798" dir="1" index="1" bw="8" slack="2147483647"/>
</pin_list>
<bind>
<opset="empty_164 (phireg) "/>
</bind>
</comp>

<comp id="799" class="1004" name="empty_164_phi_fu_799">
<pin_list>
<pin id="800" dir="0" index="0" bw="8" slack="0"/>
<pin id="801" dir="0" index="1" bw="0" slack="2147483647"/>
<pin id="802" dir="0" index="2" bw="8" slack="0"/>
<pin id="803" dir="0" index="3" bw="0" slack="2147483647"/>
<pin id="804" dir="1" index="4" bw="8" slack="0"/>
</pin_list>
<bind>
<opcode="phi(47) " fcode="phi"/>
<opset="empty_164/3 "/>
</bind>
</comp>

<comp id="805" class="1005" name="empty_165_reg_805">
<pin_list>
<pin id="806" dir="0" index="0" bw="8" slack="2147483647"/>
<pin id="807" dir="1" index="1" bw="8" slack="2147483647"/>
</pin_list>
<bind>
<opset="empty_165 (phireg) "/>
</bind>
</comp>

<comp id="808" class="1004" name="empty_165_phi_fu_808">
<pin_list>
<pin id="809" dir="0" index="0" bw="8" slack="0"/>
<pin id="810" dir="0" index="1" bw="0" slack="2147483647"/>
<pin id="811" dir="0" index="2" bw="8" slack="1"/>
<pin id="812" dir="0" index="3" bw="0" slack="2147483647"/>
<pin id="813" dir="1" index="4" bw="8" slack="0"/>
</pin_list>
<bind>
<opcode="phi(47) " fcode="phi"/>
<opset="empty_165/3 "/>
</bind>
</comp>

<comp id="814" class="1005" name="empty_166_reg_814">
<pin_list>
<pin id="815" dir="0" index="0" bw="8" slack="2147483647"/>
<pin id="816" dir="1" index="1" bw="8" slack="2147483647"/>
</pin_list>
<bind>
<opset="empty_166 (phireg) "/>
</bind>
</comp>

<comp id="817" class="1004" name="empty_166_phi_fu_817">
<pin_list>
<pin id="818" dir="0" index="0" bw="8" slack="0"/>
<pin id="819" dir="0" index="1" bw="0" slack="2147483647"/>
<pin id="820" dir="0" index="2" bw="8" slack="0"/>
<pin id="821" dir="0" index="3" bw="0" slack="2147483647"/>
<pin id="822" dir="1" index="4" bw="8" slack="0"/>
</pin_list>
<bind>
<opcode="phi(47) " fcode="phi"/>
<opset="empty_166/3 "/>
</bind>
</comp>

<comp id="823" class="1005" name="empty_167_reg_823">
<pin_list>
<pin id="824" dir="0" index="0" bw="8" slack="2147483647"/>
<pin id="825" dir="1" index="1" bw="8" slack="2147483647"/>
</pin_list>
<bind>
<opset="empty_167 (phireg) "/>
</bind>
</comp>

<comp id="826" class="1004" name="empty_167_phi_fu_826">
<pin_list>
<pin id="827" dir="0" index="0" bw="8" slack="0"/>
<pin id="828" dir="0" index="1" bw="0" slack="2147483647"/>
<pin id="829" dir="0" index="2" bw="8" slack="0"/>
<pin id="830" dir="0" index="3" bw="0" slack="2147483647"/>
<pin id="831" dir="1" index="4" bw="8" slack="0"/>
</pin_list>
<bind>
<opcode="phi(47) " fcode="phi"/>
<opset="empty_167/3 "/>
</bind>
</comp>

<comp id="832" class="1005" name="empty_168_reg_832">
<pin_list>
<pin id="833" dir="0" index="0" bw="8" slack="2147483647"/>
<pin id="834" dir="1" index="1" bw="8" slack="2147483647"/>
</pin_list>
<bind>
<opset="empty_168 (phireg) "/>
</bind>
</comp>

<comp id="835" class="1004" name="empty_168_phi_fu_835">
<pin_list>
<pin id="836" dir="0" index="0" bw="8" slack="0"/>
<pin id="837" dir="0" index="1" bw="0" slack="2147483647"/>
<pin id="838" dir="0" index="2" bw="8" slack="0"/>
<pin id="839" dir="0" index="3" bw="0" slack="2147483647"/>
<pin id="840" dir="1" index="4" bw="8" slack="0"/>
</pin_list>
<bind>
<opcode="phi(47) " fcode="phi"/>
<opset="empty_168/3 "/>
</bind>
</comp>

<comp id="841" class="1004" name="zext_ln274_fu_841">
<pin_list>
<pin id="842" dir="0" index="0" bw="16" slack="0"/>
<pin id="843" dir="1" index="1" bw="17" slack="0"/>
</pin_list>
<bind>
<opcode="zext(34) " fcode="zext"/>
<opset="zext_ln274/1 "/>
</bind>
</comp>

<comp id="845" class="1004" name="icmp_ln346_fu_845">
<pin_list>
<pin id="846" dir="0" index="0" bw="17" slack="0"/>
<pin id="847" dir="0" index="1" bw="17" slack="0"/>
<pin id="848" dir="1" index="2" bw="1" slack="1"/>
</pin_list>
<bind>
<opcode="icmp(45) " fcode="icmp"/>
<opset="icmp_ln346/1 "/>
</bind>
</comp>

<comp id="851" class="1004" name="icmp_ln403_fu_851">
<pin_list>
<pin id="852" dir="0" index="0" bw="17" slack="0"/>
<pin id="853" dir="0" index="1" bw="17" slack="0"/>
<pin id="854" dir="1" index="2" bw="1" slack="1"/>
</pin_list>
<bind>
<opcode="icmp(45) " fcode="icmp"/>
<opset="icmp_ln403/1 "/>
</bind>
</comp>

<comp id="857" class="1004" name="zext_ln275_fu_857">
<pin_list>
<pin id="858" dir="0" index="0" bw="16" slack="0"/>
<pin id="859" dir="1" index="1" bw="17" slack="0"/>
</pin_list>
<bind>
<opcode="zext(34) " fcode="zext"/>
<opset="zext_ln275/1 "/>
</bind>
</comp>

<comp id="861" class="1004" name="zext_ln439_fu_861">
<pin_list>
<pin id="862" dir="0" index="0" bw="1" slack="0"/>
<pin id="863" dir="1" index="1" bw="15" slack="0"/>
</pin_list>
<bind>
<opcode="zext(34) " fcode="zext"/>
<opset="zext_ln439/1 "/>
</bind>
</comp>

<comp id="865" class="1004" name="icmp_ln506_fu_865">
<pin_list>
<pin id="866" dir="0" index="0" bw="15" slack="0"/>
<pin id="867" dir="0" index="1" bw="15" slack="0"/>
<pin id="868" dir="1" index="2" bw="1" slack="10"/>
</pin_list>
<bind>
<opcode="icmp(45) " fcode="icmp"/>
<opset="icmp_ln506/1 "/>
</bind>
</comp>

<comp id="871" class="1004" name="store_ln0_store_fu_871">
<pin_list>
<pin id="872" dir="0" index="0" bw="8" slack="0"/>
<pin id="873" dir="0" index="1" bw="8" slack="0"/>
<pin id="874" dir="1" index="2" bw="0" slack="2147483647"/>
</pin_list>
<bind>
<opcode="store(28) " fcode="store"/>
<opset="store_ln0/1 "/>
</bind>
</comp>

<comp id="876" class="1004" name="store_ln0_store_fu_876">
<pin_list>
<pin id="877" dir="0" index="0" bw="8" slack="0"/>
<pin id="878" dir="0" index="1" bw="8" slack="0"/>
<pin id="879" dir="1" index="2" bw="0" slack="2147483647"/>
</pin_list>
<bind>
<opcode="store(28) " fcode="store"/>
<opset="store_ln0/1 "/>
</bind>
</comp>

<comp id="881" class="1004" name="store_ln0_store_fu_881">
<pin_list>
<pin id="882" dir="0" index="0" bw="8" slack="0"/>
<pin id="883" dir="0" index="1" bw="8" slack="0"/>
<pin id="884" dir="1" index="2" bw="0" slack="2147483647"/>
</pin_list>
<bind>
<opcode="store(28) " fcode="store"/>
<opset="store_ln0/1 "/>
</bind>
</comp>

<comp id="886" class="1004" name="store_ln0_store_fu_886">
<pin_list>
<pin id="887" dir="0" index="0" bw="8" slack="0"/>
<pin id="888" dir="0" index="1" bw="8" slack="0"/>
<pin id="889" dir="1" index="2" bw="0" slack="2147483647"/>
</pin_list>
<bind>
<opcode="store(28) " fcode="store"/>
<opset="store_ln0/1 "/>
</bind>
</comp>

<comp id="891" class="1004" name="store_ln0_store_fu_891">
<pin_list>
<pin id="892" dir="0" index="0" bw="8" slack="0"/>
<pin id="893" dir="0" index="1" bw="8" slack="0"/>
<pin id="894" dir="1" index="2" bw="0" slack="2147483647"/>
</pin_list>
<bind>
<opcode="store(28) " fcode="store"/>
<opset="store_ln0/1 "/>
</bind>
</comp>

<comp id="896" class="1004" name="store_ln0_store_fu_896">
<pin_list>
<pin id="897" dir="0" index="0" bw="8" slack="0"/>
<pin id="898" dir="0" index="1" bw="8" slack="0"/>
<pin id="899" dir="1" index="2" bw="0" slack="2147483647"/>
</pin_list>
<bind>
<opcode="store(28) " fcode="store"/>
<opset="store_ln0/1 "/>
</bind>
</comp>

<comp id="901" class="1004" name="store_ln0_store_fu_901">
<pin_list>
<pin id="902" dir="0" index="0" bw="8" slack="0"/>
<pin id="903" dir="0" index="1" bw="8" slack="0"/>
<pin id="904" dir="1" index="2" bw="0" slack="2147483647"/>
</pin_list>
<bind>
<opcode="store(28) " fcode="store"/>
<opset="store_ln0/1 "/>
</bind>
</comp>

<comp id="906" class="1004" name="store_ln0_store_fu_906">
<pin_list>
<pin id="907" dir="0" index="0" bw="8" slack="0"/>
<pin id="908" dir="0" index="1" bw="8" slack="0"/>
<pin id="909" dir="1" index="2" bw="0" slack="2147483647"/>
</pin_list>
<bind>
<opcode="store(28) " fcode="store"/>
<opset="store_ln0/1 "/>
</bind>
</comp>

<comp id="911" class="1004" name="store_ln0_store_fu_911">
<pin_list>
<pin id="912" dir="0" index="0" bw="8" slack="0"/>
<pin id="913" dir="0" index="1" bw="8" slack="0"/>
<pin id="914" dir="1" index="2" bw="0" slack="2147483647"/>
</pin_list>
<bind>
<opcode="store(28) " fcode="store"/>
<opset="store_ln0/1 "/>
</bind>
</comp>

<comp id="916" class="1004" name="store_ln0_store_fu_916">
<pin_list>
<pin id="917" dir="0" index="0" bw="8" slack="0"/>
<pin id="918" dir="0" index="1" bw="8" slack="0"/>
<pin id="919" dir="1" index="2" bw="0" slack="2147483647"/>
</pin_list>
<bind>
<opcode="store(28) " fcode="store"/>
<opset="store_ln0/1 "/>
</bind>
</comp>

<comp id="921" class="1004" name="store_ln0_store_fu_921">
<pin_list>
<pin id="922" dir="0" index="0" bw="8" slack="0"/>
<pin id="923" dir="0" index="1" bw="8" slack="0"/>
<pin id="924" dir="1" index="2" bw="0" slack="2147483647"/>
</pin_list>
<bind>
<opcode="store(28) " fcode="store"/>
<opset="store_ln0/1 "/>
</bind>
</comp>

<comp id="926" class="1004" name="store_ln0_store_fu_926">
<pin_list>
<pin id="927" dir="0" index="0" bw="8" slack="0"/>
<pin id="928" dir="0" index="1" bw="8" slack="0"/>
<pin id="929" dir="1" index="2" bw="0" slack="2147483647"/>
</pin_list>
<bind>
<opcode="store(28) " fcode="store"/>
<opset="store_ln0/1 "/>
</bind>
</comp>

<comp id="931" class="1004" name="store_ln0_store_fu_931">
<pin_list>
<pin id="932" dir="0" index="0" bw="8" slack="0"/>
<pin id="933" dir="0" index="1" bw="8" slack="0"/>
<pin id="934" dir="1" index="2" bw="0" slack="2147483647"/>
</pin_list>
<bind>
<opcode="store(28) " fcode="store"/>
<opset="store_ln0/1 "/>
</bind>
</comp>

<comp id="936" class="1004" name="store_ln0_store_fu_936">
<pin_list>
<pin id="937" dir="0" index="0" bw="8" slack="0"/>
<pin id="938" dir="0" index="1" bw="8" slack="0"/>
<pin id="939" dir="1" index="2" bw="0" slack="2147483647"/>
</pin_list>
<bind>
<opcode="store(28) " fcode="store"/>
<opset="store_ln0/1 "/>
</bind>
</comp>

<comp id="941" class="1004" name="store_ln0_store_fu_941">
<pin_list>
<pin id="942" dir="0" index="0" bw="8" slack="0"/>
<pin id="943" dir="0" index="1" bw="8" slack="0"/>
<pin id="944" dir="1" index="2" bw="0" slack="2147483647"/>
</pin_list>
<bind>
<opcode="store(28) " fcode="store"/>
<opset="store_ln0/1 "/>
</bind>
</comp>

<comp id="946" class="1004" name="store_ln0_store_fu_946">
<pin_list>
<pin id="947" dir="0" index="0" bw="8" slack="0"/>
<pin id="948" dir="0" index="1" bw="8" slack="0"/>
<pin id="949" dir="1" index="2" bw="0" slack="2147483647"/>
</pin_list>
<bind>
<opcode="store(28) " fcode="store"/>
<opset="store_ln0/1 "/>
</bind>
</comp>

<comp id="951" class="1004" name="store_ln0_store_fu_951">
<pin_list>
<pin id="952" dir="0" index="0" bw="8" slack="0"/>
<pin id="953" dir="0" index="1" bw="8" slack="0"/>
<pin id="954" dir="1" index="2" bw="0" slack="2147483647"/>
</pin_list>
<bind>
<opcode="store(28) " fcode="store"/>
<opset="store_ln0/1 "/>
</bind>
</comp>

<comp id="956" class="1004" name="store_ln0_store_fu_956">
<pin_list>
<pin id="957" dir="0" index="0" bw="8" slack="0"/>
<pin id="958" dir="0" index="1" bw="8" slack="0"/>
<pin id="959" dir="1" index="2" bw="0" slack="2147483647"/>
</pin_list>
<bind>
<opcode="store(28) " fcode="store"/>
<opset="store_ln0/1 "/>
</bind>
</comp>

<comp id="961" class="1004" name="store_ln0_store_fu_961">
<pin_list>
<pin id="962" dir="0" index="0" bw="8" slack="0"/>
<pin id="963" dir="0" index="1" bw="8" slack="0"/>
<pin id="964" dir="1" index="2" bw="0" slack="2147483647"/>
</pin_list>
<bind>
<opcode="store(28) " fcode="store"/>
<opset="store_ln0/1 "/>
</bind>
</comp>

<comp id="966" class="1004" name="store_ln0_store_fu_966">
<pin_list>
<pin id="967" dir="0" index="0" bw="8" slack="0"/>
<pin id="968" dir="0" index="1" bw="8" slack="0"/>
<pin id="969" dir="1" index="2" bw="0" slack="2147483647"/>
</pin_list>
<bind>
<opcode="store(28) " fcode="store"/>
<opset="store_ln0/1 "/>
</bind>
</comp>

<comp id="971" class="1004" name="store_ln271_store_fu_971">
<pin_list>
<pin id="972" dir="0" index="0" bw="1" slack="0"/>
<pin id="973" dir="0" index="1" bw="17" slack="0"/>
<pin id="974" dir="1" index="2" bw="0" slack="2147483647"/>
</pin_list>
<bind>
<opcode="store(28) " fcode="store"/>
<opset="store_ln271/1 "/>
</bind>
</comp>

<comp id="976" class="1004" name="z_load_fu_976">
<pin_list>
<pin id="977" dir="0" index="0" bw="17" slack="0"/>
<pin id="978" dir="1" index="1" bw="17" slack="0"/>
</pin_list>
<bind>
<opcode="load(27) " fcode="load"/>
<opset="z/1 "/>
</bind>
</comp>

<comp id="979" class="1004" name="icmp_ln318_fu_979">
<pin_list>
<pin id="980" dir="0" index="0" bw="17" slack="0"/>
<pin id="981" dir="0" index="1" bw="17" slack="0"/>
<pin id="982" dir="1" index="2" bw="1" slack="1"/>
</pin_list>
<bind>
<opcode="icmp(45) " fcode="icmp"/>
<opset="icmp_ln318/1 "/>
</bind>
</comp>

<comp id="985" class="1004" name="x_11_fu_985">
<pin_list>
<pin id="986" dir="0" index="0" bw="17" slack="0"/>
<pin id="987" dir="0" index="1" bw="1" slack="0"/>
<pin id="988" dir="1" index="2" bw="17" slack="0"/>
</pin_list>
<bind>
<opcode="add(8) " fcode="add"/>
<opset="x_11/1 "/>
</bind>
</comp>

<comp id="991" class="1004" name="zext_ln318_fu_991">
<pin_list>
<pin id="992" dir="0" index="0" bw="17" slack="0"/>
<pin id="993" dir="1" index="1" bw="64" slack="0"/>
</pin_list>
<bind>
<opcode="zext(34) " fcode="zext"/>
<opset="zext_ln318/1 "/>
</bind>
</comp>

<comp id="999" class="1004" name="out_x_fu_999">
<pin_list>
<pin id="1000" dir="0" index="0" bw="17" slack="0"/>
<pin id="1001" dir="0" index="1" bw="2" slack="0"/>
<pin id="1002" dir="1" index="2" bw="17" slack="0"/>
</pin_list>
<bind>
<opcode="add(8) " fcode="add"/>
<opset="out_x/1 "/>
</bind>
</comp>

<comp id="1005" class="1004" name="trunc_ln279_fu_1005">
<pin_list>
<pin id="1006" dir="0" index="0" bw="17" slack="0"/>
<pin id="1007" dir="1" index="1" bw="1" slack="0"/>
</pin_list>
<bind>
<opcode="trunc(33) " fcode="trunc"/>
<opset="trunc_ln279/1 "/>
</bind>
</comp>

<comp id="1009" class="1004" name="icmp_ln328_fu_1009">
<pin_list>
<pin id="1010" dir="0" index="0" bw="17" slack="0"/>
<pin id="1011" dir="0" index="1" bw="17" slack="0"/>
<pin id="1012" dir="1" index="2" bw="1" slack="1"/>
</pin_list>
<bind>
<opcode="icmp(45) " fcode="icmp"/>
<opset="icmp_ln328/1 "/>
</bind>
</comp>

<comp id="1015" class="1004" name="icmp_ln387_fu_1015">
<pin_list>
<pin id="1016" dir="0" index="0" bw="17" slack="0"/>
<pin id="1017" dir="0" index="1" bw="17" slack="0"/>
<pin id="1018" dir="1" index="2" bw="1" slack="2"/>
</pin_list>
<bind>
<opcode="icmp(45) " fcode="icmp"/>
<opset="icmp_ln387/1 "/>
</bind>
</comp>

<comp id="1021" class="1004" name="xor_ln439_1_fu_1021">
<pin_list>
<pin id="1022" dir="0" index="0" bw="1" slack="0"/>
<pin id="1023" dir="0" index="1" bw="1" slack="0"/>
<pin id="1024" dir="1" index="2" bw="1" slack="0"/>
</pin_list>
<bind>
<opcode="xor(25) " fcode="xor"/>
<opset="xor_ln439_1/1 "/>
</bind>
</comp>

<comp id="1027" class="1004" name="zext_ln439_1_fu_1027">
<pin_list>
<pin id="1028" dir="0" index="0" bw="1" slack="0"/>
<pin id="1029" dir="1" index="1" bw="15" slack="0"/>
</pin_list>
<bind>
<opcode="zext(34) " fcode="zext"/>
<opset="zext_ln439_1/1 "/>
</bind>
</comp>

<comp id="1031" class="1004" name="icmp_ln439_fu_1031">
<pin_list>
<pin id="1032" dir="0" index="0" bw="15" slack="0"/>
<pin id="1033" dir="0" index="1" bw="15" slack="0"/>
<pin id="1034" dir="1" index="2" bw="1" slack="2"/>
</pin_list>
<bind>
<opcode="icmp(45) " fcode="icmp"/>
<opset="icmp_ln439/1 "/>
</bind>
</comp>

<comp id="1037" class="1004" name="or_ln585_fu_1037">
<pin_list>
<pin id="1038" dir="0" index="0" bw="17" slack="0"/>
<pin id="1039" dir="0" index="1" bw="17" slack="0"/>
<pin id="1040" dir="1" index="2" bw="17" slack="0"/>
</pin_list>
<bind>
<opcode="or(24) " fcode="or"/>
<opset="or_ln585/1 "/>
</bind>
</comp>

<comp id="1043" class="1004" name="tmp_52_fu_1043">
<pin_list>
<pin id="1044" dir="0" index="0" bw="1" slack="0"/>
<pin id="1045" dir="0" index="1" bw="17" slack="0"/>
<pin id="1046" dir="0" index="2" bw="6" slack="0"/>
<pin id="1047" dir="1" index="3" bw="1" slack="10"/>
</pin_list>
<bind>
<opcode="bitselect(1000) " fcode="bitselect"/>
<opset="tmp_52/1 "/>
</bind>
</comp>

<comp id="1051" class="1004" name="store_ln271_store_fu_1051">
<pin_list>
<pin id="1052" dir="0" index="0" bw="17" slack="0"/>
<pin id="1053" dir="0" index="1" bw="17" slack="0"/>
<pin id="1054" dir="1" index="2" bw="0" slack="2147483647"/>
</pin_list>
<bind>
<opcode="store(28) " fcode="store"/>
<opset="store_ln271/1 "/>
</bind>
</comp>

<comp id="1056" class="1004" name="p_load220_load_fu_1056">
<pin_list>
<pin id="1057" dir="0" index="0" bw="8" slack="1"/>
<pin id="1058" dir="1" index="1" bw="8" slack="1"/>
</pin_list>
<bind>
<opcode="load(27) " fcode="load"/>
<opset="p_load220/2 "/>
</bind>
</comp>

<comp id="1059" class="1004" name="p_load218_load_fu_1059">
<pin_list>
<pin id="1060" dir="0" index="0" bw="8" slack="1"/>
<pin id="1061" dir="1" index="1" bw="8" slack="1"/>
</pin_list>
<bind>
<opcode="load(27) " fcode="load"/>
<opset="p_load218/2 "/>
</bind>
</comp>

<comp id="1062" class="1004" name="p_load216_load_fu_1062">
<pin_list>
<pin id="1063" dir="0" index="0" bw="8" slack="1"/>
<pin id="1064" dir="1" index="1" bw="8" slack="1"/>
</pin_list>
<bind>
<opcode="load(27) " fcode="load"/>
<opset="p_load216/2 "/>
</bind>
</comp>

<comp id="1065" class="1004" name="p_load214_load_fu_1065">
<pin_list>
<pin id="1066" dir="0" index="0" bw="8" slack="1"/>
<pin id="1067" dir="1" index="1" bw="8" slack="1"/>
</pin_list>
<bind>
<opcode="load(27) " fcode="load"/>
<opset="p_load214/2 "/>
</bind>
</comp>

<comp id="1068" class="1004" name="p_load212_load_fu_1068">
<pin_list>
<pin id="1069" dir="0" index="0" bw="8" slack="1"/>
<pin id="1070" dir="1" index="1" bw="8" slack="1"/>
</pin_list>
<bind>
<opcode="load(27) " fcode="load"/>
<opset="p_load212/2 "/>
</bind>
</comp>

<comp id="1071" class="1004" name="select_ln403_fu_1071">
<pin_list>
<pin id="1072" dir="0" index="0" bw="1" slack="1"/>
<pin id="1073" dir="0" index="1" bw="8" slack="0"/>
<pin id="1074" dir="0" index="2" bw="8" slack="0"/>
<pin id="1075" dir="1" index="3" bw="8" slack="0"/>
</pin_list>
<bind>
<opcode="select(49) " fcode="select"/>
<opset="select_ln403/2 "/>
</bind>
</comp>

<comp id="1079" class="1004" name="select_ln403_1_fu_1079">
<pin_list>
<pin id="1080" dir="0" index="0" bw="1" slack="1"/>
<pin id="1081" dir="0" index="1" bw="8" slack="0"/>
<pin id="1082" dir="0" index="2" bw="8" slack="0"/>
<pin id="1083" dir="1" index="3" bw="8" slack="0"/>
</pin_list>
<bind>
<opcode="select(49) " fcode="select"/>
<opset="select_ln403_1/2 "/>
</bind>
</comp>

<comp id="1087" class="1004" name="LineBufVal_8_fu_1087">
<pin_list>
<pin id="1088" dir="0" index="0" bw="1" slack="1"/>
<pin id="1089" dir="0" index="1" bw="8" slack="0"/>
<pin id="1090" dir="0" index="2" bw="8" slack="0"/>
<pin id="1091" dir="1" index="3" bw="8" slack="0"/>
</pin_list>
<bind>
<opcode="select(49) " fcode="select"/>
<opset="LineBufVal_8/2 "/>
</bind>
</comp>

<comp id="1095" class="1004" name="store_ln348_store_fu_1095">
<pin_list>
<pin id="1096" dir="0" index="0" bw="8" slack="0"/>
<pin id="1097" dir="0" index="1" bw="8" slack="1"/>
<pin id="1098" dir="1" index="2" bw="0" slack="2147483647"/>
</pin_list>
<bind>
<opcode="store(28) " fcode="store"/>
<opset="store_ln348/2 "/>
</bind>
</comp>

<comp id="1100" class="1004" name="store_ln333_store_fu_1100">
<pin_list>
<pin id="1101" dir="0" index="0" bw="8" slack="0"/>
<pin id="1102" dir="0" index="1" bw="8" slack="1"/>
<pin id="1103" dir="1" index="2" bw="0" slack="2147483647"/>
</pin_list>
<bind>
<opcode="store(28) " fcode="store"/>
<opset="store_ln333/2 "/>
</bind>
</comp>

<comp id="1105" class="1004" name="store_ln333_store_fu_1105">
<pin_list>
<pin id="1106" dir="0" index="0" bw="8" slack="0"/>
<pin id="1107" dir="0" index="1" bw="8" slack="1"/>
<pin id="1108" dir="1" index="2" bw="0" slack="2147483647"/>
</pin_list>
<bind>
<opcode="store(28) " fcode="store"/>
<opset="store_ln333/2 "/>
</bind>
</comp>

<comp id="1110" class="1004" name="store_ln333_store_fu_1110">
<pin_list>
<pin id="1111" dir="0" index="0" bw="8" slack="0"/>
<pin id="1112" dir="0" index="1" bw="8" slack="1"/>
<pin id="1113" dir="1" index="2" bw="0" slack="2147483647"/>
</pin_list>
<bind>
<opcode="store(28) " fcode="store"/>
<opset="store_ln333/2 "/>
</bind>
</comp>

<comp id="1115" class="1004" name="store_ln333_store_fu_1115">
<pin_list>
<pin id="1116" dir="0" index="0" bw="8" slack="0"/>
<pin id="1117" dir="0" index="1" bw="8" slack="1"/>
<pin id="1118" dir="1" index="2" bw="0" slack="2147483647"/>
</pin_list>
<bind>
<opcode="store(28) " fcode="store"/>
<opset="store_ln333/2 "/>
</bind>
</comp>

<comp id="1120" class="1004" name="p_load211_load_fu_1120">
<pin_list>
<pin id="1121" dir="0" index="0" bw="8" slack="2"/>
<pin id="1122" dir="1" index="1" bw="8" slack="0"/>
</pin_list>
<bind>
<opcode="load(27) " fcode="load"/>
<opset="p_load211/3 "/>
</bind>
</comp>

<comp id="1124" class="1004" name="p_load210_load_fu_1124">
<pin_list>
<pin id="1125" dir="0" index="0" bw="8" slack="2"/>
<pin id="1126" dir="1" index="1" bw="8" slack="0"/>
</pin_list>
<bind>
<opcode="load(27) " fcode="load"/>
<opset="p_load210/3 "/>
</bind>
</comp>

<comp id="1128" class="1004" name="p_load209_load_fu_1128">
<pin_list>
<pin id="1129" dir="0" index="0" bw="8" slack="2"/>
<pin id="1130" dir="1" index="1" bw="8" slack="0"/>
</pin_list>
<bind>
<opcode="load(27) " fcode="load"/>
<opset="p_load209/3 "/>
</bind>
</comp>

<comp id="1132" class="1004" name="p_load208_load_fu_1132">
<pin_list>
<pin id="1133" dir="0" index="0" bw="8" slack="2"/>
<pin id="1134" dir="1" index="1" bw="8" slack="0"/>
</pin_list>
<bind>
<opcode="load(27) " fcode="load"/>
<opset="p_load208/3 "/>
</bind>
</comp>

<comp id="1136" class="1004" name="p_load207_load_fu_1136">
<pin_list>
<pin id="1137" dir="0" index="0" bw="8" slack="2"/>
<pin id="1138" dir="1" index="1" bw="8" slack="0"/>
</pin_list>
<bind>
<opcode="load(27) " fcode="load"/>
<opset="p_load207/3 "/>
</bind>
</comp>

<comp id="1140" class="1004" name="p_load206_load_fu_1140">
<pin_list>
<pin id="1141" dir="0" index="0" bw="8" slack="2"/>
<pin id="1142" dir="1" index="1" bw="8" slack="0"/>
</pin_list>
<bind>
<opcode="load(27) " fcode="load"/>
<opset="p_load206/3 "/>
</bind>
</comp>

<comp id="1144" class="1004" name="p_load205_load_fu_1144">
<pin_list>
<pin id="1145" dir="0" index="0" bw="8" slack="2"/>
<pin id="1146" dir="1" index="1" bw="8" slack="0"/>
</pin_list>
<bind>
<opcode="load(27) " fcode="load"/>
<opset="p_load205/3 "/>
</bind>
</comp>

<comp id="1148" class="1004" name="p_load204_load_fu_1148">
<pin_list>
<pin id="1149" dir="0" index="0" bw="8" slack="2"/>
<pin id="1150" dir="1" index="1" bw="8" slack="0"/>
</pin_list>
<bind>
<opcode="load(27) " fcode="load"/>
<opset="p_load204/3 "/>
</bind>
</comp>

<comp id="1152" class="1004" name="p_load203_load_fu_1152">
<pin_list>
<pin id="1153" dir="0" index="0" bw="8" slack="2"/>
<pin id="1154" dir="1" index="1" bw="8" slack="0"/>
</pin_list>
<bind>
<opcode="load(27) " fcode="load"/>
<opset="p_load203/3 "/>
</bind>
</comp>

<comp id="1156" class="1004" name="p_load202_load_fu_1156">
<pin_list>
<pin id="1157" dir="0" index="0" bw="8" slack="2"/>
<pin id="1158" dir="1" index="1" bw="8" slack="0"/>
</pin_list>
<bind>
<opcode="load(27) " fcode="load"/>
<opset="p_load202/3 "/>
</bind>
</comp>

<comp id="1160" class="1004" name="p_load201_load_fu_1160">
<pin_list>
<pin id="1161" dir="0" index="0" bw="8" slack="2"/>
<pin id="1162" dir="1" index="1" bw="8" slack="0"/>
</pin_list>
<bind>
<opcode="load(27) " fcode="load"/>
<opset="p_load201/3 "/>
</bind>
</comp>

<comp id="1164" class="1004" name="p_load200_load_fu_1164">
<pin_list>
<pin id="1165" dir="0" index="0" bw="8" slack="2"/>
<pin id="1166" dir="1" index="1" bw="8" slack="0"/>
</pin_list>
<bind>
<opcode="load(27) " fcode="load"/>
<opset="p_load200/3 "/>
</bind>
</comp>

<comp id="1168" class="1004" name="p_load199_load_fu_1168">
<pin_list>
<pin id="1169" dir="0" index="0" bw="8" slack="2"/>
<pin id="1170" dir="1" index="1" bw="8" slack="0"/>
</pin_list>
<bind>
<opcode="load(27) " fcode="load"/>
<opset="p_load199/3 "/>
</bind>
</comp>

<comp id="1172" class="1004" name="p_load198_load_fu_1172">
<pin_list>
<pin id="1173" dir="0" index="0" bw="8" slack="2"/>
<pin id="1174" dir="1" index="1" bw="8" slack="0"/>
</pin_list>
<bind>
<opcode="load(27) " fcode="load"/>
<opset="p_load198/3 "/>
</bind>
</comp>

<comp id="1176" class="1004" name="p_load_load_fu_1176">
<pin_list>
<pin id="1177" dir="0" index="0" bw="8" slack="2"/>
<pin id="1178" dir="1" index="1" bw="8" slack="0"/>
</pin_list>
<bind>
<opcode="load(27) " fcode="load"/>
<opset="p_load/3 "/>
</bind>
</comp>

<comp id="1180" class="1004" name="select_ln387_fu_1180">
<pin_list>
<pin id="1181" dir="0" index="0" bw="1" slack="2"/>
<pin id="1182" dir="0" index="1" bw="8" slack="1"/>
<pin id="1183" dir="0" index="2" bw="8" slack="1"/>
<pin id="1184" dir="1" index="3" bw="8" slack="0"/>
</pin_list>
<bind>
<opcode="select(49) " fcode="select"/>
<opset="select_ln387/3 "/>
</bind>
</comp>

<comp id="1186" class="1004" name="select_ln387_1_fu_1186">
<pin_list>
<pin id="1187" dir="0" index="0" bw="1" slack="2"/>
<pin id="1188" dir="0" index="1" bw="8" slack="1"/>
<pin id="1189" dir="0" index="2" bw="8" slack="0"/>
<pin id="1190" dir="1" index="3" bw="8" slack="0"/>
</pin_list>
<bind>
<opcode="select(49) " fcode="select"/>
<opset="select_ln387_1/3 "/>
</bind>
</comp>

<comp id="1193" class="1004" name="select_ln387_2_fu_1193">
<pin_list>
<pin id="1194" dir="0" index="0" bw="1" slack="2"/>
<pin id="1195" dir="0" index="1" bw="8" slack="1"/>
<pin id="1196" dir="0" index="2" bw="8" slack="0"/>
<pin id="1197" dir="1" index="3" bw="8" slack="0"/>
</pin_list>
<bind>
<opcode="select(49) " fcode="select"/>
<opset="select_ln387_2/3 "/>
</bind>
</comp>

<comp id="1200" class="1004" name="select_ln387_3_fu_1200">
<pin_list>
<pin id="1201" dir="0" index="0" bw="1" slack="2"/>
<pin id="1202" dir="0" index="1" bw="8" slack="1"/>
<pin id="1203" dir="0" index="2" bw="8" slack="0"/>
<pin id="1204" dir="1" index="3" bw="8" slack="0"/>
</pin_list>
<bind>
<opcode="select(49) " fcode="select"/>
<opset="select_ln387_3/3 "/>
</bind>
</comp>

<comp id="1207" class="1004" name="select_ln387_4_fu_1207">
<pin_list>
<pin id="1208" dir="0" index="0" bw="1" slack="2"/>
<pin id="1209" dir="0" index="1" bw="8" slack="1"/>
<pin id="1210" dir="0" index="2" bw="8" slack="1"/>
<pin id="1211" dir="1" index="3" bw="8" slack="0"/>
</pin_list>
<bind>
<opcode="select(49) " fcode="select"/>
<opset="select_ln387_4/3 "/>
</bind>
</comp>

<comp id="1213" class="1004" name="select_ln387_5_fu_1213">
<pin_list>
<pin id="1214" dir="0" index="0" bw="1" slack="2"/>
<pin id="1215" dir="0" index="1" bw="8" slack="1"/>
<pin id="1216" dir="0" index="2" bw="8" slack="0"/>
<pin id="1217" dir="1" index="3" bw="8" slack="0"/>
</pin_list>
<bind>
<opcode="select(49) " fcode="select"/>
<opset="select_ln387_5/3 "/>
</bind>
</comp>

<comp id="1220" class="1004" name="select_ln387_6_fu_1220">
<pin_list>
<pin id="1221" dir="0" index="0" bw="1" slack="2"/>
<pin id="1222" dir="0" index="1" bw="8" slack="1"/>
<pin id="1223" dir="0" index="2" bw="8" slack="0"/>
<pin id="1224" dir="1" index="3" bw="8" slack="0"/>
</pin_list>
<bind>
<opcode="select(49) " fcode="select"/>
<opset="select_ln387_6/3 "/>
</bind>
</comp>

<comp id="1227" class="1004" name="select_ln387_7_fu_1227">
<pin_list>
<pin id="1228" dir="0" index="0" bw="1" slack="2"/>
<pin id="1229" dir="0" index="1" bw="8" slack="1"/>
<pin id="1230" dir="0" index="2" bw="8" slack="0"/>
<pin id="1231" dir="1" index="3" bw="8" slack="0"/>
</pin_list>
<bind>
<opcode="select(49) " fcode="select"/>
<opset="select_ln387_7/3 "/>
</bind>
</comp>

<comp id="1234" class="1004" name="select_ln387_8_fu_1234">
<pin_list>
<pin id="1235" dir="0" index="0" bw="1" slack="2"/>
<pin id="1236" dir="0" index="1" bw="8" slack="1"/>
<pin id="1237" dir="0" index="2" bw="8" slack="1"/>
<pin id="1238" dir="1" index="3" bw="8" slack="0"/>
</pin_list>
<bind>
<opcode="select(49) " fcode="select"/>
<opset="select_ln387_8/3 "/>
</bind>
</comp>

<comp id="1240" class="1004" name="select_ln387_9_fu_1240">
<pin_list>
<pin id="1241" dir="0" index="0" bw="1" slack="2"/>
<pin id="1242" dir="0" index="1" bw="8" slack="1"/>
<pin id="1243" dir="0" index="2" bw="8" slack="0"/>
<pin id="1244" dir="1" index="3" bw="8" slack="0"/>
</pin_list>
<bind>
<opcode="select(49) " fcode="select"/>
<opset="select_ln387_9/3 "/>
</bind>
</comp>

<comp id="1247" class="1004" name="select_ln387_10_fu_1247">
<pin_list>
<pin id="1248" dir="0" index="0" bw="1" slack="2"/>
<pin id="1249" dir="0" index="1" bw="8" slack="1"/>
<pin id="1250" dir="0" index="2" bw="8" slack="0"/>
<pin id="1251" dir="1" index="3" bw="8" slack="0"/>
</pin_list>
<bind>
<opcode="select(49) " fcode="select"/>
<opset="select_ln387_10/3 "/>
</bind>
</comp>

<comp id="1254" class="1004" name="select_ln387_11_fu_1254">
<pin_list>
<pin id="1255" dir="0" index="0" bw="1" slack="2"/>
<pin id="1256" dir="0" index="1" bw="8" slack="1"/>
<pin id="1257" dir="0" index="2" bw="8" slack="0"/>
<pin id="1258" dir="1" index="3" bw="8" slack="0"/>
</pin_list>
<bind>
<opcode="select(49) " fcode="select"/>
<opset="select_ln387_11/3 "/>
</bind>
</comp>

<comp id="1261" class="1004" name="select_ln387_12_fu_1261">
<pin_list>
<pin id="1262" dir="0" index="0" bw="1" slack="2"/>
<pin id="1263" dir="0" index="1" bw="8" slack="1"/>
<pin id="1264" dir="0" index="2" bw="8" slack="1"/>
<pin id="1265" dir="1" index="3" bw="8" slack="0"/>
</pin_list>
<bind>
<opcode="select(49) " fcode="select"/>
<opset="select_ln387_12/3 "/>
</bind>
</comp>

<comp id="1267" class="1004" name="select_ln387_13_fu_1267">
<pin_list>
<pin id="1268" dir="0" index="0" bw="1" slack="2"/>
<pin id="1269" dir="0" index="1" bw="8" slack="1"/>
<pin id="1270" dir="0" index="2" bw="8" slack="0"/>
<pin id="1271" dir="1" index="3" bw="8" slack="0"/>
</pin_list>
<bind>
<opcode="select(49) " fcode="select"/>
<opset="select_ln387_13/3 "/>
</bind>
</comp>

<comp id="1274" class="1004" name="select_ln387_14_fu_1274">
<pin_list>
<pin id="1275" dir="0" index="0" bw="1" slack="2"/>
<pin id="1276" dir="0" index="1" bw="8" slack="1"/>
<pin id="1277" dir="0" index="2" bw="8" slack="0"/>
<pin id="1278" dir="1" index="3" bw="8" slack="0"/>
</pin_list>
<bind>
<opcode="select(49) " fcode="select"/>
<opset="select_ln387_14/3 "/>
</bind>
</comp>

<comp id="1281" class="1004" name="select_ln387_15_fu_1281">
<pin_list>
<pin id="1282" dir="0" index="0" bw="1" slack="2"/>
<pin id="1283" dir="0" index="1" bw="8" slack="1"/>
<pin id="1284" dir="0" index="2" bw="8" slack="0"/>
<pin id="1285" dir="1" index="3" bw="8" slack="0"/>
</pin_list>
<bind>
<opcode="select(49) " fcode="select"/>
<opset="select_ln387_15/3 "/>
</bind>
</comp>

<comp id="1288" class="1004" name="select_ln387_16_fu_1288">
<pin_list>
<pin id="1289" dir="0" index="0" bw="1" slack="2"/>
<pin id="1290" dir="0" index="1" bw="8" slack="1"/>
<pin id="1291" dir="0" index="2" bw="8" slack="1"/>
<pin id="1292" dir="1" index="3" bw="8" slack="0"/>
</pin_list>
<bind>
<opcode="select(49) " fcode="select"/>
<opset="select_ln387_16/3 "/>
</bind>
</comp>

<comp id="1295" class="1004" name="select_ln387_17_fu_1295">
<pin_list>
<pin id="1296" dir="0" index="0" bw="1" slack="2"/>
<pin id="1297" dir="0" index="1" bw="8" slack="1"/>
<pin id="1298" dir="0" index="2" bw="8" slack="0"/>
<pin id="1299" dir="1" index="3" bw="8" slack="0"/>
</pin_list>
<bind>
<opcode="select(49) " fcode="select"/>
<opset="select_ln387_17/3 "/>
</bind>
</comp>

<comp id="1303" class="1004" name="select_ln387_18_fu_1303">
<pin_list>
<pin id="1304" dir="0" index="0" bw="1" slack="2"/>
<pin id="1305" dir="0" index="1" bw="8" slack="1"/>
<pin id="1306" dir="0" index="2" bw="8" slack="0"/>
<pin id="1307" dir="1" index="3" bw="8" slack="0"/>
</pin_list>
<bind>
<opcode="select(49) " fcode="select"/>
<opset="select_ln387_18/3 "/>
</bind>
</comp>

<comp id="1311" class="1004" name="select_ln387_19_fu_1311">
<pin_list>
<pin id="1312" dir="0" index="0" bw="1" slack="2"/>
<pin id="1313" dir="0" index="1" bw="8" slack="1"/>
<pin id="1314" dir="0" index="2" bw="8" slack="0"/>
<pin id="1315" dir="1" index="3" bw="8" slack="0"/>
</pin_list>
<bind>
<opcode="select(49) " fcode="select"/>
<opset="select_ln387_19/3 "/>
</bind>
</comp>

<comp id="1319" class="1004" name="p_load221_load_fu_1319">
<pin_list>
<pin id="1320" dir="0" index="0" bw="8" slack="2"/>
<pin id="1321" dir="1" index="1" bw="8" slack="0"/>
</pin_list>
<bind>
<opcode="load(27) " fcode="load"/>
<opset="p_load221/3 "/>
</bind>
</comp>

<comp id="1322" class="1004" name="p_load219_load_fu_1322">
<pin_list>
<pin id="1323" dir="0" index="0" bw="8" slack="2"/>
<pin id="1324" dir="1" index="1" bw="8" slack="0"/>
</pin_list>
<bind>
<opcode="load(27) " fcode="load"/>
<opset="p_load219/3 "/>
</bind>
</comp>

<comp id="1325" class="1004" name="p_load217_load_fu_1325">
<pin_list>
<pin id="1326" dir="0" index="0" bw="8" slack="2"/>
<pin id="1327" dir="1" index="1" bw="8" slack="0"/>
</pin_list>
<bind>
<opcode="load(27) " fcode="load"/>
<opset="p_load217/3 "/>
</bind>
</comp>

<comp id="1328" class="1004" name="p_load215_load_fu_1328">
<pin_list>
<pin id="1329" dir="0" index="0" bw="8" slack="2"/>
<pin id="1330" dir="1" index="1" bw="8" slack="0"/>
</pin_list>
<bind>
<opcode="load(27) " fcode="load"/>
<opset="p_load215/3 "/>
</bind>
</comp>

<comp id="1331" class="1004" name="p_load213_load_fu_1331">
<pin_list>
<pin id="1332" dir="0" index="0" bw="8" slack="2"/>
<pin id="1333" dir="1" index="1" bw="8" slack="0"/>
</pin_list>
<bind>
<opcode="load(27) " fcode="load"/>
<opset="p_load213/3 "/>
</bind>
</comp>

<comp id="1334" class="1004" name="shl_ln_fu_1334">
<pin_list>
<pin id="1335" dir="0" index="0" bw="9" slack="0"/>
<pin id="1336" dir="0" index="1" bw="8" slack="0"/>
<pin id="1337" dir="0" index="2" bw="1" slack="0"/>
<pin id="1338" dir="1" index="3" bw="9" slack="0"/>
</pin_list>
<bind>
<opcode="bitconcatenate(1004) " fcode="bitconcatenate"/>
<opset="shl_ln/3 "/>
</bind>
</comp>

<comp id="1342" class="1004" name="zext_ln450_fu_1342">
<pin_list>
<pin id="1343" dir="0" index="0" bw="9" slack="0"/>
<pin id="1344" dir="1" index="1" bw="10" slack="0"/>
</pin_list>
<bind>
<opcode="zext(34) " fcode="zext"/>
<opset="zext_ln450/3 "/>
</bind>
</comp>

<comp id="1346" class="1004" name="zext_ln450_1_fu_1346">
<pin_list>
<pin id="1347" dir="0" index="0" bw="8" slack="0"/>
<pin id="1348" dir="1" index="1" bw="9" slack="0"/>
</pin_list>
<bind>
<opcode="zext(34) " fcode="zext"/>
<opset="zext_ln450_1/3 "/>
</bind>
</comp>

<comp id="1350" class="1004" name="zext_ln450_2_fu_1350">
<pin_list>
<pin id="1351" dir="0" index="0" bw="8" slack="0"/>
<pin id="1352" dir="1" index="1" bw="10" slack="0"/>
</pin_list>
<bind>
<opcode="zext(34) " fcode="zext"/>
<opset="zext_ln450_2/3 "/>
</bind>
</comp>

<comp id="1354" class="1004" name="zext_ln450_3_fu_1354">
<pin_list>
<pin id="1355" dir="0" index="0" bw="8" slack="0"/>
<pin id="1356" dir="1" index="1" bw="9" slack="0"/>
</pin_list>
<bind>
<opcode="zext(34) " fcode="zext"/>
<opset="zext_ln450_3/3 "/>
</bind>
</comp>

<comp id="1358" class="1004" name="zext_ln450_4_fu_1358">
<pin_list>
<pin id="1359" dir="0" index="0" bw="8" slack="0"/>
<pin id="1360" dir="1" index="1" bw="10" slack="0"/>
</pin_list>
<bind>
<opcode="zext(34) " fcode="zext"/>
<opset="zext_ln450_4/3 "/>
</bind>
</comp>

<comp id="1362" class="1004" name="sub_ln450_fu_1362">
<pin_list>
<pin id="1363" dir="0" index="0" bw="9" slack="0"/>
<pin id="1364" dir="0" index="1" bw="8" slack="0"/>
<pin id="1365" dir="1" index="2" bw="10" slack="0"/>
</pin_list>
<bind>
<opcode="sub(10) " fcode="sub"/>
<opset="sub_ln450/3 "/>
</bind>
</comp>

<comp id="1368" class="1004" name="K_fu_1368">
<pin_list>
<pin id="1369" dir="0" index="0" bw="10" slack="0"/>
<pin id="1370" dir="0" index="1" bw="8" slack="0"/>
<pin id="1371" dir="1" index="2" bw="10" slack="0"/>
</pin_list>
<bind>
<opcode="sub(10) " fcode="sub"/>
<opset="K/3 "/>
</bind>
</comp>

<comp id="1374" class="1004" name="shl_ln3_fu_1374">
<pin_list>
<pin id="1375" dir="0" index="0" bw="9" slack="0"/>
<pin id="1376" dir="0" index="1" bw="8" slack="0"/>
<pin id="1377" dir="0" index="2" bw="1" slack="0"/>
<pin id="1378" dir="1" index="3" bw="9" slack="0"/>
</pin_list>
<bind>
<opcode="bitconcatenate(1004) " fcode="bitconcatenate"/>
<opset="shl_ln3/3 "/>
</bind>
</comp>

<comp id="1382" class="1004" name="zext_ln451_fu_1382">
<pin_list>
<pin id="1383" dir="0" index="0" bw="9" slack="0"/>
<pin id="1384" dir="1" index="1" bw="10" slack="0"/>
</pin_list>
<bind>
<opcode="zext(34) " fcode="zext"/>
<opset="zext_ln451/3 "/>
</bind>
</comp>

<comp id="1386" class="1004" name="zext_ln451_1_fu_1386">
<pin_list>
<pin id="1387" dir="0" index="0" bw="8" slack="0"/>
<pin id="1388" dir="1" index="1" bw="10" slack="0"/>
</pin_list>
<bind>
<opcode="zext(34) " fcode="zext"/>
<opset="zext_ln451_1/3 "/>
</bind>
</comp>

<comp id="1390" class="1004" name="zext_ln451_2_fu_1390">
<pin_list>
<pin id="1391" dir="0" index="0" bw="8" slack="0"/>
<pin id="1392" dir="1" index="1" bw="9" slack="0"/>
</pin_list>
<bind>
<opcode="zext(34) " fcode="zext"/>
<opset="zext_ln451_2/3 "/>
</bind>
</comp>

<comp id="1394" class="1004" name="add_ln451_fu_1394">
<pin_list>
<pin id="1395" dir="0" index="0" bw="8" slack="0"/>
<pin id="1396" dir="0" index="1" bw="8" slack="0"/>
<pin id="1397" dir="1" index="2" bw="9" slack="0"/>
</pin_list>
<bind>
<opcode="add(8) " fcode="add"/>
<opset="add_ln451/3 "/>
</bind>
</comp>

<comp id="1400" class="1004" name="zext_ln451_3_fu_1400">
<pin_list>
<pin id="1401" dir="0" index="0" bw="9" slack="0"/>
<pin id="1402" dir="1" index="1" bw="10" slack="0"/>
</pin_list>
<bind>
<opcode="zext(34) " fcode="zext"/>
<opset="zext_ln451_3/3 "/>
</bind>
</comp>

<comp id="1404" class="1004" name="K_1_fu_1404">
<pin_list>
<pin id="1405" dir="0" index="0" bw="9" slack="0"/>
<pin id="1406" dir="0" index="1" bw="9" slack="0"/>
<pin id="1407" dir="1" index="2" bw="10" slack="0"/>
</pin_list>
<bind>
<opcode="sub(10) " fcode="sub"/>
<opset="K_1/3 "/>
</bind>
</comp>

<comp id="1410" class="1004" name="shl_ln4_fu_1410">
<pin_list>
<pin id="1411" dir="0" index="0" bw="9" slack="0"/>
<pin id="1412" dir="0" index="1" bw="8" slack="0"/>
<pin id="1413" dir="0" index="2" bw="1" slack="0"/>
<pin id="1414" dir="1" index="3" bw="9" slack="0"/>
</pin_list>
<bind>
<opcode="bitconcatenate(1004) " fcode="bitconcatenate"/>
<opset="shl_ln4/3 "/>
</bind>
</comp>

<comp id="1418" class="1004" name="zext_ln452_fu_1418">
<pin_list>
<pin id="1419" dir="0" index="0" bw="9" slack="0"/>
<pin id="1420" dir="1" index="1" bw="10" slack="0"/>
</pin_list>
<bind>
<opcode="zext(34) " fcode="zext"/>
<opset="zext_ln452/3 "/>
</bind>
</comp>

<comp id="1422" class="1004" name="zext_ln452_1_fu_1422">
<pin_list>
<pin id="1423" dir="0" index="0" bw="8" slack="0"/>
<pin id="1424" dir="1" index="1" bw="9" slack="0"/>
</pin_list>
<bind>
<opcode="zext(34) " fcode="zext"/>
<opset="zext_ln452_1/3 "/>
</bind>
</comp>

<comp id="1426" class="1004" name="zext_ln452_2_fu_1426">
<pin_list>
<pin id="1427" dir="0" index="0" bw="8" slack="0"/>
<pin id="1428" dir="1" index="1" bw="10" slack="0"/>
</pin_list>
<bind>
<opcode="zext(34) " fcode="zext"/>
<opset="zext_ln452_2/3 "/>
</bind>
</comp>

<comp id="1430" class="1004" name="sub_ln452_fu_1430">
<pin_list>
<pin id="1431" dir="0" index="0" bw="9" slack="0"/>
<pin id="1432" dir="0" index="1" bw="8" slack="0"/>
<pin id="1433" dir="1" index="2" bw="10" slack="0"/>
</pin_list>
<bind>
<opcode="sub(10) " fcode="sub"/>
<opset="sub_ln452/3 "/>
</bind>
</comp>

<comp id="1436" class="1004" name="K_2_fu_1436">
<pin_list>
<pin id="1437" dir="0" index="0" bw="10" slack="0"/>
<pin id="1438" dir="0" index="1" bw="8" slack="0"/>
<pin id="1439" dir="1" index="2" bw="10" slack="0"/>
</pin_list>
<bind>
<opcode="sub(10) " fcode="sub"/>
<opset="K_2/3 "/>
</bind>
</comp>

<comp id="1442" class="1004" name="shl_ln5_fu_1442">
<pin_list>
<pin id="1443" dir="0" index="0" bw="9" slack="0"/>
<pin id="1444" dir="0" index="1" bw="8" slack="0"/>
<pin id="1445" dir="0" index="2" bw="1" slack="0"/>
<pin id="1446" dir="1" index="3" bw="9" slack="0"/>
</pin_list>
<bind>
<opcode="bitconcatenate(1004) " fcode="bitconcatenate"/>
<opset="shl_ln5/3 "/>
</bind>
</comp>

<comp id="1450" class="1004" name="zext_ln453_fu_1450">
<pin_list>
<pin id="1451" dir="0" index="0" bw="9" slack="0"/>
<pin id="1452" dir="1" index="1" bw="10" slack="0"/>
</pin_list>
<bind>
<opcode="zext(34) " fcode="zext"/>
<opset="zext_ln453/3 "/>
</bind>
</comp>

<comp id="1454" class="1004" name="add_ln453_fu_1454">
<pin_list>
<pin id="1455" dir="0" index="0" bw="8" slack="0"/>
<pin id="1456" dir="0" index="1" bw="8" slack="0"/>
<pin id="1457" dir="1" index="2" bw="9" slack="0"/>
</pin_list>
<bind>
<opcode="add(8) " fcode="add"/>
<opset="add_ln453/3 "/>
</bind>
</comp>

<comp id="1460" class="1004" name="zext_ln453_1_fu_1460">
<pin_list>
<pin id="1461" dir="0" index="0" bw="9" slack="0"/>
<pin id="1462" dir="1" index="1" bw="10" slack="0"/>
</pin_list>
<bind>
<opcode="zext(34) " fcode="zext"/>
<opset="zext_ln453_1/3 "/>
</bind>
</comp>

<comp id="1464" class="1004" name="K_3_fu_1464">
<pin_list>
<pin id="1465" dir="0" index="0" bw="9" slack="0"/>
<pin id="1466" dir="0" index="1" bw="9" slack="0"/>
<pin id="1467" dir="1" index="2" bw="10" slack="0"/>
</pin_list>
<bind>
<opcode="sub(10) " fcode="sub"/>
<opset="K_3/3 "/>
</bind>
</comp>

<comp id="1470" class="1004" name="shl_ln6_fu_1470">
<pin_list>
<pin id="1471" dir="0" index="0" bw="9" slack="0"/>
<pin id="1472" dir="0" index="1" bw="8" slack="0"/>
<pin id="1473" dir="0" index="2" bw="1" slack="0"/>
<pin id="1474" dir="1" index="3" bw="9" slack="0"/>
</pin_list>
<bind>
<opcode="bitconcatenate(1004) " fcode="bitconcatenate"/>
<opset="shl_ln6/3 "/>
</bind>
</comp>

<comp id="1478" class="1004" name="zext_ln454_fu_1478">
<pin_list>
<pin id="1479" dir="0" index="0" bw="9" slack="0"/>
<pin id="1480" dir="1" index="1" bw="10" slack="0"/>
</pin_list>
<bind>
<opcode="zext(34) " fcode="zext"/>
<opset="zext_ln454/3 "/>
</bind>
</comp>

<comp id="1482" class="1004" name="zext_ln454_1_fu_1482">
<pin_list>
<pin id="1483" dir="0" index="0" bw="8" slack="0"/>
<pin id="1484" dir="1" index="1" bw="9" slack="0"/>
</pin_list>
<bind>
<opcode="zext(34) " fcode="zext"/>
<opset="zext_ln454_1/3 "/>
</bind>
</comp>

<comp id="1486" class="1004" name="zext_ln454_2_fu_1486">
<pin_list>
<pin id="1487" dir="0" index="0" bw="8" slack="0"/>
<pin id="1488" dir="1" index="1" bw="10" slack="0"/>
</pin_list>
<bind>
<opcode="zext(34) " fcode="zext"/>
<opset="zext_ln454_2/3 "/>
</bind>
</comp>

<comp id="1490" class="1004" name="sub_ln454_fu_1490">
<pin_list>
<pin id="1491" dir="0" index="0" bw="9" slack="0"/>
<pin id="1492" dir="0" index="1" bw="8" slack="0"/>
<pin id="1493" dir="1" index="2" bw="10" slack="0"/>
</pin_list>
<bind>
<opcode="sub(10) " fcode="sub"/>
<opset="sub_ln454/3 "/>
</bind>
</comp>

<comp id="1496" class="1004" name="K_4_fu_1496">
<pin_list>
<pin id="1497" dir="0" index="0" bw="10" slack="0"/>
<pin id="1498" dir="0" index="1" bw="8" slack="0"/>
<pin id="1499" dir="1" index="2" bw="10" slack="0"/>
</pin_list>
<bind>
<opcode="sub(10) " fcode="sub"/>
<opset="K_4/3 "/>
</bind>
</comp>

<comp id="1502" class="1004" name="shl_ln7_fu_1502">
<pin_list>
<pin id="1503" dir="0" index="0" bw="9" slack="0"/>
<pin id="1504" dir="0" index="1" bw="8" slack="0"/>
<pin id="1505" dir="0" index="2" bw="1" slack="0"/>
<pin id="1506" dir="1" index="3" bw="9" slack="0"/>
</pin_list>
<bind>
<opcode="bitconcatenate(1004) " fcode="bitconcatenate"/>
<opset="shl_ln7/3 "/>
</bind>
</comp>

<comp id="1510" class="1004" name="zext_ln455_fu_1510">
<pin_list>
<pin id="1511" dir="0" index="0" bw="9" slack="0"/>
<pin id="1512" dir="1" index="1" bw="10" slack="0"/>
</pin_list>
<bind>
<opcode="zext(34) " fcode="zext"/>
<opset="zext_ln455/3 "/>
</bind>
</comp>

<comp id="1514" class="1004" name="zext_ln455_1_fu_1514">
<pin_list>
<pin id="1515" dir="0" index="0" bw="8" slack="0"/>
<pin id="1516" dir="1" index="1" bw="10" slack="0"/>
</pin_list>
<bind>
<opcode="zext(34) " fcode="zext"/>
<opset="zext_ln455_1/3 "/>
</bind>
</comp>

<comp id="1518" class="1004" name="zext_ln455_2_fu_1518">
<pin_list>
<pin id="1519" dir="0" index="0" bw="8" slack="0"/>
<pin id="1520" dir="1" index="1" bw="9" slack="0"/>
</pin_list>
<bind>
<opcode="zext(34) " fcode="zext"/>
<opset="zext_ln455_2/3 "/>
</bind>
</comp>

<comp id="1522" class="1004" name="add_ln455_fu_1522">
<pin_list>
<pin id="1523" dir="0" index="0" bw="8" slack="0"/>
<pin id="1524" dir="0" index="1" bw="8" slack="0"/>
<pin id="1525" dir="1" index="2" bw="9" slack="0"/>
</pin_list>
<bind>
<opcode="add(8) " fcode="add"/>
<opset="add_ln455/3 "/>
</bind>
</comp>

<comp id="1528" class="1004" name="zext_ln455_3_fu_1528">
<pin_list>
<pin id="1529" dir="0" index="0" bw="9" slack="0"/>
<pin id="1530" dir="1" index="1" bw="10" slack="0"/>
</pin_list>
<bind>
<opcode="zext(34) " fcode="zext"/>
<opset="zext_ln455_3/3 "/>
</bind>
</comp>

<comp id="1532" class="1004" name="K_5_fu_1532">
<pin_list>
<pin id="1533" dir="0" index="0" bw="9" slack="0"/>
<pin id="1534" dir="0" index="1" bw="9" slack="0"/>
<pin id="1535" dir="1" index="2" bw="10" slack="0"/>
</pin_list>
<bind>
<opcode="sub(10) " fcode="sub"/>
<opset="K_5/3 "/>
</bind>
</comp>

<comp id="1538" class="1004" name="shl_ln8_fu_1538">
<pin_list>
<pin id="1539" dir="0" index="0" bw="9" slack="0"/>
<pin id="1540" dir="0" index="1" bw="8" slack="0"/>
<pin id="1541" dir="0" index="2" bw="1" slack="0"/>
<pin id="1542" dir="1" index="3" bw="9" slack="0"/>
</pin_list>
<bind>
<opcode="bitconcatenate(1004) " fcode="bitconcatenate"/>
<opset="shl_ln8/3 "/>
</bind>
</comp>

<comp id="1546" class="1004" name="zext_ln456_fu_1546">
<pin_list>
<pin id="1547" dir="0" index="0" bw="9" slack="0"/>
<pin id="1548" dir="1" index="1" bw="10" slack="0"/>
</pin_list>
<bind>
<opcode="zext(34) " fcode="zext"/>
<opset="zext_ln456/3 "/>
</bind>
</comp>

<comp id="1550" class="1004" name="sub_ln456_fu_1550">
<pin_list>
<pin id="1551" dir="0" index="0" bw="9" slack="0"/>
<pin id="1552" dir="0" index="1" bw="8" slack="0"/>
<pin id="1553" dir="1" index="2" bw="10" slack="0"/>
</pin_list>
<bind>
<opcode="sub(10) " fcode="sub"/>
<opset="sub_ln456/3 "/>
</bind>
</comp>

<comp id="1556" class="1004" name="K_6_fu_1556">
<pin_list>
<pin id="1557" dir="0" index="0" bw="10" slack="0"/>
<pin id="1558" dir="0" index="1" bw="8" slack="0"/>
<pin id="1559" dir="1" index="2" bw="10" slack="0"/>
</pin_list>
<bind>
<opcode="sub(10) " fcode="sub"/>
<opset="K_6/3 "/>
</bind>
</comp>

<comp id="1562" class="1004" name="shl_ln9_fu_1562">
<pin_list>
<pin id="1563" dir="0" index="0" bw="9" slack="0"/>
<pin id="1564" dir="0" index="1" bw="8" slack="0"/>
<pin id="1565" dir="0" index="2" bw="1" slack="0"/>
<pin id="1566" dir="1" index="3" bw="9" slack="0"/>
</pin_list>
<bind>
<opcode="bitconcatenate(1004) " fcode="bitconcatenate"/>
<opset="shl_ln9/3 "/>
</bind>
</comp>

<comp id="1570" class="1004" name="zext_ln457_fu_1570">
<pin_list>
<pin id="1571" dir="0" index="0" bw="9" slack="0"/>
<pin id="1572" dir="1" index="1" bw="10" slack="0"/>
</pin_list>
<bind>
<opcode="zext(34) " fcode="zext"/>
<opset="zext_ln457/3 "/>
</bind>
</comp>

<comp id="1574" class="1004" name="zext_ln457_1_fu_1574">
<pin_list>
<pin id="1575" dir="0" index="0" bw="8" slack="0"/>
<pin id="1576" dir="1" index="1" bw="9" slack="0"/>
</pin_list>
<bind>
<opcode="zext(34) " fcode="zext"/>
<opset="zext_ln457_1/3 "/>
</bind>
</comp>

<comp id="1578" class="1004" name="add_ln457_fu_1578">
<pin_list>
<pin id="1579" dir="0" index="0" bw="8" slack="0"/>
<pin id="1580" dir="0" index="1" bw="8" slack="0"/>
<pin id="1581" dir="1" index="2" bw="9" slack="0"/>
</pin_list>
<bind>
<opcode="add(8) " fcode="add"/>
<opset="add_ln457/3 "/>
</bind>
</comp>

<comp id="1584" class="1004" name="zext_ln457_2_fu_1584">
<pin_list>
<pin id="1585" dir="0" index="0" bw="9" slack="0"/>
<pin id="1586" dir="1" index="1" bw="10" slack="0"/>
</pin_list>
<bind>
<opcode="zext(34) " fcode="zext"/>
<opset="zext_ln457_2/3 "/>
</bind>
</comp>

<comp id="1588" class="1004" name="K_7_fu_1588">
<pin_list>
<pin id="1589" dir="0" index="0" bw="9" slack="0"/>
<pin id="1590" dir="0" index="1" bw="9" slack="0"/>
<pin id="1591" dir="1" index="2" bw="10" slack="0"/>
</pin_list>
<bind>
<opcode="sub(10) " fcode="sub"/>
<opset="K_7/3 "/>
</bind>
</comp>

<comp id="1594" class="1004" name="shl_ln1_fu_1594">
<pin_list>
<pin id="1595" dir="0" index="0" bw="9" slack="0"/>
<pin id="1596" dir="0" index="1" bw="8" slack="0"/>
<pin id="1597" dir="0" index="2" bw="1" slack="0"/>
<pin id="1598" dir="1" index="3" bw="9" slack="0"/>
</pin_list>
<bind>
<opcode="bitconcatenate(1004) " fcode="bitconcatenate"/>
<opset="shl_ln1/3 "/>
</bind>
</comp>

<comp id="1602" class="1004" name="zext_ln458_fu_1602">
<pin_list>
<pin id="1603" dir="0" index="0" bw="9" slack="0"/>
<pin id="1604" dir="1" index="1" bw="10" slack="0"/>
</pin_list>
<bind>
<opcode="zext(34) " fcode="zext"/>
<opset="zext_ln458/3 "/>
</bind>
</comp>

<comp id="1606" class="1004" name="zext_ln458_1_fu_1606">
<pin_list>
<pin id="1607" dir="0" index="0" bw="8" slack="0"/>
<pin id="1608" dir="1" index="1" bw="9" slack="0"/>
</pin_list>
<bind>
<opcode="zext(34) " fcode="zext"/>
<opset="zext_ln458_1/3 "/>
</bind>
</comp>

<comp id="1610" class="1004" name="add_ln458_fu_1610">
<pin_list>
<pin id="1611" dir="0" index="0" bw="8" slack="0"/>
<pin id="1612" dir="0" index="1" bw="8" slack="0"/>
<pin id="1613" dir="1" index="2" bw="9" slack="0"/>
</pin_list>
<bind>
<opcode="add(8) " fcode="add"/>
<opset="add_ln458/3 "/>
</bind>
</comp>

<comp id="1616" class="1004" name="zext_ln458_2_fu_1616">
<pin_list>
<pin id="1617" dir="0" index="0" bw="9" slack="0"/>
<pin id="1618" dir="1" index="1" bw="10" slack="0"/>
</pin_list>
<bind>
<opcode="zext(34) " fcode="zext"/>
<opset="zext_ln458_2/3 "/>
</bind>
</comp>

<comp id="1620" class="1004" name="K_8_fu_1620">
<pin_list>
<pin id="1621" dir="0" index="0" bw="9" slack="0"/>
<pin id="1622" dir="0" index="1" bw="9" slack="0"/>
<pin id="1623" dir="1" index="2" bw="10" slack="0"/>
</pin_list>
<bind>
<opcode="sub(10) " fcode="sub"/>
<opset="K_8/3 "/>
</bind>
</comp>

<comp id="1626" class="1004" name="shl_ln2_fu_1626">
<pin_list>
<pin id="1627" dir="0" index="0" bw="9" slack="0"/>
<pin id="1628" dir="0" index="1" bw="8" slack="0"/>
<pin id="1629" dir="0" index="2" bw="1" slack="0"/>
<pin id="1630" dir="1" index="3" bw="9" slack="0"/>
</pin_list>
<bind>
<opcode="bitconcatenate(1004) " fcode="bitconcatenate"/>
<opset="shl_ln2/3 "/>
</bind>
</comp>

<comp id="1634" class="1004" name="zext_ln459_fu_1634">
<pin_list>
<pin id="1635" dir="0" index="0" bw="9" slack="0"/>
<pin id="1636" dir="1" index="1" bw="10" slack="0"/>
</pin_list>
<bind>
<opcode="zext(34) " fcode="zext"/>
<opset="zext_ln459/3 "/>
</bind>
</comp>

<comp id="1638" class="1004" name="add_ln459_fu_1638">
<pin_list>
<pin id="1639" dir="0" index="0" bw="8" slack="0"/>
<pin id="1640" dir="0" index="1" bw="8" slack="0"/>
<pin id="1641" dir="1" index="2" bw="9" slack="0"/>
</pin_list>
<bind>
<opcode="add(8) " fcode="add"/>
<opset="add_ln459/3 "/>
</bind>
</comp>

<comp id="1644" class="1004" name="zext_ln459_1_fu_1644">
<pin_list>
<pin id="1645" dir="0" index="0" bw="9" slack="0"/>
<pin id="1646" dir="1" index="1" bw="10" slack="0"/>
</pin_list>
<bind>
<opcode="zext(34) " fcode="zext"/>
<opset="zext_ln459_1/3 "/>
</bind>
</comp>

<comp id="1648" class="1004" name="K_9_fu_1648">
<pin_list>
<pin id="1649" dir="0" index="0" bw="9" slack="0"/>
<pin id="1650" dir="0" index="1" bw="9" slack="0"/>
<pin id="1651" dir="1" index="2" bw="10" slack="0"/>
</pin_list>
<bind>
<opcode="sub(10) " fcode="sub"/>
<opset="K_9/3 "/>
</bind>
</comp>

<comp id="1654" class="1004" name="shl_ln10_fu_1654">
<pin_list>
<pin id="1655" dir="0" index="0" bw="9" slack="0"/>
<pin id="1656" dir="0" index="1" bw="8" slack="0"/>
<pin id="1657" dir="0" index="2" bw="1" slack="0"/>
<pin id="1658" dir="1" index="3" bw="9" slack="0"/>
</pin_list>
<bind>
<opcode="bitconcatenate(1004) " fcode="bitconcatenate"/>
<opset="shl_ln10/3 "/>
</bind>
</comp>

<comp id="1662" class="1004" name="zext_ln460_fu_1662">
<pin_list>
<pin id="1663" dir="0" index="0" bw="9" slack="0"/>
<pin id="1664" dir="1" index="1" bw="10" slack="0"/>
</pin_list>
<bind>
<opcode="zext(34) " fcode="zext"/>
<opset="zext_ln460/3 "/>
</bind>
</comp>

<comp id="1666" class="1004" name="zext_ln460_1_fu_1666">
<pin_list>
<pin id="1667" dir="0" index="0" bw="8" slack="0"/>
<pin id="1668" dir="1" index="1" bw="9" slack="0"/>
</pin_list>
<bind>
<opcode="zext(34) " fcode="zext"/>
<opset="zext_ln460_1/3 "/>
</bind>
</comp>

<comp id="1670" class="1004" name="add_ln460_fu_1670">
<pin_list>
<pin id="1671" dir="0" index="0" bw="8" slack="0"/>
<pin id="1672" dir="0" index="1" bw="8" slack="0"/>
<pin id="1673" dir="1" index="2" bw="9" slack="0"/>
</pin_list>
<bind>
<opcode="add(8) " fcode="add"/>
<opset="add_ln460/3 "/>
</bind>
</comp>

<comp id="1676" class="1004" name="zext_ln460_2_fu_1676">
<pin_list>
<pin id="1677" dir="0" index="0" bw="9" slack="0"/>
<pin id="1678" dir="1" index="1" bw="10" slack="0"/>
</pin_list>
<bind>
<opcode="zext(34) " fcode="zext"/>
<opset="zext_ln460_2/3 "/>
</bind>
</comp>

<comp id="1680" class="1004" name="K_10_fu_1680">
<pin_list>
<pin id="1681" dir="0" index="0" bw="9" slack="0"/>
<pin id="1682" dir="0" index="1" bw="9" slack="0"/>
<pin id="1683" dir="1" index="2" bw="10" slack="0"/>
</pin_list>
<bind>
<opcode="sub(10) " fcode="sub"/>
<opset="K_10/3 "/>
</bind>
</comp>

<comp id="1686" class="1004" name="shl_ln11_fu_1686">
<pin_list>
<pin id="1687" dir="0" index="0" bw="9" slack="0"/>
<pin id="1688" dir="0" index="1" bw="8" slack="0"/>
<pin id="1689" dir="0" index="2" bw="1" slack="0"/>
<pin id="1690" dir="1" index="3" bw="9" slack="0"/>
</pin_list>
<bind>
<opcode="bitconcatenate(1004) " fcode="bitconcatenate"/>
<opset="shl_ln11/3 "/>
</bind>
</comp>

<comp id="1694" class="1004" name="zext_ln461_fu_1694">
<pin_list>
<pin id="1695" dir="0" index="0" bw="9" slack="0"/>
<pin id="1696" dir="1" index="1" bw="10" slack="0"/>
</pin_list>
<bind>
<opcode="zext(34) " fcode="zext"/>
<opset="zext_ln461/3 "/>
</bind>
</comp>

<comp id="1698" class="1004" name="add_ln461_fu_1698">
<pin_list>
<pin id="1699" dir="0" index="0" bw="8" slack="0"/>
<pin id="1700" dir="0" index="1" bw="8" slack="0"/>
<pin id="1701" dir="1" index="2" bw="9" slack="0"/>
</pin_list>
<bind>
<opcode="add(8) " fcode="add"/>
<opset="add_ln461/3 "/>
</bind>
</comp>

<comp id="1704" class="1004" name="zext_ln461_1_fu_1704">
<pin_list>
<pin id="1705" dir="0" index="0" bw="9" slack="0"/>
<pin id="1706" dir="1" index="1" bw="10" slack="0"/>
</pin_list>
<bind>
<opcode="zext(34) " fcode="zext"/>
<opset="zext_ln461_1/3 "/>
</bind>
</comp>

<comp id="1708" class="1004" name="K_11_fu_1708">
<pin_list>
<pin id="1709" dir="0" index="0" bw="9" slack="0"/>
<pin id="1710" dir="0" index="1" bw="9" slack="0"/>
<pin id="1711" dir="1" index="2" bw="10" slack="0"/>
</pin_list>
<bind>
<opcode="sub(10) " fcode="sub"/>
<opset="K_11/3 "/>
</bind>
</comp>

<comp id="1714" class="1004" name="sext_ln465_fu_1714">
<pin_list>
<pin id="1715" dir="0" index="0" bw="10" slack="0"/>
<pin id="1716" dir="1" index="1" bw="11" slack="0"/>
</pin_list>
<bind>
<opcode="sext(35) " fcode="sext"/>
<opset="sext_ln465/3 "/>
</bind>
</comp>

<comp id="1718" class="1004" name="sext_ln465_1_fu_1718">
<pin_list>
<pin id="1719" dir="0" index="0" bw="10" slack="0"/>
<pin id="1720" dir="1" index="1" bw="11" slack="0"/>
</pin_list>
<bind>
<opcode="sext(35) " fcode="sext"/>
<opset="sext_ln465_1/3 "/>
</bind>
</comp>

<comp id="1722" class="1004" name="sext_ln465_2_fu_1722">
<pin_list>
<pin id="1723" dir="0" index="0" bw="10" slack="0"/>
<pin id="1724" dir="1" index="1" bw="11" slack="0"/>
</pin_list>
<bind>
<opcode="sext(35) " fcode="sext"/>
<opset="sext_ln465_2/3 "/>
</bind>
</comp>

<comp id="1726" class="1004" name="sext_ln465_3_fu_1726">
<pin_list>
<pin id="1727" dir="0" index="0" bw="10" slack="0"/>
<pin id="1728" dir="1" index="1" bw="11" slack="0"/>
</pin_list>
<bind>
<opcode="sext(35) " fcode="sext"/>
<opset="sext_ln465_3/3 "/>
</bind>
</comp>

<comp id="1730" class="1004" name="add_ln465_fu_1730">
<pin_list>
<pin id="1731" dir="0" index="0" bw="10" slack="0"/>
<pin id="1732" dir="0" index="1" bw="10" slack="0"/>
<pin id="1733" dir="1" index="2" bw="11" slack="0"/>
</pin_list>
<bind>
<opcode="add(8) " fcode="add"/>
<opset="add_ln465/3 "/>
</bind>
</comp>

<comp id="1736" class="1004" name="sext_ln465_4_fu_1736">
<pin_list>
<pin id="1737" dir="0" index="0" bw="11" slack="0"/>
<pin id="1738" dir="1" index="1" bw="12" slack="0"/>
</pin_list>
<bind>
<opcode="sext(35) " fcode="sext"/>
<opset="sext_ln465_4/3 "/>
</bind>
</comp>

<comp id="1740" class="1004" name="add_ln465_1_fu_1740">
<pin_list>
<pin id="1741" dir="0" index="0" bw="10" slack="0"/>
<pin id="1742" dir="0" index="1" bw="10" slack="0"/>
<pin id="1743" dir="1" index="2" bw="11" slack="0"/>
</pin_list>
<bind>
<opcode="add(8) " fcode="add"/>
<opset="add_ln465_1/3 "/>
</bind>
</comp>

<comp id="1746" class="1004" name="sext_ln465_5_fu_1746">
<pin_list>
<pin id="1747" dir="0" index="0" bw="11" slack="0"/>
<pin id="1748" dir="1" index="1" bw="12" slack="0"/>
</pin_list>
<bind>
<opcode="sext(35) " fcode="sext"/>
<opset="sext_ln465_5/3 "/>
</bind>
</comp>

<comp id="1750" class="1004" name="ave_fu_1750">
<pin_list>
<pin id="1751" dir="0" index="0" bw="11" slack="0"/>
<pin id="1752" dir="0" index="1" bw="11" slack="0"/>
<pin id="1753" dir="1" index="2" bw="12" slack="0"/>
</pin_list>
<bind>
<opcode="add(8) " fcode="add"/>
<opset="ave/3 "/>
</bind>
</comp>

<comp id="1756" class="1004" name="sext_ln435_fu_1756">
<pin_list>
<pin id="1757" dir="0" index="0" bw="12" slack="0"/>
<pin id="1758" dir="1" index="1" bw="13" slack="0"/>
</pin_list>
<bind>
<opcode="sext(35) " fcode="sext"/>
<opset="sext_ln435/3 "/>
</bind>
</comp>

<comp id="1760" class="1004" name="sext_ln466_fu_1760">
<pin_list>
<pin id="1761" dir="0" index="0" bw="10" slack="0"/>
<pin id="1762" dir="1" index="1" bw="11" slack="0"/>
</pin_list>
<bind>
<opcode="sext(35) " fcode="sext"/>
<opset="sext_ln466/3 "/>
</bind>
</comp>

<comp id="1764" class="1004" name="sext_ln466_1_fu_1764">
<pin_list>
<pin id="1765" dir="0" index="0" bw="10" slack="0"/>
<pin id="1766" dir="1" index="1" bw="11" slack="0"/>
</pin_list>
<bind>
<opcode="sext(35) " fcode="sext"/>
<opset="sext_ln466_1/3 "/>
</bind>
</comp>

<comp id="1768" class="1004" name="sext_ln466_2_fu_1768">
<pin_list>
<pin id="1769" dir="0" index="0" bw="10" slack="0"/>
<pin id="1770" dir="1" index="1" bw="11" slack="0"/>
</pin_list>
<bind>
<opcode="sext(35) " fcode="sext"/>
<opset="sext_ln466_2/3 "/>
</bind>
</comp>

<comp id="1772" class="1004" name="sext_ln466_3_fu_1772">
<pin_list>
<pin id="1773" dir="0" index="0" bw="10" slack="0"/>
<pin id="1774" dir="1" index="1" bw="11" slack="0"/>
</pin_list>
<bind>
<opcode="sext(35) " fcode="sext"/>
<opset="sext_ln466_3/3 "/>
</bind>
</comp>

<comp id="1776" class="1004" name="add_ln466_fu_1776">
<pin_list>
<pin id="1777" dir="0" index="0" bw="10" slack="0"/>
<pin id="1778" dir="0" index="1" bw="10" slack="0"/>
<pin id="1779" dir="1" index="2" bw="11" slack="0"/>
</pin_list>
<bind>
<opcode="add(8) " fcode="add"/>
<opset="add_ln466/3 "/>
</bind>
</comp>

<comp id="1782" class="1004" name="sext_ln466_4_fu_1782">
<pin_list>
<pin id="1783" dir="0" index="0" bw="11" slack="0"/>
<pin id="1784" dir="1" index="1" bw="12" slack="0"/>
</pin_list>
<bind>
<opcode="sext(35) " fcode="sext"/>
<opset="sext_ln466_4/3 "/>
</bind>
</comp>

<comp id="1786" class="1004" name="add_ln466_1_fu_1786">
<pin_list>
<pin id="1787" dir="0" index="0" bw="10" slack="0"/>
<pin id="1788" dir="0" index="1" bw="10" slack="0"/>
<pin id="1789" dir="1" index="2" bw="11" slack="0"/>
</pin_list>
<bind>
<opcode="add(8) " fcode="add"/>
<opset="add_ln466_1/3 "/>
</bind>
</comp>

<comp id="1792" class="1004" name="sext_ln466_5_fu_1792">
<pin_list>
<pin id="1793" dir="0" index="0" bw="11" slack="0"/>
<pin id="1794" dir="1" index="1" bw="12" slack="0"/>
</pin_list>
<bind>
<opcode="sext(35) " fcode="sext"/>
<opset="sext_ln466_5/3 "/>
</bind>
</comp>

<comp id="1796" class="1004" name="ave_1_fu_1796">
<pin_list>
<pin id="1797" dir="0" index="0" bw="11" slack="0"/>
<pin id="1798" dir="0" index="1" bw="11" slack="0"/>
<pin id="1799" dir="1" index="2" bw="12" slack="0"/>
</pin_list>
<bind>
<opcode="add(8) " fcode="add"/>
<opset="ave_1/3 "/>
</bind>
</comp>

<comp id="1802" class="1004" name="sext_ln435_1_fu_1802">
<pin_list>
<pin id="1803" dir="0" index="0" bw="12" slack="0"/>
<pin id="1804" dir="1" index="1" bw="13" slack="0"/>
</pin_list>
<bind>
<opcode="sext(35) " fcode="sext"/>
<opset="sext_ln435_1/3 "/>
</bind>
</comp>

<comp id="1806" class="1004" name="sext_ln467_fu_1806">
<pin_list>
<pin id="1807" dir="0" index="0" bw="10" slack="0"/>
<pin id="1808" dir="1" index="1" bw="11" slack="0"/>
</pin_list>
<bind>
<opcode="sext(35) " fcode="sext"/>
<opset="sext_ln467/3 "/>
</bind>
</comp>

<comp id="1810" class="1004" name="sext_ln467_1_fu_1810">
<pin_list>
<pin id="1811" dir="0" index="0" bw="10" slack="0"/>
<pin id="1812" dir="1" index="1" bw="11" slack="0"/>
</pin_list>
<bind>
<opcode="sext(35) " fcode="sext"/>
<opset="sext_ln467_1/3 "/>
</bind>
</comp>

<comp id="1814" class="1004" name="add_ln467_fu_1814">
<pin_list>
<pin id="1815" dir="0" index="0" bw="10" slack="0"/>
<pin id="1816" dir="0" index="1" bw="10" slack="0"/>
<pin id="1817" dir="1" index="2" bw="11" slack="0"/>
</pin_list>
<bind>
<opcode="add(8) " fcode="add"/>
<opset="add_ln467/3 "/>
</bind>
</comp>

<comp id="1820" class="1004" name="sext_ln467_2_fu_1820">
<pin_list>
<pin id="1821" dir="0" index="0" bw="11" slack="0"/>
<pin id="1822" dir="1" index="1" bw="12" slack="0"/>
</pin_list>
<bind>
<opcode="sext(35) " fcode="sext"/>
<opset="sext_ln467_2/3 "/>
</bind>
</comp>

<comp id="1824" class="1004" name="ave_2_fu_1824">
<pin_list>
<pin id="1825" dir="0" index="0" bw="11" slack="0"/>
<pin id="1826" dir="0" index="1" bw="11" slack="0"/>
<pin id="1827" dir="1" index="2" bw="12" slack="0"/>
</pin_list>
<bind>
<opcode="add(8) " fcode="add"/>
<opset="ave_2/3 "/>
</bind>
</comp>

<comp id="1830" class="1004" name="sext_ln435_2_fu_1830">
<pin_list>
<pin id="1831" dir="0" index="0" bw="12" slack="0"/>
<pin id="1832" dir="1" index="1" bw="13" slack="0"/>
</pin_list>
<bind>
<opcode="sext(35) " fcode="sext"/>
<opset="sext_ln435_2/3 "/>
</bind>
</comp>

<comp id="1834" class="1004" name="sext_ln468_fu_1834">
<pin_list>
<pin id="1835" dir="0" index="0" bw="10" slack="0"/>
<pin id="1836" dir="1" index="1" bw="11" slack="0"/>
</pin_list>
<bind>
<opcode="sext(35) " fcode="sext"/>
<opset="sext_ln468/3 "/>
</bind>
</comp>

<comp id="1838" class="1004" name="sext_ln468_1_fu_1838">
<pin_list>
<pin id="1839" dir="0" index="0" bw="10" slack="0"/>
<pin id="1840" dir="1" index="1" bw="11" slack="0"/>
</pin_list>
<bind>
<opcode="sext(35) " fcode="sext"/>
<opset="sext_ln468_1/3 "/>
</bind>
</comp>

<comp id="1842" class="1004" name="add_ln468_fu_1842">
<pin_list>
<pin id="1843" dir="0" index="0" bw="10" slack="0"/>
<pin id="1844" dir="0" index="1" bw="10" slack="0"/>
<pin id="1845" dir="1" index="2" bw="11" slack="0"/>
</pin_list>
<bind>
<opcode="add(8) " fcode="add"/>
<opset="add_ln468/3 "/>
</bind>
</comp>

<comp id="1848" class="1004" name="sext_ln468_2_fu_1848">
<pin_list>
<pin id="1849" dir="0" index="0" bw="11" slack="0"/>
<pin id="1850" dir="1" index="1" bw="12" slack="0"/>
</pin_list>
<bind>
<opcode="sext(35) " fcode="sext"/>
<opset="sext_ln468_2/3 "/>
</bind>
</comp>

<comp id="1852" class="1004" name="add_ln468_1_fu_1852">
<pin_list>
<pin id="1853" dir="0" index="0" bw="10" slack="0"/>
<pin id="1854" dir="0" index="1" bw="10" slack="0"/>
<pin id="1855" dir="1" index="2" bw="11" slack="0"/>
</pin_list>
<bind>
<opcode="add(8) " fcode="add"/>
<opset="add_ln468_1/3 "/>
</bind>
</comp>

<comp id="1858" class="1004" name="sext_ln468_3_fu_1858">
<pin_list>
<pin id="1859" dir="0" index="0" bw="11" slack="0"/>
<pin id="1860" dir="1" index="1" bw="12" slack="0"/>
</pin_list>
<bind>
<opcode="sext(35) " fcode="sext"/>
<opset="sext_ln468_3/3 "/>
</bind>
</comp>

<comp id="1862" class="1004" name="ave_3_fu_1862">
<pin_list>
<pin id="1863" dir="0" index="0" bw="11" slack="0"/>
<pin id="1864" dir="0" index="1" bw="11" slack="0"/>
<pin id="1865" dir="1" index="2" bw="12" slack="0"/>
</pin_list>
<bind>
<opcode="add(8) " fcode="add"/>
<opset="ave_3/3 "/>
</bind>
</comp>

<comp id="1868" class="1004" name="sext_ln435_3_fu_1868">
<pin_list>
<pin id="1869" dir="0" index="0" bw="12" slack="0"/>
<pin id="1870" dir="1" index="1" bw="13" slack="0"/>
</pin_list>
<bind>
<opcode="sext(35) " fcode="sext"/>
<opset="sext_ln435_3/3 "/>
</bind>
</comp>

<comp id="1872" class="1004" name="tmp_25_fu_1872">
<pin_list>
<pin id="1873" dir="0" index="0" bw="1" slack="0"/>
<pin id="1874" dir="0" index="1" bw="12" slack="0"/>
<pin id="1875" dir="0" index="2" bw="5" slack="0"/>
<pin id="1876" dir="1" index="3" bw="1" slack="1"/>
</pin_list>
<bind>
<opcode="bitselect(1000) " fcode="bitselect"/>
<opset="tmp_25/3 "/>
</bind>
</comp>

<comp id="1880" class="1004" name="sub_ln472_fu_1880">
<pin_list>
<pin id="1881" dir="0" index="0" bw="1" slack="0"/>
<pin id="1882" dir="0" index="1" bw="12" slack="0"/>
<pin id="1883" dir="1" index="2" bw="13" slack="0"/>
</pin_list>
<bind>
<opcode="sub(10) " fcode="sub"/>
<opset="sub_ln472/3 "/>
</bind>
</comp>

<comp id="1886" class="1004" name="trunc_ln472_1_cast_fu_1886">
<pin_list>
<pin id="1887" dir="0" index="0" bw="10" slack="0"/>
<pin id="1888" dir="0" index="1" bw="13" slack="0"/>
<pin id="1889" dir="0" index="2" bw="3" slack="0"/>
<pin id="1890" dir="0" index="3" bw="5" slack="0"/>
<pin id="1891" dir="1" index="4" bw="10" slack="1"/>
</pin_list>
<bind>
<opcode="partselect(1002) " fcode="partselect"/>
<opset="trunc_ln472_1_cast/3 "/>
</bind>
</comp>

<comp id="1896" class="1004" name="trunc_ln472_2_fu_1896">
<pin_list>
<pin id="1897" dir="0" index="0" bw="10" slack="0"/>
<pin id="1898" dir="0" index="1" bw="12" slack="0"/>
<pin id="1899" dir="0" index="2" bw="3" slack="0"/>
<pin id="1900" dir="0" index="3" bw="5" slack="0"/>
<pin id="1901" dir="1" index="4" bw="10" slack="1"/>
</pin_list>
<bind>
<opcode="partselect(1002) " fcode="partselect"/>
<opset="trunc_ln472_2/3 "/>
</bind>
</comp>

<comp id="1906" class="1004" name="tmp_26_fu_1906">
<pin_list>
<pin id="1907" dir="0" index="0" bw="1" slack="0"/>
<pin id="1908" dir="0" index="1" bw="12" slack="0"/>
<pin id="1909" dir="0" index="2" bw="5" slack="0"/>
<pin id="1910" dir="1" index="3" bw="1" slack="1"/>
</pin_list>
<bind>
<opcode="bitselect(1000) " fcode="bitselect"/>
<opset="tmp_26/3 "/>
</bind>
</comp>

<comp id="1914" class="1004" name="sub_ln472_2_fu_1914">
<pin_list>
<pin id="1915" dir="0" index="0" bw="1" slack="0"/>
<pin id="1916" dir="0" index="1" bw="12" slack="0"/>
<pin id="1917" dir="1" index="2" bw="13" slack="0"/>
</pin_list>
<bind>
<opcode="sub(10) " fcode="sub"/>
<opset="sub_ln472_2/3 "/>
</bind>
</comp>

<comp id="1920" class="1004" name="trunc_ln472_4_cast_fu_1920">
<pin_list>
<pin id="1921" dir="0" index="0" bw="10" slack="0"/>
<pin id="1922" dir="0" index="1" bw="13" slack="0"/>
<pin id="1923" dir="0" index="2" bw="3" slack="0"/>
<pin id="1924" dir="0" index="3" bw="5" slack="0"/>
<pin id="1925" dir="1" index="4" bw="10" slack="1"/>
</pin_list>
<bind>
<opcode="partselect(1002) " fcode="partselect"/>
<opset="trunc_ln472_4_cast/3 "/>
</bind>
</comp>

<comp id="1930" class="1004" name="trunc_ln472_5_fu_1930">
<pin_list>
<pin id="1931" dir="0" index="0" bw="10" slack="0"/>
<pin id="1932" dir="0" index="1" bw="12" slack="0"/>
<pin id="1933" dir="0" index="2" bw="3" slack="0"/>
<pin id="1934" dir="0" index="3" bw="5" slack="0"/>
<pin id="1935" dir="1" index="4" bw="10" slack="1"/>
</pin_list>
<bind>
<opcode="partselect(1002) " fcode="partselect"/>
<opset="trunc_ln472_5/3 "/>
</bind>
</comp>

<comp id="1940" class="1004" name="tmp_27_fu_1940">
<pin_list>
<pin id="1941" dir="0" index="0" bw="1" slack="0"/>
<pin id="1942" dir="0" index="1" bw="12" slack="0"/>
<pin id="1943" dir="0" index="2" bw="5" slack="0"/>
<pin id="1944" dir="1" index="3" bw="1" slack="1"/>
</pin_list>
<bind>
<opcode="bitselect(1000) " fcode="bitselect"/>
<opset="tmp_27/3 "/>
</bind>
</comp>

<comp id="1948" class="1004" name="sub_ln472_4_fu_1948">
<pin_list>
<pin id="1949" dir="0" index="0" bw="1" slack="0"/>
<pin id="1950" dir="0" index="1" bw="12" slack="0"/>
<pin id="1951" dir="1" index="2" bw="13" slack="0"/>
</pin_list>
<bind>
<opcode="sub(10) " fcode="sub"/>
<opset="sub_ln472_4/3 "/>
</bind>
</comp>

<comp id="1954" class="1004" name="trunc_ln472_7_cast_fu_1954">
<pin_list>
<pin id="1955" dir="0" index="0" bw="10" slack="0"/>
<pin id="1956" dir="0" index="1" bw="13" slack="0"/>
<pin id="1957" dir="0" index="2" bw="3" slack="0"/>
<pin id="1958" dir="0" index="3" bw="5" slack="0"/>
<pin id="1959" dir="1" index="4" bw="10" slack="1"/>
</pin_list>
<bind>
<opcode="partselect(1002) " fcode="partselect"/>
<opset="trunc_ln472_7_cast/3 "/>
</bind>
</comp>

<comp id="1964" class="1004" name="trunc_ln472_8_fu_1964">
<pin_list>
<pin id="1965" dir="0" index="0" bw="10" slack="0"/>
<pin id="1966" dir="0" index="1" bw="12" slack="0"/>
<pin id="1967" dir="0" index="2" bw="3" slack="0"/>
<pin id="1968" dir="0" index="3" bw="5" slack="0"/>
<pin id="1969" dir="1" index="4" bw="10" slack="1"/>
</pin_list>
<bind>
<opcode="partselect(1002) " fcode="partselect"/>
<opset="trunc_ln472_8/3 "/>
</bind>
</comp>

<comp id="1974" class="1004" name="tmp_28_fu_1974">
<pin_list>
<pin id="1975" dir="0" index="0" bw="1" slack="0"/>
<pin id="1976" dir="0" index="1" bw="12" slack="0"/>
<pin id="1977" dir="0" index="2" bw="5" slack="0"/>
<pin id="1978" dir="1" index="3" bw="1" slack="1"/>
</pin_list>
<bind>
<opcode="bitselect(1000) " fcode="bitselect"/>
<opset="tmp_28/3 "/>
</bind>
</comp>

<comp id="1982" class="1004" name="sub_ln472_6_fu_1982">
<pin_list>
<pin id="1983" dir="0" index="0" bw="1" slack="0"/>
<pin id="1984" dir="0" index="1" bw="12" slack="0"/>
<pin id="1985" dir="1" index="2" bw="13" slack="0"/>
</pin_list>
<bind>
<opcode="sub(10) " fcode="sub"/>
<opset="sub_ln472_6/3 "/>
</bind>
</comp>

<comp id="1988" class="1004" name="trunc_ln472_cast_fu_1988">
<pin_list>
<pin id="1989" dir="0" index="0" bw="10" slack="0"/>
<pin id="1990" dir="0" index="1" bw="13" slack="0"/>
<pin id="1991" dir="0" index="2" bw="3" slack="0"/>
<pin id="1992" dir="0" index="3" bw="5" slack="0"/>
<pin id="1993" dir="1" index="4" bw="10" slack="1"/>
</pin_list>
<bind>
<opcode="partselect(1002) " fcode="partselect"/>
<opset="trunc_ln472_cast/3 "/>
</bind>
</comp>

<comp id="1998" class="1004" name="trunc_ln472_s_fu_1998">
<pin_list>
<pin id="1999" dir="0" index="0" bw="10" slack="0"/>
<pin id="2000" dir="0" index="1" bw="12" slack="0"/>
<pin id="2001" dir="0" index="2" bw="3" slack="0"/>
<pin id="2002" dir="0" index="3" bw="5" slack="0"/>
<pin id="2003" dir="1" index="4" bw="10" slack="1"/>
</pin_list>
<bind>
<opcode="partselect(1002) " fcode="partselect"/>
<opset="trunc_ln472_s/3 "/>
</bind>
</comp>

<comp id="2008" class="1004" name="sub_ln483_fu_2008">
<pin_list>
<pin id="2009" dir="0" index="0" bw="8" slack="0"/>
<pin id="2010" dir="0" index="1" bw="8" slack="0"/>
<pin id="2011" dir="1" index="2" bw="9" slack="0"/>
</pin_list>
<bind>
<opcode="sub(10) " fcode="sub"/>
<opset="sub_ln483/3 "/>
</bind>
</comp>

<comp id="2014" class="1004" name="trunc_ln61_24_fu_2014">
<pin_list>
<pin id="2015" dir="0" index="0" bw="9" slack="0"/>
<pin id="2016" dir="1" index="1" bw="8" slack="0"/>
</pin_list>
<bind>
<opcode="trunc(33) " fcode="trunc"/>
<opset="trunc_ln61_24/3 "/>
</bind>
</comp>

<comp id="2018" class="1004" name="tmp_45_fu_2018">
<pin_list>
<pin id="2019" dir="0" index="0" bw="1" slack="0"/>
<pin id="2020" dir="0" index="1" bw="9" slack="0"/>
<pin id="2021" dir="0" index="2" bw="5" slack="0"/>
<pin id="2022" dir="1" index="3" bw="1" slack="0"/>
</pin_list>
<bind>
<opcode="bitselect(1000) " fcode="bitselect"/>
<opset="tmp_45/3 "/>
</bind>
</comp>

<comp id="2026" class="1004" name="sub_ln61_24_fu_2026">
<pin_list>
<pin id="2027" dir="0" index="0" bw="1" slack="0"/>
<pin id="2028" dir="0" index="1" bw="8" slack="0"/>
<pin id="2029" dir="1" index="2" bw="8" slack="0"/>
</pin_list>
<bind>
<opcode="sub(10) " fcode="sub"/>
<opset="sub_ln61_24/3 "/>
</bind>
</comp>

<comp id="2032" class="1004" name="select_ln61_16_fu_2032">
<pin_list>
<pin id="2033" dir="0" index="0" bw="1" slack="0"/>
<pin id="2034" dir="0" index="1" bw="8" slack="0"/>
<pin id="2035" dir="0" index="2" bw="8" slack="0"/>
<pin id="2036" dir="1" index="3" bw="8" slack="0"/>
</pin_list>
<bind>
<opcode="select(49) " fcode="select"/>
<opset="select_ln61_16/3 "/>
</bind>
</comp>

<comp id="2040" class="1004" name="zext_ln483_fu_2040">
<pin_list>
<pin id="2041" dir="0" index="0" bw="8" slack="0"/>
<pin id="2042" dir="1" index="1" bw="9" slack="0"/>
</pin_list>
<bind>
<opcode="zext(34) " fcode="zext"/>
<opset="zext_ln483/3 "/>
</bind>
</comp>

<comp id="2044" class="1004" name="sub_ln483_1_fu_2044">
<pin_list>
<pin id="2045" dir="0" index="0" bw="8" slack="0"/>
<pin id="2046" dir="0" index="1" bw="8" slack="0"/>
<pin id="2047" dir="1" index="2" bw="9" slack="0"/>
</pin_list>
<bind>
<opcode="sub(10) " fcode="sub"/>
<opset="sub_ln483_1/3 "/>
</bind>
</comp>

<comp id="2050" class="1004" name="trunc_ln61_25_fu_2050">
<pin_list>
<pin id="2051" dir="0" index="0" bw="9" slack="0"/>
<pin id="2052" dir="1" index="1" bw="8" slack="0"/>
</pin_list>
<bind>
<opcode="trunc(33) " fcode="trunc"/>
<opset="trunc_ln61_25/3 "/>
</bind>
</comp>

<comp id="2054" class="1004" name="tmp_46_fu_2054">
<pin_list>
<pin id="2055" dir="0" index="0" bw="1" slack="0"/>
<pin id="2056" dir="0" index="1" bw="9" slack="0"/>
<pin id="2057" dir="0" index="2" bw="5" slack="0"/>
<pin id="2058" dir="1" index="3" bw="1" slack="0"/>
</pin_list>
<bind>
<opcode="bitselect(1000) " fcode="bitselect"/>
<opset="tmp_46/3 "/>
</bind>
</comp>

<comp id="2062" class="1004" name="sub_ln61_25_fu_2062">
<pin_list>
<pin id="2063" dir="0" index="0" bw="1" slack="0"/>
<pin id="2064" dir="0" index="1" bw="8" slack="0"/>
<pin id="2065" dir="1" index="2" bw="8" slack="0"/>
</pin_list>
<bind>
<opcode="sub(10) " fcode="sub"/>
<opset="sub_ln61_25/3 "/>
</bind>
</comp>

<comp id="2068" class="1004" name="select_ln61_17_fu_2068">
<pin_list>
<pin id="2069" dir="0" index="0" bw="1" slack="0"/>
<pin id="2070" dir="0" index="1" bw="8" slack="0"/>
<pin id="2071" dir="0" index="2" bw="8" slack="0"/>
<pin id="2072" dir="1" index="3" bw="8" slack="0"/>
</pin_list>
<bind>
<opcode="select(49) " fcode="select"/>
<opset="select_ln61_17/3 "/>
</bind>
</comp>

<comp id="2076" class="1004" name="zext_ln483_1_fu_2076">
<pin_list>
<pin id="2077" dir="0" index="0" bw="8" slack="0"/>
<pin id="2078" dir="1" index="1" bw="9" slack="0"/>
</pin_list>
<bind>
<opcode="zext(34) " fcode="zext"/>
<opset="zext_ln483_1/3 "/>
</bind>
</comp>

<comp id="2080" class="1004" name="add_ln483_fu_2080">
<pin_list>
<pin id="2081" dir="0" index="0" bw="8" slack="0"/>
<pin id="2082" dir="0" index="1" bw="8" slack="0"/>
<pin id="2083" dir="1" index="2" bw="9" slack="0"/>
</pin_list>
<bind>
<opcode="add(8) " fcode="add"/>
<opset="add_ln483/3 "/>
</bind>
</comp>

<comp id="2086" class="1004" name="SD_fu_2086">
<pin_list>
<pin id="2087" dir="0" index="0" bw="8" slack="0"/>
<pin id="2088" dir="0" index="1" bw="9" slack="0"/>
<pin id="2089" dir="0" index="2" bw="1" slack="0"/>
<pin id="2090" dir="0" index="3" bw="5" slack="0"/>
<pin id="2091" dir="1" index="4" bw="8" slack="2"/>
</pin_list>
<bind>
<opcode="partselect(1002) " fcode="partselect"/>
<opset="SD/3 "/>
</bind>
</comp>

<comp id="2096" class="1004" name="sub_ln484_fu_2096">
<pin_list>
<pin id="2097" dir="0" index="0" bw="8" slack="0"/>
<pin id="2098" dir="0" index="1" bw="8" slack="0"/>
<pin id="2099" dir="1" index="2" bw="9" slack="0"/>
</pin_list>
<bind>
<opcode="sub(10) " fcode="sub"/>
<opset="sub_ln484/3 "/>
</bind>
</comp>

<comp id="2102" class="1004" name="trunc_ln61_26_fu_2102">
<pin_list>
<pin id="2103" dir="0" index="0" bw="9" slack="0"/>
<pin id="2104" dir="1" index="1" bw="8" slack="0"/>
</pin_list>
<bind>
<opcode="trunc(33) " fcode="trunc"/>
<opset="trunc_ln61_26/3 "/>
</bind>
</comp>

<comp id="2106" class="1004" name="tmp_47_fu_2106">
<pin_list>
<pin id="2107" dir="0" index="0" bw="1" slack="0"/>
<pin id="2108" dir="0" index="1" bw="9" slack="0"/>
<pin id="2109" dir="0" index="2" bw="5" slack="0"/>
<pin id="2110" dir="1" index="3" bw="1" slack="0"/>
</pin_list>
<bind>
<opcode="bitselect(1000) " fcode="bitselect"/>
<opset="tmp_47/3 "/>
</bind>
</comp>

<comp id="2114" class="1004" name="sub_ln61_26_fu_2114">
<pin_list>
<pin id="2115" dir="0" index="0" bw="1" slack="0"/>
<pin id="2116" dir="0" index="1" bw="8" slack="0"/>
<pin id="2117" dir="1" index="2" bw="8" slack="0"/>
</pin_list>
<bind>
<opcode="sub(10) " fcode="sub"/>
<opset="sub_ln61_26/3 "/>
</bind>
</comp>

<comp id="2120" class="1004" name="select_ln61_18_fu_2120">
<pin_list>
<pin id="2121" dir="0" index="0" bw="1" slack="0"/>
<pin id="2122" dir="0" index="1" bw="8" slack="0"/>
<pin id="2123" dir="0" index="2" bw="8" slack="0"/>
<pin id="2124" dir="1" index="3" bw="8" slack="0"/>
</pin_list>
<bind>
<opcode="select(49) " fcode="select"/>
<opset="select_ln61_18/3 "/>
</bind>
</comp>

<comp id="2128" class="1004" name="zext_ln484_fu_2128">
<pin_list>
<pin id="2129" dir="0" index="0" bw="8" slack="0"/>
<pin id="2130" dir="1" index="1" bw="9" slack="0"/>
</pin_list>
<bind>
<opcode="zext(34) " fcode="zext"/>
<opset="zext_ln484/3 "/>
</bind>
</comp>

<comp id="2132" class="1004" name="sub_ln484_1_fu_2132">
<pin_list>
<pin id="2133" dir="0" index="0" bw="8" slack="0"/>
<pin id="2134" dir="0" index="1" bw="8" slack="0"/>
<pin id="2135" dir="1" index="2" bw="9" slack="0"/>
</pin_list>
<bind>
<opcode="sub(10) " fcode="sub"/>
<opset="sub_ln484_1/3 "/>
</bind>
</comp>

<comp id="2138" class="1004" name="trunc_ln61_27_fu_2138">
<pin_list>
<pin id="2139" dir="0" index="0" bw="9" slack="0"/>
<pin id="2140" dir="1" index="1" bw="8" slack="0"/>
</pin_list>
<bind>
<opcode="trunc(33) " fcode="trunc"/>
<opset="trunc_ln61_27/3 "/>
</bind>
</comp>

<comp id="2142" class="1004" name="tmp_48_fu_2142">
<pin_list>
<pin id="2143" dir="0" index="0" bw="1" slack="0"/>
<pin id="2144" dir="0" index="1" bw="9" slack="0"/>
<pin id="2145" dir="0" index="2" bw="5" slack="0"/>
<pin id="2146" dir="1" index="3" bw="1" slack="0"/>
</pin_list>
<bind>
<opcode="bitselect(1000) " fcode="bitselect"/>
<opset="tmp_48/3 "/>
</bind>
</comp>

<comp id="2150" class="1004" name="sub_ln61_27_fu_2150">
<pin_list>
<pin id="2151" dir="0" index="0" bw="1" slack="0"/>
<pin id="2152" dir="0" index="1" bw="8" slack="0"/>
<pin id="2153" dir="1" index="2" bw="8" slack="0"/>
</pin_list>
<bind>
<opcode="sub(10) " fcode="sub"/>
<opset="sub_ln61_27/3 "/>
</bind>
</comp>

<comp id="2156" class="1004" name="select_ln61_19_fu_2156">
<pin_list>
<pin id="2157" dir="0" index="0" bw="1" slack="0"/>
<pin id="2158" dir="0" index="1" bw="8" slack="0"/>
<pin id="2159" dir="0" index="2" bw="8" slack="0"/>
<pin id="2160" dir="1" index="3" bw="8" slack="0"/>
</pin_list>
<bind>
<opcode="select(49) " fcode="select"/>
<opset="select_ln61_19/3 "/>
</bind>
</comp>

<comp id="2164" class="1004" name="zext_ln484_1_fu_2164">
<pin_list>
<pin id="2165" dir="0" index="0" bw="8" slack="0"/>
<pin id="2166" dir="1" index="1" bw="9" slack="0"/>
</pin_list>
<bind>
<opcode="zext(34) " fcode="zext"/>
<opset="zext_ln484_1/3 "/>
</bind>
</comp>

<comp id="2168" class="1004" name="add_ln484_fu_2168">
<pin_list>
<pin id="2169" dir="0" index="0" bw="8" slack="0"/>
<pin id="2170" dir="0" index="1" bw="8" slack="0"/>
<pin id="2171" dir="1" index="2" bw="9" slack="0"/>
</pin_list>
<bind>
<opcode="add(8) " fcode="add"/>
<opset="add_ln484/3 "/>
</bind>
</comp>

<comp id="2174" class="1004" name="SD_1_fu_2174">
<pin_list>
<pin id="2175" dir="0" index="0" bw="8" slack="0"/>
<pin id="2176" dir="0" index="1" bw="9" slack="0"/>
<pin id="2177" dir="0" index="2" bw="1" slack="0"/>
<pin id="2178" dir="0" index="3" bw="5" slack="0"/>
<pin id="2179" dir="1" index="4" bw="8" slack="2"/>
</pin_list>
<bind>
<opcode="partselect(1002) " fcode="partselect"/>
<opset="SD_1/3 "/>
</bind>
</comp>

<comp id="2184" class="1004" name="store_ln387_store_fu_2184">
<pin_list>
<pin id="2185" dir="0" index="0" bw="8" slack="0"/>
<pin id="2186" dir="0" index="1" bw="8" slack="2"/>
<pin id="2187" dir="1" index="2" bw="0" slack="2147483647"/>
</pin_list>
<bind>
<opcode="store(28) " fcode="store"/>
<opset="store_ln387/3 "/>
</bind>
</comp>

<comp id="2189" class="1004" name="store_ln387_store_fu_2189">
<pin_list>
<pin id="2190" dir="0" index="0" bw="8" slack="0"/>
<pin id="2191" dir="0" index="1" bw="8" slack="2"/>
<pin id="2192" dir="1" index="2" bw="0" slack="2147483647"/>
</pin_list>
<bind>
<opcode="store(28) " fcode="store"/>
<opset="store_ln387/3 "/>
</bind>
</comp>

<comp id="2194" class="1004" name="store_ln387_store_fu_2194">
<pin_list>
<pin id="2195" dir="0" index="0" bw="8" slack="0"/>
<pin id="2196" dir="0" index="1" bw="8" slack="2"/>
<pin id="2197" dir="1" index="2" bw="0" slack="2147483647"/>
</pin_list>
<bind>
<opcode="store(28) " fcode="store"/>
<opset="store_ln387/3 "/>
</bind>
</comp>

<comp id="2199" class="1004" name="store_ln387_store_fu_2199">
<pin_list>
<pin id="2200" dir="0" index="0" bw="8" slack="0"/>
<pin id="2201" dir="0" index="1" bw="8" slack="2"/>
<pin id="2202" dir="1" index="2" bw="0" slack="2147483647"/>
</pin_list>
<bind>
<opcode="store(28) " fcode="store"/>
<opset="store_ln387/3 "/>
</bind>
</comp>

<comp id="2204" class="1004" name="store_ln387_store_fu_2204">
<pin_list>
<pin id="2205" dir="0" index="0" bw="8" slack="0"/>
<pin id="2206" dir="0" index="1" bw="8" slack="2"/>
<pin id="2207" dir="1" index="2" bw="0" slack="2147483647"/>
</pin_list>
<bind>
<opcode="store(28) " fcode="store"/>
<opset="store_ln387/3 "/>
</bind>
</comp>

<comp id="2209" class="1004" name="store_ln387_store_fu_2209">
<pin_list>
<pin id="2210" dir="0" index="0" bw="8" slack="0"/>
<pin id="2211" dir="0" index="1" bw="8" slack="2"/>
<pin id="2212" dir="1" index="2" bw="0" slack="2147483647"/>
</pin_list>
<bind>
<opcode="store(28) " fcode="store"/>
<opset="store_ln387/3 "/>
</bind>
</comp>

<comp id="2214" class="1004" name="store_ln387_store_fu_2214">
<pin_list>
<pin id="2215" dir="0" index="0" bw="8" slack="0"/>
<pin id="2216" dir="0" index="1" bw="8" slack="2"/>
<pin id="2217" dir="1" index="2" bw="0" slack="2147483647"/>
</pin_list>
<bind>
<opcode="store(28) " fcode="store"/>
<opset="store_ln387/3 "/>
</bind>
</comp>

<comp id="2219" class="1004" name="store_ln387_store_fu_2219">
<pin_list>
<pin id="2220" dir="0" index="0" bw="8" slack="0"/>
<pin id="2221" dir="0" index="1" bw="8" slack="2"/>
<pin id="2222" dir="1" index="2" bw="0" slack="2147483647"/>
</pin_list>
<bind>
<opcode="store(28) " fcode="store"/>
<opset="store_ln387/3 "/>
</bind>
</comp>

<comp id="2224" class="1004" name="store_ln387_store_fu_2224">
<pin_list>
<pin id="2225" dir="0" index="0" bw="8" slack="0"/>
<pin id="2226" dir="0" index="1" bw="8" slack="2"/>
<pin id="2227" dir="1" index="2" bw="0" slack="2147483647"/>
</pin_list>
<bind>
<opcode="store(28) " fcode="store"/>
<opset="store_ln387/3 "/>
</bind>
</comp>

<comp id="2229" class="1004" name="store_ln387_store_fu_2229">
<pin_list>
<pin id="2230" dir="0" index="0" bw="8" slack="0"/>
<pin id="2231" dir="0" index="1" bw="8" slack="2"/>
<pin id="2232" dir="1" index="2" bw="0" slack="2147483647"/>
</pin_list>
<bind>
<opcode="store(28) " fcode="store"/>
<opset="store_ln387/3 "/>
</bind>
</comp>

<comp id="2234" class="1004" name="store_ln387_store_fu_2234">
<pin_list>
<pin id="2235" dir="0" index="0" bw="8" slack="0"/>
<pin id="2236" dir="0" index="1" bw="8" slack="2"/>
<pin id="2237" dir="1" index="2" bw="0" slack="2147483647"/>
</pin_list>
<bind>
<opcode="store(28) " fcode="store"/>
<opset="store_ln387/3 "/>
</bind>
</comp>

<comp id="2239" class="1004" name="store_ln387_store_fu_2239">
<pin_list>
<pin id="2240" dir="0" index="0" bw="8" slack="0"/>
<pin id="2241" dir="0" index="1" bw="8" slack="2"/>
<pin id="2242" dir="1" index="2" bw="0" slack="2147483647"/>
</pin_list>
<bind>
<opcode="store(28) " fcode="store"/>
<opset="store_ln387/3 "/>
</bind>
</comp>

<comp id="2244" class="1004" name="store_ln387_store_fu_2244">
<pin_list>
<pin id="2245" dir="0" index="0" bw="8" slack="0"/>
<pin id="2246" dir="0" index="1" bw="8" slack="2"/>
<pin id="2247" dir="1" index="2" bw="0" slack="2147483647"/>
</pin_list>
<bind>
<opcode="store(28) " fcode="store"/>
<opset="store_ln387/3 "/>
</bind>
</comp>

<comp id="2249" class="1004" name="store_ln387_store_fu_2249">
<pin_list>
<pin id="2250" dir="0" index="0" bw="8" slack="0"/>
<pin id="2251" dir="0" index="1" bw="8" slack="2"/>
<pin id="2252" dir="1" index="2" bw="0" slack="2147483647"/>
</pin_list>
<bind>
<opcode="store(28) " fcode="store"/>
<opset="store_ln387/3 "/>
</bind>
</comp>

<comp id="2254" class="1004" name="store_ln387_store_fu_2254">
<pin_list>
<pin id="2255" dir="0" index="0" bw="8" slack="0"/>
<pin id="2256" dir="0" index="1" bw="8" slack="2"/>
<pin id="2257" dir="1" index="2" bw="0" slack="2147483647"/>
</pin_list>
<bind>
<opcode="store(28) " fcode="store"/>
<opset="store_ln387/3 "/>
</bind>
</comp>

<comp id="2259" class="1004" name="sub_ln472_1_fu_2259">
<pin_list>
<pin id="2260" dir="0" index="0" bw="1" slack="0"/>
<pin id="2261" dir="0" index="1" bw="10" slack="1"/>
<pin id="2262" dir="1" index="2" bw="10" slack="0"/>
</pin_list>
<bind>
<opcode="sub(10) " fcode="sub"/>
<opset="sub_ln472_1/4 "/>
</bind>
</comp>

<comp id="2264" class="1004" name="mean_fu_2264">
<pin_list>
<pin id="2265" dir="0" index="0" bw="1" slack="1"/>
<pin id="2266" dir="0" index="1" bw="10" slack="0"/>
<pin id="2267" dir="0" index="2" bw="10" slack="1"/>
<pin id="2268" dir="1" index="3" bw="10" slack="0"/>
</pin_list>
<bind>
<opcode="select(49) " fcode="select"/>
<opset="mean/4 "/>
</bind>
</comp>

<comp id="2270" class="1004" name="sub_ln472_3_fu_2270">
<pin_list>
<pin id="2271" dir="0" index="0" bw="1" slack="0"/>
<pin id="2272" dir="0" index="1" bw="10" slack="1"/>
<pin id="2273" dir="1" index="2" bw="10" slack="0"/>
</pin_list>
<bind>
<opcode="sub(10) " fcode="sub"/>
<opset="sub_ln472_3/4 "/>
</bind>
</comp>

<comp id="2275" class="1004" name="mean_1_fu_2275">
<pin_list>
<pin id="2276" dir="0" index="0" bw="1" slack="1"/>
<pin id="2277" dir="0" index="1" bw="10" slack="0"/>
<pin id="2278" dir="0" index="2" bw="10" slack="1"/>
<pin id="2279" dir="1" index="3" bw="10" slack="0"/>
</pin_list>
<bind>
<opcode="select(49) " fcode="select"/>
<opset="mean_1/4 "/>
</bind>
</comp>

<comp id="2281" class="1004" name="sub_ln472_5_fu_2281">
<pin_list>
<pin id="2282" dir="0" index="0" bw="1" slack="0"/>
<pin id="2283" dir="0" index="1" bw="10" slack="1"/>
<pin id="2284" dir="1" index="2" bw="10" slack="0"/>
</pin_list>
<bind>
<opcode="sub(10) " fcode="sub"/>
<opset="sub_ln472_5/4 "/>
</bind>
</comp>

<comp id="2286" class="1004" name="mean_2_fu_2286">
<pin_list>
<pin id="2287" dir="0" index="0" bw="1" slack="1"/>
<pin id="2288" dir="0" index="1" bw="10" slack="0"/>
<pin id="2289" dir="0" index="2" bw="10" slack="1"/>
<pin id="2290" dir="1" index="3" bw="10" slack="0"/>
</pin_list>
<bind>
<opcode="select(49) " fcode="select"/>
<opset="mean_2/4 "/>
</bind>
</comp>

<comp id="2292" class="1004" name="sub_ln472_7_fu_2292">
<pin_list>
<pin id="2293" dir="0" index="0" bw="1" slack="0"/>
<pin id="2294" dir="0" index="1" bw="10" slack="1"/>
<pin id="2295" dir="1" index="2" bw="10" slack="0"/>
</pin_list>
<bind>
<opcode="sub(10) " fcode="sub"/>
<opset="sub_ln472_7/4 "/>
</bind>
</comp>

<comp id="2297" class="1004" name="mean_3_fu_2297">
<pin_list>
<pin id="2298" dir="0" index="0" bw="1" slack="1"/>
<pin id="2299" dir="0" index="1" bw="10" slack="0"/>
<pin id="2300" dir="0" index="2" bw="10" slack="1"/>
<pin id="2301" dir="1" index="3" bw="10" slack="0"/>
</pin_list>
<bind>
<opcode="select(49) " fcode="select"/>
<opset="mean_3/4 "/>
</bind>
</comp>

<comp id="2303" class="1004" name="sext_ln476_fu_2303">
<pin_list>
<pin id="2304" dir="0" index="0" bw="10" slack="0"/>
<pin id="2305" dir="1" index="1" bw="11" slack="0"/>
</pin_list>
<bind>
<opcode="sext(35) " fcode="sext"/>
<opset="sext_ln476/4 "/>
</bind>
</comp>

<comp id="2307" class="1004" name="sub_ln476_fu_2307">
<pin_list>
<pin id="2308" dir="0" index="0" bw="10" slack="1"/>
<pin id="2309" dir="0" index="1" bw="10" slack="0"/>
<pin id="2310" dir="1" index="2" bw="11" slack="0"/>
</pin_list>
<bind>
<opcode="sub(10) " fcode="sub"/>
<opset="sub_ln476/4 "/>
</bind>
</comp>

<comp id="2312" class="1004" name="sext_ln61_fu_2312">
<pin_list>
<pin id="2313" dir="0" index="0" bw="11" slack="0"/>
<pin id="2314" dir="1" index="1" bw="12" slack="0"/>
</pin_list>
<bind>
<opcode="sext(35) " fcode="sext"/>
<opset="sext_ln61/4 "/>
</bind>
</comp>

<comp id="2316" class="1004" name="trunc_ln61_fu_2316">
<pin_list>
<pin id="2317" dir="0" index="0" bw="11" slack="0"/>
<pin id="2318" dir="1" index="1" bw="10" slack="0"/>
</pin_list>
<bind>
<opcode="trunc(33) " fcode="trunc"/>
<opset="trunc_ln61/4 "/>
</bind>
</comp>

<comp id="2320" class="1004" name="tmp_29_fu_2320">
<pin_list>
<pin id="2321" dir="0" index="0" bw="1" slack="0"/>
<pin id="2322" dir="0" index="1" bw="11" slack="0"/>
<pin id="2323" dir="0" index="2" bw="5" slack="0"/>
<pin id="2324" dir="1" index="3" bw="1" slack="0"/>
</pin_list>
<bind>
<opcode="bitselect(1000) " fcode="bitselect"/>
<opset="tmp_29/4 "/>
</bind>
</comp>

<comp id="2328" class="1004" name="sub_ln61_fu_2328">
<pin_list>
<pin id="2329" dir="0" index="0" bw="1" slack="0"/>
<pin id="2330" dir="0" index="1" bw="10" slack="0"/>
<pin id="2331" dir="1" index="2" bw="10" slack="0"/>
</pin_list>
<bind>
<opcode="sub(10) " fcode="sub"/>
<opset="sub_ln61/4 "/>
</bind>
</comp>

<comp id="2334" class="1004" name="select_ln61_fu_2334">
<pin_list>
<pin id="2335" dir="0" index="0" bw="1" slack="0"/>
<pin id="2336" dir="0" index="1" bw="10" slack="0"/>
<pin id="2337" dir="0" index="2" bw="10" slack="0"/>
<pin id="2338" dir="1" index="3" bw="10" slack="0"/>
</pin_list>
<bind>
<opcode="select(49) " fcode="select"/>
<opset="select_ln61/4 "/>
</bind>
</comp>

<comp id="2342" class="1004" name="zext_ln476_fu_2342">
<pin_list>
<pin id="2343" dir="0" index="0" bw="10" slack="0"/>
<pin id="2344" dir="1" index="1" bw="11" slack="0"/>
</pin_list>
<bind>
<opcode="zext(34) " fcode="zext"/>
<opset="zext_ln476/4 "/>
</bind>
</comp>

<comp id="2346" class="1004" name="sub_ln476_1_fu_2346">
<pin_list>
<pin id="2347" dir="0" index="0" bw="10" slack="1"/>
<pin id="2348" dir="0" index="1" bw="10" slack="0"/>
<pin id="2349" dir="1" index="2" bw="11" slack="0"/>
</pin_list>
<bind>
<opcode="sub(10) " fcode="sub"/>
<opset="sub_ln476_1/4 "/>
</bind>
</comp>

<comp id="2351" class="1004" name="sext_ln61_1_fu_2351">
<pin_list>
<pin id="2352" dir="0" index="0" bw="11" slack="0"/>
<pin id="2353" dir="1" index="1" bw="12" slack="0"/>
</pin_list>
<bind>
<opcode="sext(35) " fcode="sext"/>
<opset="sext_ln61_1/4 "/>
</bind>
</comp>

<comp id="2355" class="1004" name="trunc_ln61_9_fu_2355">
<pin_list>
<pin id="2356" dir="0" index="0" bw="11" slack="0"/>
<pin id="2357" dir="1" index="1" bw="10" slack="0"/>
</pin_list>
<bind>
<opcode="trunc(33) " fcode="trunc"/>
<opset="trunc_ln61_9/4 "/>
</bind>
</comp>

<comp id="2359" class="1004" name="tmp_30_fu_2359">
<pin_list>
<pin id="2360" dir="0" index="0" bw="1" slack="0"/>
<pin id="2361" dir="0" index="1" bw="11" slack="0"/>
<pin id="2362" dir="0" index="2" bw="5" slack="0"/>
<pin id="2363" dir="1" index="3" bw="1" slack="0"/>
</pin_list>
<bind>
<opcode="bitselect(1000) " fcode="bitselect"/>
<opset="tmp_30/4 "/>
</bind>
</comp>

<comp id="2367" class="1004" name="sub_ln61_9_fu_2367">
<pin_list>
<pin id="2368" dir="0" index="0" bw="1" slack="0"/>
<pin id="2369" dir="0" index="1" bw="10" slack="0"/>
<pin id="2370" dir="1" index="2" bw="10" slack="0"/>
</pin_list>
<bind>
<opcode="sub(10) " fcode="sub"/>
<opset="sub_ln61_9/4 "/>
</bind>
</comp>

<comp id="2373" class="1004" name="select_ln61_1_fu_2373">
<pin_list>
<pin id="2374" dir="0" index="0" bw="1" slack="0"/>
<pin id="2375" dir="0" index="1" bw="10" slack="0"/>
<pin id="2376" dir="0" index="2" bw="10" slack="0"/>
<pin id="2377" dir="1" index="3" bw="10" slack="0"/>
</pin_list>
<bind>
<opcode="select(49) " fcode="select"/>
<opset="select_ln61_1/4 "/>
</bind>
</comp>

<comp id="2381" class="1004" name="zext_ln476_1_fu_2381">
<pin_list>
<pin id="2382" dir="0" index="0" bw="10" slack="0"/>
<pin id="2383" dir="1" index="1" bw="11" slack="0"/>
</pin_list>
<bind>
<opcode="zext(34) " fcode="zext"/>
<opset="zext_ln476_1/4 "/>
</bind>
</comp>

<comp id="2385" class="1004" name="sub_ln476_2_fu_2385">
<pin_list>
<pin id="2386" dir="0" index="0" bw="10" slack="1"/>
<pin id="2387" dir="0" index="1" bw="10" slack="0"/>
<pin id="2388" dir="1" index="2" bw="11" slack="0"/>
</pin_list>
<bind>
<opcode="sub(10) " fcode="sub"/>
<opset="sub_ln476_2/4 "/>
</bind>
</comp>

<comp id="2390" class="1004" name="sext_ln61_2_fu_2390">
<pin_list>
<pin id="2391" dir="0" index="0" bw="11" slack="0"/>
<pin id="2392" dir="1" index="1" bw="12" slack="0"/>
</pin_list>
<bind>
<opcode="sext(35) " fcode="sext"/>
<opset="sext_ln61_2/4 "/>
</bind>
</comp>

<comp id="2394" class="1004" name="trunc_ln61_10_fu_2394">
<pin_list>
<pin id="2395" dir="0" index="0" bw="11" slack="0"/>
<pin id="2396" dir="1" index="1" bw="10" slack="0"/>
</pin_list>
<bind>
<opcode="trunc(33) " fcode="trunc"/>
<opset="trunc_ln61_10/4 "/>
</bind>
</comp>

<comp id="2398" class="1004" name="tmp_31_fu_2398">
<pin_list>
<pin id="2399" dir="0" index="0" bw="1" slack="0"/>
<pin id="2400" dir="0" index="1" bw="11" slack="0"/>
<pin id="2401" dir="0" index="2" bw="5" slack="0"/>
<pin id="2402" dir="1" index="3" bw="1" slack="0"/>
</pin_list>
<bind>
<opcode="bitselect(1000) " fcode="bitselect"/>
<opset="tmp_31/4 "/>
</bind>
</comp>

<comp id="2406" class="1004" name="sub_ln61_10_fu_2406">
<pin_list>
<pin id="2407" dir="0" index="0" bw="1" slack="0"/>
<pin id="2408" dir="0" index="1" bw="10" slack="0"/>
<pin id="2409" dir="1" index="2" bw="10" slack="0"/>
</pin_list>
<bind>
<opcode="sub(10) " fcode="sub"/>
<opset="sub_ln61_10/4 "/>
</bind>
</comp>

<comp id="2412" class="1004" name="select_ln61_2_fu_2412">
<pin_list>
<pin id="2413" dir="0" index="0" bw="1" slack="0"/>
<pin id="2414" dir="0" index="1" bw="10" slack="0"/>
<pin id="2415" dir="0" index="2" bw="10" slack="0"/>
<pin id="2416" dir="1" index="3" bw="10" slack="0"/>
</pin_list>
<bind>
<opcode="select(49) " fcode="select"/>
<opset="select_ln61_2/4 "/>
</bind>
</comp>

<comp id="2420" class="1004" name="zext_ln476_2_fu_2420">
<pin_list>
<pin id="2421" dir="0" index="0" bw="10" slack="0"/>
<pin id="2422" dir="1" index="1" bw="11" slack="0"/>
</pin_list>
<bind>
<opcode="zext(34) " fcode="zext"/>
<opset="zext_ln476_2/4 "/>
</bind>
</comp>

<comp id="2424" class="1004" name="sub_ln476_3_fu_2424">
<pin_list>
<pin id="2425" dir="0" index="0" bw="10" slack="1"/>
<pin id="2426" dir="0" index="1" bw="10" slack="0"/>
<pin id="2427" dir="1" index="2" bw="11" slack="0"/>
</pin_list>
<bind>
<opcode="sub(10) " fcode="sub"/>
<opset="sub_ln476_3/4 "/>
</bind>
</comp>

<comp id="2429" class="1004" name="sext_ln61_3_fu_2429">
<pin_list>
<pin id="2430" dir="0" index="0" bw="11" slack="0"/>
<pin id="2431" dir="1" index="1" bw="12" slack="0"/>
</pin_list>
<bind>
<opcode="sext(35) " fcode="sext"/>
<opset="sext_ln61_3/4 "/>
</bind>
</comp>

<comp id="2433" class="1004" name="trunc_ln61_11_fu_2433">
<pin_list>
<pin id="2434" dir="0" index="0" bw="11" slack="0"/>
<pin id="2435" dir="1" index="1" bw="10" slack="0"/>
</pin_list>
<bind>
<opcode="trunc(33) " fcode="trunc"/>
<opset="trunc_ln61_11/4 "/>
</bind>
</comp>

<comp id="2437" class="1004" name="tmp_32_fu_2437">
<pin_list>
<pin id="2438" dir="0" index="0" bw="1" slack="0"/>
<pin id="2439" dir="0" index="1" bw="11" slack="0"/>
<pin id="2440" dir="0" index="2" bw="5" slack="0"/>
<pin id="2441" dir="1" index="3" bw="1" slack="0"/>
</pin_list>
<bind>
<opcode="bitselect(1000) " fcode="bitselect"/>
<opset="tmp_32/4 "/>
</bind>
</comp>

<comp id="2445" class="1004" name="sub_ln61_11_fu_2445">
<pin_list>
<pin id="2446" dir="0" index="0" bw="1" slack="0"/>
<pin id="2447" dir="0" index="1" bw="10" slack="0"/>
<pin id="2448" dir="1" index="2" bw="10" slack="0"/>
</pin_list>
<bind>
<opcode="sub(10) " fcode="sub"/>
<opset="sub_ln61_11/4 "/>
</bind>
</comp>

<comp id="2451" class="1004" name="select_ln61_3_fu_2451">
<pin_list>
<pin id="2452" dir="0" index="0" bw="1" slack="0"/>
<pin id="2453" dir="0" index="1" bw="10" slack="0"/>
<pin id="2454" dir="0" index="2" bw="10" slack="0"/>
<pin id="2455" dir="1" index="3" bw="10" slack="0"/>
</pin_list>
<bind>
<opcode="select(49) " fcode="select"/>
<opset="select_ln61_3/4 "/>
</bind>
</comp>

<comp id="2459" class="1004" name="zext_ln476_3_fu_2459">
<pin_list>
<pin id="2460" dir="0" index="0" bw="10" slack="0"/>
<pin id="2461" dir="1" index="1" bw="11" slack="0"/>
</pin_list>
<bind>
<opcode="zext(34) " fcode="zext"/>
<opset="zext_ln476_3/4 "/>
</bind>
</comp>

<comp id="2463" class="1004" name="add_ln476_fu_2463">
<pin_list>
<pin id="2464" dir="0" index="0" bw="10" slack="0"/>
<pin id="2465" dir="0" index="1" bw="10" slack="0"/>
<pin id="2466" dir="1" index="2" bw="11" slack="0"/>
</pin_list>
<bind>
<opcode="add(8) " fcode="add"/>
<opset="add_ln476/4 "/>
</bind>
</comp>

<comp id="2469" class="1004" name="zext_ln476_4_fu_2469">
<pin_list>
<pin id="2470" dir="0" index="0" bw="11" slack="0"/>
<pin id="2471" dir="1" index="1" bw="12" slack="0"/>
</pin_list>
<bind>
<opcode="zext(34) " fcode="zext"/>
<opset="zext_ln476_4/4 "/>
</bind>
</comp>

<comp id="2473" class="1004" name="add_ln476_1_fu_2473">
<pin_list>
<pin id="2474" dir="0" index="0" bw="10" slack="0"/>
<pin id="2475" dir="0" index="1" bw="10" slack="0"/>
<pin id="2476" dir="1" index="2" bw="11" slack="0"/>
</pin_list>
<bind>
<opcode="add(8) " fcode="add"/>
<opset="add_ln476_1/4 "/>
</bind>
</comp>

<comp id="2479" class="1004" name="zext_ln476_5_fu_2479">
<pin_list>
<pin id="2480" dir="0" index="0" bw="11" slack="0"/>
<pin id="2481" dir="1" index="1" bw="12" slack="0"/>
</pin_list>
<bind>
<opcode="zext(34) " fcode="zext"/>
<opset="zext_ln476_5/4 "/>
</bind>
</comp>

<comp id="2483" class="1004" name="add_ln476_2_fu_2483">
<pin_list>
<pin id="2484" dir="0" index="0" bw="11" slack="0"/>
<pin id="2485" dir="0" index="1" bw="11" slack="0"/>
<pin id="2486" dir="1" index="2" bw="12" slack="0"/>
</pin_list>
<bind>
<opcode="add(8) " fcode="add"/>
<opset="add_ln476_2/4 "/>
</bind>
</comp>

<comp id="2489" class="1004" name="var_fu_2489">
<pin_list>
<pin id="2490" dir="0" index="0" bw="11" slack="0"/>
<pin id="2491" dir="0" index="1" bw="12" slack="0"/>
<pin id="2492" dir="0" index="2" bw="1" slack="0"/>
<pin id="2493" dir="0" index="3" bw="5" slack="0"/>
<pin id="2494" dir="1" index="4" bw="11" slack="1"/>
</pin_list>
<bind>
<opcode="partselect(1002) " fcode="partselect"/>
<opset="var/4 "/>
</bind>
</comp>

<comp id="2499" class="1004" name="sext_ln477_fu_2499">
<pin_list>
<pin id="2500" dir="0" index="0" bw="10" slack="0"/>
<pin id="2501" dir="1" index="1" bw="11" slack="0"/>
</pin_list>
<bind>
<opcode="sext(35) " fcode="sext"/>
<opset="sext_ln477/4 "/>
</bind>
</comp>

<comp id="2503" class="1004" name="sub_ln477_fu_2503">
<pin_list>
<pin id="2504" dir="0" index="0" bw="10" slack="1"/>
<pin id="2505" dir="0" index="1" bw="10" slack="0"/>
<pin id="2506" dir="1" index="2" bw="11" slack="0"/>
</pin_list>
<bind>
<opcode="sub(10) " fcode="sub"/>
<opset="sub_ln477/4 "/>
</bind>
</comp>

<comp id="2508" class="1004" name="sext_ln61_4_fu_2508">
<pin_list>
<pin id="2509" dir="0" index="0" bw="11" slack="0"/>
<pin id="2510" dir="1" index="1" bw="12" slack="0"/>
</pin_list>
<bind>
<opcode="sext(35) " fcode="sext"/>
<opset="sext_ln61_4/4 "/>
</bind>
</comp>

<comp id="2512" class="1004" name="trunc_ln61_12_fu_2512">
<pin_list>
<pin id="2513" dir="0" index="0" bw="11" slack="0"/>
<pin id="2514" dir="1" index="1" bw="10" slack="0"/>
</pin_list>
<bind>
<opcode="trunc(33) " fcode="trunc"/>
<opset="trunc_ln61_12/4 "/>
</bind>
</comp>

<comp id="2516" class="1004" name="tmp_33_fu_2516">
<pin_list>
<pin id="2517" dir="0" index="0" bw="1" slack="0"/>
<pin id="2518" dir="0" index="1" bw="11" slack="0"/>
<pin id="2519" dir="0" index="2" bw="5" slack="0"/>
<pin id="2520" dir="1" index="3" bw="1" slack="0"/>
</pin_list>
<bind>
<opcode="bitselect(1000) " fcode="bitselect"/>
<opset="tmp_33/4 "/>
</bind>
</comp>

<comp id="2524" class="1004" name="sub_ln61_12_fu_2524">
<pin_list>
<pin id="2525" dir="0" index="0" bw="1" slack="0"/>
<pin id="2526" dir="0" index="1" bw="10" slack="0"/>
<pin id="2527" dir="1" index="2" bw="10" slack="0"/>
</pin_list>
<bind>
<opcode="sub(10) " fcode="sub"/>
<opset="sub_ln61_12/4 "/>
</bind>
</comp>

<comp id="2530" class="1004" name="select_ln61_4_fu_2530">
<pin_list>
<pin id="2531" dir="0" index="0" bw="1" slack="0"/>
<pin id="2532" dir="0" index="1" bw="10" slack="0"/>
<pin id="2533" dir="0" index="2" bw="10" slack="0"/>
<pin id="2534" dir="1" index="3" bw="10" slack="0"/>
</pin_list>
<bind>
<opcode="select(49) " fcode="select"/>
<opset="select_ln61_4/4 "/>
</bind>
</comp>

<comp id="2538" class="1004" name="zext_ln477_fu_2538">
<pin_list>
<pin id="2539" dir="0" index="0" bw="10" slack="0"/>
<pin id="2540" dir="1" index="1" bw="11" slack="0"/>
</pin_list>
<bind>
<opcode="zext(34) " fcode="zext"/>
<opset="zext_ln477/4 "/>
</bind>
</comp>

<comp id="2542" class="1004" name="sub_ln477_1_fu_2542">
<pin_list>
<pin id="2543" dir="0" index="0" bw="10" slack="1"/>
<pin id="2544" dir="0" index="1" bw="10" slack="0"/>
<pin id="2545" dir="1" index="2" bw="11" slack="0"/>
</pin_list>
<bind>
<opcode="sub(10) " fcode="sub"/>
<opset="sub_ln477_1/4 "/>
</bind>
</comp>

<comp id="2547" class="1004" name="sext_ln61_5_fu_2547">
<pin_list>
<pin id="2548" dir="0" index="0" bw="11" slack="0"/>
<pin id="2549" dir="1" index="1" bw="12" slack="0"/>
</pin_list>
<bind>
<opcode="sext(35) " fcode="sext"/>
<opset="sext_ln61_5/4 "/>
</bind>
</comp>

<comp id="2551" class="1004" name="trunc_ln61_13_fu_2551">
<pin_list>
<pin id="2552" dir="0" index="0" bw="11" slack="0"/>
<pin id="2553" dir="1" index="1" bw="10" slack="0"/>
</pin_list>
<bind>
<opcode="trunc(33) " fcode="trunc"/>
<opset="trunc_ln61_13/4 "/>
</bind>
</comp>

<comp id="2555" class="1004" name="tmp_34_fu_2555">
<pin_list>
<pin id="2556" dir="0" index="0" bw="1" slack="0"/>
<pin id="2557" dir="0" index="1" bw="11" slack="0"/>
<pin id="2558" dir="0" index="2" bw="5" slack="0"/>
<pin id="2559" dir="1" index="3" bw="1" slack="0"/>
</pin_list>
<bind>
<opcode="bitselect(1000) " fcode="bitselect"/>
<opset="tmp_34/4 "/>
</bind>
</comp>

<comp id="2563" class="1004" name="sub_ln61_13_fu_2563">
<pin_list>
<pin id="2564" dir="0" index="0" bw="1" slack="0"/>
<pin id="2565" dir="0" index="1" bw="10" slack="0"/>
<pin id="2566" dir="1" index="2" bw="10" slack="0"/>
</pin_list>
<bind>
<opcode="sub(10) " fcode="sub"/>
<opset="sub_ln61_13/4 "/>
</bind>
</comp>

<comp id="2569" class="1004" name="select_ln61_5_fu_2569">
<pin_list>
<pin id="2570" dir="0" index="0" bw="1" slack="0"/>
<pin id="2571" dir="0" index="1" bw="10" slack="0"/>
<pin id="2572" dir="0" index="2" bw="10" slack="0"/>
<pin id="2573" dir="1" index="3" bw="10" slack="0"/>
</pin_list>
<bind>
<opcode="select(49) " fcode="select"/>
<opset="select_ln61_5/4 "/>
</bind>
</comp>

<comp id="2577" class="1004" name="zext_ln477_1_fu_2577">
<pin_list>
<pin id="2578" dir="0" index="0" bw="10" slack="0"/>
<pin id="2579" dir="1" index="1" bw="11" slack="0"/>
</pin_list>
<bind>
<opcode="zext(34) " fcode="zext"/>
<opset="zext_ln477_1/4 "/>
</bind>
</comp>

<comp id="2581" class="1004" name="sub_ln477_2_fu_2581">
<pin_list>
<pin id="2582" dir="0" index="0" bw="10" slack="1"/>
<pin id="2583" dir="0" index="1" bw="10" slack="0"/>
<pin id="2584" dir="1" index="2" bw="11" slack="0"/>
</pin_list>
<bind>
<opcode="sub(10) " fcode="sub"/>
<opset="sub_ln477_2/4 "/>
</bind>
</comp>

<comp id="2586" class="1004" name="sext_ln61_6_fu_2586">
<pin_list>
<pin id="2587" dir="0" index="0" bw="11" slack="0"/>
<pin id="2588" dir="1" index="1" bw="12" slack="0"/>
</pin_list>
<bind>
<opcode="sext(35) " fcode="sext"/>
<opset="sext_ln61_6/4 "/>
</bind>
</comp>

<comp id="2590" class="1004" name="trunc_ln61_14_fu_2590">
<pin_list>
<pin id="2591" dir="0" index="0" bw="11" slack="0"/>
<pin id="2592" dir="1" index="1" bw="10" slack="0"/>
</pin_list>
<bind>
<opcode="trunc(33) " fcode="trunc"/>
<opset="trunc_ln61_14/4 "/>
</bind>
</comp>

<comp id="2594" class="1004" name="tmp_35_fu_2594">
<pin_list>
<pin id="2595" dir="0" index="0" bw="1" slack="0"/>
<pin id="2596" dir="0" index="1" bw="11" slack="0"/>
<pin id="2597" dir="0" index="2" bw="5" slack="0"/>
<pin id="2598" dir="1" index="3" bw="1" slack="0"/>
</pin_list>
<bind>
<opcode="bitselect(1000) " fcode="bitselect"/>
<opset="tmp_35/4 "/>
</bind>
</comp>

<comp id="2602" class="1004" name="sub_ln61_14_fu_2602">
<pin_list>
<pin id="2603" dir="0" index="0" bw="1" slack="0"/>
<pin id="2604" dir="0" index="1" bw="10" slack="0"/>
<pin id="2605" dir="1" index="2" bw="10" slack="0"/>
</pin_list>
<bind>
<opcode="sub(10) " fcode="sub"/>
<opset="sub_ln61_14/4 "/>
</bind>
</comp>

<comp id="2608" class="1004" name="select_ln61_6_fu_2608">
<pin_list>
<pin id="2609" dir="0" index="0" bw="1" slack="0"/>
<pin id="2610" dir="0" index="1" bw="10" slack="0"/>
<pin id="2611" dir="0" index="2" bw="10" slack="0"/>
<pin id="2612" dir="1" index="3" bw="10" slack="0"/>
</pin_list>
<bind>
<opcode="select(49) " fcode="select"/>
<opset="select_ln61_6/4 "/>
</bind>
</comp>

<comp id="2616" class="1004" name="zext_ln477_2_fu_2616">
<pin_list>
<pin id="2617" dir="0" index="0" bw="10" slack="0"/>
<pin id="2618" dir="1" index="1" bw="11" slack="0"/>
</pin_list>
<bind>
<opcode="zext(34) " fcode="zext"/>
<opset="zext_ln477_2/4 "/>
</bind>
</comp>

<comp id="2620" class="1004" name="sub_ln477_3_fu_2620">
<pin_list>
<pin id="2621" dir="0" index="0" bw="10" slack="1"/>
<pin id="2622" dir="0" index="1" bw="10" slack="0"/>
<pin id="2623" dir="1" index="2" bw="11" slack="0"/>
</pin_list>
<bind>
<opcode="sub(10) " fcode="sub"/>
<opset="sub_ln477_3/4 "/>
</bind>
</comp>

<comp id="2625" class="1004" name="sext_ln61_7_fu_2625">
<pin_list>
<pin id="2626" dir="0" index="0" bw="11" slack="0"/>
<pin id="2627" dir="1" index="1" bw="12" slack="0"/>
</pin_list>
<bind>
<opcode="sext(35) " fcode="sext"/>
<opset="sext_ln61_7/4 "/>
</bind>
</comp>

<comp id="2629" class="1004" name="trunc_ln61_15_fu_2629">
<pin_list>
<pin id="2630" dir="0" index="0" bw="11" slack="0"/>
<pin id="2631" dir="1" index="1" bw="10" slack="0"/>
</pin_list>
<bind>
<opcode="trunc(33) " fcode="trunc"/>
<opset="trunc_ln61_15/4 "/>
</bind>
</comp>

<comp id="2633" class="1004" name="tmp_36_fu_2633">
<pin_list>
<pin id="2634" dir="0" index="0" bw="1" slack="0"/>
<pin id="2635" dir="0" index="1" bw="11" slack="0"/>
<pin id="2636" dir="0" index="2" bw="5" slack="0"/>
<pin id="2637" dir="1" index="3" bw="1" slack="0"/>
</pin_list>
<bind>
<opcode="bitselect(1000) " fcode="bitselect"/>
<opset="tmp_36/4 "/>
</bind>
</comp>

<comp id="2641" class="1004" name="sub_ln61_15_fu_2641">
<pin_list>
<pin id="2642" dir="0" index="0" bw="1" slack="0"/>
<pin id="2643" dir="0" index="1" bw="10" slack="0"/>
<pin id="2644" dir="1" index="2" bw="10" slack="0"/>
</pin_list>
<bind>
<opcode="sub(10) " fcode="sub"/>
<opset="sub_ln61_15/4 "/>
</bind>
</comp>

<comp id="2647" class="1004" name="select_ln61_7_fu_2647">
<pin_list>
<pin id="2648" dir="0" index="0" bw="1" slack="0"/>
<pin id="2649" dir="0" index="1" bw="10" slack="0"/>
<pin id="2650" dir="0" index="2" bw="10" slack="0"/>
<pin id="2651" dir="1" index="3" bw="10" slack="0"/>
</pin_list>
<bind>
<opcode="select(49) " fcode="select"/>
<opset="select_ln61_7/4 "/>
</bind>
</comp>

<comp id="2655" class="1004" name="zext_ln477_3_fu_2655">
<pin_list>
<pin id="2656" dir="0" index="0" bw="10" slack="0"/>
<pin id="2657" dir="1" index="1" bw="11" slack="0"/>
</pin_list>
<bind>
<opcode="zext(34) " fcode="zext"/>
<opset="zext_ln477_3/4 "/>
</bind>
</comp>

<comp id="2659" class="1004" name="add_ln477_fu_2659">
<pin_list>
<pin id="2660" dir="0" index="0" bw="10" slack="0"/>
<pin id="2661" dir="0" index="1" bw="10" slack="0"/>
<pin id="2662" dir="1" index="2" bw="11" slack="0"/>
</pin_list>
<bind>
<opcode="add(8) " fcode="add"/>
<opset="add_ln477/4 "/>
</bind>
</comp>

<comp id="2665" class="1004" name="zext_ln477_4_fu_2665">
<pin_list>
<pin id="2666" dir="0" index="0" bw="11" slack="0"/>
<pin id="2667" dir="1" index="1" bw="12" slack="0"/>
</pin_list>
<bind>
<opcode="zext(34) " fcode="zext"/>
<opset="zext_ln477_4/4 "/>
</bind>
</comp>

<comp id="2669" class="1004" name="add_ln477_1_fu_2669">
<pin_list>
<pin id="2670" dir="0" index="0" bw="10" slack="0"/>
<pin id="2671" dir="0" index="1" bw="10" slack="0"/>
<pin id="2672" dir="1" index="2" bw="11" slack="0"/>
</pin_list>
<bind>
<opcode="add(8) " fcode="add"/>
<opset="add_ln477_1/4 "/>
</bind>
</comp>

<comp id="2675" class="1004" name="zext_ln477_5_fu_2675">
<pin_list>
<pin id="2676" dir="0" index="0" bw="11" slack="0"/>
<pin id="2677" dir="1" index="1" bw="12" slack="0"/>
</pin_list>
<bind>
<opcode="zext(34) " fcode="zext"/>
<opset="zext_ln477_5/4 "/>
</bind>
</comp>

<comp id="2679" class="1004" name="add_ln477_2_fu_2679">
<pin_list>
<pin id="2680" dir="0" index="0" bw="11" slack="0"/>
<pin id="2681" dir="0" index="1" bw="11" slack="0"/>
<pin id="2682" dir="1" index="2" bw="12" slack="0"/>
</pin_list>
<bind>
<opcode="add(8) " fcode="add"/>
<opset="add_ln477_2/4 "/>
</bind>
</comp>

<comp id="2685" class="1004" name="var_1_fu_2685">
<pin_list>
<pin id="2686" dir="0" index="0" bw="11" slack="0"/>
<pin id="2687" dir="0" index="1" bw="12" slack="0"/>
<pin id="2688" dir="0" index="2" bw="1" slack="0"/>
<pin id="2689" dir="0" index="3" bw="5" slack="0"/>
<pin id="2690" dir="1" index="4" bw="11" slack="1"/>
</pin_list>
<bind>
<opcode="partselect(1002) " fcode="partselect"/>
<opset="var_1/4 "/>
</bind>
</comp>

<comp id="2695" class="1004" name="sext_ln478_fu_2695">
<pin_list>
<pin id="2696" dir="0" index="0" bw="10" slack="0"/>
<pin id="2697" dir="1" index="1" bw="11" slack="0"/>
</pin_list>
<bind>
<opcode="sext(35) " fcode="sext"/>
<opset="sext_ln478/4 "/>
</bind>
</comp>

<comp id="2699" class="1004" name="sub_ln478_fu_2699">
<pin_list>
<pin id="2700" dir="0" index="0" bw="10" slack="1"/>
<pin id="2701" dir="0" index="1" bw="10" slack="0"/>
<pin id="2702" dir="1" index="2" bw="11" slack="0"/>
</pin_list>
<bind>
<opcode="sub(10) " fcode="sub"/>
<opset="sub_ln478/4 "/>
</bind>
</comp>

<comp id="2704" class="1004" name="sext_ln61_8_fu_2704">
<pin_list>
<pin id="2705" dir="0" index="0" bw="11" slack="0"/>
<pin id="2706" dir="1" index="1" bw="12" slack="0"/>
</pin_list>
<bind>
<opcode="sext(35) " fcode="sext"/>
<opset="sext_ln61_8/4 "/>
</bind>
</comp>

<comp id="2708" class="1004" name="trunc_ln61_16_fu_2708">
<pin_list>
<pin id="2709" dir="0" index="0" bw="11" slack="0"/>
<pin id="2710" dir="1" index="1" bw="10" slack="0"/>
</pin_list>
<bind>
<opcode="trunc(33) " fcode="trunc"/>
<opset="trunc_ln61_16/4 "/>
</bind>
</comp>

<comp id="2712" class="1004" name="tmp_37_fu_2712">
<pin_list>
<pin id="2713" dir="0" index="0" bw="1" slack="0"/>
<pin id="2714" dir="0" index="1" bw="11" slack="0"/>
<pin id="2715" dir="0" index="2" bw="5" slack="0"/>
<pin id="2716" dir="1" index="3" bw="1" slack="0"/>
</pin_list>
<bind>
<opcode="bitselect(1000) " fcode="bitselect"/>
<opset="tmp_37/4 "/>
</bind>
</comp>

<comp id="2720" class="1004" name="sub_ln61_16_fu_2720">
<pin_list>
<pin id="2721" dir="0" index="0" bw="1" slack="0"/>
<pin id="2722" dir="0" index="1" bw="10" slack="0"/>
<pin id="2723" dir="1" index="2" bw="10" slack="0"/>
</pin_list>
<bind>
<opcode="sub(10) " fcode="sub"/>
<opset="sub_ln61_16/4 "/>
</bind>
</comp>

<comp id="2726" class="1004" name="select_ln61_8_fu_2726">
<pin_list>
<pin id="2727" dir="0" index="0" bw="1" slack="0"/>
<pin id="2728" dir="0" index="1" bw="10" slack="0"/>
<pin id="2729" dir="0" index="2" bw="10" slack="0"/>
<pin id="2730" dir="1" index="3" bw="10" slack="0"/>
</pin_list>
<bind>
<opcode="select(49) " fcode="select"/>
<opset="select_ln61_8/4 "/>
</bind>
</comp>

<comp id="2734" class="1004" name="zext_ln478_fu_2734">
<pin_list>
<pin id="2735" dir="0" index="0" bw="10" slack="0"/>
<pin id="2736" dir="1" index="1" bw="11" slack="0"/>
</pin_list>
<bind>
<opcode="zext(34) " fcode="zext"/>
<opset="zext_ln478/4 "/>
</bind>
</comp>

<comp id="2738" class="1004" name="sub_ln478_1_fu_2738">
<pin_list>
<pin id="2739" dir="0" index="0" bw="10" slack="1"/>
<pin id="2740" dir="0" index="1" bw="10" slack="0"/>
<pin id="2741" dir="1" index="2" bw="11" slack="0"/>
</pin_list>
<bind>
<opcode="sub(10) " fcode="sub"/>
<opset="sub_ln478_1/4 "/>
</bind>
</comp>

<comp id="2743" class="1004" name="sext_ln61_9_fu_2743">
<pin_list>
<pin id="2744" dir="0" index="0" bw="11" slack="0"/>
<pin id="2745" dir="1" index="1" bw="12" slack="0"/>
</pin_list>
<bind>
<opcode="sext(35) " fcode="sext"/>
<opset="sext_ln61_9/4 "/>
</bind>
</comp>

<comp id="2747" class="1004" name="trunc_ln61_17_fu_2747">
<pin_list>
<pin id="2748" dir="0" index="0" bw="11" slack="0"/>
<pin id="2749" dir="1" index="1" bw="10" slack="0"/>
</pin_list>
<bind>
<opcode="trunc(33) " fcode="trunc"/>
<opset="trunc_ln61_17/4 "/>
</bind>
</comp>

<comp id="2751" class="1004" name="tmp_38_fu_2751">
<pin_list>
<pin id="2752" dir="0" index="0" bw="1" slack="0"/>
<pin id="2753" dir="0" index="1" bw="11" slack="0"/>
<pin id="2754" dir="0" index="2" bw="5" slack="0"/>
<pin id="2755" dir="1" index="3" bw="1" slack="0"/>
</pin_list>
<bind>
<opcode="bitselect(1000) " fcode="bitselect"/>
<opset="tmp_38/4 "/>
</bind>
</comp>

<comp id="2759" class="1004" name="sub_ln61_17_fu_2759">
<pin_list>
<pin id="2760" dir="0" index="0" bw="1" slack="0"/>
<pin id="2761" dir="0" index="1" bw="10" slack="0"/>
<pin id="2762" dir="1" index="2" bw="10" slack="0"/>
</pin_list>
<bind>
<opcode="sub(10) " fcode="sub"/>
<opset="sub_ln61_17/4 "/>
</bind>
</comp>

<comp id="2765" class="1004" name="select_ln61_9_fu_2765">
<pin_list>
<pin id="2766" dir="0" index="0" bw="1" slack="0"/>
<pin id="2767" dir="0" index="1" bw="10" slack="0"/>
<pin id="2768" dir="0" index="2" bw="10" slack="0"/>
<pin id="2769" dir="1" index="3" bw="10" slack="0"/>
</pin_list>
<bind>
<opcode="select(49) " fcode="select"/>
<opset="select_ln61_9/4 "/>
</bind>
</comp>

<comp id="2773" class="1004" name="zext_ln478_1_fu_2773">
<pin_list>
<pin id="2774" dir="0" index="0" bw="10" slack="0"/>
<pin id="2775" dir="1" index="1" bw="11" slack="0"/>
</pin_list>
<bind>
<opcode="zext(34) " fcode="zext"/>
<opset="zext_ln478_1/4 "/>
</bind>
</comp>

<comp id="2777" class="1004" name="sub_ln478_2_fu_2777">
<pin_list>
<pin id="2778" dir="0" index="0" bw="10" slack="1"/>
<pin id="2779" dir="0" index="1" bw="10" slack="0"/>
<pin id="2780" dir="1" index="2" bw="11" slack="0"/>
</pin_list>
<bind>
<opcode="sub(10) " fcode="sub"/>
<opset="sub_ln478_2/4 "/>
</bind>
</comp>

<comp id="2782" class="1004" name="sext_ln61_10_fu_2782">
<pin_list>
<pin id="2783" dir="0" index="0" bw="11" slack="0"/>
<pin id="2784" dir="1" index="1" bw="12" slack="0"/>
</pin_list>
<bind>
<opcode="sext(35) " fcode="sext"/>
<opset="sext_ln61_10/4 "/>
</bind>
</comp>

<comp id="2786" class="1004" name="trunc_ln61_18_fu_2786">
<pin_list>
<pin id="2787" dir="0" index="0" bw="11" slack="0"/>
<pin id="2788" dir="1" index="1" bw="10" slack="0"/>
</pin_list>
<bind>
<opcode="trunc(33) " fcode="trunc"/>
<opset="trunc_ln61_18/4 "/>
</bind>
</comp>

<comp id="2790" class="1004" name="tmp_39_fu_2790">
<pin_list>
<pin id="2791" dir="0" index="0" bw="1" slack="0"/>
<pin id="2792" dir="0" index="1" bw="11" slack="0"/>
<pin id="2793" dir="0" index="2" bw="5" slack="0"/>
<pin id="2794" dir="1" index="3" bw="1" slack="0"/>
</pin_list>
<bind>
<opcode="bitselect(1000) " fcode="bitselect"/>
<opset="tmp_39/4 "/>
</bind>
</comp>

<comp id="2798" class="1004" name="sub_ln61_18_fu_2798">
<pin_list>
<pin id="2799" dir="0" index="0" bw="1" slack="0"/>
<pin id="2800" dir="0" index="1" bw="10" slack="0"/>
<pin id="2801" dir="1" index="2" bw="10" slack="0"/>
</pin_list>
<bind>
<opcode="sub(10) " fcode="sub"/>
<opset="sub_ln61_18/4 "/>
</bind>
</comp>

<comp id="2804" class="1004" name="select_ln61_10_fu_2804">
<pin_list>
<pin id="2805" dir="0" index="0" bw="1" slack="0"/>
<pin id="2806" dir="0" index="1" bw="10" slack="0"/>
<pin id="2807" dir="0" index="2" bw="10" slack="0"/>
<pin id="2808" dir="1" index="3" bw="10" slack="0"/>
</pin_list>
<bind>
<opcode="select(49) " fcode="select"/>
<opset="select_ln61_10/4 "/>
</bind>
</comp>

<comp id="2812" class="1004" name="zext_ln478_2_fu_2812">
<pin_list>
<pin id="2813" dir="0" index="0" bw="10" slack="0"/>
<pin id="2814" dir="1" index="1" bw="11" slack="0"/>
</pin_list>
<bind>
<opcode="zext(34) " fcode="zext"/>
<opset="zext_ln478_2/4 "/>
</bind>
</comp>

<comp id="2816" class="1004" name="sub_ln478_3_fu_2816">
<pin_list>
<pin id="2817" dir="0" index="0" bw="10" slack="1"/>
<pin id="2818" dir="0" index="1" bw="10" slack="0"/>
<pin id="2819" dir="1" index="2" bw="11" slack="0"/>
</pin_list>
<bind>
<opcode="sub(10) " fcode="sub"/>
<opset="sub_ln478_3/4 "/>
</bind>
</comp>

<comp id="2821" class="1004" name="sext_ln61_11_fu_2821">
<pin_list>
<pin id="2822" dir="0" index="0" bw="11" slack="0"/>
<pin id="2823" dir="1" index="1" bw="12" slack="0"/>
</pin_list>
<bind>
<opcode="sext(35) " fcode="sext"/>
<opset="sext_ln61_11/4 "/>
</bind>
</comp>

<comp id="2825" class="1004" name="trunc_ln61_19_fu_2825">
<pin_list>
<pin id="2826" dir="0" index="0" bw="11" slack="0"/>
<pin id="2827" dir="1" index="1" bw="10" slack="0"/>
</pin_list>
<bind>
<opcode="trunc(33) " fcode="trunc"/>
<opset="trunc_ln61_19/4 "/>
</bind>
</comp>

<comp id="2829" class="1004" name="tmp_40_fu_2829">
<pin_list>
<pin id="2830" dir="0" index="0" bw="1" slack="0"/>
<pin id="2831" dir="0" index="1" bw="11" slack="0"/>
<pin id="2832" dir="0" index="2" bw="5" slack="0"/>
<pin id="2833" dir="1" index="3" bw="1" slack="0"/>
</pin_list>
<bind>
<opcode="bitselect(1000) " fcode="bitselect"/>
<opset="tmp_40/4 "/>
</bind>
</comp>

<comp id="2837" class="1004" name="sub_ln61_19_fu_2837">
<pin_list>
<pin id="2838" dir="0" index="0" bw="1" slack="0"/>
<pin id="2839" dir="0" index="1" bw="10" slack="0"/>
<pin id="2840" dir="1" index="2" bw="10" slack="0"/>
</pin_list>
<bind>
<opcode="sub(10) " fcode="sub"/>
<opset="sub_ln61_19/4 "/>
</bind>
</comp>

<comp id="2843" class="1004" name="select_ln61_11_fu_2843">
<pin_list>
<pin id="2844" dir="0" index="0" bw="1" slack="0"/>
<pin id="2845" dir="0" index="1" bw="10" slack="0"/>
<pin id="2846" dir="0" index="2" bw="10" slack="0"/>
<pin id="2847" dir="1" index="3" bw="10" slack="0"/>
</pin_list>
<bind>
<opcode="select(49) " fcode="select"/>
<opset="select_ln61_11/4 "/>
</bind>
</comp>

<comp id="2851" class="1004" name="zext_ln478_3_fu_2851">
<pin_list>
<pin id="2852" dir="0" index="0" bw="10" slack="0"/>
<pin id="2853" dir="1" index="1" bw="11" slack="0"/>
</pin_list>
<bind>
<opcode="zext(34) " fcode="zext"/>
<opset="zext_ln478_3/4 "/>
</bind>
</comp>

<comp id="2855" class="1004" name="add_ln478_fu_2855">
<pin_list>
<pin id="2856" dir="0" index="0" bw="10" slack="0"/>
<pin id="2857" dir="0" index="1" bw="10" slack="0"/>
<pin id="2858" dir="1" index="2" bw="11" slack="0"/>
</pin_list>
<bind>
<opcode="add(8) " fcode="add"/>
<opset="add_ln478/4 "/>
</bind>
</comp>

<comp id="2861" class="1004" name="zext_ln478_4_fu_2861">
<pin_list>
<pin id="2862" dir="0" index="0" bw="11" slack="0"/>
<pin id="2863" dir="1" index="1" bw="12" slack="0"/>
</pin_list>
<bind>
<opcode="zext(34) " fcode="zext"/>
<opset="zext_ln478_4/4 "/>
</bind>
</comp>

<comp id="2865" class="1004" name="add_ln478_1_fu_2865">
<pin_list>
<pin id="2866" dir="0" index="0" bw="10" slack="0"/>
<pin id="2867" dir="0" index="1" bw="10" slack="0"/>
<pin id="2868" dir="1" index="2" bw="11" slack="0"/>
</pin_list>
<bind>
<opcode="add(8) " fcode="add"/>
<opset="add_ln478_1/4 "/>
</bind>
</comp>

<comp id="2871" class="1004" name="zext_ln478_5_fu_2871">
<pin_list>
<pin id="2872" dir="0" index="0" bw="11" slack="0"/>
<pin id="2873" dir="1" index="1" bw="12" slack="0"/>
</pin_list>
<bind>
<opcode="zext(34) " fcode="zext"/>
<opset="zext_ln478_5/4 "/>
</bind>
</comp>

<comp id="2875" class="1004" name="add_ln478_2_fu_2875">
<pin_list>
<pin id="2876" dir="0" index="0" bw="11" slack="0"/>
<pin id="2877" dir="0" index="1" bw="11" slack="0"/>
<pin id="2878" dir="1" index="2" bw="12" slack="0"/>
</pin_list>
<bind>
<opcode="add(8) " fcode="add"/>
<opset="add_ln478_2/4 "/>
</bind>
</comp>

<comp id="2881" class="1004" name="var_2_fu_2881">
<pin_list>
<pin id="2882" dir="0" index="0" bw="11" slack="0"/>
<pin id="2883" dir="0" index="1" bw="12" slack="0"/>
<pin id="2884" dir="0" index="2" bw="1" slack="0"/>
<pin id="2885" dir="0" index="3" bw="5" slack="0"/>
<pin id="2886" dir="1" index="4" bw="11" slack="1"/>
</pin_list>
<bind>
<opcode="partselect(1002) " fcode="partselect"/>
<opset="var_2/4 "/>
</bind>
</comp>

<comp id="2891" class="1004" name="sext_ln479_fu_2891">
<pin_list>
<pin id="2892" dir="0" index="0" bw="10" slack="0"/>
<pin id="2893" dir="1" index="1" bw="11" slack="0"/>
</pin_list>
<bind>
<opcode="sext(35) " fcode="sext"/>
<opset="sext_ln479/4 "/>
</bind>
</comp>

<comp id="2895" class="1004" name="sub_ln479_fu_2895">
<pin_list>
<pin id="2896" dir="0" index="0" bw="10" slack="1"/>
<pin id="2897" dir="0" index="1" bw="10" slack="0"/>
<pin id="2898" dir="1" index="2" bw="11" slack="0"/>
</pin_list>
<bind>
<opcode="sub(10) " fcode="sub"/>
<opset="sub_ln479/4 "/>
</bind>
</comp>

<comp id="2900" class="1004" name="sext_ln61_12_fu_2900">
<pin_list>
<pin id="2901" dir="0" index="0" bw="11" slack="0"/>
<pin id="2902" dir="1" index="1" bw="12" slack="0"/>
</pin_list>
<bind>
<opcode="sext(35) " fcode="sext"/>
<opset="sext_ln61_12/4 "/>
</bind>
</comp>

<comp id="2904" class="1004" name="trunc_ln61_20_fu_2904">
<pin_list>
<pin id="2905" dir="0" index="0" bw="11" slack="0"/>
<pin id="2906" dir="1" index="1" bw="10" slack="0"/>
</pin_list>
<bind>
<opcode="trunc(33) " fcode="trunc"/>
<opset="trunc_ln61_20/4 "/>
</bind>
</comp>

<comp id="2908" class="1004" name="tmp_41_fu_2908">
<pin_list>
<pin id="2909" dir="0" index="0" bw="1" slack="0"/>
<pin id="2910" dir="0" index="1" bw="11" slack="0"/>
<pin id="2911" dir="0" index="2" bw="5" slack="0"/>
<pin id="2912" dir="1" index="3" bw="1" slack="0"/>
</pin_list>
<bind>
<opcode="bitselect(1000) " fcode="bitselect"/>
<opset="tmp_41/4 "/>
</bind>
</comp>

<comp id="2916" class="1004" name="sub_ln61_20_fu_2916">
<pin_list>
<pin id="2917" dir="0" index="0" bw="1" slack="0"/>
<pin id="2918" dir="0" index="1" bw="10" slack="0"/>
<pin id="2919" dir="1" index="2" bw="10" slack="0"/>
</pin_list>
<bind>
<opcode="sub(10) " fcode="sub"/>
<opset="sub_ln61_20/4 "/>
</bind>
</comp>

<comp id="2922" class="1004" name="select_ln61_12_fu_2922">
<pin_list>
<pin id="2923" dir="0" index="0" bw="1" slack="0"/>
<pin id="2924" dir="0" index="1" bw="10" slack="0"/>
<pin id="2925" dir="0" index="2" bw="10" slack="0"/>
<pin id="2926" dir="1" index="3" bw="10" slack="0"/>
</pin_list>
<bind>
<opcode="select(49) " fcode="select"/>
<opset="select_ln61_12/4 "/>
</bind>
</comp>

<comp id="2930" class="1004" name="zext_ln479_fu_2930">
<pin_list>
<pin id="2931" dir="0" index="0" bw="10" slack="0"/>
<pin id="2932" dir="1" index="1" bw="11" slack="0"/>
</pin_list>
<bind>
<opcode="zext(34) " fcode="zext"/>
<opset="zext_ln479/4 "/>
</bind>
</comp>

<comp id="2934" class="1004" name="sub_ln479_1_fu_2934">
<pin_list>
<pin id="2935" dir="0" index="0" bw="10" slack="1"/>
<pin id="2936" dir="0" index="1" bw="10" slack="0"/>
<pin id="2937" dir="1" index="2" bw="11" slack="0"/>
</pin_list>
<bind>
<opcode="sub(10) " fcode="sub"/>
<opset="sub_ln479_1/4 "/>
</bind>
</comp>

<comp id="2939" class="1004" name="sext_ln61_13_fu_2939">
<pin_list>
<pin id="2940" dir="0" index="0" bw="11" slack="0"/>
<pin id="2941" dir="1" index="1" bw="12" slack="0"/>
</pin_list>
<bind>
<opcode="sext(35) " fcode="sext"/>
<opset="sext_ln61_13/4 "/>
</bind>
</comp>

<comp id="2943" class="1004" name="trunc_ln61_21_fu_2943">
<pin_list>
<pin id="2944" dir="0" index="0" bw="11" slack="0"/>
<pin id="2945" dir="1" index="1" bw="10" slack="0"/>
</pin_list>
<bind>
<opcode="trunc(33) " fcode="trunc"/>
<opset="trunc_ln61_21/4 "/>
</bind>
</comp>

<comp id="2947" class="1004" name="tmp_42_fu_2947">
<pin_list>
<pin id="2948" dir="0" index="0" bw="1" slack="0"/>
<pin id="2949" dir="0" index="1" bw="11" slack="0"/>
<pin id="2950" dir="0" index="2" bw="5" slack="0"/>
<pin id="2951" dir="1" index="3" bw="1" slack="0"/>
</pin_list>
<bind>
<opcode="bitselect(1000) " fcode="bitselect"/>
<opset="tmp_42/4 "/>
</bind>
</comp>

<comp id="2955" class="1004" name="sub_ln61_21_fu_2955">
<pin_list>
<pin id="2956" dir="0" index="0" bw="1" slack="0"/>
<pin id="2957" dir="0" index="1" bw="10" slack="0"/>
<pin id="2958" dir="1" index="2" bw="10" slack="0"/>
</pin_list>
<bind>
<opcode="sub(10) " fcode="sub"/>
<opset="sub_ln61_21/4 "/>
</bind>
</comp>

<comp id="2961" class="1004" name="select_ln61_13_fu_2961">
<pin_list>
<pin id="2962" dir="0" index="0" bw="1" slack="0"/>
<pin id="2963" dir="0" index="1" bw="10" slack="0"/>
<pin id="2964" dir="0" index="2" bw="10" slack="0"/>
<pin id="2965" dir="1" index="3" bw="10" slack="0"/>
</pin_list>
<bind>
<opcode="select(49) " fcode="select"/>
<opset="select_ln61_13/4 "/>
</bind>
</comp>

<comp id="2969" class="1004" name="zext_ln479_1_fu_2969">
<pin_list>
<pin id="2970" dir="0" index="0" bw="10" slack="0"/>
<pin id="2971" dir="1" index="1" bw="11" slack="0"/>
</pin_list>
<bind>
<opcode="zext(34) " fcode="zext"/>
<opset="zext_ln479_1/4 "/>
</bind>
</comp>

<comp id="2973" class="1004" name="sub_ln479_2_fu_2973">
<pin_list>
<pin id="2974" dir="0" index="0" bw="10" slack="1"/>
<pin id="2975" dir="0" index="1" bw="10" slack="0"/>
<pin id="2976" dir="1" index="2" bw="11" slack="0"/>
</pin_list>
<bind>
<opcode="sub(10) " fcode="sub"/>
<opset="sub_ln479_2/4 "/>
</bind>
</comp>

<comp id="2978" class="1004" name="sext_ln61_14_fu_2978">
<pin_list>
<pin id="2979" dir="0" index="0" bw="11" slack="0"/>
<pin id="2980" dir="1" index="1" bw="12" slack="0"/>
</pin_list>
<bind>
<opcode="sext(35) " fcode="sext"/>
<opset="sext_ln61_14/4 "/>
</bind>
</comp>

<comp id="2982" class="1004" name="trunc_ln61_22_fu_2982">
<pin_list>
<pin id="2983" dir="0" index="0" bw="11" slack="0"/>
<pin id="2984" dir="1" index="1" bw="10" slack="0"/>
</pin_list>
<bind>
<opcode="trunc(33) " fcode="trunc"/>
<opset="trunc_ln61_22/4 "/>
</bind>
</comp>

<comp id="2986" class="1004" name="tmp_43_fu_2986">
<pin_list>
<pin id="2987" dir="0" index="0" bw="1" slack="0"/>
<pin id="2988" dir="0" index="1" bw="11" slack="0"/>
<pin id="2989" dir="0" index="2" bw="5" slack="0"/>
<pin id="2990" dir="1" index="3" bw="1" slack="0"/>
</pin_list>
<bind>
<opcode="bitselect(1000) " fcode="bitselect"/>
<opset="tmp_43/4 "/>
</bind>
</comp>

<comp id="2994" class="1004" name="sub_ln61_22_fu_2994">
<pin_list>
<pin id="2995" dir="0" index="0" bw="1" slack="0"/>
<pin id="2996" dir="0" index="1" bw="10" slack="0"/>
<pin id="2997" dir="1" index="2" bw="10" slack="0"/>
</pin_list>
<bind>
<opcode="sub(10) " fcode="sub"/>
<opset="sub_ln61_22/4 "/>
</bind>
</comp>

<comp id="3000" class="1004" name="select_ln61_14_fu_3000">
<pin_list>
<pin id="3001" dir="0" index="0" bw="1" slack="0"/>
<pin id="3002" dir="0" index="1" bw="10" slack="0"/>
<pin id="3003" dir="0" index="2" bw="10" slack="0"/>
<pin id="3004" dir="1" index="3" bw="10" slack="0"/>
</pin_list>
<bind>
<opcode="select(49) " fcode="select"/>
<opset="select_ln61_14/4 "/>
</bind>
</comp>

<comp id="3008" class="1004" name="zext_ln479_2_fu_3008">
<pin_list>
<pin id="3009" dir="0" index="0" bw="10" slack="0"/>
<pin id="3010" dir="1" index="1" bw="11" slack="0"/>
</pin_list>
<bind>
<opcode="zext(34) " fcode="zext"/>
<opset="zext_ln479_2/4 "/>
</bind>
</comp>

<comp id="3012" class="1004" name="sub_ln479_3_fu_3012">
<pin_list>
<pin id="3013" dir="0" index="0" bw="10" slack="1"/>
<pin id="3014" dir="0" index="1" bw="10" slack="0"/>
<pin id="3015" dir="1" index="2" bw="11" slack="0"/>
</pin_list>
<bind>
<opcode="sub(10) " fcode="sub"/>
<opset="sub_ln479_3/4 "/>
</bind>
</comp>

<comp id="3017" class="1004" name="sext_ln61_15_fu_3017">
<pin_list>
<pin id="3018" dir="0" index="0" bw="11" slack="0"/>
<pin id="3019" dir="1" index="1" bw="12" slack="0"/>
</pin_list>
<bind>
<opcode="sext(35) " fcode="sext"/>
<opset="sext_ln61_15/4 "/>
</bind>
</comp>

<comp id="3021" class="1004" name="trunc_ln61_23_fu_3021">
<pin_list>
<pin id="3022" dir="0" index="0" bw="11" slack="0"/>
<pin id="3023" dir="1" index="1" bw="10" slack="0"/>
</pin_list>
<bind>
<opcode="trunc(33) " fcode="trunc"/>
<opset="trunc_ln61_23/4 "/>
</bind>
</comp>

<comp id="3025" class="1004" name="tmp_44_fu_3025">
<pin_list>
<pin id="3026" dir="0" index="0" bw="1" slack="0"/>
<pin id="3027" dir="0" index="1" bw="11" slack="0"/>
<pin id="3028" dir="0" index="2" bw="5" slack="0"/>
<pin id="3029" dir="1" index="3" bw="1" slack="0"/>
</pin_list>
<bind>
<opcode="bitselect(1000) " fcode="bitselect"/>
<opset="tmp_44/4 "/>
</bind>
</comp>

<comp id="3033" class="1004" name="sub_ln61_23_fu_3033">
<pin_list>
<pin id="3034" dir="0" index="0" bw="1" slack="0"/>
<pin id="3035" dir="0" index="1" bw="10" slack="0"/>
<pin id="3036" dir="1" index="2" bw="10" slack="0"/>
</pin_list>
<bind>
<opcode="sub(10) " fcode="sub"/>
<opset="sub_ln61_23/4 "/>
</bind>
</comp>

<comp id="3039" class="1004" name="select_ln61_15_fu_3039">
<pin_list>
<pin id="3040" dir="0" index="0" bw="1" slack="0"/>
<pin id="3041" dir="0" index="1" bw="10" slack="0"/>
<pin id="3042" dir="0" index="2" bw="10" slack="0"/>
<pin id="3043" dir="1" index="3" bw="10" slack="0"/>
</pin_list>
<bind>
<opcode="select(49) " fcode="select"/>
<opset="select_ln61_15/4 "/>
</bind>
</comp>

<comp id="3047" class="1004" name="zext_ln479_3_fu_3047">
<pin_list>
<pin id="3048" dir="0" index="0" bw="10" slack="0"/>
<pin id="3049" dir="1" index="1" bw="11" slack="0"/>
</pin_list>
<bind>
<opcode="zext(34) " fcode="zext"/>
<opset="zext_ln479_3/4 "/>
</bind>
</comp>

<comp id="3051" class="1004" name="add_ln479_fu_3051">
<pin_list>
<pin id="3052" dir="0" index="0" bw="10" slack="0"/>
<pin id="3053" dir="0" index="1" bw="10" slack="0"/>
<pin id="3054" dir="1" index="2" bw="11" slack="0"/>
</pin_list>
<bind>
<opcode="add(8) " fcode="add"/>
<opset="add_ln479/4 "/>
</bind>
</comp>

<comp id="3057" class="1004" name="zext_ln479_4_fu_3057">
<pin_list>
<pin id="3058" dir="0" index="0" bw="11" slack="0"/>
<pin id="3059" dir="1" index="1" bw="12" slack="0"/>
</pin_list>
<bind>
<opcode="zext(34) " fcode="zext"/>
<opset="zext_ln479_4/4 "/>
</bind>
</comp>

<comp id="3061" class="1004" name="add_ln479_1_fu_3061">
<pin_list>
<pin id="3062" dir="0" index="0" bw="10" slack="0"/>
<pin id="3063" dir="0" index="1" bw="10" slack="0"/>
<pin id="3064" dir="1" index="2" bw="11" slack="0"/>
</pin_list>
<bind>
<opcode="add(8) " fcode="add"/>
<opset="add_ln479_1/4 "/>
</bind>
</comp>

<comp id="3067" class="1004" name="zext_ln479_5_fu_3067">
<pin_list>
<pin id="3068" dir="0" index="0" bw="11" slack="0"/>
<pin id="3069" dir="1" index="1" bw="12" slack="0"/>
</pin_list>
<bind>
<opcode="zext(34) " fcode="zext"/>
<opset="zext_ln479_5/4 "/>
</bind>
</comp>

<comp id="3071" class="1004" name="add_ln479_2_fu_3071">
<pin_list>
<pin id="3072" dir="0" index="0" bw="11" slack="0"/>
<pin id="3073" dir="0" index="1" bw="11" slack="0"/>
<pin id="3074" dir="1" index="2" bw="12" slack="0"/>
</pin_list>
<bind>
<opcode="add(8) " fcode="add"/>
<opset="add_ln479_2/4 "/>
</bind>
</comp>

<comp id="3077" class="1004" name="var_3_fu_3077">
<pin_list>
<pin id="3078" dir="0" index="0" bw="11" slack="0"/>
<pin id="3079" dir="0" index="1" bw="12" slack="0"/>
<pin id="3080" dir="0" index="2" bw="1" slack="0"/>
<pin id="3081" dir="0" index="3" bw="5" slack="0"/>
<pin id="3082" dir="1" index="4" bw="11" slack="1"/>
</pin_list>
<bind>
<opcode="partselect(1002) " fcode="partselect"/>
<opset="var_3/4 "/>
</bind>
</comp>

<comp id="3087" class="1004" name="zext_ln483_2_fu_3087">
<pin_list>
<pin id="3088" dir="0" index="0" bw="8" slack="2"/>
<pin id="3089" dir="1" index="1" bw="9" slack="0"/>
</pin_list>
<bind>
<opcode="zext(34) " fcode="zext"/>
<opset="zext_ln483_2/5 "/>
</bind>
</comp>

<comp id="3090" class="1004" name="zext_ln484_2_fu_3090">
<pin_list>
<pin id="3091" dir="0" index="0" bw="8" slack="2"/>
<pin id="3092" dir="1" index="1" bw="9" slack="0"/>
</pin_list>
<bind>
<opcode="zext(34) " fcode="zext"/>
<opset="zext_ln484_2/5 "/>
</bind>
</comp>

<comp id="3093" class="1004" name="add_ln492_fu_3093">
<pin_list>
<pin id="3094" dir="0" index="0" bw="8" slack="0"/>
<pin id="3095" dir="0" index="1" bw="1" slack="0"/>
<pin id="3096" dir="1" index="2" bw="9" slack="0"/>
</pin_list>
<bind>
<opcode="add(8) " fcode="add"/>
<opset="add_ln492/5 "/>
</bind>
</comp>

<comp id="3099" class="1004" name="zext_ln492_fu_3099">
<pin_list>
<pin id="3100" dir="0" index="0" bw="9" slack="0"/>
<pin id="3101" dir="1" index="1" bw="11" slack="0"/>
</pin_list>
<bind>
<opcode="zext(34) " fcode="zext"/>
<opset="zext_ln492/5 "/>
</bind>
</comp>

<comp id="3103" class="1004" name="add_ln492_1_fu_3103">
<pin_list>
<pin id="3104" dir="0" index="0" bw="9" slack="0"/>
<pin id="3105" dir="0" index="1" bw="11" slack="1"/>
<pin id="3106" dir="1" index="2" bw="11" slack="0"/>
</pin_list>
<bind>
<opcode="add(8) " fcode="add"/>
<opset="add_ln492_1/5 "/>
</bind>
</comp>

<comp id="3108" class="1004" name="lshr_ln_fu_3108">
<pin_list>
<pin id="3109" dir="0" index="0" bw="10" slack="0"/>
<pin id="3110" dir="0" index="1" bw="11" slack="0"/>
<pin id="3111" dir="0" index="2" bw="1" slack="0"/>
<pin id="3112" dir="0" index="3" bw="5" slack="0"/>
<pin id="3113" dir="1" index="4" bw="10" slack="0"/>
</pin_list>
<bind>
<opcode="partselect(1002) " fcode="partselect"/>
<opset="lshr_ln/5 "/>
</bind>
</comp>

<comp id="3118" class="1004" name="zext_ln493_fu_3118">
<pin_list>
<pin id="3119" dir="0" index="0" bw="10" slack="0"/>
<pin id="3120" dir="1" index="1" bw="64" slack="0"/>
</pin_list>
<bind>
<opcode="zext(34) " fcode="zext"/>
<opset="zext_ln493/5 "/>
</bind>
</comp>

<comp id="3123" class="1004" name="add_ln492_2_fu_3123">
<pin_list>
<pin id="3124" dir="0" index="0" bw="8" slack="0"/>
<pin id="3125" dir="0" index="1" bw="1" slack="0"/>
<pin id="3126" dir="1" index="2" bw="9" slack="0"/>
</pin_list>
<bind>
<opcode="add(8) " fcode="add"/>
<opset="add_ln492_2/5 "/>
</bind>
</comp>

<comp id="3129" class="1004" name="zext_ln492_1_fu_3129">
<pin_list>
<pin id="3130" dir="0" index="0" bw="9" slack="0"/>
<pin id="3131" dir="1" index="1" bw="11" slack="0"/>
</pin_list>
<bind>
<opcode="zext(34) " fcode="zext"/>
<opset="zext_ln492_1/5 "/>
</bind>
</comp>

<comp id="3133" class="1004" name="add_ln492_3_fu_3133">
<pin_list>
<pin id="3134" dir="0" index="0" bw="9" slack="0"/>
<pin id="3135" dir="0" index="1" bw="11" slack="1"/>
<pin id="3136" dir="1" index="2" bw="11" slack="0"/>
</pin_list>
<bind>
<opcode="add(8) " fcode="add"/>
<opset="add_ln492_3/5 "/>
</bind>
</comp>

<comp id="3138" class="1004" name="lshr_ln492_1_fu_3138">
<pin_list>
<pin id="3139" dir="0" index="0" bw="10" slack="0"/>
<pin id="3140" dir="0" index="1" bw="11" slack="0"/>
<pin id="3141" dir="0" index="2" bw="1" slack="0"/>
<pin id="3142" dir="0" index="3" bw="5" slack="0"/>
<pin id="3143" dir="1" index="4" bw="10" slack="0"/>
</pin_list>
<bind>
<opcode="partselect(1002) " fcode="partselect"/>
<opset="lshr_ln492_1/5 "/>
</bind>
</comp>

<comp id="3148" class="1004" name="zext_ln493_1_fu_3148">
<pin_list>
<pin id="3149" dir="0" index="0" bw="10" slack="0"/>
<pin id="3150" dir="1" index="1" bw="64" slack="0"/>
</pin_list>
<bind>
<opcode="zext(34) " fcode="zext"/>
<opset="zext_ln493_1/5 "/>
</bind>
</comp>

<comp id="3153" class="1004" name="add_ln492_4_fu_3153">
<pin_list>
<pin id="3154" dir="0" index="0" bw="9" slack="0"/>
<pin id="3155" dir="0" index="1" bw="11" slack="1"/>
<pin id="3156" dir="1" index="2" bw="11" slack="0"/>
</pin_list>
<bind>
<opcode="add(8) " fcode="add"/>
<opset="add_ln492_4/5 "/>
</bind>
</comp>

<comp id="3158" class="1004" name="lshr_ln492_2_fu_3158">
<pin_list>
<pin id="3159" dir="0" index="0" bw="10" slack="0"/>
<pin id="3160" dir="0" index="1" bw="11" slack="0"/>
<pin id="3161" dir="0" index="2" bw="1" slack="0"/>
<pin id="3162" dir="0" index="3" bw="5" slack="0"/>
<pin id="3163" dir="1" index="4" bw="10" slack="0"/>
</pin_list>
<bind>
<opcode="partselect(1002) " fcode="partselect"/>
<opset="lshr_ln492_2/5 "/>
</bind>
</comp>

<comp id="3168" class="1004" name="zext_ln493_2_fu_3168">
<pin_list>
<pin id="3169" dir="0" index="0" bw="10" slack="0"/>
<pin id="3170" dir="1" index="1" bw="64" slack="0"/>
</pin_list>
<bind>
<opcode="zext(34) " fcode="zext"/>
<opset="zext_ln493_2/5 "/>
</bind>
</comp>

<comp id="3173" class="1004" name="add_ln492_5_fu_3173">
<pin_list>
<pin id="3174" dir="0" index="0" bw="9" slack="0"/>
<pin id="3175" dir="0" index="1" bw="11" slack="1"/>
<pin id="3176" dir="1" index="2" bw="11" slack="0"/>
</pin_list>
<bind>
<opcode="add(8) " fcode="add"/>
<opset="add_ln492_5/5 "/>
</bind>
</comp>

<comp id="3178" class="1004" name="lshr_ln492_3_fu_3178">
<pin_list>
<pin id="3179" dir="0" index="0" bw="10" slack="0"/>
<pin id="3180" dir="0" index="1" bw="11" slack="0"/>
<pin id="3181" dir="0" index="2" bw="1" slack="0"/>
<pin id="3182" dir="0" index="3" bw="5" slack="0"/>
<pin id="3183" dir="1" index="4" bw="10" slack="0"/>
</pin_list>
<bind>
<opcode="partselect(1002) " fcode="partselect"/>
<opset="lshr_ln492_3/5 "/>
</bind>
</comp>

<comp id="3188" class="1004" name="zext_ln493_3_fu_3188">
<pin_list>
<pin id="3189" dir="0" index="0" bw="10" slack="0"/>
<pin id="3190" dir="1" index="1" bw="64" slack="0"/>
</pin_list>
<bind>
<opcode="zext(34) " fcode="zext"/>
<opset="zext_ln493_3/5 "/>
</bind>
</comp>

<comp id="3193" class="1004" name="sw_fu_3193">
<pin_list>
<pin id="3194" dir="0" index="0" bw="9" slack="0"/>
<pin id="3195" dir="0" index="1" bw="10" slack="0"/>
<pin id="3196" dir="0" index="2" bw="1" slack="0"/>
<pin id="3197" dir="0" index="3" bw="5" slack="0"/>
<pin id="3198" dir="1" index="4" bw="9" slack="0"/>
</pin_list>
<bind>
<opcode="partselect(1002) " fcode="partselect"/>
<opset="sw/6 "/>
</bind>
</comp>

<comp id="3203" class="1004" name="zext_ln494_fu_3203">
<pin_list>
<pin id="3204" dir="0" index="0" bw="9" slack="0"/>
<pin id="3205" dir="1" index="1" bw="10" slack="0"/>
</pin_list>
<bind>
<opcode="zext(34) " fcode="zext"/>
<opset="zext_ln494/6 "/>
</bind>
</comp>

<comp id="3207" class="1004" name="lshr_ln1_fu_3207">
<pin_list>
<pin id="3208" dir="0" index="0" bw="8" slack="0"/>
<pin id="3209" dir="0" index="1" bw="10" slack="0"/>
<pin id="3210" dir="0" index="2" bw="3" slack="0"/>
<pin id="3211" dir="0" index="3" bw="5" slack="0"/>
<pin id="3212" dir="1" index="4" bw="8" slack="0"/>
</pin_list>
<bind>
<opcode="partselect(1002) " fcode="partselect"/>
<opset="lshr_ln1/6 "/>
</bind>
</comp>

<comp id="3217" class="1004" name="zext_ln492_2_fu_3217">
<pin_list>
<pin id="3218" dir="0" index="0" bw="8" slack="0"/>
<pin id="3219" dir="1" index="1" bw="9" slack="0"/>
</pin_list>
<bind>
<opcode="zext(34) " fcode="zext"/>
<opset="zext_ln492_2/6 "/>
</bind>
</comp>

<comp id="3221" class="1004" name="lshr_ln494_1_fu_3221">
<pin_list>
<pin id="3222" dir="0" index="0" bw="8" slack="0"/>
<pin id="3223" dir="0" index="1" bw="10" slack="0"/>
<pin id="3224" dir="0" index="2" bw="3" slack="0"/>
<pin id="3225" dir="0" index="3" bw="5" slack="0"/>
<pin id="3226" dir="1" index="4" bw="8" slack="0"/>
</pin_list>
<bind>
<opcode="partselect(1002) " fcode="partselect"/>
<opset="lshr_ln494_1/6 "/>
</bind>
</comp>

<comp id="3231" class="1004" name="zext_ln492_3_fu_3231">
<pin_list>
<pin id="3232" dir="0" index="0" bw="8" slack="0"/>
<pin id="3233" dir="1" index="1" bw="9" slack="0"/>
</pin_list>
<bind>
<opcode="zext(34) " fcode="zext"/>
<opset="zext_ln492_3/6 "/>
</bind>
</comp>

<comp id="3235" class="1004" name="lshr_ln494_2_fu_3235">
<pin_list>
<pin id="3236" dir="0" index="0" bw="9" slack="0"/>
<pin id="3237" dir="0" index="1" bw="10" slack="0"/>
<pin id="3238" dir="0" index="2" bw="1" slack="0"/>
<pin id="3239" dir="0" index="3" bw="5" slack="0"/>
<pin id="3240" dir="1" index="4" bw="9" slack="0"/>
</pin_list>
<bind>
<opcode="partselect(1002) " fcode="partselect"/>
<opset="lshr_ln494_2/6 "/>
</bind>
</comp>

<comp id="3245" class="1004" name="zext_ln495_fu_3245">
<pin_list>
<pin id="3246" dir="0" index="0" bw="9" slack="0"/>
<pin id="3247" dir="1" index="1" bw="11" slack="0"/>
</pin_list>
<bind>
<opcode="zext(34) " fcode="zext"/>
<opset="zext_ln495/6 "/>
</bind>
</comp>

<comp id="3249" class="1004" name="add_ln495_fu_3249">
<pin_list>
<pin id="3250" dir="0" index="0" bw="8" slack="0"/>
<pin id="3251" dir="0" index="1" bw="8" slack="0"/>
<pin id="3252" dir="1" index="2" bw="9" slack="0"/>
</pin_list>
<bind>
<opcode="add(8) " fcode="add"/>
<opset="add_ln495/6 "/>
</bind>
</comp>

<comp id="3255" class="1004" name="zext_ln495_2_fu_3255">
<pin_list>
<pin id="3256" dir="0" index="0" bw="9" slack="0"/>
<pin id="3257" dir="1" index="1" bw="10" slack="0"/>
</pin_list>
<bind>
<opcode="zext(34) " fcode="zext"/>
<opset="zext_ln495_2/6 "/>
</bind>
</comp>

<comp id="3259" class="1004" name="add_ln495_1_fu_3259">
<pin_list>
<pin id="3260" dir="0" index="0" bw="9" slack="0"/>
<pin id="3261" dir="0" index="1" bw="9" slack="0"/>
<pin id="3262" dir="1" index="2" bw="10" slack="0"/>
</pin_list>
<bind>
<opcode="add(8) " fcode="add"/>
<opset="add_ln495_1/6 "/>
</bind>
</comp>

<comp id="3265" class="1004" name="zext_ln495_1_fu_3265">
<pin_list>
<pin id="3266" dir="0" index="0" bw="10" slack="0"/>
<pin id="3267" dir="1" index="1" bw="11" slack="0"/>
</pin_list>
<bind>
<opcode="zext(34) " fcode="zext"/>
<opset="zext_ln495_1/6 "/>
</bind>
</comp>

<comp id="3269" class="1004" name="sw_1_fu_3269">
<pin_list>
<pin id="3270" dir="0" index="0" bw="10" slack="0"/>
<pin id="3271" dir="0" index="1" bw="9" slack="0"/>
<pin id="3272" dir="1" index="2" bw="11" slack="0"/>
</pin_list>
<bind>
<opcode="add(8) " fcode="add"/>
<opset="sw_1/6 "/>
</bind>
</comp>

<comp id="3275" class="1004" name="zext_ln497_fu_3275">
<pin_list>
<pin id="3276" dir="0" index="0" bw="11" slack="0"/>
<pin id="3277" dir="1" index="1" bw="64" slack="0"/>
</pin_list>
<bind>
<opcode="zext(34) " fcode="zext"/>
<opset="zext_ln497/6 "/>
</bind>
</comp>

<comp id="3280" class="1004" name="sext_ln472_fu_3280">
<pin_list>
<pin id="3281" dir="0" index="0" bw="12" slack="4"/>
<pin id="3282" dir="1" index="1" bw="22" slack="0"/>
</pin_list>
<bind>
<opcode="sext(35) " fcode="sext"/>
<opset="sext_ln472/7 "/>
</bind>
</comp>

<comp id="3283" class="1004" name="sext_ln472_3_fu_3283">
<pin_list>
<pin id="3284" dir="0" index="0" bw="12" slack="4"/>
<pin id="3285" dir="1" index="1" bw="22" slack="0"/>
</pin_list>
<bind>
<opcode="sext(35) " fcode="sext"/>
<opset="sext_ln472_3/7 "/>
</bind>
</comp>

<comp id="3286" class="1004" name="zext_ln501_fu_3286">
<pin_list>
<pin id="3287" dir="0" index="0" bw="9" slack="1"/>
<pin id="3288" dir="1" index="1" bw="18" slack="0"/>
</pin_list>
<bind>
<opcode="zext(34) " fcode="zext"/>
<opset="zext_ln501/7 "/>
</bind>
</comp>

<comp id="3289" class="1004" name="mul_ln501_fu_3289">
<pin_list>
<pin id="3290" dir="0" index="0" bw="18" slack="0"/>
<pin id="3291" dir="0" index="1" bw="9" slack="0"/>
<pin id="3292" dir="1" index="2" bw="18" slack="0"/>
</pin_list>
<bind>
<opcode="mul(12) " fcode="mul"/>
<opset="mul_ln501/7 "/>
</bind>
</comp>

<comp id="3295" class="1004" name="lshr_ln2_fu_3295">
<pin_list>
<pin id="3296" dir="0" index="0" bw="10" slack="0"/>
<pin id="3297" dir="0" index="1" bw="18" slack="0"/>
<pin id="3298" dir="0" index="2" bw="5" slack="0"/>
<pin id="3299" dir="0" index="3" bw="6" slack="0"/>
<pin id="3300" dir="1" index="4" bw="10" slack="0"/>
</pin_list>
<bind>
<opcode="partselect(1002) " fcode="partselect"/>
<opset="lshr_ln2/7 "/>
</bind>
</comp>

<comp id="3305" class="1004" name="zext_ln501_1_fu_3305">
<pin_list>
<pin id="3306" dir="0" index="0" bw="8" slack="1"/>
<pin id="3307" dir="1" index="1" bw="18" slack="0"/>
</pin_list>
<bind>
<opcode="zext(34) " fcode="zext"/>
<opset="zext_ln501_1/7 "/>
</bind>
</comp>

<comp id="3308" class="1004" name="mul_ln501_1_fu_3308">
<pin_list>
<pin id="3309" dir="0" index="0" bw="18" slack="0"/>
<pin id="3310" dir="0" index="1" bw="8" slack="0"/>
<pin id="3311" dir="1" index="2" bw="18" slack="0"/>
</pin_list>
<bind>
<opcode="mul(12) " fcode="mul"/>
<opset="mul_ln501_1/7 "/>
</bind>
</comp>

<comp id="3314" class="1004" name="lshr_ln501_1_fu_3314">
<pin_list>
<pin id="3315" dir="0" index="0" bw="10" slack="0"/>
<pin id="3316" dir="0" index="1" bw="18" slack="0"/>
<pin id="3317" dir="0" index="2" bw="5" slack="0"/>
<pin id="3318" dir="0" index="3" bw="6" slack="0"/>
<pin id="3319" dir="1" index="4" bw="10" slack="2"/>
</pin_list>
<bind>
<opcode="partselect(1002) " fcode="partselect"/>
<opset="lshr_ln501_1/7 "/>
</bind>
</comp>

<comp id="3324" class="1004" name="zext_ln501_2_fu_3324">
<pin_list>
<pin id="3325" dir="0" index="0" bw="8" slack="1"/>
<pin id="3326" dir="1" index="1" bw="18" slack="0"/>
</pin_list>
<bind>
<opcode="zext(34) " fcode="zext"/>
<opset="zext_ln501_2/7 "/>
</bind>
</comp>

<comp id="3327" class="1004" name="mul_ln501_2_fu_3327">
<pin_list>
<pin id="3328" dir="0" index="0" bw="18" slack="0"/>
<pin id="3329" dir="0" index="1" bw="8" slack="0"/>
<pin id="3330" dir="1" index="2" bw="18" slack="0"/>
</pin_list>
<bind>
<opcode="mul(12) " fcode="mul"/>
<opset="mul_ln501_2/7 "/>
</bind>
</comp>

<comp id="3333" class="1004" name="lshr_ln501_2_fu_3333">
<pin_list>
<pin id="3334" dir="0" index="0" bw="10" slack="0"/>
<pin id="3335" dir="0" index="1" bw="18" slack="0"/>
<pin id="3336" dir="0" index="2" bw="5" slack="0"/>
<pin id="3337" dir="0" index="3" bw="6" slack="0"/>
<pin id="3338" dir="1" index="4" bw="10" slack="2"/>
</pin_list>
<bind>
<opcode="partselect(1002) " fcode="partselect"/>
<opset="lshr_ln501_2/7 "/>
</bind>
</comp>

<comp id="3343" class="1004" name="zext_ln501_3_fu_3343">
<pin_list>
<pin id="3344" dir="0" index="0" bw="9" slack="1"/>
<pin id="3345" dir="1" index="1" bw="18" slack="0"/>
</pin_list>
<bind>
<opcode="zext(34) " fcode="zext"/>
<opset="zext_ln501_3/7 "/>
</bind>
</comp>

<comp id="3346" class="1004" name="mul_ln501_3_fu_3346">
<pin_list>
<pin id="3347" dir="0" index="0" bw="18" slack="0"/>
<pin id="3348" dir="0" index="1" bw="9" slack="0"/>
<pin id="3349" dir="1" index="2" bw="18" slack="0"/>
</pin_list>
<bind>
<opcode="mul(12) " fcode="mul"/>
<opset="mul_ln501_3/7 "/>
</bind>
</comp>

<comp id="3352" class="1004" name="lshr_ln501_3_fu_3352">
<pin_list>
<pin id="3353" dir="0" index="0" bw="10" slack="0"/>
<pin id="3354" dir="0" index="1" bw="18" slack="0"/>
<pin id="3355" dir="0" index="2" bw="5" slack="0"/>
<pin id="3356" dir="0" index="3" bw="6" slack="0"/>
<pin id="3357" dir="1" index="4" bw="10" slack="0"/>
</pin_list>
<bind>
<opcode="partselect(1002) " fcode="partselect"/>
<opset="lshr_ln501_3/7 "/>
</bind>
</comp>

<comp id="3362" class="1004" name="zext_ln504_fu_3362">
<pin_list>
<pin id="3363" dir="0" index="0" bw="10" slack="0"/>
<pin id="3364" dir="1" index="1" bw="22" slack="0"/>
</pin_list>
<bind>
<opcode="zext(34) " fcode="zext"/>
<opset="zext_ln504/7 "/>
</bind>
</comp>

<comp id="3366" class="1004" name="zext_ln504_2_fu_3366">
<pin_list>
<pin id="3367" dir="0" index="0" bw="10" slack="0"/>
<pin id="3368" dir="1" index="1" bw="22" slack="0"/>
</pin_list>
<bind>
<opcode="zext(34) " fcode="zext"/>
<opset="zext_ln504_2/7 "/>
</bind>
</comp>

<comp id="3370" class="1004" name="sext_ln472_1_fu_3370">
<pin_list>
<pin id="3371" dir="0" index="0" bw="12" slack="6"/>
<pin id="3372" dir="1" index="1" bw="22" slack="0"/>
</pin_list>
<bind>
<opcode="sext(35) " fcode="sext"/>
<opset="sext_ln472_1/9 "/>
</bind>
</comp>

<comp id="3373" class="1004" name="sext_ln472_2_fu_3373">
<pin_list>
<pin id="3374" dir="0" index="0" bw="12" slack="6"/>
<pin id="3375" dir="1" index="1" bw="22" slack="0"/>
</pin_list>
<bind>
<opcode="sext(35) " fcode="sext"/>
<opset="sext_ln472_2/9 "/>
</bind>
</comp>

<comp id="3376" class="1004" name="zext_ln504_1_fu_3376">
<pin_list>
<pin id="3377" dir="0" index="0" bw="10" slack="2"/>
<pin id="3378" dir="1" index="1" bw="22" slack="0"/>
</pin_list>
<bind>
<opcode="zext(34) " fcode="zext"/>
<opset="zext_ln504_1/9 "/>
</bind>
</comp>

<comp id="3379" class="1004" name="zext_ln504_3_fu_3379">
<pin_list>
<pin id="3380" dir="0" index="0" bw="10" slack="2"/>
<pin id="3381" dir="1" index="1" bw="22" slack="0"/>
</pin_list>
<bind>
<opcode="zext(34) " fcode="zext"/>
<opset="zext_ln504_3/9 "/>
</bind>
</comp>

<comp id="3382" class="1004" name="mul_ln504_1_fu_3382">
<pin_list>
<pin id="3383" dir="0" index="0" bw="12" slack="0"/>
<pin id="3384" dir="0" index="1" bw="10" slack="0"/>
<pin id="3385" dir="1" index="2" bw="22" slack="0"/>
</pin_list>
<bind>
<opcode="mul(12) " fcode="mul"/>
<opset="mul_ln504_1/9 "/>
</bind>
</comp>

<comp id="3388" class="1004" name="sext_ln504_1_fu_3388">
<pin_list>
<pin id="3389" dir="0" index="0" bw="22" slack="0"/>
<pin id="3390" dir="1" index="1" bw="23" slack="0"/>
</pin_list>
<bind>
<opcode="sext(35) " fcode="sext"/>
<opset="sext_ln504_1/9 "/>
</bind>
</comp>

<comp id="3392" class="1004" name="mul_ln504_3_fu_3392">
<pin_list>
<pin id="3393" dir="0" index="0" bw="12" slack="0"/>
<pin id="3394" dir="0" index="1" bw="10" slack="0"/>
<pin id="3395" dir="1" index="2" bw="22" slack="0"/>
</pin_list>
<bind>
<opcode="mul(12) " fcode="mul"/>
<opset="mul_ln504_3/9 "/>
</bind>
</comp>

<comp id="3398" class="1004" name="sext_ln504_3_fu_3398">
<pin_list>
<pin id="3399" dir="0" index="0" bw="22" slack="0"/>
<pin id="3400" dir="1" index="1" bw="23" slack="0"/>
</pin_list>
<bind>
<opcode="sext(35) " fcode="sext"/>
<opset="sext_ln504_3/9 "/>
</bind>
</comp>

<comp id="3402" class="1004" name="sext_ln504_4_fu_3402">
<pin_list>
<pin id="3403" dir="0" index="0" bw="23" slack="0"/>
<pin id="3404" dir="1" index="1" bw="24" slack="0"/>
</pin_list>
<bind>
<opcode="sext(35) " fcode="sext"/>
<opset="sext_ln504_4/10 "/>
</bind>
</comp>

<comp id="3405" class="1004" name="sext_ln504_6_fu_3405">
<pin_list>
<pin id="3406" dir="0" index="0" bw="23" slack="0"/>
<pin id="3407" dir="1" index="1" bw="24" slack="0"/>
</pin_list>
<bind>
<opcode="sext(35) " fcode="sext"/>
<opset="sext_ln504_6/10 "/>
</bind>
</comp>

<comp id="3408" class="1004" name="add_ln504_2_fu_3408">
<pin_list>
<pin id="3409" dir="0" index="0" bw="23" slack="0"/>
<pin id="3410" dir="0" index="1" bw="23" slack="0"/>
<pin id="3411" dir="1" index="2" bw="24" slack="0"/>
</pin_list>
<bind>
<opcode="add(8) " fcode="add"/>
<opset="add_ln504_2/10 "/>
</bind>
</comp>

<comp id="3414" class="1004" name="sext_ln504_5_fu_3414">
<pin_list>
<pin id="3415" dir="0" index="0" bw="24" slack="0"/>
<pin id="3416" dir="1" index="1" bw="25" slack="0"/>
</pin_list>
<bind>
<opcode="sext(35) " fcode="sext"/>
<opset="sext_ln504_5/10 "/>
</bind>
</comp>

<comp id="3418" class="1004" name="zext_ln504_4_fu_3418">
<pin_list>
<pin id="3419" dir="0" index="0" bw="8" slack="7"/>
<pin id="3420" dir="1" index="1" bw="12" slack="0"/>
</pin_list>
<bind>
<opcode="zext(34) " fcode="zext"/>
<opset="zext_ln504_4/10 "/>
</bind>
</comp>

<comp id="3422" class="1004" name="tmp_49_fu_3422">
<pin_list>
<pin id="3423" dir="0" index="0" bw="1" slack="0"/>
<pin id="3424" dir="0" index="1" bw="24" slack="0"/>
<pin id="3425" dir="0" index="2" bw="6" slack="0"/>
<pin id="3426" dir="1" index="3" bw="1" slack="0"/>
</pin_list>
<bind>
<opcode="bitselect(1000) " fcode="bitselect"/>
<opset="tmp_49/10 "/>
</bind>
</comp>

<comp id="3430" class="1004" name="sub_ln504_fu_3430">
<pin_list>
<pin id="3431" dir="0" index="0" bw="1" slack="0"/>
<pin id="3432" dir="0" index="1" bw="24" slack="0"/>
<pin id="3433" dir="1" index="2" bw="25" slack="0"/>
</pin_list>
<bind>
<opcode="sub(10) " fcode="sub"/>
<opset="sub_ln504/10 "/>
</bind>
</comp>

<comp id="3436" class="1004" name="tmp_3_cast_fu_3436">
<pin_list>
<pin id="3437" dir="0" index="0" bw="11" slack="0"/>
<pin id="3438" dir="0" index="1" bw="25" slack="0"/>
<pin id="3439" dir="0" index="2" bw="5" slack="0"/>
<pin id="3440" dir="0" index="3" bw="6" slack="0"/>
<pin id="3441" dir="1" index="4" bw="11" slack="0"/>
</pin_list>
<bind>
<opcode="partselect(1002) " fcode="partselect"/>
<opset="tmp_3_cast/10 "/>
</bind>
</comp>

<comp id="3446" class="1004" name="sub_ln504_1_fu_3446">
<pin_list>
<pin id="3447" dir="0" index="0" bw="1" slack="0"/>
<pin id="3448" dir="0" index="1" bw="11" slack="0"/>
<pin id="3449" dir="1" index="2" bw="11" slack="0"/>
</pin_list>
<bind>
<opcode="sub(10) " fcode="sub"/>
<opset="sub_ln504_1/10 "/>
</bind>
</comp>

<comp id="3452" class="1004" name="zext_ln504_5_fu_3452">
<pin_list>
<pin id="3453" dir="0" index="0" bw="11" slack="0"/>
<pin id="3454" dir="0" index="1" bw="24" slack="0"/>
<pin id="3455" dir="0" index="2" bw="5" slack="0"/>
<pin id="3456" dir="0" index="3" bw="6" slack="0"/>
<pin id="3457" dir="1" index="4" bw="11" slack="0"/>
</pin_list>
<bind>
<opcode="partselect(1002) " fcode="partselect"/>
<opset="zext_ln504_5/10 "/>
</bind>
</comp>

<comp id="3462" class="1004" name="select_ln504_fu_3462">
<pin_list>
<pin id="3463" dir="0" index="0" bw="1" slack="0"/>
<pin id="3464" dir="0" index="1" bw="11" slack="0"/>
<pin id="3465" dir="0" index="2" bw="11" slack="0"/>
<pin id="3466" dir="1" index="3" bw="11" slack="0"/>
</pin_list>
<bind>
<opcode="select(49) " fcode="select"/>
<opset="select_ln504/10 "/>
</bind>
</comp>

<comp id="3470" class="1004" name="sext_ln504_7_fu_3470">
<pin_list>
<pin id="3471" dir="0" index="0" bw="11" slack="0"/>
<pin id="3472" dir="1" index="1" bw="12" slack="0"/>
</pin_list>
<bind>
<opcode="sext(35) " fcode="sext"/>
<opset="sext_ln504_7/10 "/>
</bind>
</comp>

<comp id="3474" class="1004" name="g_fu_3474">
<pin_list>
<pin id="3475" dir="0" index="0" bw="11" slack="0"/>
<pin id="3476" dir="0" index="1" bw="8" slack="0"/>
<pin id="3477" dir="1" index="2" bw="12" slack="1"/>
</pin_list>
<bind>
<opcode="add(8) " fcode="add"/>
<opset="g/10 "/>
</bind>
</comp>

<comp id="3480" class="1004" name="select_ln506_fu_3480">
<pin_list>
<pin id="3481" dir="0" index="0" bw="1" slack="10"/>
<pin id="3482" dir="0" index="1" bw="8" slack="8"/>
<pin id="3483" dir="0" index="2" bw="8" slack="0"/>
<pin id="3484" dir="1" index="3" bw="8" slack="0"/>
</pin_list>
<bind>
<opcode="select(49) " fcode="select"/>
<opset="select_ln506/11 "/>
</bind>
</comp>

<comp id="3487" class="1004" name="select_ln507_fu_3487">
<pin_list>
<pin id="3488" dir="0" index="0" bw="1" slack="10"/>
<pin id="3489" dir="0" index="1" bw="8" slack="0"/>
<pin id="3490" dir="0" index="2" bw="8" slack="8"/>
<pin id="3491" dir="1" index="3" bw="8" slack="0"/>
</pin_list>
<bind>
<opcode="select(49) " fcode="select"/>
<opset="select_ln507/11 "/>
</bind>
</comp>

<comp id="3494" class="1004" name="outpix_0_0_0_0_0_load_fu_3494">
<pin_list>
<pin id="3495" dir="0" index="0" bw="1" slack="10"/>
<pin id="3496" dir="0" index="1" bw="8" slack="0"/>
<pin id="3497" dir="0" index="2" bw="8" slack="0"/>
<pin id="3498" dir="1" index="3" bw="8" slack="0"/>
</pin_list>
<bind>
<opcode="select(49) " fcode="select"/>
<opset="outpix_0_0_0_0_0_load/11 "/>
</bind>
</comp>

<comp id="3501" class="1004" name="g_1_fu_3501">
<pin_list>
<pin id="3502" dir="0" index="0" bw="1" slack="10"/>
<pin id="3503" dir="0" index="1" bw="12" slack="1"/>
<pin id="3504" dir="0" index="2" bw="12" slack="1"/>
<pin id="3505" dir="1" index="3" bw="12" slack="0"/>
</pin_list>
<bind>
<opcode="select(49) " fcode="select"/>
<opset="g_1/11 "/>
</bind>
</comp>

<comp id="3506" class="1004" name="g_1_cast58_fu_3506">
<pin_list>
<pin id="3507" dir="0" index="0" bw="12" slack="0"/>
<pin id="3508" dir="1" index="1" bw="14" slack="0"/>
</pin_list>
<bind>
<opcode="sext(35) " fcode="sext"/>
<opset="g_1_cast58/11 "/>
</bind>
</comp>

<comp id="3510" class="1004" name="outpix_0_2_0_0_0_load_fu_3510">
<pin_list>
<pin id="3511" dir="0" index="0" bw="1" slack="10"/>
<pin id="3512" dir="0" index="1" bw="8" slack="0"/>
<pin id="3513" dir="0" index="2" bw="8" slack="0"/>
<pin id="3514" dir="1" index="3" bw="8" slack="0"/>
</pin_list>
<bind>
<opcode="select(49) " fcode="select"/>
<opset="outpix_0_2_0_0_0_load/11 "/>
</bind>
</comp>

<comp id="3517" class="1004" name="tmp_50_fu_3517">
<pin_list>
<pin id="3518" dir="0" index="0" bw="1" slack="0"/>
<pin id="3519" dir="0" index="1" bw="12" slack="0"/>
<pin id="3520" dir="0" index="2" bw="5" slack="0"/>
<pin id="3521" dir="1" index="3" bw="1" slack="0"/>
</pin_list>
<bind>
<opcode="bitselect(1000) " fcode="bitselect"/>
<opset="tmp_50/11 "/>
</bind>
</comp>

<comp id="3525" class="1004" name="tmp_51_fu_3525">
<pin_list>
<pin id="3526" dir="0" index="0" bw="4" slack="0"/>
<pin id="3527" dir="0" index="1" bw="12" slack="0"/>
<pin id="3528" dir="0" index="2" bw="5" slack="0"/>
<pin id="3529" dir="0" index="3" bw="5" slack="0"/>
<pin id="3530" dir="1" index="4" bw="4" slack="0"/>
</pin_list>
<bind>
<opcode="partselect(1002) " fcode="partselect"/>
<opset="tmp_51/11 "/>
</bind>
</comp>

<comp id="3535" class="1004" name="icmp_ln510_fu_3535">
<pin_list>
<pin id="3536" dir="0" index="0" bw="4" slack="0"/>
<pin id="3537" dir="0" index="1" bw="4" slack="0"/>
<pin id="3538" dir="1" index="2" bw="1" slack="0"/>
</pin_list>
<bind>
<opcode="icmp(45) " fcode="icmp"/>
<opset="icmp_ln510/11 "/>
</bind>
</comp>

<comp id="3541" class="1004" name="trunc_ln510_fu_3541">
<pin_list>
<pin id="3542" dir="0" index="0" bw="12" slack="0"/>
<pin id="3543" dir="1" index="1" bw="8" slack="0"/>
</pin_list>
<bind>
<opcode="trunc(33) " fcode="trunc"/>
<opset="trunc_ln510/11 "/>
</bind>
</comp>

<comp id="3545" class="1004" name="xor_ln510_fu_3545">
<pin_list>
<pin id="3546" dir="0" index="0" bw="1" slack="0"/>
<pin id="3547" dir="0" index="1" bw="1" slack="0"/>
<pin id="3548" dir="1" index="2" bw="1" slack="0"/>
</pin_list>
<bind>
<opcode="xor(25) " fcode="xor"/>
<opset="xor_ln510/11 "/>
</bind>
</comp>

<comp id="3551" class="1004" name="select_ln510_1_fu_3551">
<pin_list>
<pin id="3552" dir="0" index="0" bw="1" slack="0"/>
<pin id="3553" dir="0" index="1" bw="8" slack="0"/>
<pin id="3554" dir="0" index="2" bw="8" slack="0"/>
<pin id="3555" dir="1" index="3" bw="8" slack="0"/>
</pin_list>
<bind>
<opcode="select(49) " fcode="select"/>
<opset="select_ln510_1/11 "/>
</bind>
</comp>

<comp id="3559" class="1004" name="or_ln510_fu_3559">
<pin_list>
<pin id="3560" dir="0" index="0" bw="1" slack="0"/>
<pin id="3561" dir="0" index="1" bw="1" slack="0"/>
<pin id="3562" dir="1" index="2" bw="1" slack="0"/>
</pin_list>
<bind>
<opcode="or(24) " fcode="or"/>
<opset="or_ln510/11 "/>
</bind>
</comp>

<comp id="3565" class="1004" name="select_ln510_fu_3565">
<pin_list>
<pin id="3566" dir="0" index="0" bw="1" slack="0"/>
<pin id="3567" dir="0" index="1" bw="8" slack="0"/>
<pin id="3568" dir="0" index="2" bw="8" slack="0"/>
<pin id="3569" dir="1" index="3" bw="8" slack="0"/>
</pin_list>
<bind>
<opcode="select(49) " fcode="select"/>
<opset="select_ln510/11 "/>
</bind>
</comp>

<comp id="3573" class="1004" name="or_ln587_3_fu_3573">
<pin_list>
<pin id="3574" dir="0" index="0" bw="24" slack="0"/>
<pin id="3575" dir="0" index="1" bw="8" slack="0"/>
<pin id="3576" dir="0" index="2" bw="8" slack="0"/>
<pin id="3577" dir="0" index="3" bw="8" slack="0"/>
<pin id="3578" dir="1" index="4" bw="24" slack="0"/>
</pin_list>
<bind>
<opcode="bitconcatenate(1004) " fcode="bitconcatenate"/>
<opset="or_ln587_3/11 "/>
</bind>
</comp>

<comp id="3584" class="1004" name="store_ln0_store_fu_3584">
<pin_list>
<pin id="3585" dir="0" index="0" bw="8" slack="8"/>
<pin id="3586" dir="0" index="1" bw="8" slack="0"/>
<pin id="3587" dir="1" index="2" bw="0" slack="2147483647"/>
</pin_list>
<bind>
<opcode="store(28) " fcode="store"/>
<opset="store_ln0/10 "/>
</bind>
</comp>

<comp id="3589" class="1004" name="store_ln0_store_fu_3589">
<pin_list>
<pin id="3590" dir="0" index="0" bw="8" slack="8"/>
<pin id="3591" dir="0" index="1" bw="8" slack="0"/>
<pin id="3592" dir="1" index="2" bw="0" slack="2147483647"/>
</pin_list>
<bind>
<opcode="store(28) " fcode="store"/>
<opset="store_ln0/10 "/>
</bind>
</comp>

<comp id="3594" class="1004" name="store_ln0_store_fu_3594">
<pin_list>
<pin id="3595" dir="0" index="0" bw="8" slack="8"/>
<pin id="3596" dir="0" index="1" bw="8" slack="0"/>
<pin id="3597" dir="1" index="2" bw="0" slack="2147483647"/>
</pin_list>
<bind>
<opcode="store(28) " fcode="store"/>
<opset="store_ln0/10 "/>
</bind>
</comp>

<comp id="3599" class="1004" name="store_ln0_store_fu_3599">
<pin_list>
<pin id="3600" dir="0" index="0" bw="8" slack="8"/>
<pin id="3601" dir="0" index="1" bw="8" slack="0"/>
<pin id="3602" dir="1" index="2" bw="0" slack="2147483647"/>
</pin_list>
<bind>
<opcode="store(28) " fcode="store"/>
<opset="store_ln0/10 "/>
</bind>
</comp>

<comp id="3604" class="1004" name="store_ln0_store_fu_3604">
<pin_list>
<pin id="3605" dir="0" index="0" bw="8" slack="8"/>
<pin id="3606" dir="0" index="1" bw="8" slack="0"/>
<pin id="3607" dir="1" index="2" bw="0" slack="2147483647"/>
</pin_list>
<bind>
<opcode="store(28) " fcode="store"/>
<opset="store_ln0/10 "/>
</bind>
</comp>

<comp id="3609" class="1004" name="store_ln0_store_fu_3609">
<pin_list>
<pin id="3610" dir="0" index="0" bw="8" slack="7"/>
<pin id="3611" dir="0" index="1" bw="8" slack="0"/>
<pin id="3612" dir="1" index="2" bw="0" slack="2147483647"/>
</pin_list>
<bind>
<opcode="store(28) " fcode="store"/>
<opset="store_ln0/10 "/>
</bind>
</comp>

<comp id="3614" class="1004" name="store_ln0_store_fu_3614">
<pin_list>
<pin id="3615" dir="0" index="0" bw="8" slack="7"/>
<pin id="3616" dir="0" index="1" bw="8" slack="0"/>
<pin id="3617" dir="1" index="2" bw="0" slack="2147483647"/>
</pin_list>
<bind>
<opcode="store(28) " fcode="store"/>
<opset="store_ln0/10 "/>
</bind>
</comp>

<comp id="3619" class="1004" name="store_ln0_store_fu_3619">
<pin_list>
<pin id="3620" dir="0" index="0" bw="8" slack="7"/>
<pin id="3621" dir="0" index="1" bw="8" slack="0"/>
<pin id="3622" dir="1" index="2" bw="0" slack="2147483647"/>
</pin_list>
<bind>
<opcode="store(28) " fcode="store"/>
<opset="store_ln0/10 "/>
</bind>
</comp>

<comp id="3624" class="1004" name="store_ln0_store_fu_3624">
<pin_list>
<pin id="3625" dir="0" index="0" bw="8" slack="7"/>
<pin id="3626" dir="0" index="1" bw="8" slack="0"/>
<pin id="3627" dir="1" index="2" bw="0" slack="2147483647"/>
</pin_list>
<bind>
<opcode="store(28) " fcode="store"/>
<opset="store_ln0/10 "/>
</bind>
</comp>

<comp id="3629" class="1004" name="store_ln0_store_fu_3629">
<pin_list>
<pin id="3630" dir="0" index="0" bw="8" slack="7"/>
<pin id="3631" dir="0" index="1" bw="8" slack="0"/>
<pin id="3632" dir="1" index="2" bw="0" slack="2147483647"/>
</pin_list>
<bind>
<opcode="store(28) " fcode="store"/>
<opset="store_ln0/10 "/>
</bind>
</comp>

<comp id="3634" class="1004" name="store_ln0_store_fu_3634">
<pin_list>
<pin id="3635" dir="0" index="0" bw="8" slack="7"/>
<pin id="3636" dir="0" index="1" bw="8" slack="0"/>
<pin id="3637" dir="1" index="2" bw="0" slack="2147483647"/>
</pin_list>
<bind>
<opcode="store(28) " fcode="store"/>
<opset="store_ln0/10 "/>
</bind>
</comp>

<comp id="3639" class="1004" name="store_ln0_store_fu_3639">
<pin_list>
<pin id="3640" dir="0" index="0" bw="8" slack="7"/>
<pin id="3641" dir="0" index="1" bw="8" slack="0"/>
<pin id="3642" dir="1" index="2" bw="0" slack="2147483647"/>
</pin_list>
<bind>
<opcode="store(28) " fcode="store"/>
<opset="store_ln0/10 "/>
</bind>
</comp>

<comp id="3644" class="1004" name="store_ln0_store_fu_3644">
<pin_list>
<pin id="3645" dir="0" index="0" bw="8" slack="7"/>
<pin id="3646" dir="0" index="1" bw="8" slack="0"/>
<pin id="3647" dir="1" index="2" bw="0" slack="2147483647"/>
</pin_list>
<bind>
<opcode="store(28) " fcode="store"/>
<opset="store_ln0/10 "/>
</bind>
</comp>

<comp id="3649" class="1004" name="store_ln0_store_fu_3649">
<pin_list>
<pin id="3650" dir="0" index="0" bw="8" slack="7"/>
<pin id="3651" dir="0" index="1" bw="8" slack="0"/>
<pin id="3652" dir="1" index="2" bw="0" slack="2147483647"/>
</pin_list>
<bind>
<opcode="store(28) " fcode="store"/>
<opset="store_ln0/10 "/>
</bind>
</comp>

<comp id="3654" class="1004" name="store_ln0_store_fu_3654">
<pin_list>
<pin id="3655" dir="0" index="0" bw="8" slack="7"/>
<pin id="3656" dir="0" index="1" bw="8" slack="0"/>
<pin id="3657" dir="1" index="2" bw="0" slack="2147483647"/>
</pin_list>
<bind>
<opcode="store(28) " fcode="store"/>
<opset="store_ln0/10 "/>
</bind>
</comp>

<comp id="3659" class="1004" name="store_ln0_store_fu_3659">
<pin_list>
<pin id="3660" dir="0" index="0" bw="8" slack="7"/>
<pin id="3661" dir="0" index="1" bw="8" slack="0"/>
<pin id="3662" dir="1" index="2" bw="0" slack="2147483647"/>
</pin_list>
<bind>
<opcode="store(28) " fcode="store"/>
<opset="store_ln0/10 "/>
</bind>
</comp>

<comp id="3664" class="1004" name="store_ln0_store_fu_3664">
<pin_list>
<pin id="3665" dir="0" index="0" bw="8" slack="7"/>
<pin id="3666" dir="0" index="1" bw="8" slack="0"/>
<pin id="3667" dir="1" index="2" bw="0" slack="2147483647"/>
</pin_list>
<bind>
<opcode="store(28) " fcode="store"/>
<opset="store_ln0/10 "/>
</bind>
</comp>

<comp id="3669" class="1004" name="store_ln0_store_fu_3669">
<pin_list>
<pin id="3670" dir="0" index="0" bw="8" slack="7"/>
<pin id="3671" dir="0" index="1" bw="8" slack="0"/>
<pin id="3672" dir="1" index="2" bw="0" slack="2147483647"/>
</pin_list>
<bind>
<opcode="store(28) " fcode="store"/>
<opset="store_ln0/10 "/>
</bind>
</comp>

<comp id="3674" class="1004" name="store_ln0_store_fu_3674">
<pin_list>
<pin id="3675" dir="0" index="0" bw="8" slack="7"/>
<pin id="3676" dir="0" index="1" bw="8" slack="0"/>
<pin id="3677" dir="1" index="2" bw="0" slack="2147483647"/>
</pin_list>
<bind>
<opcode="store(28) " fcode="store"/>
<opset="store_ln0/10 "/>
</bind>
</comp>

<comp id="3679" class="1004" name="store_ln0_store_fu_3679">
<pin_list>
<pin id="3680" dir="0" index="0" bw="8" slack="7"/>
<pin id="3681" dir="0" index="1" bw="8" slack="0"/>
<pin id="3682" dir="1" index="2" bw="0" slack="2147483647"/>
</pin_list>
<bind>
<opcode="store(28) " fcode="store"/>
<opset="store_ln0/10 "/>
</bind>
</comp>

<comp id="3684" class="1007" name="grp_fu_3684">
<pin_list>
<pin id="3685" dir="0" index="0" bw="12" slack="0"/>
<pin id="3686" dir="0" index="1" bw="10" slack="0"/>
<pin id="3687" dir="0" index="2" bw="22" slack="0"/>
<pin id="3688" dir="1" index="3" bw="23" slack="0"/>
</pin_list>
<bind>
<opcode="muladd(1172) " fcode="muladd"/>
<opset="mul_ln504/7 sext_ln504/9 add_ln504_1/9 "/>
</bind>
</comp>

<comp id="3693" class="1007" name="grp_fu_3693">
<pin_list>
<pin id="3694" dir="0" index="0" bw="12" slack="0"/>
<pin id="3695" dir="0" index="1" bw="10" slack="0"/>
<pin id="3696" dir="0" index="2" bw="22" slack="0"/>
<pin id="3697" dir="1" index="3" bw="23" slack="0"/>
</pin_list>
<bind>
<opcode="muladd(1172) " fcode="muladd"/>
<opset="mul_ln504_2/7 sext_ln504_2/9 add_ln504/9 "/>
</bind>
</comp>

<comp id="3702" class="1005" name="x_reg_3702">
<pin_list>
<pin id="3703" dir="0" index="0" bw="17" slack="0"/>
<pin id="3704" dir="1" index="1" bw="17" slack="0"/>
</pin_list>
<bind>
<opset="x "/>
</bind>
</comp>

<comp id="3709" class="1005" name="empty_130_reg_3709">
<pin_list>
<pin id="3710" dir="0" index="0" bw="8" slack="0"/>
<pin id="3711" dir="1" index="1" bw="8" slack="0"/>
</pin_list>
<bind>
<opset="empty_130 "/>
</bind>
</comp>

<comp id="3717" class="1005" name="empty_131_reg_3717">
<pin_list>
<pin id="3718" dir="0" index="0" bw="8" slack="0"/>
<pin id="3719" dir="1" index="1" bw="8" slack="0"/>
</pin_list>
<bind>
<opset="empty_131 "/>
</bind>
</comp>

<comp id="3725" class="1005" name="empty_132_reg_3725">
<pin_list>
<pin id="3726" dir="0" index="0" bw="8" slack="0"/>
<pin id="3727" dir="1" index="1" bw="8" slack="0"/>
</pin_list>
<bind>
<opset="empty_132 "/>
</bind>
</comp>

<comp id="3733" class="1005" name="empty_133_reg_3733">
<pin_list>
<pin id="3734" dir="0" index="0" bw="8" slack="0"/>
<pin id="3735" dir="1" index="1" bw="8" slack="0"/>
</pin_list>
<bind>
<opset="empty_133 "/>
</bind>
</comp>

<comp id="3741" class="1005" name="empty_134_reg_3741">
<pin_list>
<pin id="3742" dir="0" index="0" bw="8" slack="0"/>
<pin id="3743" dir="1" index="1" bw="8" slack="0"/>
</pin_list>
<bind>
<opset="empty_134 "/>
</bind>
</comp>

<comp id="3749" class="1005" name="empty_135_reg_3749">
<pin_list>
<pin id="3750" dir="0" index="0" bw="8" slack="0"/>
<pin id="3751" dir="1" index="1" bw="8" slack="0"/>
</pin_list>
<bind>
<opset="empty_135 "/>
</bind>
</comp>

<comp id="3756" class="1005" name="empty_136_reg_3756">
<pin_list>
<pin id="3757" dir="0" index="0" bw="8" slack="0"/>
<pin id="3758" dir="1" index="1" bw="8" slack="0"/>
</pin_list>
<bind>
<opset="empty_136 "/>
</bind>
</comp>

<comp id="3763" class="1005" name="empty_137_reg_3763">
<pin_list>
<pin id="3764" dir="0" index="0" bw="8" slack="0"/>
<pin id="3765" dir="1" index="1" bw="8" slack="0"/>
</pin_list>
<bind>
<opset="empty_137 "/>
</bind>
</comp>

<comp id="3770" class="1005" name="empty_138_reg_3770">
<pin_list>
<pin id="3771" dir="0" index="0" bw="8" slack="0"/>
<pin id="3772" dir="1" index="1" bw="8" slack="0"/>
</pin_list>
<bind>
<opset="empty_138 "/>
</bind>
</comp>

<comp id="3777" class="1005" name="empty_139_reg_3777">
<pin_list>
<pin id="3778" dir="0" index="0" bw="8" slack="0"/>
<pin id="3779" dir="1" index="1" bw="8" slack="0"/>
</pin_list>
<bind>
<opset="empty_139 "/>
</bind>
</comp>

<comp id="3784" class="1005" name="empty_140_reg_3784">
<pin_list>
<pin id="3785" dir="0" index="0" bw="8" slack="0"/>
<pin id="3786" dir="1" index="1" bw="8" slack="0"/>
</pin_list>
<bind>
<opset="empty_140 "/>
</bind>
</comp>

<comp id="3791" class="1005" name="empty_141_reg_3791">
<pin_list>
<pin id="3792" dir="0" index="0" bw="8" slack="0"/>
<pin id="3793" dir="1" index="1" bw="8" slack="0"/>
</pin_list>
<bind>
<opset="empty_141 "/>
</bind>
</comp>

<comp id="3798" class="1005" name="empty_142_reg_3798">
<pin_list>
<pin id="3799" dir="0" index="0" bw="8" slack="0"/>
<pin id="3800" dir="1" index="1" bw="8" slack="0"/>
</pin_list>
<bind>
<opset="empty_142 "/>
</bind>
</comp>

<comp id="3805" class="1005" name="empty_143_reg_3805">
<pin_list>
<pin id="3806" dir="0" index="0" bw="8" slack="0"/>
<pin id="3807" dir="1" index="1" bw="8" slack="0"/>
</pin_list>
<bind>
<opset="empty_143 "/>
</bind>
</comp>

<comp id="3812" class="1005" name="empty_144_reg_3812">
<pin_list>
<pin id="3813" dir="0" index="0" bw="8" slack="0"/>
<pin id="3814" dir="1" index="1" bw="8" slack="0"/>
</pin_list>
<bind>
<opset="empty_144 "/>
</bind>
</comp>

<comp id="3819" class="1005" name="empty_145_reg_3819">
<pin_list>
<pin id="3820" dir="0" index="0" bw="8" slack="0"/>
<pin id="3821" dir="1" index="1" bw="8" slack="0"/>
</pin_list>
<bind>
<opset="empty_145 "/>
</bind>
</comp>

<comp id="3826" class="1005" name="empty_146_reg_3826">
<pin_list>
<pin id="3827" dir="0" index="0" bw="8" slack="0"/>
<pin id="3828" dir="1" index="1" bw="8" slack="0"/>
</pin_list>
<bind>
<opset="empty_146 "/>
</bind>
</comp>

<comp id="3833" class="1005" name="empty_147_reg_3833">
<pin_list>
<pin id="3834" dir="0" index="0" bw="8" slack="0"/>
<pin id="3835" dir="1" index="1" bw="8" slack="0"/>
</pin_list>
<bind>
<opset="empty_147 "/>
</bind>
</comp>

<comp id="3840" class="1005" name="empty_148_reg_3840">
<pin_list>
<pin id="3841" dir="0" index="0" bw="8" slack="0"/>
<pin id="3842" dir="1" index="1" bw="8" slack="0"/>
</pin_list>
<bind>
<opset="empty_148 "/>
</bind>
</comp>

<comp id="3847" class="1005" name="empty_149_reg_3847">
<pin_list>
<pin id="3848" dir="0" index="0" bw="8" slack="0"/>
<pin id="3849" dir="1" index="1" bw="8" slack="0"/>
</pin_list>
<bind>
<opset="empty_149 "/>
</bind>
</comp>

<comp id="3854" class="1005" name="icmp_ln346_reg_3854">
<pin_list>
<pin id="3855" dir="0" index="0" bw="1" slack="1"/>
<pin id="3856" dir="1" index="1" bw="1" slack="2147483647"/>
</pin_list>
<bind>
<opset="icmp_ln346 "/>
</bind>
</comp>

<comp id="3858" class="1005" name="icmp_ln403_reg_3858">
<pin_list>
<pin id="3859" dir="0" index="0" bw="1" slack="1"/>
<pin id="3860" dir="1" index="1" bw="1" slack="1"/>
</pin_list>
<bind>
<opset="icmp_ln403 "/>
</bind>
</comp>

<comp id="3865" class="1005" name="icmp_ln506_reg_3865">
<pin_list>
<pin id="3866" dir="0" index="0" bw="1" slack="10"/>
<pin id="3867" dir="1" index="1" bw="1" slack="10"/>
</pin_list>
<bind>
<opset="icmp_ln506 "/>
</bind>
</comp>

<comp id="3871" class="1005" name="icmp_ln318_reg_3871">
<pin_list>
<pin id="3872" dir="0" index="0" bw="1" slack="1"/>
<pin id="3873" dir="1" index="1" bw="1" slack="2147483647"/>
</pin_list>
<bind>
<opset="icmp_ln318 "/>
</bind>
</comp>

<comp id="3875" class="1005" name="icmp_ln328_reg_3875">
<pin_list>
<pin id="3876" dir="0" index="0" bw="1" slack="1"/>
<pin id="3877" dir="1" index="1" bw="1" slack="2147483647"/>
</pin_list>
<bind>
<opset="icmp_ln328 "/>
</bind>
</comp>

<comp id="3879" class="1005" name="linebuf_yuv_addr_reg_3879">
<pin_list>
<pin id="3880" dir="0" index="0" bw="11" slack="1"/>
<pin id="3881" dir="1" index="1" bw="11" slack="1"/>
</pin_list>
<bind>
<opset="linebuf_yuv_addr "/>
</bind>
</comp>

<comp id="3885" class="1005" name="linebuf_yuv_1_addr_reg_3885">
<pin_list>
<pin id="3886" dir="0" index="0" bw="11" slack="1"/>
<pin id="3887" dir="1" index="1" bw="11" slack="1"/>
</pin_list>
<bind>
<opset="linebuf_yuv_1_addr "/>
</bind>
</comp>

<comp id="3891" class="1005" name="linebuf_yuv_2_addr_reg_3891">
<pin_list>
<pin id="3892" dir="0" index="0" bw="11" slack="1"/>
<pin id="3893" dir="1" index="1" bw="11" slack="1"/>
</pin_list>
<bind>
<opset="linebuf_yuv_2_addr "/>
</bind>
</comp>

<comp id="3897" class="1005" name="linebuf_yuv_3_addr_reg_3897">
<pin_list>
<pin id="3898" dir="0" index="0" bw="11" slack="1"/>
<pin id="3899" dir="1" index="1" bw="11" slack="1"/>
</pin_list>
<bind>
<opset="linebuf_yuv_3_addr "/>
</bind>
</comp>

<comp id="3903" class="1005" name="icmp_ln387_reg_3903">
<pin_list>
<pin id="3904" dir="0" index="0" bw="1" slack="2"/>
<pin id="3905" dir="1" index="1" bw="1" slack="2"/>
</pin_list>
<bind>
<opset="icmp_ln387 "/>
</bind>
</comp>

<comp id="3927" class="1005" name="icmp_ln439_reg_3927">
<pin_list>
<pin id="3928" dir="0" index="0" bw="1" slack="2"/>
<pin id="3929" dir="1" index="1" bw="1" slack="10"/>
</pin_list>
<bind>
<opset="icmp_ln439 "/>
</bind>
</comp>

<comp id="3934" class="1005" name="tmp_52_reg_3934">
<pin_list>
<pin id="3935" dir="0" index="0" bw="1" slack="10"/>
<pin id="3936" dir="1" index="1" bw="1" slack="2147483647"/>
</pin_list>
<bind>
<opset="tmp_52 "/>
</bind>
</comp>

<comp id="3938" class="1005" name="p_load220_reg_3938">
<pin_list>
<pin id="3939" dir="0" index="0" bw="8" slack="1"/>
<pin id="3940" dir="1" index="1" bw="8" slack="1"/>
</pin_list>
<bind>
<opset="p_load220 "/>
</bind>
</comp>

<comp id="3945" class="1005" name="p_load218_reg_3945">
<pin_list>
<pin id="3946" dir="0" index="0" bw="8" slack="1"/>
<pin id="3947" dir="1" index="1" bw="8" slack="1"/>
</pin_list>
<bind>
<opset="p_load218 "/>
</bind>
</comp>

<comp id="3952" class="1005" name="p_load216_reg_3952">
<pin_list>
<pin id="3953" dir="0" index="0" bw="8" slack="1"/>
<pin id="3954" dir="1" index="1" bw="8" slack="1"/>
</pin_list>
<bind>
<opset="p_load216 "/>
</bind>
</comp>

<comp id="3959" class="1005" name="p_load214_reg_3959">
<pin_list>
<pin id="3960" dir="0" index="0" bw="8" slack="1"/>
<pin id="3961" dir="1" index="1" bw="8" slack="1"/>
</pin_list>
<bind>
<opset="p_load214 "/>
</bind>
</comp>

<comp id="3966" class="1005" name="p_load212_reg_3966">
<pin_list>
<pin id="3967" dir="0" index="0" bw="8" slack="1"/>
<pin id="3968" dir="1" index="1" bw="8" slack="1"/>
</pin_list>
<bind>
<opset="p_load212 "/>
</bind>
</comp>

<comp id="3973" class="1005" name="LineBufVal_reg_3973">
<pin_list>
<pin id="3974" dir="0" index="0" bw="8" slack="1"/>
<pin id="3975" dir="1" index="1" bw="8" slack="1"/>
</pin_list>
<bind>
<opset="LineBufVal "/>
</bind>
</comp>

<comp id="3981" class="1005" name="LineBufVal_5_reg_3981">
<pin_list>
<pin id="3982" dir="0" index="0" bw="8" slack="1"/>
<pin id="3983" dir="1" index="1" bw="8" slack="1"/>
</pin_list>
<bind>
<opset="LineBufVal_5 "/>
</bind>
</comp>

<comp id="3989" class="1005" name="LineBufVal_6_reg_3989">
<pin_list>
<pin id="3990" dir="0" index="0" bw="8" slack="1"/>
<pin id="3991" dir="1" index="1" bw="8" slack="1"/>
</pin_list>
<bind>
<opset="LineBufVal_6 "/>
</bind>
</comp>

<comp id="3997" class="1005" name="LineBufVal_7_reg_3997">
<pin_list>
<pin id="3998" dir="0" index="0" bw="8" slack="1"/>
<pin id="3999" dir="1" index="1" bw="8" slack="1"/>
</pin_list>
<bind>
<opset="LineBufVal_7 "/>
</bind>
</comp>

<comp id="4005" class="1005" name="p_load211_reg_4005">
<pin_list>
<pin id="4006" dir="0" index="0" bw="8" slack="7"/>
<pin id="4007" dir="1" index="1" bw="8" slack="7"/>
</pin_list>
<bind>
<opset="p_load211 "/>
</bind>
</comp>

<comp id="4010" class="1005" name="p_load210_reg_4010">
<pin_list>
<pin id="4011" dir="0" index="0" bw="8" slack="7"/>
<pin id="4012" dir="1" index="1" bw="8" slack="7"/>
</pin_list>
<bind>
<opset="p_load210 "/>
</bind>
</comp>

<comp id="4015" class="1005" name="p_load209_reg_4015">
<pin_list>
<pin id="4016" dir="0" index="0" bw="8" slack="7"/>
<pin id="4017" dir="1" index="1" bw="8" slack="7"/>
</pin_list>
<bind>
<opset="p_load209 "/>
</bind>
</comp>

<comp id="4020" class="1005" name="p_load208_reg_4020">
<pin_list>
<pin id="4021" dir="0" index="0" bw="8" slack="7"/>
<pin id="4022" dir="1" index="1" bw="8" slack="7"/>
</pin_list>
<bind>
<opset="p_load208 "/>
</bind>
</comp>

<comp id="4025" class="1005" name="p_load207_reg_4025">
<pin_list>
<pin id="4026" dir="0" index="0" bw="8" slack="7"/>
<pin id="4027" dir="1" index="1" bw="8" slack="7"/>
</pin_list>
<bind>
<opset="p_load207 "/>
</bind>
</comp>

<comp id="4030" class="1005" name="p_load206_reg_4030">
<pin_list>
<pin id="4031" dir="0" index="0" bw="8" slack="7"/>
<pin id="4032" dir="1" index="1" bw="8" slack="7"/>
</pin_list>
<bind>
<opset="p_load206 "/>
</bind>
</comp>

<comp id="4035" class="1005" name="p_load205_reg_4035">
<pin_list>
<pin id="4036" dir="0" index="0" bw="8" slack="7"/>
<pin id="4037" dir="1" index="1" bw="8" slack="7"/>
</pin_list>
<bind>
<opset="p_load205 "/>
</bind>
</comp>

<comp id="4040" class="1005" name="p_load204_reg_4040">
<pin_list>
<pin id="4041" dir="0" index="0" bw="8" slack="7"/>
<pin id="4042" dir="1" index="1" bw="8" slack="7"/>
</pin_list>
<bind>
<opset="p_load204 "/>
</bind>
</comp>

<comp id="4045" class="1005" name="p_load203_reg_4045">
<pin_list>
<pin id="4046" dir="0" index="0" bw="8" slack="7"/>
<pin id="4047" dir="1" index="1" bw="8" slack="7"/>
</pin_list>
<bind>
<opset="p_load203 "/>
</bind>
</comp>

<comp id="4050" class="1005" name="p_load202_reg_4050">
<pin_list>
<pin id="4051" dir="0" index="0" bw="8" slack="7"/>
<pin id="4052" dir="1" index="1" bw="8" slack="7"/>
</pin_list>
<bind>
<opset="p_load202 "/>
</bind>
</comp>

<comp id="4055" class="1005" name="p_load201_reg_4055">
<pin_list>
<pin id="4056" dir="0" index="0" bw="8" slack="7"/>
<pin id="4057" dir="1" index="1" bw="8" slack="7"/>
</pin_list>
<bind>
<opset="p_load201 "/>
</bind>
</comp>

<comp id="4060" class="1005" name="p_load200_reg_4060">
<pin_list>
<pin id="4061" dir="0" index="0" bw="8" slack="7"/>
<pin id="4062" dir="1" index="1" bw="8" slack="7"/>
</pin_list>
<bind>
<opset="p_load200 "/>
</bind>
</comp>

<comp id="4065" class="1005" name="p_load199_reg_4065">
<pin_list>
<pin id="4066" dir="0" index="0" bw="8" slack="7"/>
<pin id="4067" dir="1" index="1" bw="8" slack="7"/>
</pin_list>
<bind>
<opset="p_load199 "/>
</bind>
</comp>

<comp id="4070" class="1005" name="p_load198_reg_4070">
<pin_list>
<pin id="4071" dir="0" index="0" bw="8" slack="7"/>
<pin id="4072" dir="1" index="1" bw="8" slack="7"/>
</pin_list>
<bind>
<opset="p_load198 "/>
</bind>
</comp>

<comp id="4075" class="1005" name="p_load_reg_4075">
<pin_list>
<pin id="4076" dir="0" index="0" bw="8" slack="7"/>
<pin id="4077" dir="1" index="1" bw="8" slack="7"/>
</pin_list>
<bind>
<opset="p_load "/>
</bind>
</comp>

<comp id="4080" class="1005" name="sext_ln465_reg_4080">
<pin_list>
<pin id="4081" dir="0" index="0" bw="11" slack="1"/>
<pin id="4082" dir="1" index="1" bw="11" slack="1"/>
</pin_list>
<bind>
<opset="sext_ln465 "/>
</bind>
</comp>

<comp id="4085" class="1005" name="sext_ln465_1_reg_4085">
<pin_list>
<pin id="4086" dir="0" index="0" bw="11" slack="1"/>
<pin id="4087" dir="1" index="1" bw="11" slack="1"/>
</pin_list>
<bind>
<opset="sext_ln465_1 "/>
</bind>
</comp>

<comp id="4091" class="1005" name="sext_ln465_2_reg_4091">
<pin_list>
<pin id="4092" dir="0" index="0" bw="11" slack="1"/>
<pin id="4093" dir="1" index="1" bw="11" slack="1"/>
</pin_list>
<bind>
<opset="sext_ln465_2 "/>
</bind>
</comp>

<comp id="4096" class="1005" name="sext_ln465_3_reg_4096">
<pin_list>
<pin id="4097" dir="0" index="0" bw="11" slack="1"/>
<pin id="4098" dir="1" index="1" bw="11" slack="1"/>
</pin_list>
<bind>
<opset="sext_ln465_3 "/>
</bind>
</comp>

<comp id="4102" class="1005" name="ave_reg_4102">
<pin_list>
<pin id="4103" dir="0" index="0" bw="12" slack="4"/>
<pin id="4104" dir="1" index="1" bw="12" slack="4"/>
</pin_list>
<bind>
<opset="ave "/>
</bind>
</comp>

<comp id="4107" class="1005" name="sext_ln466_reg_4107">
<pin_list>
<pin id="4108" dir="0" index="0" bw="11" slack="1"/>
<pin id="4109" dir="1" index="1" bw="11" slack="1"/>
</pin_list>
<bind>
<opset="sext_ln466 "/>
</bind>
</comp>

<comp id="4112" class="1005" name="sext_ln466_1_reg_4112">
<pin_list>
<pin id="4113" dir="0" index="0" bw="11" slack="1"/>
<pin id="4114" dir="1" index="1" bw="11" slack="1"/>
</pin_list>
<bind>
<opset="sext_ln466_1 "/>
</bind>
</comp>

<comp id="4118" class="1005" name="sext_ln466_2_reg_4118">
<pin_list>
<pin id="4119" dir="0" index="0" bw="11" slack="1"/>
<pin id="4120" dir="1" index="1" bw="11" slack="1"/>
</pin_list>
<bind>
<opset="sext_ln466_2 "/>
</bind>
</comp>

<comp id="4124" class="1005" name="sext_ln466_3_reg_4124">
<pin_list>
<pin id="4125" dir="0" index="0" bw="11" slack="1"/>
<pin id="4126" dir="1" index="1" bw="11" slack="1"/>
</pin_list>
<bind>
<opset="sext_ln466_3 "/>
</bind>
</comp>

<comp id="4129" class="1005" name="ave_1_reg_4129">
<pin_list>
<pin id="4130" dir="0" index="0" bw="12" slack="6"/>
<pin id="4131" dir="1" index="1" bw="12" slack="6"/>
</pin_list>
<bind>
<opset="ave_1 "/>
</bind>
</comp>

<comp id="4134" class="1005" name="sext_ln467_reg_4134">
<pin_list>
<pin id="4135" dir="0" index="0" bw="11" slack="1"/>
<pin id="4136" dir="1" index="1" bw="11" slack="1"/>
</pin_list>
<bind>
<opset="sext_ln467 "/>
</bind>
</comp>

<comp id="4139" class="1005" name="sext_ln467_1_reg_4139">
<pin_list>
<pin id="4140" dir="0" index="0" bw="11" slack="1"/>
<pin id="4141" dir="1" index="1" bw="11" slack="1"/>
</pin_list>
<bind>
<opset="sext_ln467_1 "/>
</bind>
</comp>

<comp id="4144" class="1005" name="ave_2_reg_4144">
<pin_list>
<pin id="4145" dir="0" index="0" bw="12" slack="6"/>
<pin id="4146" dir="1" index="1" bw="12" slack="6"/>
</pin_list>
<bind>
<opset="ave_2 "/>
</bind>
</comp>

<comp id="4149" class="1005" name="sext_ln468_reg_4149">
<pin_list>
<pin id="4150" dir="0" index="0" bw="11" slack="1"/>
<pin id="4151" dir="1" index="1" bw="11" slack="1"/>
</pin_list>
<bind>
<opset="sext_ln468 "/>
</bind>
</comp>

<comp id="4154" class="1005" name="sext_ln468_1_reg_4154">
<pin_list>
<pin id="4155" dir="0" index="0" bw="11" slack="1"/>
<pin id="4156" dir="1" index="1" bw="11" slack="1"/>
</pin_list>
<bind>
<opset="sext_ln468_1 "/>
</bind>
</comp>

<comp id="4159" class="1005" name="ave_3_reg_4159">
<pin_list>
<pin id="4160" dir="0" index="0" bw="12" slack="4"/>
<pin id="4161" dir="1" index="1" bw="12" slack="4"/>
</pin_list>
<bind>
<opset="ave_3 "/>
</bind>
</comp>

<comp id="4164" class="1005" name="tmp_25_reg_4164">
<pin_list>
<pin id="4165" dir="0" index="0" bw="1" slack="1"/>
<pin id="4166" dir="1" index="1" bw="1" slack="1"/>
</pin_list>
<bind>
<opset="tmp_25 "/>
</bind>
</comp>

<comp id="4169" class="1005" name="trunc_ln472_1_cast_reg_4169">
<pin_list>
<pin id="4170" dir="0" index="0" bw="10" slack="1"/>
<pin id="4171" dir="1" index="1" bw="10" slack="1"/>
</pin_list>
<bind>
<opset="trunc_ln472_1_cast "/>
</bind>
</comp>

<comp id="4174" class="1005" name="trunc_ln472_2_reg_4174">
<pin_list>
<pin id="4175" dir="0" index="0" bw="10" slack="1"/>
<pin id="4176" dir="1" index="1" bw="10" slack="1"/>
</pin_list>
<bind>
<opset="trunc_ln472_2 "/>
</bind>
</comp>

<comp id="4179" class="1005" name="tmp_26_reg_4179">
<pin_list>
<pin id="4180" dir="0" index="0" bw="1" slack="1"/>
<pin id="4181" dir="1" index="1" bw="1" slack="1"/>
</pin_list>
<bind>
<opset="tmp_26 "/>
</bind>
</comp>

<comp id="4184" class="1005" name="trunc_ln472_4_cast_reg_4184">
<pin_list>
<pin id="4185" dir="0" index="0" bw="10" slack="1"/>
<pin id="4186" dir="1" index="1" bw="10" slack="1"/>
</pin_list>
<bind>
<opset="trunc_ln472_4_cast "/>
</bind>
</comp>

<comp id="4189" class="1005" name="trunc_ln472_5_reg_4189">
<pin_list>
<pin id="4190" dir="0" index="0" bw="10" slack="1"/>
<pin id="4191" dir="1" index="1" bw="10" slack="1"/>
</pin_list>
<bind>
<opset="trunc_ln472_5 "/>
</bind>
</comp>

<comp id="4194" class="1005" name="tmp_27_reg_4194">
<pin_list>
<pin id="4195" dir="0" index="0" bw="1" slack="1"/>
<pin id="4196" dir="1" index="1" bw="1" slack="1"/>
</pin_list>
<bind>
<opset="tmp_27 "/>
</bind>
</comp>

<comp id="4199" class="1005" name="trunc_ln472_7_cast_reg_4199">
<pin_list>
<pin id="4200" dir="0" index="0" bw="10" slack="1"/>
<pin id="4201" dir="1" index="1" bw="10" slack="1"/>
</pin_list>
<bind>
<opset="trunc_ln472_7_cast "/>
</bind>
</comp>

<comp id="4204" class="1005" name="trunc_ln472_8_reg_4204">
<pin_list>
<pin id="4205" dir="0" index="0" bw="10" slack="1"/>
<pin id="4206" dir="1" index="1" bw="10" slack="1"/>
</pin_list>
<bind>
<opset="trunc_ln472_8 "/>
</bind>
</comp>

<comp id="4209" class="1005" name="tmp_28_reg_4209">
<pin_list>
<pin id="4210" dir="0" index="0" bw="1" slack="1"/>
<pin id="4211" dir="1" index="1" bw="1" slack="1"/>
</pin_list>
<bind>
<opset="tmp_28 "/>
</bind>
</comp>

<comp id="4214" class="1005" name="trunc_ln472_cast_reg_4214">
<pin_list>
<pin id="4215" dir="0" index="0" bw="10" slack="1"/>
<pin id="4216" dir="1" index="1" bw="10" slack="1"/>
</pin_list>
<bind>
<opset="trunc_ln472_cast "/>
</bind>
</comp>

<comp id="4219" class="1005" name="trunc_ln472_s_reg_4219">
<pin_list>
<pin id="4220" dir="0" index="0" bw="10" slack="1"/>
<pin id="4221" dir="1" index="1" bw="10" slack="1"/>
</pin_list>
<bind>
<opset="trunc_ln472_s "/>
</bind>
</comp>

<comp id="4224" class="1005" name="SD_reg_4224">
<pin_list>
<pin id="4225" dir="0" index="0" bw="8" slack="2"/>
<pin id="4226" dir="1" index="1" bw="8" slack="2"/>
</pin_list>
<bind>
<opset="SD "/>
</bind>
</comp>

<comp id="4229" class="1005" name="SD_1_reg_4229">
<pin_list>
<pin id="4230" dir="0" index="0" bw="8" slack="2"/>
<pin id="4231" dir="1" index="1" bw="8" slack="2"/>
</pin_list>
<bind>
<opset="SD_1 "/>
</bind>
</comp>

<comp id="4234" class="1005" name="var_reg_4234">
<pin_list>
<pin id="4235" dir="0" index="0" bw="11" slack="1"/>
<pin id="4236" dir="1" index="1" bw="11" slack="1"/>
</pin_list>
<bind>
<opset="var "/>
</bind>
</comp>

<comp id="4239" class="1005" name="var_1_reg_4239">
<pin_list>
<pin id="4240" dir="0" index="0" bw="11" slack="1"/>
<pin id="4241" dir="1" index="1" bw="11" slack="1"/>
</pin_list>
<bind>
<opset="var_1 "/>
</bind>
</comp>

<comp id="4244" class="1005" name="var_2_reg_4244">
<pin_list>
<pin id="4245" dir="0" index="0" bw="11" slack="1"/>
<pin id="4246" dir="1" index="1" bw="11" slack="1"/>
</pin_list>
<bind>
<opset="var_2 "/>
</bind>
</comp>

<comp id="4249" class="1005" name="var_3_reg_4249">
<pin_list>
<pin id="4250" dir="0" index="0" bw="11" slack="1"/>
<pin id="4251" dir="1" index="1" bw="11" slack="1"/>
</pin_list>
<bind>
<opset="var_3 "/>
</bind>
</comp>

<comp id="4254" class="1005" name="DIV1_TABLE_addr_reg_4254">
<pin_list>
<pin id="4255" dir="0" index="0" bw="10" slack="1"/>
<pin id="4256" dir="1" index="1" bw="10" slack="1"/>
</pin_list>
<bind>
<opset="DIV1_TABLE_addr "/>
</bind>
</comp>

<comp id="4259" class="1005" name="DIV1_TABLE_addr_1_reg_4259">
<pin_list>
<pin id="4260" dir="0" index="0" bw="10" slack="1"/>
<pin id="4261" dir="1" index="1" bw="10" slack="1"/>
</pin_list>
<bind>
<opset="DIV1_TABLE_addr_1 "/>
</bind>
</comp>

<comp id="4264" class="1005" name="DIV1_TABLE_addr_2_reg_4264">
<pin_list>
<pin id="4265" dir="0" index="0" bw="10" slack="1"/>
<pin id="4266" dir="1" index="1" bw="10" slack="1"/>
</pin_list>
<bind>
<opset="DIV1_TABLE_addr_2 "/>
</bind>
</comp>

<comp id="4269" class="1005" name="DIV1_TABLE_addr_3_reg_4269">
<pin_list>
<pin id="4270" dir="0" index="0" bw="10" slack="1"/>
<pin id="4271" dir="1" index="1" bw="10" slack="1"/>
</pin_list>
<bind>
<opset="DIV1_TABLE_addr_3 "/>
</bind>
</comp>

<comp id="4274" class="1005" name="sw_reg_4274">
<pin_list>
<pin id="4275" dir="0" index="0" bw="9" slack="1"/>
<pin id="4276" dir="1" index="1" bw="9" slack="1"/>
</pin_list>
<bind>
<opset="sw "/>
</bind>
</comp>

<comp id="4279" class="1005" name="lshr_ln1_reg_4279">
<pin_list>
<pin id="4280" dir="0" index="0" bw="8" slack="1"/>
<pin id="4281" dir="1" index="1" bw="8" slack="1"/>
</pin_list>
<bind>
<opset="lshr_ln1 "/>
</bind>
</comp>

<comp id="4284" class="1005" name="lshr_ln494_1_reg_4284">
<pin_list>
<pin id="4285" dir="0" index="0" bw="8" slack="1"/>
<pin id="4286" dir="1" index="1" bw="8" slack="1"/>
</pin_list>
<bind>
<opset="lshr_ln494_1 "/>
</bind>
</comp>

<comp id="4289" class="1005" name="lshr_ln494_2_reg_4289">
<pin_list>
<pin id="4290" dir="0" index="0" bw="9" slack="1"/>
<pin id="4291" dir="1" index="1" bw="9" slack="1"/>
</pin_list>
<bind>
<opset="lshr_ln494_2 "/>
</bind>
</comp>

<comp id="4294" class="1005" name="DIV2_TABLE_addr_reg_4294">
<pin_list>
<pin id="4295" dir="0" index="0" bw="12" slack="1"/>
<pin id="4296" dir="1" index="1" bw="12" slack="1"/>
</pin_list>
<bind>
<opset="DIV2_TABLE_addr "/>
</bind>
</comp>

<comp id="4299" class="1005" name="sext_ln472_reg_4299">
<pin_list>
<pin id="4300" dir="0" index="0" bw="22" slack="1"/>
<pin id="4301" dir="1" index="1" bw="22" slack="1"/>
</pin_list>
<bind>
<opset="sext_ln472 "/>
</bind>
</comp>

<comp id="4304" class="1005" name="sext_ln472_3_reg_4304">
<pin_list>
<pin id="4305" dir="0" index="0" bw="22" slack="1"/>
<pin id="4306" dir="1" index="1" bw="22" slack="1"/>
</pin_list>
<bind>
<opset="sext_ln472_3 "/>
</bind>
</comp>

<comp id="4309" class="1005" name="lshr_ln501_1_reg_4309">
<pin_list>
<pin id="4310" dir="0" index="0" bw="10" slack="2"/>
<pin id="4311" dir="1" index="1" bw="10" slack="2"/>
</pin_list>
<bind>
<opset="lshr_ln501_1 "/>
</bind>
</comp>

<comp id="4314" class="1005" name="lshr_ln501_2_reg_4314">
<pin_list>
<pin id="4315" dir="0" index="0" bw="10" slack="2"/>
<pin id="4316" dir="1" index="1" bw="10" slack="2"/>
</pin_list>
<bind>
<opset="lshr_ln501_2 "/>
</bind>
</comp>

<comp id="4319" class="1005" name="zext_ln504_reg_4319">
<pin_list>
<pin id="4320" dir="0" index="0" bw="22" slack="1"/>
<pin id="4321" dir="1" index="1" bw="22" slack="1"/>
</pin_list>
<bind>
<opset="zext_ln504 "/>
</bind>
</comp>

<comp id="4324" class="1005" name="zext_ln504_2_reg_4324">
<pin_list>
<pin id="4325" dir="0" index="0" bw="22" slack="1"/>
<pin id="4326" dir="1" index="1" bw="22" slack="1"/>
</pin_list>
<bind>
<opset="zext_ln504_2 "/>
</bind>
</comp>

<comp id="4329" class="1005" name="sext_ln504_1_reg_4329">
<pin_list>
<pin id="4330" dir="0" index="0" bw="23" slack="1"/>
<pin id="4331" dir="1" index="1" bw="23" slack="1"/>
</pin_list>
<bind>
<opset="sext_ln504_1 "/>
</bind>
</comp>

<comp id="4334" class="1005" name="sext_ln504_3_reg_4334">
<pin_list>
<pin id="4335" dir="0" index="0" bw="23" slack="1"/>
<pin id="4336" dir="1" index="1" bw="23" slack="1"/>
</pin_list>
<bind>
<opset="sext_ln504_3 "/>
</bind>
</comp>

<comp id="4339" class="1005" name="zext_ln504_4_reg_4339">
<pin_list>
<pin id="4340" dir="0" index="0" bw="12" slack="1"/>
<pin id="4341" dir="1" index="1" bw="12" slack="1"/>
</pin_list>
<bind>
<opset="zext_ln504_4 "/>
</bind>
</comp>

<comp id="4344" class="1005" name="g_reg_4344">
<pin_list>
<pin id="4345" dir="0" index="0" bw="12" slack="1"/>
<pin id="4346" dir="1" index="1" bw="12" slack="1"/>
</pin_list>
<bind>
<opset="g "/>
</bind>
</comp>

</comp_list>

<net_list>
<net id="233"><net_src comp="106" pin="0"/><net_sink comp="230" pin=0"/></net>

<net id="237"><net_src comp="106" pin="0"/><net_sink comp="234" pin=0"/></net>

<net id="241"><net_src comp="106" pin="0"/><net_sink comp="238" pin=0"/></net>

<net id="245"><net_src comp="106" pin="0"/><net_sink comp="242" pin=0"/></net>

<net id="249"><net_src comp="106" pin="0"/><net_sink comp="246" pin=0"/></net>

<net id="253"><net_src comp="106" pin="0"/><net_sink comp="250" pin=0"/></net>

<net id="257"><net_src comp="106" pin="0"/><net_sink comp="254" pin=0"/></net>

<net id="261"><net_src comp="106" pin="0"/><net_sink comp="258" pin=0"/></net>

<net id="265"><net_src comp="106" pin="0"/><net_sink comp="262" pin=0"/></net>

<net id="269"><net_src comp="106" pin="0"/><net_sink comp="266" pin=0"/></net>

<net id="273"><net_src comp="106" pin="0"/><net_sink comp="270" pin=0"/></net>

<net id="277"><net_src comp="106" pin="0"/><net_sink comp="274" pin=0"/></net>

<net id="281"><net_src comp="106" pin="0"/><net_sink comp="278" pin=0"/></net>

<net id="285"><net_src comp="106" pin="0"/><net_sink comp="282" pin=0"/></net>

<net id="289"><net_src comp="106" pin="0"/><net_sink comp="286" pin=0"/></net>

<net id="293"><net_src comp="106" pin="0"/><net_sink comp="290" pin=0"/></net>

<net id="297"><net_src comp="106" pin="0"/><net_sink comp="294" pin=0"/></net>

<net id="301"><net_src comp="106" pin="0"/><net_sink comp="298" pin=0"/></net>

<net id="305"><net_src comp="106" pin="0"/><net_sink comp="302" pin=0"/></net>

<net id="309"><net_src comp="106" pin="0"/><net_sink comp="306" pin=0"/></net>

<net id="313"><net_src comp="106" pin="0"/><net_sink comp="310" pin=0"/></net>

<net id="317"><net_src comp="128" pin="0"/><net_sink comp="314" pin=0"/></net>

<net id="321"><net_src comp="128" pin="0"/><net_sink comp="318" pin=0"/></net>

<net id="325"><net_src comp="128" pin="0"/><net_sink comp="322" pin=0"/></net>

<net id="329"><net_src comp="128" pin="0"/><net_sink comp="326" pin=0"/></net>

<net id="334"><net_src comp="118" pin="0"/><net_sink comp="330" pin=0"/></net>

<net id="335"><net_src comp="58" pin="0"/><net_sink comp="330" pin=1"/></net>

<net id="340"><net_src comp="120" pin="0"/><net_sink comp="336" pin=0"/></net>

<net id="341"><net_src comp="56" pin="0"/><net_sink comp="336" pin=1"/></net>

<net id="346"><net_src comp="122" pin="0"/><net_sink comp="342" pin=0"/></net>

<net id="347"><net_src comp="54" pin="0"/><net_sink comp="342" pin=1"/></net>

<net id="352"><net_src comp="118" pin="0"/><net_sink comp="348" pin=0"/></net>

<net id="353"><net_src comp="50" pin="0"/><net_sink comp="348" pin=1"/></net>

<net id="358"><net_src comp="120" pin="0"/><net_sink comp="354" pin=0"/></net>

<net id="359"><net_src comp="48" pin="0"/><net_sink comp="354" pin=1"/></net>

<net id="364"><net_src comp="122" pin="0"/><net_sink comp="360" pin=0"/></net>

<net id="365"><net_src comp="46" pin="0"/><net_sink comp="360" pin=1"/></net>

<net id="370"><net_src comp="124" pin="0"/><net_sink comp="366" pin=0"/></net>

<net id="371"><net_src comp="44" pin="0"/><net_sink comp="366" pin=1"/></net>

<net id="376"><net_src comp="118" pin="0"/><net_sink comp="372" pin=0"/></net>

<net id="377"><net_src comp="42" pin="0"/><net_sink comp="372" pin=1"/></net>

<net id="382"><net_src comp="124" pin="0"/><net_sink comp="378" pin=0"/></net>

<net id="383"><net_src comp="40" pin="0"/><net_sink comp="378" pin=1"/></net>

<net id="388"><net_src comp="126" pin="0"/><net_sink comp="384" pin=0"/></net>

<net id="389"><net_src comp="38" pin="0"/><net_sink comp="384" pin=1"/></net>

<net id="394"><net_src comp="126" pin="0"/><net_sink comp="390" pin=0"/></net>

<net id="395"><net_src comp="36" pin="0"/><net_sink comp="390" pin=1"/></net>

<net id="400"><net_src comp="126" pin="0"/><net_sink comp="396" pin=0"/></net>

<net id="401"><net_src comp="34" pin="0"/><net_sink comp="396" pin=1"/></net>

<net id="406"><net_src comp="126" pin="0"/><net_sink comp="402" pin=0"/></net>

<net id="407"><net_src comp="32" pin="0"/><net_sink comp="402" pin=1"/></net>

<net id="412"><net_src comp="126" pin="0"/><net_sink comp="408" pin=0"/></net>

<net id="413"><net_src comp="30" pin="0"/><net_sink comp="408" pin=1"/></net>

<net id="418"><net_src comp="126" pin="0"/><net_sink comp="414" pin=0"/></net>

<net id="419"><net_src comp="28" pin="0"/><net_sink comp="414" pin=1"/></net>

<net id="424"><net_src comp="126" pin="0"/><net_sink comp="420" pin=0"/></net>

<net id="425"><net_src comp="26" pin="0"/><net_sink comp="420" pin=1"/></net>

<net id="430"><net_src comp="126" pin="0"/><net_sink comp="426" pin=0"/></net>

<net id="431"><net_src comp="24" pin="0"/><net_sink comp="426" pin=1"/></net>

<net id="436"><net_src comp="126" pin="0"/><net_sink comp="432" pin=0"/></net>

<net id="437"><net_src comp="22" pin="0"/><net_sink comp="432" pin=1"/></net>

<net id="442"><net_src comp="126" pin="0"/><net_sink comp="438" pin=0"/></net>

<net id="443"><net_src comp="20" pin="0"/><net_sink comp="438" pin=1"/></net>

<net id="448"><net_src comp="126" pin="0"/><net_sink comp="444" pin=0"/></net>

<net id="449"><net_src comp="18" pin="0"/><net_sink comp="444" pin=1"/></net>

<net id="454"><net_src comp="126" pin="0"/><net_sink comp="450" pin=0"/></net>

<net id="455"><net_src comp="16" pin="0"/><net_sink comp="450" pin=1"/></net>

<net id="460"><net_src comp="126" pin="0"/><net_sink comp="456" pin=0"/></net>

<net id="461"><net_src comp="14" pin="0"/><net_sink comp="456" pin=1"/></net>

<net id="466"><net_src comp="126" pin="0"/><net_sink comp="462" pin=0"/></net>

<net id="467"><net_src comp="12" pin="0"/><net_sink comp="462" pin=1"/></net>

<net id="472"><net_src comp="126" pin="0"/><net_sink comp="468" pin=0"/></net>

<net id="473"><net_src comp="10" pin="0"/><net_sink comp="468" pin=1"/></net>

<net id="478"><net_src comp="126" pin="0"/><net_sink comp="474" pin=0"/></net>

<net id="479"><net_src comp="8" pin="0"/><net_sink comp="474" pin=1"/></net>

<net id="484"><net_src comp="126" pin="0"/><net_sink comp="480" pin=0"/></net>

<net id="485"><net_src comp="6" pin="0"/><net_sink comp="480" pin=1"/></net>

<net id="490"><net_src comp="126" pin="0"/><net_sink comp="486" pin=0"/></net>

<net id="491"><net_src comp="4" pin="0"/><net_sink comp="486" pin=1"/></net>

<net id="496"><net_src comp="126" pin="0"/><net_sink comp="492" pin=0"/></net>

<net id="497"><net_src comp="2" pin="0"/><net_sink comp="492" pin=1"/></net>

<net id="502"><net_src comp="126" pin="0"/><net_sink comp="498" pin=0"/></net>

<net id="503"><net_src comp="0" pin="0"/><net_sink comp="498" pin=1"/></net>

<net id="508"><net_src comp="156" pin="0"/><net_sink comp="504" pin=0"/></net>

<net id="509"><net_src comp="60" pin="0"/><net_sink comp="504" pin=1"/></net>

<net id="515"><net_src comp="228" pin="0"/><net_sink comp="510" pin=0"/></net>

<net id="516"><net_src comp="52" pin="0"/><net_sink comp="510" pin=1"/></net>

<net id="522"><net_src comp="326" pin="1"/><net_sink comp="517" pin=0"/></net>

<net id="523"><net_src comp="150" pin="0"/><net_sink comp="517" pin=1"/></net>

<net id="533"><net_src comp="517" pin="3"/><net_sink comp="524" pin=2"/></net>

<net id="539"><net_src comp="322" pin="1"/><net_sink comp="534" pin=0"/></net>

<net id="540"><net_src comp="150" pin="0"/><net_sink comp="534" pin=1"/></net>

<net id="550"><net_src comp="534" pin="3"/><net_sink comp="541" pin=2"/></net>

<net id="556"><net_src comp="318" pin="1"/><net_sink comp="551" pin=0"/></net>

<net id="557"><net_src comp="150" pin="0"/><net_sink comp="551" pin=1"/></net>

<net id="567"><net_src comp="551" pin="3"/><net_sink comp="558" pin=2"/></net>

<net id="573"><net_src comp="314" pin="1"/><net_sink comp="568" pin=0"/></net>

<net id="574"><net_src comp="150" pin="0"/><net_sink comp="568" pin=1"/></net>

<net id="584"><net_src comp="568" pin="3"/><net_sink comp="575" pin=2"/></net>

<net id="585"><net_src comp="504" pin="2"/><net_sink comp="524" pin=1"/></net>

<net id="591"><net_src comp="102" pin="0"/><net_sink comp="586" pin=0"/></net>

<net id="592"><net_src comp="150" pin="0"/><net_sink comp="586" pin=1"/></net>

<net id="610"><net_src comp="586" pin="3"/><net_sink comp="593" pin=8"/></net>

<net id="616"><net_src comp="102" pin="0"/><net_sink comp="611" pin=0"/></net>

<net id="617"><net_src comp="150" pin="0"/><net_sink comp="611" pin=1"/></net>

<net id="618"><net_src comp="611" pin="3"/><net_sink comp="593" pin=5"/></net>

<net id="624"><net_src comp="102" pin="0"/><net_sink comp="619" pin=0"/></net>

<net id="625"><net_src comp="150" pin="0"/><net_sink comp="619" pin=1"/></net>

<net id="626"><net_src comp="619" pin="3"/><net_sink comp="593" pin=2"/></net>

<net id="632"><net_src comp="102" pin="0"/><net_sink comp="627" pin=0"/></net>

<net id="633"><net_src comp="150" pin="0"/><net_sink comp="627" pin=1"/></net>

<net id="634"><net_src comp="627" pin="3"/><net_sink comp="593" pin=0"/></net>

<net id="640"><net_src comp="104" pin="0"/><net_sink comp="635" pin=0"/></net>

<net id="641"><net_src comp="150" pin="0"/><net_sink comp="635" pin=1"/></net>

<net id="647"><net_src comp="635" pin="3"/><net_sink comp="642" pin=0"/></net>

<net id="657"><net_src comp="504" pin="2"/><net_sink comp="651" pin=0"/></net>

<net id="658"><net_src comp="524" pin="7"/><net_sink comp="651" pin=2"/></net>

<net id="659"><net_src comp="651" pin="4"/><net_sink comp="648" pin=0"/></net>

<net id="750"><net_src comp="744" pin="4"/><net_sink comp="741" pin=0"/></net>

<net id="844"><net_src comp="378" pin="2"/><net_sink comp="841" pin=0"/></net>

<net id="849"><net_src comp="372" pin="2"/><net_sink comp="845" pin=0"/></net>

<net id="850"><net_src comp="841" pin="1"/><net_sink comp="845" pin=1"/></net>

<net id="855"><net_src comp="372" pin="2"/><net_sink comp="851" pin=0"/></net>

<net id="856"><net_src comp="130" pin="0"/><net_sink comp="851" pin=1"/></net>

<net id="860"><net_src comp="366" pin="2"/><net_sink comp="857" pin=0"/></net>

<net id="864"><net_src comp="360" pin="2"/><net_sink comp="861" pin=0"/></net>

<net id="869"><net_src comp="861" pin="1"/><net_sink comp="865" pin=0"/></net>

<net id="870"><net_src comp="354" pin="2"/><net_sink comp="865" pin=1"/></net>

<net id="875"><net_src comp="468" pin="2"/><net_sink comp="871" pin=0"/></net>

<net id="880"><net_src comp="462" pin="2"/><net_sink comp="876" pin=0"/></net>

<net id="885"><net_src comp="456" pin="2"/><net_sink comp="881" pin=0"/></net>

<net id="890"><net_src comp="450" pin="2"/><net_sink comp="886" pin=0"/></net>

<net id="895"><net_src comp="444" pin="2"/><net_sink comp="891" pin=0"/></net>

<net id="900"><net_src comp="438" pin="2"/><net_sink comp="896" pin=0"/></net>

<net id="905"><net_src comp="432" pin="2"/><net_sink comp="901" pin=0"/></net>

<net id="910"><net_src comp="426" pin="2"/><net_sink comp="906" pin=0"/></net>

<net id="915"><net_src comp="420" pin="2"/><net_sink comp="911" pin=0"/></net>

<net id="920"><net_src comp="414" pin="2"/><net_sink comp="916" pin=0"/></net>

<net id="925"><net_src comp="408" pin="2"/><net_sink comp="921" pin=0"/></net>

<net id="930"><net_src comp="402" pin="2"/><net_sink comp="926" pin=0"/></net>

<net id="935"><net_src comp="396" pin="2"/><net_sink comp="931" pin=0"/></net>

<net id="940"><net_src comp="390" pin="2"/><net_sink comp="936" pin=0"/></net>

<net id="945"><net_src comp="384" pin="2"/><net_sink comp="941" pin=0"/></net>

<net id="950"><net_src comp="498" pin="2"/><net_sink comp="946" pin=0"/></net>

<net id="955"><net_src comp="492" pin="2"/><net_sink comp="951" pin=0"/></net>

<net id="960"><net_src comp="486" pin="2"/><net_sink comp="956" pin=0"/></net>

<net id="965"><net_src comp="480" pin="2"/><net_sink comp="961" pin=0"/></net>

<net id="970"><net_src comp="474" pin="2"/><net_sink comp="966" pin=0"/></net>

<net id="975"><net_src comp="130" pin="0"/><net_sink comp="971" pin=0"/></net>

<net id="983"><net_src comp="976" pin="1"/><net_sink comp="979" pin=0"/></net>

<net id="984"><net_src comp="348" pin="2"/><net_sink comp="979" pin=1"/></net>

<net id="989"><net_src comp="976" pin="1"/><net_sink comp="985" pin=0"/></net>

<net id="990"><net_src comp="132" pin="0"/><net_sink comp="985" pin=1"/></net>

<net id="994"><net_src comp="985" pin="2"/><net_sink comp="991" pin=0"/></net>

<net id="995"><net_src comp="991" pin="1"/><net_sink comp="517" pin=2"/></net>

<net id="996"><net_src comp="991" pin="1"/><net_sink comp="534" pin=2"/></net>

<net id="997"><net_src comp="991" pin="1"/><net_sink comp="551" pin=2"/></net>

<net id="998"><net_src comp="991" pin="1"/><net_sink comp="568" pin=2"/></net>

<net id="1003"><net_src comp="976" pin="1"/><net_sink comp="999" pin=0"/></net>

<net id="1004"><net_src comp="148" pin="0"/><net_sink comp="999" pin=1"/></net>

<net id="1008"><net_src comp="999" pin="2"/><net_sink comp="1005" pin=0"/></net>

<net id="1013"><net_src comp="976" pin="1"/><net_sink comp="1009" pin=0"/></net>

<net id="1014"><net_src comp="857" pin="1"/><net_sink comp="1009" pin=1"/></net>

<net id="1019"><net_src comp="976" pin="1"/><net_sink comp="1015" pin=0"/></net>

<net id="1020"><net_src comp="130" pin="0"/><net_sink comp="1015" pin=1"/></net>

<net id="1025"><net_src comp="1005" pin="1"/><net_sink comp="1021" pin=0"/></net>

<net id="1026"><net_src comp="342" pin="2"/><net_sink comp="1021" pin=1"/></net>

<net id="1030"><net_src comp="1021" pin="2"/><net_sink comp="1027" pin=0"/></net>

<net id="1035"><net_src comp="336" pin="2"/><net_sink comp="1031" pin=0"/></net>

<net id="1036"><net_src comp="1027" pin="1"/><net_sink comp="1031" pin=1"/></net>

<net id="1041"><net_src comp="999" pin="2"/><net_sink comp="1037" pin=0"/></net>

<net id="1042"><net_src comp="330" pin="2"/><net_sink comp="1037" pin=1"/></net>

<net id="1048"><net_src comp="152" pin="0"/><net_sink comp="1043" pin=0"/></net>

<net id="1049"><net_src comp="1037" pin="2"/><net_sink comp="1043" pin=1"/></net>

<net id="1050"><net_src comp="154" pin="0"/><net_sink comp="1043" pin=2"/></net>

<net id="1055"><net_src comp="985" pin="2"/><net_sink comp="1051" pin=0"/></net>

<net id="1076"><net_src comp="541" pin="7"/><net_sink comp="1071" pin=1"/></net>

<net id="1077"><net_src comp="651" pin="4"/><net_sink comp="1071" pin=2"/></net>

<net id="1078"><net_src comp="1071" pin="3"/><net_sink comp="558" pin=1"/></net>

<net id="1084"><net_src comp="558" pin="7"/><net_sink comp="1079" pin=1"/></net>

<net id="1085"><net_src comp="651" pin="4"/><net_sink comp="1079" pin=2"/></net>

<net id="1086"><net_src comp="1079" pin="3"/><net_sink comp="575" pin=1"/></net>

<net id="1092"><net_src comp="524" pin="7"/><net_sink comp="1087" pin=1"/></net>

<net id="1093"><net_src comp="651" pin="4"/><net_sink comp="1087" pin=2"/></net>

<net id="1094"><net_src comp="1087" pin="3"/><net_sink comp="541" pin=1"/></net>

<net id="1099"><net_src comp="651" pin="4"/><net_sink comp="1095" pin=0"/></net>

<net id="1104"><net_src comp="524" pin="7"/><net_sink comp="1100" pin=0"/></net>

<net id="1109"><net_src comp="541" pin="7"/><net_sink comp="1105" pin=0"/></net>

<net id="1114"><net_src comp="558" pin="7"/><net_sink comp="1110" pin=0"/></net>

<net id="1119"><net_src comp="575" pin="7"/><net_sink comp="1115" pin=0"/></net>

<net id="1123"><net_src comp="1120" pin="1"/><net_sink comp="826" pin=2"/></net>

<net id="1127"><net_src comp="1124" pin="1"/><net_sink comp="835" pin=2"/></net>

<net id="1131"><net_src comp="1128" pin="1"/><net_sink comp="817" pin=2"/></net>

<net id="1135"><net_src comp="1132" pin="1"/><net_sink comp="790" pin=2"/></net>

<net id="1139"><net_src comp="1136" pin="1"/><net_sink comp="799" pin=2"/></net>

<net id="1143"><net_src comp="1140" pin="1"/><net_sink comp="781" pin=2"/></net>

<net id="1147"><net_src comp="1144" pin="1"/><net_sink comp="754" pin=2"/></net>

<net id="1151"><net_src comp="1148" pin="1"/><net_sink comp="763" pin=2"/></net>

<net id="1155"><net_src comp="1152" pin="1"/><net_sink comp="744" pin=2"/></net>

<net id="1159"><net_src comp="1156" pin="1"/><net_sink comp="717" pin=2"/></net>

<net id="1163"><net_src comp="1160" pin="1"/><net_sink comp="726" pin=2"/></net>

<net id="1167"><net_src comp="1164" pin="1"/><net_sink comp="708" pin=2"/></net>

<net id="1171"><net_src comp="1168" pin="1"/><net_sink comp="681" pin=2"/></net>

<net id="1175"><net_src comp="1172" pin="1"/><net_sink comp="690" pin=2"/></net>

<net id="1179"><net_src comp="1176" pin="1"/><net_sink comp="672" pin=2"/></net>

<net id="1185"><net_src comp="1180" pin="3"/><net_sink comp="772" pin=0"/></net>

<net id="1191"><net_src comp="1140" pin="1"/><net_sink comp="1186" pin=2"/></net>

<net id="1192"><net_src comp="1186" pin="3"/><net_sink comp="781" pin=0"/></net>

<net id="1198"><net_src comp="1132" pin="1"/><net_sink comp="1193" pin=2"/></net>

<net id="1199"><net_src comp="1193" pin="3"/><net_sink comp="790" pin=0"/></net>

<net id="1205"><net_src comp="1136" pin="1"/><net_sink comp="1200" pin=2"/></net>

<net id="1206"><net_src comp="1200" pin="3"/><net_sink comp="799" pin=0"/></net>

<net id="1212"><net_src comp="1207" pin="3"/><net_sink comp="808" pin=0"/></net>

<net id="1218"><net_src comp="1128" pin="1"/><net_sink comp="1213" pin=2"/></net>

<net id="1219"><net_src comp="1213" pin="3"/><net_sink comp="817" pin=0"/></net>

<net id="1225"><net_src comp="1120" pin="1"/><net_sink comp="1220" pin=2"/></net>

<net id="1226"><net_src comp="1220" pin="3"/><net_sink comp="826" pin=0"/></net>

<net id="1232"><net_src comp="1124" pin="1"/><net_sink comp="1227" pin=2"/></net>

<net id="1233"><net_src comp="1227" pin="3"/><net_sink comp="835" pin=0"/></net>

<net id="1239"><net_src comp="1234" pin="3"/><net_sink comp="699" pin=0"/></net>

<net id="1245"><net_src comp="1164" pin="1"/><net_sink comp="1240" pin=2"/></net>

<net id="1246"><net_src comp="1240" pin="3"/><net_sink comp="708" pin=0"/></net>

<net id="1252"><net_src comp="1156" pin="1"/><net_sink comp="1247" pin=2"/></net>

<net id="1253"><net_src comp="1247" pin="3"/><net_sink comp="717" pin=0"/></net>

<net id="1259"><net_src comp="1160" pin="1"/><net_sink comp="1254" pin=2"/></net>

<net id="1260"><net_src comp="1254" pin="3"/><net_sink comp="726" pin=0"/></net>

<net id="1266"><net_src comp="1261" pin="3"/><net_sink comp="735" pin=0"/></net>

<net id="1272"><net_src comp="1152" pin="1"/><net_sink comp="1267" pin=2"/></net>

<net id="1273"><net_src comp="1267" pin="3"/><net_sink comp="744" pin=0"/></net>

<net id="1279"><net_src comp="1144" pin="1"/><net_sink comp="1274" pin=2"/></net>

<net id="1280"><net_src comp="1274" pin="3"/><net_sink comp="754" pin=0"/></net>

<net id="1286"><net_src comp="1148" pin="1"/><net_sink comp="1281" pin=2"/></net>

<net id="1287"><net_src comp="1281" pin="3"/><net_sink comp="763" pin=0"/></net>

<net id="1293"><net_src comp="648" pin="1"/><net_sink comp="1288" pin=1"/></net>

<net id="1294"><net_src comp="1288" pin="3"/><net_sink comp="663" pin=0"/></net>

<net id="1300"><net_src comp="648" pin="1"/><net_sink comp="1295" pin=1"/></net>

<net id="1301"><net_src comp="1176" pin="1"/><net_sink comp="1295" pin=2"/></net>

<net id="1302"><net_src comp="1295" pin="3"/><net_sink comp="672" pin=0"/></net>

<net id="1308"><net_src comp="648" pin="1"/><net_sink comp="1303" pin=1"/></net>

<net id="1309"><net_src comp="1168" pin="1"/><net_sink comp="1303" pin=2"/></net>

<net id="1310"><net_src comp="1303" pin="3"/><net_sink comp="681" pin=0"/></net>

<net id="1316"><net_src comp="648" pin="1"/><net_sink comp="1311" pin=1"/></net>

<net id="1317"><net_src comp="1172" pin="1"/><net_sink comp="1311" pin=2"/></net>

<net id="1318"><net_src comp="1311" pin="3"/><net_sink comp="690" pin=0"/></net>

<net id="1339"><net_src comp="158" pin="0"/><net_sink comp="1334" pin=0"/></net>

<net id="1340"><net_src comp="781" pin="4"/><net_sink comp="1334" pin=1"/></net>

<net id="1341"><net_src comp="160" pin="0"/><net_sink comp="1334" pin=2"/></net>

<net id="1345"><net_src comp="1334" pin="3"/><net_sink comp="1342" pin=0"/></net>

<net id="1349"><net_src comp="817" pin="4"/><net_sink comp="1346" pin=0"/></net>

<net id="1353"><net_src comp="817" pin="4"/><net_sink comp="1350" pin=0"/></net>

<net id="1357"><net_src comp="744" pin="4"/><net_sink comp="1354" pin=0"/></net>

<net id="1361"><net_src comp="744" pin="4"/><net_sink comp="1358" pin=0"/></net>

<net id="1366"><net_src comp="1342" pin="1"/><net_sink comp="1362" pin=0"/></net>

<net id="1367"><net_src comp="1358" pin="1"/><net_sink comp="1362" pin=1"/></net>

<net id="1372"><net_src comp="1362" pin="2"/><net_sink comp="1368" pin=0"/></net>

<net id="1373"><net_src comp="1350" pin="1"/><net_sink comp="1368" pin=1"/></net>

<net id="1379"><net_src comp="158" pin="0"/><net_sink comp="1374" pin=0"/></net>

<net id="1380"><net_src comp="835" pin="4"/><net_sink comp="1374" pin=1"/></net>

<net id="1381"><net_src comp="160" pin="0"/><net_sink comp="1374" pin=2"/></net>

<net id="1385"><net_src comp="1374" pin="3"/><net_sink comp="1382" pin=0"/></net>

<net id="1389"><net_src comp="826" pin="4"/><net_sink comp="1386" pin=0"/></net>

<net id="1393"><net_src comp="826" pin="4"/><net_sink comp="1390" pin=0"/></net>

<net id="1398"><net_src comp="1390" pin="1"/><net_sink comp="1394" pin=0"/></net>

<net id="1399"><net_src comp="1346" pin="1"/><net_sink comp="1394" pin=1"/></net>

<net id="1403"><net_src comp="1394" pin="2"/><net_sink comp="1400" pin=0"/></net>

<net id="1408"><net_src comp="1382" pin="1"/><net_sink comp="1404" pin=0"/></net>

<net id="1409"><net_src comp="1400" pin="1"/><net_sink comp="1404" pin=1"/></net>

<net id="1415"><net_src comp="158" pin="0"/><net_sink comp="1410" pin=0"/></net>

<net id="1416"><net_src comp="790" pin="4"/><net_sink comp="1410" pin=1"/></net>

<net id="1417"><net_src comp="160" pin="0"/><net_sink comp="1410" pin=2"/></net>

<net id="1421"><net_src comp="1410" pin="3"/><net_sink comp="1418" pin=0"/></net>

<net id="1425"><net_src comp="754" pin="4"/><net_sink comp="1422" pin=0"/></net>

<net id="1429"><net_src comp="754" pin="4"/><net_sink comp="1426" pin=0"/></net>

<net id="1434"><net_src comp="1418" pin="1"/><net_sink comp="1430" pin=0"/></net>

<net id="1435"><net_src comp="1426" pin="1"/><net_sink comp="1430" pin=1"/></net>

<net id="1440"><net_src comp="1430" pin="2"/><net_sink comp="1436" pin=0"/></net>

<net id="1441"><net_src comp="1386" pin="1"/><net_sink comp="1436" pin=1"/></net>

<net id="1447"><net_src comp="158" pin="0"/><net_sink comp="1442" pin=0"/></net>

<net id="1448"><net_src comp="763" pin="4"/><net_sink comp="1442" pin=1"/></net>

<net id="1449"><net_src comp="160" pin="0"/><net_sink comp="1442" pin=2"/></net>

<net id="1453"><net_src comp="1442" pin="3"/><net_sink comp="1450" pin=0"/></net>

<net id="1458"><net_src comp="1422" pin="1"/><net_sink comp="1454" pin=0"/></net>

<net id="1459"><net_src comp="1354" pin="1"/><net_sink comp="1454" pin=1"/></net>

<net id="1463"><net_src comp="1454" pin="2"/><net_sink comp="1460" pin=0"/></net>

<net id="1468"><net_src comp="1450" pin="1"/><net_sink comp="1464" pin=0"/></net>

<net id="1469"><net_src comp="1460" pin="1"/><net_sink comp="1464" pin=1"/></net>

<net id="1475"><net_src comp="158" pin="0"/><net_sink comp="1470" pin=0"/></net>

<net id="1476"><net_src comp="717" pin="4"/><net_sink comp="1470" pin=1"/></net>

<net id="1477"><net_src comp="160" pin="0"/><net_sink comp="1470" pin=2"/></net>

<net id="1481"><net_src comp="1470" pin="3"/><net_sink comp="1478" pin=0"/></net>

<net id="1485"><net_src comp="681" pin="4"/><net_sink comp="1482" pin=0"/></net>

<net id="1489"><net_src comp="681" pin="4"/><net_sink comp="1486" pin=0"/></net>

<net id="1494"><net_src comp="1478" pin="1"/><net_sink comp="1490" pin=0"/></net>

<net id="1495"><net_src comp="1486" pin="1"/><net_sink comp="1490" pin=1"/></net>

<net id="1500"><net_src comp="1490" pin="2"/><net_sink comp="1496" pin=0"/></net>

<net id="1501"><net_src comp="1426" pin="1"/><net_sink comp="1496" pin=1"/></net>

<net id="1507"><net_src comp="158" pin="0"/><net_sink comp="1502" pin=0"/></net>

<net id="1508"><net_src comp="690" pin="4"/><net_sink comp="1502" pin=1"/></net>

<net id="1509"><net_src comp="160" pin="0"/><net_sink comp="1502" pin=2"/></net>

<net id="1513"><net_src comp="1502" pin="3"/><net_sink comp="1510" pin=0"/></net>

<net id="1517"><net_src comp="672" pin="4"/><net_sink comp="1514" pin=0"/></net>

<net id="1521"><net_src comp="672" pin="4"/><net_sink comp="1518" pin=0"/></net>

<net id="1526"><net_src comp="1482" pin="1"/><net_sink comp="1522" pin=0"/></net>

<net id="1527"><net_src comp="1518" pin="1"/><net_sink comp="1522" pin=1"/></net>

<net id="1531"><net_src comp="1522" pin="2"/><net_sink comp="1528" pin=0"/></net>

<net id="1536"><net_src comp="1510" pin="1"/><net_sink comp="1532" pin=0"/></net>

<net id="1537"><net_src comp="1528" pin="1"/><net_sink comp="1532" pin=1"/></net>

<net id="1543"><net_src comp="158" pin="0"/><net_sink comp="1538" pin=0"/></net>

<net id="1544"><net_src comp="708" pin="4"/><net_sink comp="1538" pin=1"/></net>

<net id="1545"><net_src comp="160" pin="0"/><net_sink comp="1538" pin=2"/></net>

<net id="1549"><net_src comp="1538" pin="3"/><net_sink comp="1546" pin=0"/></net>

<net id="1554"><net_src comp="1546" pin="1"/><net_sink comp="1550" pin=0"/></net>

<net id="1555"><net_src comp="1514" pin="1"/><net_sink comp="1550" pin=1"/></net>

<net id="1560"><net_src comp="1550" pin="2"/><net_sink comp="1556" pin=0"/></net>

<net id="1561"><net_src comp="1358" pin="1"/><net_sink comp="1556" pin=1"/></net>

<net id="1567"><net_src comp="158" pin="0"/><net_sink comp="1562" pin=0"/></net>

<net id="1568"><net_src comp="663" pin="4"/><net_sink comp="1562" pin=1"/></net>

<net id="1569"><net_src comp="160" pin="0"/><net_sink comp="1562" pin=2"/></net>

<net id="1573"><net_src comp="1562" pin="3"/><net_sink comp="1570" pin=0"/></net>

<net id="1577"><net_src comp="1331" pin="1"/><net_sink comp="1574" pin=0"/></net>

<net id="1582"><net_src comp="1518" pin="1"/><net_sink comp="1578" pin=0"/></net>

<net id="1583"><net_src comp="1574" pin="1"/><net_sink comp="1578" pin=1"/></net>

<net id="1587"><net_src comp="1578" pin="2"/><net_sink comp="1584" pin=0"/></net>

<net id="1592"><net_src comp="1570" pin="1"/><net_sink comp="1588" pin=0"/></net>

<net id="1593"><net_src comp="1584" pin="1"/><net_sink comp="1588" pin=1"/></net>

<net id="1599"><net_src comp="158" pin="0"/><net_sink comp="1594" pin=0"/></net>

<net id="1600"><net_src comp="1328" pin="1"/><net_sink comp="1594" pin=1"/></net>

<net id="1601"><net_src comp="160" pin="0"/><net_sink comp="1594" pin=2"/></net>

<net id="1605"><net_src comp="1594" pin="3"/><net_sink comp="1602" pin=0"/></net>

<net id="1609"><net_src comp="1325" pin="1"/><net_sink comp="1606" pin=0"/></net>

<net id="1614"><net_src comp="1606" pin="1"/><net_sink comp="1610" pin=0"/></net>

<net id="1615"><net_src comp="1574" pin="1"/><net_sink comp="1610" pin=1"/></net>

<net id="1619"><net_src comp="1610" pin="2"/><net_sink comp="1616" pin=0"/></net>

<net id="1624"><net_src comp="1602" pin="1"/><net_sink comp="1620" pin=0"/></net>

<net id="1625"><net_src comp="1616" pin="1"/><net_sink comp="1620" pin=1"/></net>

<net id="1631"><net_src comp="158" pin="0"/><net_sink comp="1626" pin=0"/></net>

<net id="1632"><net_src comp="735" pin="4"/><net_sink comp="1626" pin=1"/></net>

<net id="1633"><net_src comp="160" pin="0"/><net_sink comp="1626" pin=2"/></net>

<net id="1637"><net_src comp="1626" pin="3"/><net_sink comp="1634" pin=0"/></net>

<net id="1642"><net_src comp="1354" pin="1"/><net_sink comp="1638" pin=0"/></net>

<net id="1643"><net_src comp="1606" pin="1"/><net_sink comp="1638" pin=1"/></net>

<net id="1647"><net_src comp="1638" pin="2"/><net_sink comp="1644" pin=0"/></net>

<net id="1652"><net_src comp="1634" pin="1"/><net_sink comp="1648" pin=0"/></net>

<net id="1653"><net_src comp="1644" pin="1"/><net_sink comp="1648" pin=1"/></net>

<net id="1659"><net_src comp="158" pin="0"/><net_sink comp="1654" pin=0"/></net>

<net id="1660"><net_src comp="1322" pin="1"/><net_sink comp="1654" pin=1"/></net>

<net id="1661"><net_src comp="160" pin="0"/><net_sink comp="1654" pin=2"/></net>

<net id="1665"><net_src comp="1654" pin="3"/><net_sink comp="1662" pin=0"/></net>

<net id="1669"><net_src comp="1319" pin="1"/><net_sink comp="1666" pin=0"/></net>

<net id="1674"><net_src comp="1606" pin="1"/><net_sink comp="1670" pin=0"/></net>

<net id="1675"><net_src comp="1666" pin="1"/><net_sink comp="1670" pin=1"/></net>

<net id="1679"><net_src comp="1670" pin="2"/><net_sink comp="1676" pin=0"/></net>

<net id="1684"><net_src comp="1662" pin="1"/><net_sink comp="1680" pin=0"/></net>

<net id="1685"><net_src comp="1676" pin="1"/><net_sink comp="1680" pin=1"/></net>

<net id="1691"><net_src comp="158" pin="0"/><net_sink comp="1686" pin=0"/></net>

<net id="1692"><net_src comp="808" pin="4"/><net_sink comp="1686" pin=1"/></net>

<net id="1693"><net_src comp="160" pin="0"/><net_sink comp="1686" pin=2"/></net>

<net id="1697"><net_src comp="1686" pin="3"/><net_sink comp="1694" pin=0"/></net>

<net id="1702"><net_src comp="1346" pin="1"/><net_sink comp="1698" pin=0"/></net>

<net id="1703"><net_src comp="1666" pin="1"/><net_sink comp="1698" pin=1"/></net>

<net id="1707"><net_src comp="1698" pin="2"/><net_sink comp="1704" pin=0"/></net>

<net id="1712"><net_src comp="1694" pin="1"/><net_sink comp="1708" pin=0"/></net>

<net id="1713"><net_src comp="1704" pin="1"/><net_sink comp="1708" pin=1"/></net>

<net id="1717"><net_src comp="1436" pin="2"/><net_sink comp="1714" pin=0"/></net>

<net id="1721"><net_src comp="1368" pin="2"/><net_sink comp="1718" pin=0"/></net>

<net id="1725"><net_src comp="1496" pin="2"/><net_sink comp="1722" pin=0"/></net>

<net id="1729"><net_src comp="1556" pin="2"/><net_sink comp="1726" pin=0"/></net>

<net id="1734"><net_src comp="1722" pin="1"/><net_sink comp="1730" pin=0"/></net>

<net id="1735"><net_src comp="1726" pin="1"/><net_sink comp="1730" pin=1"/></net>

<net id="1739"><net_src comp="1730" pin="2"/><net_sink comp="1736" pin=0"/></net>

<net id="1744"><net_src comp="1718" pin="1"/><net_sink comp="1740" pin=0"/></net>

<net id="1745"><net_src comp="1714" pin="1"/><net_sink comp="1740" pin=1"/></net>

<net id="1749"><net_src comp="1740" pin="2"/><net_sink comp="1746" pin=0"/></net>

<net id="1754"><net_src comp="1746" pin="1"/><net_sink comp="1750" pin=0"/></net>

<net id="1755"><net_src comp="1736" pin="1"/><net_sink comp="1750" pin=1"/></net>

<net id="1759"><net_src comp="1750" pin="2"/><net_sink comp="1756" pin=0"/></net>

<net id="1763"><net_src comp="1404" pin="2"/><net_sink comp="1760" pin=0"/></net>

<net id="1767"><net_src comp="1464" pin="2"/><net_sink comp="1764" pin=0"/></net>

<net id="1771"><net_src comp="1648" pin="2"/><net_sink comp="1768" pin=0"/></net>

<net id="1775"><net_src comp="1708" pin="2"/><net_sink comp="1772" pin=0"/></net>

<net id="1780"><net_src comp="1764" pin="1"/><net_sink comp="1776" pin=0"/></net>

<net id="1781"><net_src comp="1768" pin="1"/><net_sink comp="1776" pin=1"/></net>

<net id="1785"><net_src comp="1776" pin="2"/><net_sink comp="1782" pin=0"/></net>

<net id="1790"><net_src comp="1772" pin="1"/><net_sink comp="1786" pin=0"/></net>

<net id="1791"><net_src comp="1760" pin="1"/><net_sink comp="1786" pin=1"/></net>

<net id="1795"><net_src comp="1786" pin="2"/><net_sink comp="1792" pin=0"/></net>

<net id="1800"><net_src comp="1792" pin="1"/><net_sink comp="1796" pin=0"/></net>

<net id="1801"><net_src comp="1782" pin="1"/><net_sink comp="1796" pin=1"/></net>

<net id="1805"><net_src comp="1796" pin="2"/><net_sink comp="1802" pin=0"/></net>

<net id="1809"><net_src comp="1532" pin="2"/><net_sink comp="1806" pin=0"/></net>

<net id="1813"><net_src comp="1588" pin="2"/><net_sink comp="1810" pin=0"/></net>

<net id="1818"><net_src comp="1806" pin="1"/><net_sink comp="1814" pin=0"/></net>

<net id="1819"><net_src comp="1810" pin="1"/><net_sink comp="1814" pin=1"/></net>

<net id="1823"><net_src comp="1814" pin="2"/><net_sink comp="1820" pin=0"/></net>

<net id="1828"><net_src comp="1782" pin="1"/><net_sink comp="1824" pin=0"/></net>

<net id="1829"><net_src comp="1820" pin="1"/><net_sink comp="1824" pin=1"/></net>

<net id="1833"><net_src comp="1824" pin="2"/><net_sink comp="1830" pin=0"/></net>

<net id="1837"><net_src comp="1620" pin="2"/><net_sink comp="1834" pin=0"/></net>

<net id="1841"><net_src comp="1680" pin="2"/><net_sink comp="1838" pin=0"/></net>

<net id="1846"><net_src comp="1834" pin="1"/><net_sink comp="1842" pin=0"/></net>

<net id="1847"><net_src comp="1838" pin="1"/><net_sink comp="1842" pin=1"/></net>

<net id="1851"><net_src comp="1842" pin="2"/><net_sink comp="1848" pin=0"/></net>

<net id="1856"><net_src comp="1726" pin="1"/><net_sink comp="1852" pin=0"/></net>

<net id="1857"><net_src comp="1718" pin="1"/><net_sink comp="1852" pin=1"/></net>

<net id="1861"><net_src comp="1852" pin="2"/><net_sink comp="1858" pin=0"/></net>

<net id="1866"><net_src comp="1858" pin="1"/><net_sink comp="1862" pin=0"/></net>

<net id="1867"><net_src comp="1848" pin="1"/><net_sink comp="1862" pin=1"/></net>

<net id="1871"><net_src comp="1862" pin="2"/><net_sink comp="1868" pin=0"/></net>

<net id="1877"><net_src comp="162" pin="0"/><net_sink comp="1872" pin=0"/></net>

<net id="1878"><net_src comp="1750" pin="2"/><net_sink comp="1872" pin=1"/></net>

<net id="1879"><net_src comp="164" pin="0"/><net_sink comp="1872" pin=2"/></net>

<net id="1884"><net_src comp="166" pin="0"/><net_sink comp="1880" pin=0"/></net>

<net id="1885"><net_src comp="1756" pin="1"/><net_sink comp="1880" pin=1"/></net>

<net id="1892"><net_src comp="168" pin="0"/><net_sink comp="1886" pin=0"/></net>

<net id="1893"><net_src comp="1880" pin="2"/><net_sink comp="1886" pin=1"/></net>

<net id="1894"><net_src comp="170" pin="0"/><net_sink comp="1886" pin=2"/></net>

<net id="1895"><net_src comp="164" pin="0"/><net_sink comp="1886" pin=3"/></net>

<net id="1902"><net_src comp="172" pin="0"/><net_sink comp="1896" pin=0"/></net>

<net id="1903"><net_src comp="1750" pin="2"/><net_sink comp="1896" pin=1"/></net>

<net id="1904"><net_src comp="170" pin="0"/><net_sink comp="1896" pin=2"/></net>

<net id="1905"><net_src comp="164" pin="0"/><net_sink comp="1896" pin=3"/></net>

<net id="1911"><net_src comp="162" pin="0"/><net_sink comp="1906" pin=0"/></net>

<net id="1912"><net_src comp="1796" pin="2"/><net_sink comp="1906" pin=1"/></net>

<net id="1913"><net_src comp="164" pin="0"/><net_sink comp="1906" pin=2"/></net>

<net id="1918"><net_src comp="166" pin="0"/><net_sink comp="1914" pin=0"/></net>

<net id="1919"><net_src comp="1802" pin="1"/><net_sink comp="1914" pin=1"/></net>

<net id="1926"><net_src comp="168" pin="0"/><net_sink comp="1920" pin=0"/></net>

<net id="1927"><net_src comp="1914" pin="2"/><net_sink comp="1920" pin=1"/></net>

<net id="1928"><net_src comp="170" pin="0"/><net_sink comp="1920" pin=2"/></net>

<net id="1929"><net_src comp="164" pin="0"/><net_sink comp="1920" pin=3"/></net>

<net id="1936"><net_src comp="172" pin="0"/><net_sink comp="1930" pin=0"/></net>

<net id="1937"><net_src comp="1796" pin="2"/><net_sink comp="1930" pin=1"/></net>

<net id="1938"><net_src comp="170" pin="0"/><net_sink comp="1930" pin=2"/></net>

<net id="1939"><net_src comp="164" pin="0"/><net_sink comp="1930" pin=3"/></net>

<net id="1945"><net_src comp="162" pin="0"/><net_sink comp="1940" pin=0"/></net>

<net id="1946"><net_src comp="1824" pin="2"/><net_sink comp="1940" pin=1"/></net>

<net id="1947"><net_src comp="164" pin="0"/><net_sink comp="1940" pin=2"/></net>

<net id="1952"><net_src comp="166" pin="0"/><net_sink comp="1948" pin=0"/></net>

<net id="1953"><net_src comp="1830" pin="1"/><net_sink comp="1948" pin=1"/></net>

<net id="1960"><net_src comp="168" pin="0"/><net_sink comp="1954" pin=0"/></net>

<net id="1961"><net_src comp="1948" pin="2"/><net_sink comp="1954" pin=1"/></net>

<net id="1962"><net_src comp="170" pin="0"/><net_sink comp="1954" pin=2"/></net>

<net id="1963"><net_src comp="164" pin="0"/><net_sink comp="1954" pin=3"/></net>

<net id="1970"><net_src comp="172" pin="0"/><net_sink comp="1964" pin=0"/></net>

<net id="1971"><net_src comp="1824" pin="2"/><net_sink comp="1964" pin=1"/></net>

<net id="1972"><net_src comp="170" pin="0"/><net_sink comp="1964" pin=2"/></net>

<net id="1973"><net_src comp="164" pin="0"/><net_sink comp="1964" pin=3"/></net>

<net id="1979"><net_src comp="162" pin="0"/><net_sink comp="1974" pin=0"/></net>

<net id="1980"><net_src comp="1862" pin="2"/><net_sink comp="1974" pin=1"/></net>

<net id="1981"><net_src comp="164" pin="0"/><net_sink comp="1974" pin=2"/></net>

<net id="1986"><net_src comp="166" pin="0"/><net_sink comp="1982" pin=0"/></net>

<net id="1987"><net_src comp="1868" pin="1"/><net_sink comp="1982" pin=1"/></net>

<net id="1994"><net_src comp="168" pin="0"/><net_sink comp="1988" pin=0"/></net>

<net id="1995"><net_src comp="1982" pin="2"/><net_sink comp="1988" pin=1"/></net>

<net id="1996"><net_src comp="170" pin="0"/><net_sink comp="1988" pin=2"/></net>

<net id="1997"><net_src comp="164" pin="0"/><net_sink comp="1988" pin=3"/></net>

<net id="2004"><net_src comp="172" pin="0"/><net_sink comp="1998" pin=0"/></net>

<net id="2005"><net_src comp="1862" pin="2"/><net_sink comp="1998" pin=1"/></net>

<net id="2006"><net_src comp="170" pin="0"/><net_sink comp="1998" pin=2"/></net>

<net id="2007"><net_src comp="164" pin="0"/><net_sink comp="1998" pin=3"/></net>

<net id="2012"><net_src comp="1346" pin="1"/><net_sink comp="2008" pin=0"/></net>

<net id="2013"><net_src comp="1354" pin="1"/><net_sink comp="2008" pin=1"/></net>

<net id="2017"><net_src comp="2008" pin="2"/><net_sink comp="2014" pin=0"/></net>

<net id="2023"><net_src comp="174" pin="0"/><net_sink comp="2018" pin=0"/></net>

<net id="2024"><net_src comp="2008" pin="2"/><net_sink comp="2018" pin=1"/></net>

<net id="2025"><net_src comp="176" pin="0"/><net_sink comp="2018" pin=2"/></net>

<net id="2030"><net_src comp="178" pin="0"/><net_sink comp="2026" pin=0"/></net>

<net id="2031"><net_src comp="2014" pin="1"/><net_sink comp="2026" pin=1"/></net>

<net id="2037"><net_src comp="2018" pin="3"/><net_sink comp="2032" pin=0"/></net>

<net id="2038"><net_src comp="2026" pin="2"/><net_sink comp="2032" pin=1"/></net>

<net id="2039"><net_src comp="2014" pin="1"/><net_sink comp="2032" pin=2"/></net>

<net id="2043"><net_src comp="2032" pin="3"/><net_sink comp="2040" pin=0"/></net>

<net id="2048"><net_src comp="1518" pin="1"/><net_sink comp="2044" pin=0"/></net>

<net id="2049"><net_src comp="1354" pin="1"/><net_sink comp="2044" pin=1"/></net>

<net id="2053"><net_src comp="2044" pin="2"/><net_sink comp="2050" pin=0"/></net>

<net id="2059"><net_src comp="174" pin="0"/><net_sink comp="2054" pin=0"/></net>

<net id="2060"><net_src comp="2044" pin="2"/><net_sink comp="2054" pin=1"/></net>

<net id="2061"><net_src comp="176" pin="0"/><net_sink comp="2054" pin=2"/></net>

<net id="2066"><net_src comp="178" pin="0"/><net_sink comp="2062" pin=0"/></net>

<net id="2067"><net_src comp="2050" pin="1"/><net_sink comp="2062" pin=1"/></net>

<net id="2073"><net_src comp="2054" pin="3"/><net_sink comp="2068" pin=0"/></net>

<net id="2074"><net_src comp="2062" pin="2"/><net_sink comp="2068" pin=1"/></net>

<net id="2075"><net_src comp="2050" pin="1"/><net_sink comp="2068" pin=2"/></net>

<net id="2079"><net_src comp="2068" pin="3"/><net_sink comp="2076" pin=0"/></net>

<net id="2084"><net_src comp="2040" pin="1"/><net_sink comp="2080" pin=0"/></net>

<net id="2085"><net_src comp="2076" pin="1"/><net_sink comp="2080" pin=1"/></net>

<net id="2092"><net_src comp="180" pin="0"/><net_sink comp="2086" pin=0"/></net>

<net id="2093"><net_src comp="2080" pin="2"/><net_sink comp="2086" pin=1"/></net>

<net id="2094"><net_src comp="106" pin="0"/><net_sink comp="2086" pin=2"/></net>

<net id="2095"><net_src comp="176" pin="0"/><net_sink comp="2086" pin=3"/></net>

<net id="2100"><net_src comp="1422" pin="1"/><net_sink comp="2096" pin=0"/></net>

<net id="2101"><net_src comp="1354" pin="1"/><net_sink comp="2096" pin=1"/></net>

<net id="2105"><net_src comp="2096" pin="2"/><net_sink comp="2102" pin=0"/></net>

<net id="2111"><net_src comp="174" pin="0"/><net_sink comp="2106" pin=0"/></net>

<net id="2112"><net_src comp="2096" pin="2"/><net_sink comp="2106" pin=1"/></net>

<net id="2113"><net_src comp="176" pin="0"/><net_sink comp="2106" pin=2"/></net>

<net id="2118"><net_src comp="178" pin="0"/><net_sink comp="2114" pin=0"/></net>

<net id="2119"><net_src comp="2102" pin="1"/><net_sink comp="2114" pin=1"/></net>

<net id="2125"><net_src comp="2106" pin="3"/><net_sink comp="2120" pin=0"/></net>

<net id="2126"><net_src comp="2114" pin="2"/><net_sink comp="2120" pin=1"/></net>

<net id="2127"><net_src comp="2102" pin="1"/><net_sink comp="2120" pin=2"/></net>

<net id="2131"><net_src comp="2120" pin="3"/><net_sink comp="2128" pin=0"/></net>

<net id="2136"><net_src comp="1606" pin="1"/><net_sink comp="2132" pin=0"/></net>

<net id="2137"><net_src comp="1354" pin="1"/><net_sink comp="2132" pin=1"/></net>

<net id="2141"><net_src comp="2132" pin="2"/><net_sink comp="2138" pin=0"/></net>

<net id="2147"><net_src comp="174" pin="0"/><net_sink comp="2142" pin=0"/></net>

<net id="2148"><net_src comp="2132" pin="2"/><net_sink comp="2142" pin=1"/></net>

<net id="2149"><net_src comp="176" pin="0"/><net_sink comp="2142" pin=2"/></net>

<net id="2154"><net_src comp="178" pin="0"/><net_sink comp="2150" pin=0"/></net>

<net id="2155"><net_src comp="2138" pin="1"/><net_sink comp="2150" pin=1"/></net>

<net id="2161"><net_src comp="2142" pin="3"/><net_sink comp="2156" pin=0"/></net>

<net id="2162"><net_src comp="2150" pin="2"/><net_sink comp="2156" pin=1"/></net>

<net id="2163"><net_src comp="2138" pin="1"/><net_sink comp="2156" pin=2"/></net>

<net id="2167"><net_src comp="2156" pin="3"/><net_sink comp="2164" pin=0"/></net>

<net id="2172"><net_src comp="2128" pin="1"/><net_sink comp="2168" pin=0"/></net>

<net id="2173"><net_src comp="2164" pin="1"/><net_sink comp="2168" pin=1"/></net>

<net id="2180"><net_src comp="180" pin="0"/><net_sink comp="2174" pin=0"/></net>

<net id="2181"><net_src comp="2168" pin="2"/><net_sink comp="2174" pin=1"/></net>

<net id="2182"><net_src comp="106" pin="0"/><net_sink comp="2174" pin=2"/></net>

<net id="2183"><net_src comp="176" pin="0"/><net_sink comp="2174" pin=3"/></net>

<net id="2188"><net_src comp="663" pin="4"/><net_sink comp="2184" pin=0"/></net>

<net id="2193"><net_src comp="672" pin="4"/><net_sink comp="2189" pin=0"/></net>

<net id="2198"><net_src comp="690" pin="4"/><net_sink comp="2194" pin=0"/></net>

<net id="2203"><net_src comp="699" pin="4"/><net_sink comp="2199" pin=0"/></net>

<net id="2208"><net_src comp="708" pin="4"/><net_sink comp="2204" pin=0"/></net>

<net id="2213"><net_src comp="726" pin="4"/><net_sink comp="2209" pin=0"/></net>

<net id="2218"><net_src comp="735" pin="4"/><net_sink comp="2214" pin=0"/></net>

<net id="2223"><net_src comp="744" pin="4"/><net_sink comp="2219" pin=0"/></net>

<net id="2228"><net_src comp="763" pin="4"/><net_sink comp="2224" pin=0"/></net>

<net id="2233"><net_src comp="772" pin="4"/><net_sink comp="2229" pin=0"/></net>

<net id="2238"><net_src comp="781" pin="4"/><net_sink comp="2234" pin=0"/></net>

<net id="2243"><net_src comp="799" pin="4"/><net_sink comp="2239" pin=0"/></net>

<net id="2248"><net_src comp="808" pin="4"/><net_sink comp="2244" pin=0"/></net>

<net id="2253"><net_src comp="817" pin="4"/><net_sink comp="2249" pin=0"/></net>

<net id="2258"><net_src comp="835" pin="4"/><net_sink comp="2254" pin=0"/></net>

<net id="2263"><net_src comp="182" pin="0"/><net_sink comp="2259" pin=0"/></net>

<net id="2269"><net_src comp="2259" pin="2"/><net_sink comp="2264" pin=1"/></net>

<net id="2274"><net_src comp="182" pin="0"/><net_sink comp="2270" pin=0"/></net>

<net id="2280"><net_src comp="2270" pin="2"/><net_sink comp="2275" pin=1"/></net>

<net id="2285"><net_src comp="182" pin="0"/><net_sink comp="2281" pin=0"/></net>

<net id="2291"><net_src comp="2281" pin="2"/><net_sink comp="2286" pin=1"/></net>

<net id="2296"><net_src comp="182" pin="0"/><net_sink comp="2292" pin=0"/></net>

<net id="2302"><net_src comp="2292" pin="2"/><net_sink comp="2297" pin=1"/></net>

<net id="2306"><net_src comp="2264" pin="3"/><net_sink comp="2303" pin=0"/></net>

<net id="2311"><net_src comp="2303" pin="1"/><net_sink comp="2307" pin=1"/></net>

<net id="2315"><net_src comp="2307" pin="2"/><net_sink comp="2312" pin=0"/></net>

<net id="2319"><net_src comp="2307" pin="2"/><net_sink comp="2316" pin=0"/></net>

<net id="2325"><net_src comp="162" pin="0"/><net_sink comp="2320" pin=0"/></net>

<net id="2326"><net_src comp="2312" pin="1"/><net_sink comp="2320" pin=1"/></net>

<net id="2327"><net_src comp="164" pin="0"/><net_sink comp="2320" pin=2"/></net>

<net id="2332"><net_src comp="182" pin="0"/><net_sink comp="2328" pin=0"/></net>

<net id="2333"><net_src comp="2316" pin="1"/><net_sink comp="2328" pin=1"/></net>

<net id="2339"><net_src comp="2320" pin="3"/><net_sink comp="2334" pin=0"/></net>

<net id="2340"><net_src comp="2328" pin="2"/><net_sink comp="2334" pin=1"/></net>

<net id="2341"><net_src comp="2316" pin="1"/><net_sink comp="2334" pin=2"/></net>

<net id="2345"><net_src comp="2334" pin="3"/><net_sink comp="2342" pin=0"/></net>

<net id="2350"><net_src comp="2303" pin="1"/><net_sink comp="2346" pin=1"/></net>

<net id="2354"><net_src comp="2346" pin="2"/><net_sink comp="2351" pin=0"/></net>

<net id="2358"><net_src comp="2346" pin="2"/><net_sink comp="2355" pin=0"/></net>

<net id="2364"><net_src comp="162" pin="0"/><net_sink comp="2359" pin=0"/></net>

<net id="2365"><net_src comp="2351" pin="1"/><net_sink comp="2359" pin=1"/></net>

<net id="2366"><net_src comp="164" pin="0"/><net_sink comp="2359" pin=2"/></net>

<net id="2371"><net_src comp="182" pin="0"/><net_sink comp="2367" pin=0"/></net>

<net id="2372"><net_src comp="2355" pin="1"/><net_sink comp="2367" pin=1"/></net>

<net id="2378"><net_src comp="2359" pin="3"/><net_sink comp="2373" pin=0"/></net>

<net id="2379"><net_src comp="2367" pin="2"/><net_sink comp="2373" pin=1"/></net>

<net id="2380"><net_src comp="2355" pin="1"/><net_sink comp="2373" pin=2"/></net>

<net id="2384"><net_src comp="2373" pin="3"/><net_sink comp="2381" pin=0"/></net>

<net id="2389"><net_src comp="2303" pin="1"/><net_sink comp="2385" pin=1"/></net>

<net id="2393"><net_src comp="2385" pin="2"/><net_sink comp="2390" pin=0"/></net>

<net id="2397"><net_src comp="2385" pin="2"/><net_sink comp="2394" pin=0"/></net>

<net id="2403"><net_src comp="162" pin="0"/><net_sink comp="2398" pin=0"/></net>

<net id="2404"><net_src comp="2390" pin="1"/><net_sink comp="2398" pin=1"/></net>

<net id="2405"><net_src comp="164" pin="0"/><net_sink comp="2398" pin=2"/></net>

<net id="2410"><net_src comp="182" pin="0"/><net_sink comp="2406" pin=0"/></net>

<net id="2411"><net_src comp="2394" pin="1"/><net_sink comp="2406" pin=1"/></net>

<net id="2417"><net_src comp="2398" pin="3"/><net_sink comp="2412" pin=0"/></net>

<net id="2418"><net_src comp="2406" pin="2"/><net_sink comp="2412" pin=1"/></net>

<net id="2419"><net_src comp="2394" pin="1"/><net_sink comp="2412" pin=2"/></net>

<net id="2423"><net_src comp="2412" pin="3"/><net_sink comp="2420" pin=0"/></net>

<net id="2428"><net_src comp="2303" pin="1"/><net_sink comp="2424" pin=1"/></net>

<net id="2432"><net_src comp="2424" pin="2"/><net_sink comp="2429" pin=0"/></net>

<net id="2436"><net_src comp="2424" pin="2"/><net_sink comp="2433" pin=0"/></net>

<net id="2442"><net_src comp="162" pin="0"/><net_sink comp="2437" pin=0"/></net>

<net id="2443"><net_src comp="2429" pin="1"/><net_sink comp="2437" pin=1"/></net>

<net id="2444"><net_src comp="164" pin="0"/><net_sink comp="2437" pin=2"/></net>

<net id="2449"><net_src comp="182" pin="0"/><net_sink comp="2445" pin=0"/></net>

<net id="2450"><net_src comp="2433" pin="1"/><net_sink comp="2445" pin=1"/></net>

<net id="2456"><net_src comp="2437" pin="3"/><net_sink comp="2451" pin=0"/></net>

<net id="2457"><net_src comp="2445" pin="2"/><net_sink comp="2451" pin=1"/></net>

<net id="2458"><net_src comp="2433" pin="1"/><net_sink comp="2451" pin=2"/></net>

<net id="2462"><net_src comp="2451" pin="3"/><net_sink comp="2459" pin=0"/></net>

<net id="2467"><net_src comp="2459" pin="1"/><net_sink comp="2463" pin=0"/></net>

<net id="2468"><net_src comp="2420" pin="1"/><net_sink comp="2463" pin=1"/></net>

<net id="2472"><net_src comp="2463" pin="2"/><net_sink comp="2469" pin=0"/></net>

<net id="2477"><net_src comp="2381" pin="1"/><net_sink comp="2473" pin=0"/></net>

<net id="2478"><net_src comp="2342" pin="1"/><net_sink comp="2473" pin=1"/></net>

<net id="2482"><net_src comp="2473" pin="2"/><net_sink comp="2479" pin=0"/></net>

<net id="2487"><net_src comp="2479" pin="1"/><net_sink comp="2483" pin=0"/></net>

<net id="2488"><net_src comp="2469" pin="1"/><net_sink comp="2483" pin=1"/></net>

<net id="2495"><net_src comp="184" pin="0"/><net_sink comp="2489" pin=0"/></net>

<net id="2496"><net_src comp="2483" pin="2"/><net_sink comp="2489" pin=1"/></net>

<net id="2497"><net_src comp="106" pin="0"/><net_sink comp="2489" pin=2"/></net>

<net id="2498"><net_src comp="164" pin="0"/><net_sink comp="2489" pin=3"/></net>

<net id="2502"><net_src comp="2275" pin="3"/><net_sink comp="2499" pin=0"/></net>

<net id="2507"><net_src comp="2499" pin="1"/><net_sink comp="2503" pin=1"/></net>

<net id="2511"><net_src comp="2503" pin="2"/><net_sink comp="2508" pin=0"/></net>

<net id="2515"><net_src comp="2503" pin="2"/><net_sink comp="2512" pin=0"/></net>

<net id="2521"><net_src comp="162" pin="0"/><net_sink comp="2516" pin=0"/></net>

<net id="2522"><net_src comp="2508" pin="1"/><net_sink comp="2516" pin=1"/></net>

<net id="2523"><net_src comp="164" pin="0"/><net_sink comp="2516" pin=2"/></net>

<net id="2528"><net_src comp="182" pin="0"/><net_sink comp="2524" pin=0"/></net>

<net id="2529"><net_src comp="2512" pin="1"/><net_sink comp="2524" pin=1"/></net>

<net id="2535"><net_src comp="2516" pin="3"/><net_sink comp="2530" pin=0"/></net>

<net id="2536"><net_src comp="2524" pin="2"/><net_sink comp="2530" pin=1"/></net>

<net id="2537"><net_src comp="2512" pin="1"/><net_sink comp="2530" pin=2"/></net>

<net id="2541"><net_src comp="2530" pin="3"/><net_sink comp="2538" pin=0"/></net>

<net id="2546"><net_src comp="2499" pin="1"/><net_sink comp="2542" pin=1"/></net>

<net id="2550"><net_src comp="2542" pin="2"/><net_sink comp="2547" pin=0"/></net>

<net id="2554"><net_src comp="2542" pin="2"/><net_sink comp="2551" pin=0"/></net>

<net id="2560"><net_src comp="162" pin="0"/><net_sink comp="2555" pin=0"/></net>

<net id="2561"><net_src comp="2547" pin="1"/><net_sink comp="2555" pin=1"/></net>

<net id="2562"><net_src comp="164" pin="0"/><net_sink comp="2555" pin=2"/></net>

<net id="2567"><net_src comp="182" pin="0"/><net_sink comp="2563" pin=0"/></net>

<net id="2568"><net_src comp="2551" pin="1"/><net_sink comp="2563" pin=1"/></net>

<net id="2574"><net_src comp="2555" pin="3"/><net_sink comp="2569" pin=0"/></net>

<net id="2575"><net_src comp="2563" pin="2"/><net_sink comp="2569" pin=1"/></net>

<net id="2576"><net_src comp="2551" pin="1"/><net_sink comp="2569" pin=2"/></net>

<net id="2580"><net_src comp="2569" pin="3"/><net_sink comp="2577" pin=0"/></net>

<net id="2585"><net_src comp="2499" pin="1"/><net_sink comp="2581" pin=1"/></net>

<net id="2589"><net_src comp="2581" pin="2"/><net_sink comp="2586" pin=0"/></net>

<net id="2593"><net_src comp="2581" pin="2"/><net_sink comp="2590" pin=0"/></net>

<net id="2599"><net_src comp="162" pin="0"/><net_sink comp="2594" pin=0"/></net>

<net id="2600"><net_src comp="2586" pin="1"/><net_sink comp="2594" pin=1"/></net>

<net id="2601"><net_src comp="164" pin="0"/><net_sink comp="2594" pin=2"/></net>

<net id="2606"><net_src comp="182" pin="0"/><net_sink comp="2602" pin=0"/></net>

<net id="2607"><net_src comp="2590" pin="1"/><net_sink comp="2602" pin=1"/></net>

<net id="2613"><net_src comp="2594" pin="3"/><net_sink comp="2608" pin=0"/></net>

<net id="2614"><net_src comp="2602" pin="2"/><net_sink comp="2608" pin=1"/></net>

<net id="2615"><net_src comp="2590" pin="1"/><net_sink comp="2608" pin=2"/></net>

<net id="2619"><net_src comp="2608" pin="3"/><net_sink comp="2616" pin=0"/></net>

<net id="2624"><net_src comp="2499" pin="1"/><net_sink comp="2620" pin=1"/></net>

<net id="2628"><net_src comp="2620" pin="2"/><net_sink comp="2625" pin=0"/></net>

<net id="2632"><net_src comp="2620" pin="2"/><net_sink comp="2629" pin=0"/></net>

<net id="2638"><net_src comp="162" pin="0"/><net_sink comp="2633" pin=0"/></net>

<net id="2639"><net_src comp="2625" pin="1"/><net_sink comp="2633" pin=1"/></net>

<net id="2640"><net_src comp="164" pin="0"/><net_sink comp="2633" pin=2"/></net>

<net id="2645"><net_src comp="182" pin="0"/><net_sink comp="2641" pin=0"/></net>

<net id="2646"><net_src comp="2629" pin="1"/><net_sink comp="2641" pin=1"/></net>

<net id="2652"><net_src comp="2633" pin="3"/><net_sink comp="2647" pin=0"/></net>

<net id="2653"><net_src comp="2641" pin="2"/><net_sink comp="2647" pin=1"/></net>

<net id="2654"><net_src comp="2629" pin="1"/><net_sink comp="2647" pin=2"/></net>

<net id="2658"><net_src comp="2647" pin="3"/><net_sink comp="2655" pin=0"/></net>

<net id="2663"><net_src comp="2655" pin="1"/><net_sink comp="2659" pin=0"/></net>

<net id="2664"><net_src comp="2616" pin="1"/><net_sink comp="2659" pin=1"/></net>

<net id="2668"><net_src comp="2659" pin="2"/><net_sink comp="2665" pin=0"/></net>

<net id="2673"><net_src comp="2577" pin="1"/><net_sink comp="2669" pin=0"/></net>

<net id="2674"><net_src comp="2538" pin="1"/><net_sink comp="2669" pin=1"/></net>

<net id="2678"><net_src comp="2669" pin="2"/><net_sink comp="2675" pin=0"/></net>

<net id="2683"><net_src comp="2675" pin="1"/><net_sink comp="2679" pin=0"/></net>

<net id="2684"><net_src comp="2665" pin="1"/><net_sink comp="2679" pin=1"/></net>

<net id="2691"><net_src comp="184" pin="0"/><net_sink comp="2685" pin=0"/></net>

<net id="2692"><net_src comp="2679" pin="2"/><net_sink comp="2685" pin=1"/></net>

<net id="2693"><net_src comp="106" pin="0"/><net_sink comp="2685" pin=2"/></net>

<net id="2694"><net_src comp="164" pin="0"/><net_sink comp="2685" pin=3"/></net>

<net id="2698"><net_src comp="2286" pin="3"/><net_sink comp="2695" pin=0"/></net>

<net id="2703"><net_src comp="2695" pin="1"/><net_sink comp="2699" pin=1"/></net>

<net id="2707"><net_src comp="2699" pin="2"/><net_sink comp="2704" pin=0"/></net>

<net id="2711"><net_src comp="2699" pin="2"/><net_sink comp="2708" pin=0"/></net>

<net id="2717"><net_src comp="162" pin="0"/><net_sink comp="2712" pin=0"/></net>

<net id="2718"><net_src comp="2704" pin="1"/><net_sink comp="2712" pin=1"/></net>

<net id="2719"><net_src comp="164" pin="0"/><net_sink comp="2712" pin=2"/></net>

<net id="2724"><net_src comp="182" pin="0"/><net_sink comp="2720" pin=0"/></net>

<net id="2725"><net_src comp="2708" pin="1"/><net_sink comp="2720" pin=1"/></net>

<net id="2731"><net_src comp="2712" pin="3"/><net_sink comp="2726" pin=0"/></net>

<net id="2732"><net_src comp="2720" pin="2"/><net_sink comp="2726" pin=1"/></net>

<net id="2733"><net_src comp="2708" pin="1"/><net_sink comp="2726" pin=2"/></net>

<net id="2737"><net_src comp="2726" pin="3"/><net_sink comp="2734" pin=0"/></net>

<net id="2742"><net_src comp="2695" pin="1"/><net_sink comp="2738" pin=1"/></net>

<net id="2746"><net_src comp="2738" pin="2"/><net_sink comp="2743" pin=0"/></net>

<net id="2750"><net_src comp="2738" pin="2"/><net_sink comp="2747" pin=0"/></net>

<net id="2756"><net_src comp="162" pin="0"/><net_sink comp="2751" pin=0"/></net>

<net id="2757"><net_src comp="2743" pin="1"/><net_sink comp="2751" pin=1"/></net>

<net id="2758"><net_src comp="164" pin="0"/><net_sink comp="2751" pin=2"/></net>

<net id="2763"><net_src comp="182" pin="0"/><net_sink comp="2759" pin=0"/></net>

<net id="2764"><net_src comp="2747" pin="1"/><net_sink comp="2759" pin=1"/></net>

<net id="2770"><net_src comp="2751" pin="3"/><net_sink comp="2765" pin=0"/></net>

<net id="2771"><net_src comp="2759" pin="2"/><net_sink comp="2765" pin=1"/></net>

<net id="2772"><net_src comp="2747" pin="1"/><net_sink comp="2765" pin=2"/></net>

<net id="2776"><net_src comp="2765" pin="3"/><net_sink comp="2773" pin=0"/></net>

<net id="2781"><net_src comp="2695" pin="1"/><net_sink comp="2777" pin=1"/></net>

<net id="2785"><net_src comp="2777" pin="2"/><net_sink comp="2782" pin=0"/></net>

<net id="2789"><net_src comp="2777" pin="2"/><net_sink comp="2786" pin=0"/></net>

<net id="2795"><net_src comp="162" pin="0"/><net_sink comp="2790" pin=0"/></net>

<net id="2796"><net_src comp="2782" pin="1"/><net_sink comp="2790" pin=1"/></net>

<net id="2797"><net_src comp="164" pin="0"/><net_sink comp="2790" pin=2"/></net>

<net id="2802"><net_src comp="182" pin="0"/><net_sink comp="2798" pin=0"/></net>

<net id="2803"><net_src comp="2786" pin="1"/><net_sink comp="2798" pin=1"/></net>

<net id="2809"><net_src comp="2790" pin="3"/><net_sink comp="2804" pin=0"/></net>

<net id="2810"><net_src comp="2798" pin="2"/><net_sink comp="2804" pin=1"/></net>

<net id="2811"><net_src comp="2786" pin="1"/><net_sink comp="2804" pin=2"/></net>

<net id="2815"><net_src comp="2804" pin="3"/><net_sink comp="2812" pin=0"/></net>

<net id="2820"><net_src comp="2695" pin="1"/><net_sink comp="2816" pin=1"/></net>

<net id="2824"><net_src comp="2816" pin="2"/><net_sink comp="2821" pin=0"/></net>

<net id="2828"><net_src comp="2816" pin="2"/><net_sink comp="2825" pin=0"/></net>

<net id="2834"><net_src comp="162" pin="0"/><net_sink comp="2829" pin=0"/></net>

<net id="2835"><net_src comp="2821" pin="1"/><net_sink comp="2829" pin=1"/></net>

<net id="2836"><net_src comp="164" pin="0"/><net_sink comp="2829" pin=2"/></net>

<net id="2841"><net_src comp="182" pin="0"/><net_sink comp="2837" pin=0"/></net>

<net id="2842"><net_src comp="2825" pin="1"/><net_sink comp="2837" pin=1"/></net>

<net id="2848"><net_src comp="2829" pin="3"/><net_sink comp="2843" pin=0"/></net>

<net id="2849"><net_src comp="2837" pin="2"/><net_sink comp="2843" pin=1"/></net>

<net id="2850"><net_src comp="2825" pin="1"/><net_sink comp="2843" pin=2"/></net>

<net id="2854"><net_src comp="2843" pin="3"/><net_sink comp="2851" pin=0"/></net>

<net id="2859"><net_src comp="2851" pin="1"/><net_sink comp="2855" pin=0"/></net>

<net id="2860"><net_src comp="2812" pin="1"/><net_sink comp="2855" pin=1"/></net>

<net id="2864"><net_src comp="2855" pin="2"/><net_sink comp="2861" pin=0"/></net>

<net id="2869"><net_src comp="2773" pin="1"/><net_sink comp="2865" pin=0"/></net>

<net id="2870"><net_src comp="2734" pin="1"/><net_sink comp="2865" pin=1"/></net>

<net id="2874"><net_src comp="2865" pin="2"/><net_sink comp="2871" pin=0"/></net>

<net id="2879"><net_src comp="2871" pin="1"/><net_sink comp="2875" pin=0"/></net>

<net id="2880"><net_src comp="2861" pin="1"/><net_sink comp="2875" pin=1"/></net>

<net id="2887"><net_src comp="184" pin="0"/><net_sink comp="2881" pin=0"/></net>

<net id="2888"><net_src comp="2875" pin="2"/><net_sink comp="2881" pin=1"/></net>

<net id="2889"><net_src comp="106" pin="0"/><net_sink comp="2881" pin=2"/></net>

<net id="2890"><net_src comp="164" pin="0"/><net_sink comp="2881" pin=3"/></net>

<net id="2894"><net_src comp="2297" pin="3"/><net_sink comp="2891" pin=0"/></net>

<net id="2899"><net_src comp="2891" pin="1"/><net_sink comp="2895" pin=1"/></net>

<net id="2903"><net_src comp="2895" pin="2"/><net_sink comp="2900" pin=0"/></net>

<net id="2907"><net_src comp="2895" pin="2"/><net_sink comp="2904" pin=0"/></net>

<net id="2913"><net_src comp="162" pin="0"/><net_sink comp="2908" pin=0"/></net>

<net id="2914"><net_src comp="2900" pin="1"/><net_sink comp="2908" pin=1"/></net>

<net id="2915"><net_src comp="164" pin="0"/><net_sink comp="2908" pin=2"/></net>

<net id="2920"><net_src comp="182" pin="0"/><net_sink comp="2916" pin=0"/></net>

<net id="2921"><net_src comp="2904" pin="1"/><net_sink comp="2916" pin=1"/></net>

<net id="2927"><net_src comp="2908" pin="3"/><net_sink comp="2922" pin=0"/></net>

<net id="2928"><net_src comp="2916" pin="2"/><net_sink comp="2922" pin=1"/></net>

<net id="2929"><net_src comp="2904" pin="1"/><net_sink comp="2922" pin=2"/></net>

<net id="2933"><net_src comp="2922" pin="3"/><net_sink comp="2930" pin=0"/></net>

<net id="2938"><net_src comp="2891" pin="1"/><net_sink comp="2934" pin=1"/></net>

<net id="2942"><net_src comp="2934" pin="2"/><net_sink comp="2939" pin=0"/></net>

<net id="2946"><net_src comp="2934" pin="2"/><net_sink comp="2943" pin=0"/></net>

<net id="2952"><net_src comp="162" pin="0"/><net_sink comp="2947" pin=0"/></net>

<net id="2953"><net_src comp="2939" pin="1"/><net_sink comp="2947" pin=1"/></net>

<net id="2954"><net_src comp="164" pin="0"/><net_sink comp="2947" pin=2"/></net>

<net id="2959"><net_src comp="182" pin="0"/><net_sink comp="2955" pin=0"/></net>

<net id="2960"><net_src comp="2943" pin="1"/><net_sink comp="2955" pin=1"/></net>

<net id="2966"><net_src comp="2947" pin="3"/><net_sink comp="2961" pin=0"/></net>

<net id="2967"><net_src comp="2955" pin="2"/><net_sink comp="2961" pin=1"/></net>

<net id="2968"><net_src comp="2943" pin="1"/><net_sink comp="2961" pin=2"/></net>

<net id="2972"><net_src comp="2961" pin="3"/><net_sink comp="2969" pin=0"/></net>

<net id="2977"><net_src comp="2891" pin="1"/><net_sink comp="2973" pin=1"/></net>

<net id="2981"><net_src comp="2973" pin="2"/><net_sink comp="2978" pin=0"/></net>

<net id="2985"><net_src comp="2973" pin="2"/><net_sink comp="2982" pin=0"/></net>

<net id="2991"><net_src comp="162" pin="0"/><net_sink comp="2986" pin=0"/></net>

<net id="2992"><net_src comp="2978" pin="1"/><net_sink comp="2986" pin=1"/></net>

<net id="2993"><net_src comp="164" pin="0"/><net_sink comp="2986" pin=2"/></net>

<net id="2998"><net_src comp="182" pin="0"/><net_sink comp="2994" pin=0"/></net>

<net id="2999"><net_src comp="2982" pin="1"/><net_sink comp="2994" pin=1"/></net>

<net id="3005"><net_src comp="2986" pin="3"/><net_sink comp="3000" pin=0"/></net>

<net id="3006"><net_src comp="2994" pin="2"/><net_sink comp="3000" pin=1"/></net>

<net id="3007"><net_src comp="2982" pin="1"/><net_sink comp="3000" pin=2"/></net>

<net id="3011"><net_src comp="3000" pin="3"/><net_sink comp="3008" pin=0"/></net>

<net id="3016"><net_src comp="2891" pin="1"/><net_sink comp="3012" pin=1"/></net>

<net id="3020"><net_src comp="3012" pin="2"/><net_sink comp="3017" pin=0"/></net>

<net id="3024"><net_src comp="3012" pin="2"/><net_sink comp="3021" pin=0"/></net>

<net id="3030"><net_src comp="162" pin="0"/><net_sink comp="3025" pin=0"/></net>

<net id="3031"><net_src comp="3017" pin="1"/><net_sink comp="3025" pin=1"/></net>

<net id="3032"><net_src comp="164" pin="0"/><net_sink comp="3025" pin=2"/></net>

<net id="3037"><net_src comp="182" pin="0"/><net_sink comp="3033" pin=0"/></net>

<net id="3038"><net_src comp="3021" pin="1"/><net_sink comp="3033" pin=1"/></net>

<net id="3044"><net_src comp="3025" pin="3"/><net_sink comp="3039" pin=0"/></net>

<net id="3045"><net_src comp="3033" pin="2"/><net_sink comp="3039" pin=1"/></net>

<net id="3046"><net_src comp="3021" pin="1"/><net_sink comp="3039" pin=2"/></net>

<net id="3050"><net_src comp="3039" pin="3"/><net_sink comp="3047" pin=0"/></net>

<net id="3055"><net_src comp="3047" pin="1"/><net_sink comp="3051" pin=0"/></net>

<net id="3056"><net_src comp="3008" pin="1"/><net_sink comp="3051" pin=1"/></net>

<net id="3060"><net_src comp="3051" pin="2"/><net_sink comp="3057" pin=0"/></net>

<net id="3065"><net_src comp="2969" pin="1"/><net_sink comp="3061" pin=0"/></net>

<net id="3066"><net_src comp="2930" pin="1"/><net_sink comp="3061" pin=1"/></net>

<net id="3070"><net_src comp="3061" pin="2"/><net_sink comp="3067" pin=0"/></net>

<net id="3075"><net_src comp="3067" pin="1"/><net_sink comp="3071" pin=0"/></net>

<net id="3076"><net_src comp="3057" pin="1"/><net_sink comp="3071" pin=1"/></net>

<net id="3083"><net_src comp="184" pin="0"/><net_sink comp="3077" pin=0"/></net>

<net id="3084"><net_src comp="3071" pin="2"/><net_sink comp="3077" pin=1"/></net>

<net id="3085"><net_src comp="106" pin="0"/><net_sink comp="3077" pin=2"/></net>

<net id="3086"><net_src comp="164" pin="0"/><net_sink comp="3077" pin=3"/></net>

<net id="3097"><net_src comp="3087" pin="1"/><net_sink comp="3093" pin=0"/></net>

<net id="3098"><net_src comp="186" pin="0"/><net_sink comp="3093" pin=1"/></net>

<net id="3102"><net_src comp="3093" pin="2"/><net_sink comp="3099" pin=0"/></net>

<net id="3107"><net_src comp="3099" pin="1"/><net_sink comp="3103" pin=0"/></net>

<net id="3114"><net_src comp="188" pin="0"/><net_sink comp="3108" pin=0"/></net>

<net id="3115"><net_src comp="3103" pin="2"/><net_sink comp="3108" pin=1"/></net>

<net id="3116"><net_src comp="106" pin="0"/><net_sink comp="3108" pin=2"/></net>

<net id="3117"><net_src comp="190" pin="0"/><net_sink comp="3108" pin=3"/></net>

<net id="3121"><net_src comp="3108" pin="4"/><net_sink comp="3118" pin=0"/></net>

<net id="3122"><net_src comp="3118" pin="1"/><net_sink comp="586" pin=2"/></net>

<net id="3127"><net_src comp="3090" pin="1"/><net_sink comp="3123" pin=0"/></net>

<net id="3128"><net_src comp="186" pin="0"/><net_sink comp="3123" pin=1"/></net>

<net id="3132"><net_src comp="3123" pin="2"/><net_sink comp="3129" pin=0"/></net>

<net id="3137"><net_src comp="3129" pin="1"/><net_sink comp="3133" pin=0"/></net>

<net id="3144"><net_src comp="188" pin="0"/><net_sink comp="3138" pin=0"/></net>

<net id="3145"><net_src comp="3133" pin="2"/><net_sink comp="3138" pin=1"/></net>

<net id="3146"><net_src comp="106" pin="0"/><net_sink comp="3138" pin=2"/></net>

<net id="3147"><net_src comp="190" pin="0"/><net_sink comp="3138" pin=3"/></net>

<net id="3151"><net_src comp="3138" pin="4"/><net_sink comp="3148" pin=0"/></net>

<net id="3152"><net_src comp="3148" pin="1"/><net_sink comp="611" pin=2"/></net>

<net id="3157"><net_src comp="3129" pin="1"/><net_sink comp="3153" pin=0"/></net>

<net id="3164"><net_src comp="188" pin="0"/><net_sink comp="3158" pin=0"/></net>

<net id="3165"><net_src comp="3153" pin="2"/><net_sink comp="3158" pin=1"/></net>

<net id="3166"><net_src comp="106" pin="0"/><net_sink comp="3158" pin=2"/></net>

<net id="3167"><net_src comp="190" pin="0"/><net_sink comp="3158" pin=3"/></net>

<net id="3171"><net_src comp="3158" pin="4"/><net_sink comp="3168" pin=0"/></net>

<net id="3172"><net_src comp="3168" pin="1"/><net_sink comp="619" pin=2"/></net>

<net id="3177"><net_src comp="3099" pin="1"/><net_sink comp="3173" pin=0"/></net>

<net id="3184"><net_src comp="188" pin="0"/><net_sink comp="3178" pin=0"/></net>

<net id="3185"><net_src comp="3173" pin="2"/><net_sink comp="3178" pin=1"/></net>

<net id="3186"><net_src comp="106" pin="0"/><net_sink comp="3178" pin=2"/></net>

<net id="3187"><net_src comp="190" pin="0"/><net_sink comp="3178" pin=3"/></net>

<net id="3191"><net_src comp="3178" pin="4"/><net_sink comp="3188" pin=0"/></net>

<net id="3192"><net_src comp="3188" pin="1"/><net_sink comp="627" pin=2"/></net>

<net id="3199"><net_src comp="192" pin="0"/><net_sink comp="3193" pin=0"/></net>

<net id="3200"><net_src comp="593" pin="15"/><net_sink comp="3193" pin=1"/></net>

<net id="3201"><net_src comp="106" pin="0"/><net_sink comp="3193" pin=2"/></net>

<net id="3202"><net_src comp="194" pin="0"/><net_sink comp="3193" pin=3"/></net>

<net id="3206"><net_src comp="3193" pin="4"/><net_sink comp="3203" pin=0"/></net>

<net id="3213"><net_src comp="196" pin="0"/><net_sink comp="3207" pin=0"/></net>

<net id="3214"><net_src comp="593" pin="11"/><net_sink comp="3207" pin=1"/></net>

<net id="3215"><net_src comp="170" pin="0"/><net_sink comp="3207" pin=2"/></net>

<net id="3216"><net_src comp="194" pin="0"/><net_sink comp="3207" pin=3"/></net>

<net id="3220"><net_src comp="3207" pin="4"/><net_sink comp="3217" pin=0"/></net>

<net id="3227"><net_src comp="196" pin="0"/><net_sink comp="3221" pin=0"/></net>

<net id="3228"><net_src comp="593" pin="7"/><net_sink comp="3221" pin=1"/></net>

<net id="3229"><net_src comp="170" pin="0"/><net_sink comp="3221" pin=2"/></net>

<net id="3230"><net_src comp="194" pin="0"/><net_sink comp="3221" pin=3"/></net>

<net id="3234"><net_src comp="3221" pin="4"/><net_sink comp="3231" pin=0"/></net>

<net id="3241"><net_src comp="192" pin="0"/><net_sink comp="3235" pin=0"/></net>

<net id="3242"><net_src comp="593" pin="3"/><net_sink comp="3235" pin=1"/></net>

<net id="3243"><net_src comp="106" pin="0"/><net_sink comp="3235" pin=2"/></net>

<net id="3244"><net_src comp="194" pin="0"/><net_sink comp="3235" pin=3"/></net>

<net id="3248"><net_src comp="3235" pin="4"/><net_sink comp="3245" pin=0"/></net>

<net id="3253"><net_src comp="3217" pin="1"/><net_sink comp="3249" pin=0"/></net>

<net id="3254"><net_src comp="3231" pin="1"/><net_sink comp="3249" pin=1"/></net>

<net id="3258"><net_src comp="3249" pin="2"/><net_sink comp="3255" pin=0"/></net>

<net id="3263"><net_src comp="3255" pin="1"/><net_sink comp="3259" pin=0"/></net>

<net id="3264"><net_src comp="3203" pin="1"/><net_sink comp="3259" pin=1"/></net>

<net id="3268"><net_src comp="3259" pin="2"/><net_sink comp="3265" pin=0"/></net>

<net id="3273"><net_src comp="3265" pin="1"/><net_sink comp="3269" pin=0"/></net>

<net id="3274"><net_src comp="3245" pin="1"/><net_sink comp="3269" pin=1"/></net>

<net id="3278"><net_src comp="3269" pin="2"/><net_sink comp="3275" pin=0"/></net>

<net id="3279"><net_src comp="3275" pin="1"/><net_sink comp="635" pin=2"/></net>

<net id="3293"><net_src comp="642" pin="3"/><net_sink comp="3289" pin=0"/></net>

<net id="3294"><net_src comp="3286" pin="1"/><net_sink comp="3289" pin=1"/></net>

<net id="3301"><net_src comp="198" pin="0"/><net_sink comp="3295" pin=0"/></net>

<net id="3302"><net_src comp="3289" pin="2"/><net_sink comp="3295" pin=1"/></net>

<net id="3303"><net_src comp="176" pin="0"/><net_sink comp="3295" pin=2"/></net>

<net id="3304"><net_src comp="200" pin="0"/><net_sink comp="3295" pin=3"/></net>

<net id="3312"><net_src comp="642" pin="3"/><net_sink comp="3308" pin=0"/></net>

<net id="3313"><net_src comp="3305" pin="1"/><net_sink comp="3308" pin=1"/></net>

<net id="3320"><net_src comp="198" pin="0"/><net_sink comp="3314" pin=0"/></net>

<net id="3321"><net_src comp="3308" pin="2"/><net_sink comp="3314" pin=1"/></net>

<net id="3322"><net_src comp="176" pin="0"/><net_sink comp="3314" pin=2"/></net>

<net id="3323"><net_src comp="200" pin="0"/><net_sink comp="3314" pin=3"/></net>

<net id="3331"><net_src comp="642" pin="3"/><net_sink comp="3327" pin=0"/></net>

<net id="3332"><net_src comp="3324" pin="1"/><net_sink comp="3327" pin=1"/></net>

<net id="3339"><net_src comp="198" pin="0"/><net_sink comp="3333" pin=0"/></net>

<net id="3340"><net_src comp="3327" pin="2"/><net_sink comp="3333" pin=1"/></net>

<net id="3341"><net_src comp="176" pin="0"/><net_sink comp="3333" pin=2"/></net>

<net id="3342"><net_src comp="200" pin="0"/><net_sink comp="3333" pin=3"/></net>

<net id="3350"><net_src comp="642" pin="3"/><net_sink comp="3346" pin=0"/></net>

<net id="3351"><net_src comp="3343" pin="1"/><net_sink comp="3346" pin=1"/></net>

<net id="3358"><net_src comp="198" pin="0"/><net_sink comp="3352" pin=0"/></net>

<net id="3359"><net_src comp="3346" pin="2"/><net_sink comp="3352" pin=1"/></net>

<net id="3360"><net_src comp="176" pin="0"/><net_sink comp="3352" pin=2"/></net>

<net id="3361"><net_src comp="200" pin="0"/><net_sink comp="3352" pin=3"/></net>

<net id="3365"><net_src comp="3352" pin="4"/><net_sink comp="3362" pin=0"/></net>

<net id="3369"><net_src comp="3295" pin="4"/><net_sink comp="3366" pin=0"/></net>

<net id="3386"><net_src comp="3373" pin="1"/><net_sink comp="3382" pin=0"/></net>

<net id="3387"><net_src comp="3376" pin="1"/><net_sink comp="3382" pin=1"/></net>

<net id="3391"><net_src comp="3382" pin="2"/><net_sink comp="3388" pin=0"/></net>

<net id="3396"><net_src comp="3370" pin="1"/><net_sink comp="3392" pin=0"/></net>

<net id="3397"><net_src comp="3379" pin="1"/><net_sink comp="3392" pin=1"/></net>

<net id="3401"><net_src comp="3392" pin="2"/><net_sink comp="3398" pin=0"/></net>

<net id="3412"><net_src comp="3405" pin="1"/><net_sink comp="3408" pin=0"/></net>

<net id="3413"><net_src comp="3402" pin="1"/><net_sink comp="3408" pin=1"/></net>

<net id="3417"><net_src comp="3408" pin="2"/><net_sink comp="3414" pin=0"/></net>

<net id="3421"><net_src comp="741" pin="1"/><net_sink comp="3418" pin=0"/></net>

<net id="3427"><net_src comp="202" pin="0"/><net_sink comp="3422" pin=0"/></net>

<net id="3428"><net_src comp="3408" pin="2"/><net_sink comp="3422" pin=1"/></net>

<net id="3429"><net_src comp="204" pin="0"/><net_sink comp="3422" pin=2"/></net>

<net id="3434"><net_src comp="206" pin="0"/><net_sink comp="3430" pin=0"/></net>

<net id="3435"><net_src comp="3414" pin="1"/><net_sink comp="3430" pin=1"/></net>

<net id="3442"><net_src comp="208" pin="0"/><net_sink comp="3436" pin=0"/></net>

<net id="3443"><net_src comp="3430" pin="2"/><net_sink comp="3436" pin=1"/></net>

<net id="3444"><net_src comp="210" pin="0"/><net_sink comp="3436" pin=2"/></net>

<net id="3445"><net_src comp="204" pin="0"/><net_sink comp="3436" pin=3"/></net>

<net id="3450"><net_src comp="212" pin="0"/><net_sink comp="3446" pin=0"/></net>

<net id="3451"><net_src comp="3436" pin="4"/><net_sink comp="3446" pin=1"/></net>

<net id="3458"><net_src comp="214" pin="0"/><net_sink comp="3452" pin=0"/></net>

<net id="3459"><net_src comp="3408" pin="2"/><net_sink comp="3452" pin=1"/></net>

<net id="3460"><net_src comp="210" pin="0"/><net_sink comp="3452" pin=2"/></net>

<net id="3461"><net_src comp="204" pin="0"/><net_sink comp="3452" pin=3"/></net>

<net id="3467"><net_src comp="3422" pin="3"/><net_sink comp="3462" pin=0"/></net>

<net id="3468"><net_src comp="3446" pin="2"/><net_sink comp="3462" pin=1"/></net>

<net id="3469"><net_src comp="3452" pin="4"/><net_sink comp="3462" pin=2"/></net>

<net id="3473"><net_src comp="3462" pin="3"/><net_sink comp="3470" pin=0"/></net>

<net id="3478"><net_src comp="3470" pin="1"/><net_sink comp="3474" pin=0"/></net>

<net id="3479"><net_src comp="3418" pin="1"/><net_sink comp="3474" pin=1"/></net>

<net id="3485"><net_src comp="741" pin="1"/><net_sink comp="3480" pin=1"/></net>

<net id="3486"><net_src comp="178" pin="0"/><net_sink comp="3480" pin=2"/></net>

<net id="3492"><net_src comp="178" pin="0"/><net_sink comp="3487" pin=1"/></net>

<net id="3493"><net_src comp="741" pin="1"/><net_sink comp="3487" pin=2"/></net>

<net id="3499"><net_src comp="3480" pin="3"/><net_sink comp="3494" pin=1"/></net>

<net id="3500"><net_src comp="178" pin="0"/><net_sink comp="3494" pin=2"/></net>

<net id="3509"><net_src comp="3501" pin="3"/><net_sink comp="3506" pin=0"/></net>

<net id="3515"><net_src comp="3487" pin="3"/><net_sink comp="3510" pin=1"/></net>

<net id="3516"><net_src comp="178" pin="0"/><net_sink comp="3510" pin=2"/></net>

<net id="3522"><net_src comp="216" pin="0"/><net_sink comp="3517" pin=0"/></net>

<net id="3523"><net_src comp="3506" pin="1"/><net_sink comp="3517" pin=1"/></net>

<net id="3524"><net_src comp="210" pin="0"/><net_sink comp="3517" pin=2"/></net>

<net id="3531"><net_src comp="218" pin="0"/><net_sink comp="3525" pin=0"/></net>

<net id="3532"><net_src comp="3501" pin="3"/><net_sink comp="3525" pin=1"/></net>

<net id="3533"><net_src comp="176" pin="0"/><net_sink comp="3525" pin=2"/></net>

<net id="3534"><net_src comp="164" pin="0"/><net_sink comp="3525" pin=3"/></net>

<net id="3539"><net_src comp="3525" pin="4"/><net_sink comp="3535" pin=0"/></net>

<net id="3540"><net_src comp="220" pin="0"/><net_sink comp="3535" pin=1"/></net>

<net id="3544"><net_src comp="3501" pin="3"/><net_sink comp="3541" pin=0"/></net>

<net id="3549"><net_src comp="3517" pin="3"/><net_sink comp="3545" pin=0"/></net>

<net id="3550"><net_src comp="222" pin="0"/><net_sink comp="3545" pin=1"/></net>

<net id="3556"><net_src comp="3545" pin="2"/><net_sink comp="3551" pin=0"/></net>

<net id="3557"><net_src comp="224" pin="0"/><net_sink comp="3551" pin=1"/></net>

<net id="3558"><net_src comp="178" pin="0"/><net_sink comp="3551" pin=2"/></net>

<net id="3563"><net_src comp="3517" pin="3"/><net_sink comp="3559" pin=0"/></net>

<net id="3564"><net_src comp="3535" pin="2"/><net_sink comp="3559" pin=1"/></net>

<net id="3570"><net_src comp="3559" pin="2"/><net_sink comp="3565" pin=0"/></net>

<net id="3571"><net_src comp="3551" pin="3"/><net_sink comp="3565" pin=1"/></net>

<net id="3572"><net_src comp="3541" pin="1"/><net_sink comp="3565" pin=2"/></net>

<net id="3579"><net_src comp="226" pin="0"/><net_sink comp="3573" pin=0"/></net>

<net id="3580"><net_src comp="3510" pin="3"/><net_sink comp="3573" pin=1"/></net>

<net id="3581"><net_src comp="3565" pin="3"/><net_sink comp="3573" pin=2"/></net>

<net id="3582"><net_src comp="3494" pin="3"/><net_sink comp="3573" pin=3"/></net>

<net id="3583"><net_src comp="3573" pin="4"/><net_sink comp="510" pin=2"/></net>

<net id="3588"><net_src comp="62" pin="0"/><net_sink comp="3584" pin=1"/></net>

<net id="3593"><net_src comp="64" pin="0"/><net_sink comp="3589" pin=1"/></net>

<net id="3598"><net_src comp="66" pin="0"/><net_sink comp="3594" pin=1"/></net>

<net id="3603"><net_src comp="68" pin="0"/><net_sink comp="3599" pin=1"/></net>

<net id="3608"><net_src comp="70" pin="0"/><net_sink comp="3604" pin=1"/></net>

<net id="3613"><net_src comp="72" pin="0"/><net_sink comp="3609" pin=1"/></net>

<net id="3618"><net_src comp="74" pin="0"/><net_sink comp="3614" pin=1"/></net>

<net id="3623"><net_src comp="76" pin="0"/><net_sink comp="3619" pin=1"/></net>

<net id="3628"><net_src comp="78" pin="0"/><net_sink comp="3624" pin=1"/></net>

<net id="3633"><net_src comp="80" pin="0"/><net_sink comp="3629" pin=1"/></net>

<net id="3638"><net_src comp="82" pin="0"/><net_sink comp="3634" pin=1"/></net>

<net id="3643"><net_src comp="84" pin="0"/><net_sink comp="3639" pin=1"/></net>

<net id="3648"><net_src comp="86" pin="0"/><net_sink comp="3644" pin=1"/></net>

<net id="3653"><net_src comp="88" pin="0"/><net_sink comp="3649" pin=1"/></net>

<net id="3658"><net_src comp="90" pin="0"/><net_sink comp="3654" pin=1"/></net>

<net id="3663"><net_src comp="92" pin="0"/><net_sink comp="3659" pin=1"/></net>

<net id="3668"><net_src comp="94" pin="0"/><net_sink comp="3664" pin=1"/></net>

<net id="3673"><net_src comp="96" pin="0"/><net_sink comp="3669" pin=1"/></net>

<net id="3678"><net_src comp="98" pin="0"/><net_sink comp="3674" pin=1"/></net>

<net id="3683"><net_src comp="100" pin="0"/><net_sink comp="3679" pin=1"/></net>

<net id="3689"><net_src comp="3283" pin="1"/><net_sink comp="3684" pin=0"/></net>

<net id="3690"><net_src comp="3362" pin="1"/><net_sink comp="3684" pin=1"/></net>

<net id="3691"><net_src comp="3388" pin="1"/><net_sink comp="3684" pin=2"/></net>

<net id="3692"><net_src comp="3684" pin="3"/><net_sink comp="3405" pin=0"/></net>

<net id="3698"><net_src comp="3280" pin="1"/><net_sink comp="3693" pin=0"/></net>

<net id="3699"><net_src comp="3366" pin="1"/><net_sink comp="3693" pin=1"/></net>

<net id="3700"><net_src comp="3398" pin="1"/><net_sink comp="3693" pin=2"/></net>

<net id="3701"><net_src comp="3693" pin="3"/><net_sink comp="3402" pin=0"/></net>

<net id="3705"><net_src comp="230" pin="1"/><net_sink comp="3702" pin=0"/></net>

<net id="3706"><net_src comp="3702" pin="1"/><net_sink comp="971" pin=1"/></net>

<net id="3707"><net_src comp="3702" pin="1"/><net_sink comp="976" pin=0"/></net>

<net id="3708"><net_src comp="3702" pin="1"/><net_sink comp="1051" pin=1"/></net>

<net id="3712"><net_src comp="234" pin="1"/><net_sink comp="3709" pin=0"/></net>

<net id="3713"><net_src comp="3709" pin="1"/><net_sink comp="966" pin=1"/></net>

<net id="3714"><net_src comp="3709" pin="1"/><net_sink comp="1056" pin=0"/></net>

<net id="3715"><net_src comp="3709" pin="1"/><net_sink comp="1115" pin=1"/></net>

<net id="3716"><net_src comp="3709" pin="1"/><net_sink comp="1319" pin=0"/></net>

<net id="3720"><net_src comp="238" pin="1"/><net_sink comp="3717" pin=0"/></net>

<net id="3721"><net_src comp="3717" pin="1"/><net_sink comp="961" pin=1"/></net>

<net id="3722"><net_src comp="3717" pin="1"/><net_sink comp="1059" pin=0"/></net>

<net id="3723"><net_src comp="3717" pin="1"/><net_sink comp="1110" pin=1"/></net>

<net id="3724"><net_src comp="3717" pin="1"/><net_sink comp="1322" pin=0"/></net>

<net id="3728"><net_src comp="242" pin="1"/><net_sink comp="3725" pin=0"/></net>

<net id="3729"><net_src comp="3725" pin="1"/><net_sink comp="956" pin=1"/></net>

<net id="3730"><net_src comp="3725" pin="1"/><net_sink comp="1062" pin=0"/></net>

<net id="3731"><net_src comp="3725" pin="1"/><net_sink comp="1105" pin=1"/></net>

<net id="3732"><net_src comp="3725" pin="1"/><net_sink comp="1325" pin=0"/></net>

<net id="3736"><net_src comp="246" pin="1"/><net_sink comp="3733" pin=0"/></net>

<net id="3737"><net_src comp="3733" pin="1"/><net_sink comp="951" pin=1"/></net>

<net id="3738"><net_src comp="3733" pin="1"/><net_sink comp="1065" pin=0"/></net>

<net id="3739"><net_src comp="3733" pin="1"/><net_sink comp="1100" pin=1"/></net>

<net id="3740"><net_src comp="3733" pin="1"/><net_sink comp="1328" pin=0"/></net>

<net id="3744"><net_src comp="250" pin="1"/><net_sink comp="3741" pin=0"/></net>

<net id="3745"><net_src comp="3741" pin="1"/><net_sink comp="946" pin=1"/></net>

<net id="3746"><net_src comp="3741" pin="1"/><net_sink comp="1068" pin=0"/></net>

<net id="3747"><net_src comp="3741" pin="1"/><net_sink comp="1095" pin=1"/></net>

<net id="3748"><net_src comp="3741" pin="1"/><net_sink comp="1331" pin=0"/></net>

<net id="3752"><net_src comp="254" pin="1"/><net_sink comp="3749" pin=0"/></net>

<net id="3753"><net_src comp="3749" pin="1"/><net_sink comp="941" pin=1"/></net>

<net id="3754"><net_src comp="3749" pin="1"/><net_sink comp="1120" pin=0"/></net>

<net id="3755"><net_src comp="3749" pin="1"/><net_sink comp="2254" pin=1"/></net>

<net id="3759"><net_src comp="258" pin="1"/><net_sink comp="3756" pin=0"/></net>

<net id="3760"><net_src comp="3756" pin="1"/><net_sink comp="936" pin=1"/></net>

<net id="3761"><net_src comp="3756" pin="1"/><net_sink comp="1124" pin=0"/></net>

<net id="3762"><net_src comp="3756" pin="1"/><net_sink comp="2249" pin=1"/></net>

<net id="3766"><net_src comp="262" pin="1"/><net_sink comp="3763" pin=0"/></net>

<net id="3767"><net_src comp="3763" pin="1"/><net_sink comp="931" pin=1"/></net>

<net id="3768"><net_src comp="3763" pin="1"/><net_sink comp="1128" pin=0"/></net>

<net id="3769"><net_src comp="3763" pin="1"/><net_sink comp="2244" pin=1"/></net>

<net id="3773"><net_src comp="266" pin="1"/><net_sink comp="3770" pin=0"/></net>

<net id="3774"><net_src comp="3770" pin="1"/><net_sink comp="926" pin=1"/></net>

<net id="3775"><net_src comp="3770" pin="1"/><net_sink comp="1132" pin=0"/></net>

<net id="3776"><net_src comp="3770" pin="1"/><net_sink comp="2239" pin=1"/></net>

<net id="3780"><net_src comp="270" pin="1"/><net_sink comp="3777" pin=0"/></net>

<net id="3781"><net_src comp="3777" pin="1"/><net_sink comp="921" pin=1"/></net>

<net id="3782"><net_src comp="3777" pin="1"/><net_sink comp="1136" pin=0"/></net>

<net id="3783"><net_src comp="3777" pin="1"/><net_sink comp="2234" pin=1"/></net>

<net id="3787"><net_src comp="274" pin="1"/><net_sink comp="3784" pin=0"/></net>

<net id="3788"><net_src comp="3784" pin="1"/><net_sink comp="916" pin=1"/></net>

<net id="3789"><net_src comp="3784" pin="1"/><net_sink comp="1140" pin=0"/></net>

<net id="3790"><net_src comp="3784" pin="1"/><net_sink comp="2229" pin=1"/></net>

<net id="3794"><net_src comp="278" pin="1"/><net_sink comp="3791" pin=0"/></net>

<net id="3795"><net_src comp="3791" pin="1"/><net_sink comp="911" pin=1"/></net>

<net id="3796"><net_src comp="3791" pin="1"/><net_sink comp="1144" pin=0"/></net>

<net id="3797"><net_src comp="3791" pin="1"/><net_sink comp="2224" pin=1"/></net>

<net id="3801"><net_src comp="282" pin="1"/><net_sink comp="3798" pin=0"/></net>

<net id="3802"><net_src comp="3798" pin="1"/><net_sink comp="906" pin=1"/></net>

<net id="3803"><net_src comp="3798" pin="1"/><net_sink comp="1148" pin=0"/></net>

<net id="3804"><net_src comp="3798" pin="1"/><net_sink comp="2219" pin=1"/></net>

<net id="3808"><net_src comp="286" pin="1"/><net_sink comp="3805" pin=0"/></net>

<net id="3809"><net_src comp="3805" pin="1"/><net_sink comp="901" pin=1"/></net>

<net id="3810"><net_src comp="3805" pin="1"/><net_sink comp="1152" pin=0"/></net>

<net id="3811"><net_src comp="3805" pin="1"/><net_sink comp="2214" pin=1"/></net>

<net id="3815"><net_src comp="290" pin="1"/><net_sink comp="3812" pin=0"/></net>

<net id="3816"><net_src comp="3812" pin="1"/><net_sink comp="896" pin=1"/></net>

<net id="3817"><net_src comp="3812" pin="1"/><net_sink comp="1156" pin=0"/></net>

<net id="3818"><net_src comp="3812" pin="1"/><net_sink comp="2209" pin=1"/></net>

<net id="3822"><net_src comp="294" pin="1"/><net_sink comp="3819" pin=0"/></net>

<net id="3823"><net_src comp="3819" pin="1"/><net_sink comp="891" pin=1"/></net>

<net id="3824"><net_src comp="3819" pin="1"/><net_sink comp="1160" pin=0"/></net>

<net id="3825"><net_src comp="3819" pin="1"/><net_sink comp="2204" pin=1"/></net>

<net id="3829"><net_src comp="298" pin="1"/><net_sink comp="3826" pin=0"/></net>

<net id="3830"><net_src comp="3826" pin="1"/><net_sink comp="886" pin=1"/></net>

<net id="3831"><net_src comp="3826" pin="1"/><net_sink comp="1164" pin=0"/></net>

<net id="3832"><net_src comp="3826" pin="1"/><net_sink comp="2199" pin=1"/></net>

<net id="3836"><net_src comp="302" pin="1"/><net_sink comp="3833" pin=0"/></net>

<net id="3837"><net_src comp="3833" pin="1"/><net_sink comp="881" pin=1"/></net>

<net id="3838"><net_src comp="3833" pin="1"/><net_sink comp="1168" pin=0"/></net>

<net id="3839"><net_src comp="3833" pin="1"/><net_sink comp="2194" pin=1"/></net>

<net id="3843"><net_src comp="306" pin="1"/><net_sink comp="3840" pin=0"/></net>

<net id="3844"><net_src comp="3840" pin="1"/><net_sink comp="876" pin=1"/></net>

<net id="3845"><net_src comp="3840" pin="1"/><net_sink comp="1172" pin=0"/></net>

<net id="3846"><net_src comp="3840" pin="1"/><net_sink comp="2189" pin=1"/></net>

<net id="3850"><net_src comp="310" pin="1"/><net_sink comp="3847" pin=0"/></net>

<net id="3851"><net_src comp="3847" pin="1"/><net_sink comp="871" pin=1"/></net>

<net id="3852"><net_src comp="3847" pin="1"/><net_sink comp="1176" pin=0"/></net>

<net id="3853"><net_src comp="3847" pin="1"/><net_sink comp="2184" pin=1"/></net>

<net id="3857"><net_src comp="845" pin="2"/><net_sink comp="3854" pin=0"/></net>

<net id="3861"><net_src comp="851" pin="2"/><net_sink comp="3858" pin=0"/></net>

<net id="3862"><net_src comp="3858" pin="1"/><net_sink comp="1071" pin=0"/></net>

<net id="3863"><net_src comp="3858" pin="1"/><net_sink comp="1079" pin=0"/></net>

<net id="3864"><net_src comp="3858" pin="1"/><net_sink comp="1087" pin=0"/></net>

<net id="3868"><net_src comp="865" pin="2"/><net_sink comp="3865" pin=0"/></net>

<net id="3869"><net_src comp="3865" pin="1"/><net_sink comp="3480" pin=0"/></net>

<net id="3870"><net_src comp="3865" pin="1"/><net_sink comp="3487" pin=0"/></net>

<net id="3874"><net_src comp="979" pin="2"/><net_sink comp="3871" pin=0"/></net>

<net id="3878"><net_src comp="1009" pin="2"/><net_sink comp="3875" pin=0"/></net>

<net id="3882"><net_src comp="517" pin="3"/><net_sink comp="3879" pin=0"/></net>

<net id="3883"><net_src comp="3879" pin="1"/><net_sink comp="524" pin=2"/></net>

<net id="3884"><net_src comp="3879" pin="1"/><net_sink comp="524" pin=0"/></net>

<net id="3888"><net_src comp="534" pin="3"/><net_sink comp="3885" pin=0"/></net>

<net id="3889"><net_src comp="3885" pin="1"/><net_sink comp="541" pin=2"/></net>

<net id="3890"><net_src comp="3885" pin="1"/><net_sink comp="541" pin=0"/></net>

<net id="3894"><net_src comp="551" pin="3"/><net_sink comp="3891" pin=0"/></net>

<net id="3895"><net_src comp="3891" pin="1"/><net_sink comp="558" pin=2"/></net>

<net id="3896"><net_src comp="3891" pin="1"/><net_sink comp="558" pin=0"/></net>

<net id="3900"><net_src comp="568" pin="3"/><net_sink comp="3897" pin=0"/></net>

<net id="3901"><net_src comp="3897" pin="1"/><net_sink comp="575" pin=2"/></net>

<net id="3902"><net_src comp="3897" pin="1"/><net_sink comp="575" pin=0"/></net>

<net id="3906"><net_src comp="1015" pin="2"/><net_sink comp="3903" pin=0"/></net>

<net id="3907"><net_src comp="3903" pin="1"/><net_sink comp="1180" pin=0"/></net>

<net id="3908"><net_src comp="3903" pin="1"/><net_sink comp="1186" pin=0"/></net>

<net id="3909"><net_src comp="3903" pin="1"/><net_sink comp="1193" pin=0"/></net>

<net id="3910"><net_src comp="3903" pin="1"/><net_sink comp="1200" pin=0"/></net>

<net id="3911"><net_src comp="3903" pin="1"/><net_sink comp="1207" pin=0"/></net>

<net id="3912"><net_src comp="3903" pin="1"/><net_sink comp="1213" pin=0"/></net>

<net id="3913"><net_src comp="3903" pin="1"/><net_sink comp="1220" pin=0"/></net>

<net id="3914"><net_src comp="3903" pin="1"/><net_sink comp="1227" pin=0"/></net>

<net id="3915"><net_src comp="3903" pin="1"/><net_sink comp="1234" pin=0"/></net>

<net id="3916"><net_src comp="3903" pin="1"/><net_sink comp="1240" pin=0"/></net>

<net id="3917"><net_src comp="3903" pin="1"/><net_sink comp="1247" pin=0"/></net>

<net id="3918"><net_src comp="3903" pin="1"/><net_sink comp="1254" pin=0"/></net>

<net id="3919"><net_src comp="3903" pin="1"/><net_sink comp="1261" pin=0"/></net>

<net id="3920"><net_src comp="3903" pin="1"/><net_sink comp="1267" pin=0"/></net>

<net id="3921"><net_src comp="3903" pin="1"/><net_sink comp="1274" pin=0"/></net>

<net id="3922"><net_src comp="3903" pin="1"/><net_sink comp="1281" pin=0"/></net>

<net id="3923"><net_src comp="3903" pin="1"/><net_sink comp="1288" pin=0"/></net>

<net id="3924"><net_src comp="3903" pin="1"/><net_sink comp="1295" pin=0"/></net>

<net id="3925"><net_src comp="3903" pin="1"/><net_sink comp="1303" pin=0"/></net>

<net id="3926"><net_src comp="3903" pin="1"/><net_sink comp="1311" pin=0"/></net>

<net id="3930"><net_src comp="1031" pin="2"/><net_sink comp="3927" pin=0"/></net>

<net id="3931"><net_src comp="3927" pin="1"/><net_sink comp="3494" pin=0"/></net>

<net id="3932"><net_src comp="3927" pin="1"/><net_sink comp="3501" pin=0"/></net>

<net id="3933"><net_src comp="3927" pin="1"/><net_sink comp="3510" pin=0"/></net>

<net id="3937"><net_src comp="1043" pin="3"/><net_sink comp="3934" pin=0"/></net>

<net id="3941"><net_src comp="1056" pin="1"/><net_sink comp="3938" pin=0"/></net>

<net id="3942"><net_src comp="3938" pin="1"/><net_sink comp="1207" pin=2"/></net>

<net id="3943"><net_src comp="3938" pin="1"/><net_sink comp="808" pin=2"/></net>

<net id="3944"><net_src comp="3938" pin="1"/><net_sink comp="3604" pin=0"/></net>

<net id="3948"><net_src comp="1059" pin="1"/><net_sink comp="3945" pin=0"/></net>

<net id="3949"><net_src comp="3945" pin="1"/><net_sink comp="1180" pin=2"/></net>

<net id="3950"><net_src comp="3945" pin="1"/><net_sink comp="772" pin=2"/></net>

<net id="3951"><net_src comp="3945" pin="1"/><net_sink comp="3599" pin=0"/></net>

<net id="3955"><net_src comp="1062" pin="1"/><net_sink comp="3952" pin=0"/></net>

<net id="3956"><net_src comp="3952" pin="1"/><net_sink comp="1261" pin=2"/></net>

<net id="3957"><net_src comp="3952" pin="1"/><net_sink comp="735" pin=2"/></net>

<net id="3958"><net_src comp="3952" pin="1"/><net_sink comp="3594" pin=0"/></net>

<net id="3962"><net_src comp="1065" pin="1"/><net_sink comp="3959" pin=0"/></net>

<net id="3963"><net_src comp="3959" pin="1"/><net_sink comp="1234" pin=2"/></net>

<net id="3964"><net_src comp="3959" pin="1"/><net_sink comp="699" pin=2"/></net>

<net id="3965"><net_src comp="3959" pin="1"/><net_sink comp="3589" pin=0"/></net>

<net id="3969"><net_src comp="1068" pin="1"/><net_sink comp="3966" pin=0"/></net>

<net id="3970"><net_src comp="3966" pin="1"/><net_sink comp="1288" pin=2"/></net>

<net id="3971"><net_src comp="3966" pin="1"/><net_sink comp="663" pin=2"/></net>

<net id="3972"><net_src comp="3966" pin="1"/><net_sink comp="3584" pin=0"/></net>

<net id="3976"><net_src comp="524" pin="7"/><net_sink comp="3973" pin=0"/></net>

<net id="3977"><net_src comp="3973" pin="1"/><net_sink comp="1234" pin=1"/></net>

<net id="3978"><net_src comp="3973" pin="1"/><net_sink comp="1240" pin=1"/></net>

<net id="3979"><net_src comp="3973" pin="1"/><net_sink comp="1247" pin=1"/></net>

<net id="3980"><net_src comp="3973" pin="1"/><net_sink comp="1254" pin=1"/></net>

<net id="3984"><net_src comp="541" pin="7"/><net_sink comp="3981" pin=0"/></net>

<net id="3985"><net_src comp="3981" pin="1"/><net_sink comp="1261" pin=1"/></net>

<net id="3986"><net_src comp="3981" pin="1"/><net_sink comp="1267" pin=1"/></net>

<net id="3987"><net_src comp="3981" pin="1"/><net_sink comp="1274" pin=1"/></net>

<net id="3988"><net_src comp="3981" pin="1"/><net_sink comp="1281" pin=1"/></net>

<net id="3992"><net_src comp="558" pin="7"/><net_sink comp="3989" pin=0"/></net>

<net id="3993"><net_src comp="3989" pin="1"/><net_sink comp="1180" pin=1"/></net>

<net id="3994"><net_src comp="3989" pin="1"/><net_sink comp="1186" pin=1"/></net>

<net id="3995"><net_src comp="3989" pin="1"/><net_sink comp="1193" pin=1"/></net>

<net id="3996"><net_src comp="3989" pin="1"/><net_sink comp="1200" pin=1"/></net>

<net id="4000"><net_src comp="575" pin="7"/><net_sink comp="3997" pin=0"/></net>

<net id="4001"><net_src comp="3997" pin="1"/><net_sink comp="1207" pin=1"/></net>

<net id="4002"><net_src comp="3997" pin="1"/><net_sink comp="1213" pin=1"/></net>

<net id="4003"><net_src comp="3997" pin="1"/><net_sink comp="1220" pin=1"/></net>

<net id="4004"><net_src comp="3997" pin="1"/><net_sink comp="1227" pin=1"/></net>

<net id="4008"><net_src comp="1120" pin="1"/><net_sink comp="4005" pin=0"/></net>

<net id="4009"><net_src comp="4005" pin="1"/><net_sink comp="3679" pin=0"/></net>

<net id="4013"><net_src comp="1124" pin="1"/><net_sink comp="4010" pin=0"/></net>

<net id="4014"><net_src comp="4010" pin="1"/><net_sink comp="3674" pin=0"/></net>

<net id="4018"><net_src comp="1128" pin="1"/><net_sink comp="4015" pin=0"/></net>

<net id="4019"><net_src comp="4015" pin="1"/><net_sink comp="3669" pin=0"/></net>

<net id="4023"><net_src comp="1132" pin="1"/><net_sink comp="4020" pin=0"/></net>

<net id="4024"><net_src comp="4020" pin="1"/><net_sink comp="3664" pin=0"/></net>

<net id="4028"><net_src comp="1136" pin="1"/><net_sink comp="4025" pin=0"/></net>

<net id="4029"><net_src comp="4025" pin="1"/><net_sink comp="3659" pin=0"/></net>

<net id="4033"><net_src comp="1140" pin="1"/><net_sink comp="4030" pin=0"/></net>

<net id="4034"><net_src comp="4030" pin="1"/><net_sink comp="3654" pin=0"/></net>

<net id="4038"><net_src comp="1144" pin="1"/><net_sink comp="4035" pin=0"/></net>

<net id="4039"><net_src comp="4035" pin="1"/><net_sink comp="3649" pin=0"/></net>

<net id="4043"><net_src comp="1148" pin="1"/><net_sink comp="4040" pin=0"/></net>

<net id="4044"><net_src comp="4040" pin="1"/><net_sink comp="3644" pin=0"/></net>

<net id="4048"><net_src comp="1152" pin="1"/><net_sink comp="4045" pin=0"/></net>

<net id="4049"><net_src comp="4045" pin="1"/><net_sink comp="3639" pin=0"/></net>

<net id="4053"><net_src comp="1156" pin="1"/><net_sink comp="4050" pin=0"/></net>

<net id="4054"><net_src comp="4050" pin="1"/><net_sink comp="3634" pin=0"/></net>

<net id="4058"><net_src comp="1160" pin="1"/><net_sink comp="4055" pin=0"/></net>

<net id="4059"><net_src comp="4055" pin="1"/><net_sink comp="3629" pin=0"/></net>

<net id="4063"><net_src comp="1164" pin="1"/><net_sink comp="4060" pin=0"/></net>

<net id="4064"><net_src comp="4060" pin="1"/><net_sink comp="3624" pin=0"/></net>

<net id="4068"><net_src comp="1168" pin="1"/><net_sink comp="4065" pin=0"/></net>

<net id="4069"><net_src comp="4065" pin="1"/><net_sink comp="3619" pin=0"/></net>

<net id="4073"><net_src comp="1172" pin="1"/><net_sink comp="4070" pin=0"/></net>

<net id="4074"><net_src comp="4070" pin="1"/><net_sink comp="3614" pin=0"/></net>

<net id="4078"><net_src comp="1176" pin="1"/><net_sink comp="4075" pin=0"/></net>

<net id="4079"><net_src comp="4075" pin="1"/><net_sink comp="3609" pin=0"/></net>

<net id="4083"><net_src comp="1714" pin="1"/><net_sink comp="4080" pin=0"/></net>

<net id="4084"><net_src comp="4080" pin="1"/><net_sink comp="2346" pin=0"/></net>

<net id="4088"><net_src comp="1718" pin="1"/><net_sink comp="4085" pin=0"/></net>

<net id="4089"><net_src comp="4085" pin="1"/><net_sink comp="2307" pin=0"/></net>

<net id="4090"><net_src comp="4085" pin="1"/><net_sink comp="2895" pin=0"/></net>

<net id="4094"><net_src comp="1722" pin="1"/><net_sink comp="4091" pin=0"/></net>

<net id="4095"><net_src comp="4091" pin="1"/><net_sink comp="2385" pin=0"/></net>

<net id="4099"><net_src comp="1726" pin="1"/><net_sink comp="4096" pin=0"/></net>

<net id="4100"><net_src comp="4096" pin="1"/><net_sink comp="2424" pin=0"/></net>

<net id="4101"><net_src comp="4096" pin="1"/><net_sink comp="2934" pin=0"/></net>

<net id="4105"><net_src comp="1750" pin="2"/><net_sink comp="4102" pin=0"/></net>

<net id="4106"><net_src comp="4102" pin="1"/><net_sink comp="3280" pin=0"/></net>

<net id="4110"><net_src comp="1760" pin="1"/><net_sink comp="4107" pin=0"/></net>

<net id="4111"><net_src comp="4107" pin="1"/><net_sink comp="2503" pin=0"/></net>

<net id="4115"><net_src comp="1764" pin="1"/><net_sink comp="4112" pin=0"/></net>

<net id="4116"><net_src comp="4112" pin="1"/><net_sink comp="2542" pin=0"/></net>

<net id="4117"><net_src comp="4112" pin="1"/><net_sink comp="2699" pin=0"/></net>

<net id="4121"><net_src comp="1768" pin="1"/><net_sink comp="4118" pin=0"/></net>

<net id="4122"><net_src comp="4118" pin="1"/><net_sink comp="2581" pin=0"/></net>

<net id="4123"><net_src comp="4118" pin="1"/><net_sink comp="2816" pin=0"/></net>

<net id="4127"><net_src comp="1772" pin="1"/><net_sink comp="4124" pin=0"/></net>

<net id="4128"><net_src comp="4124" pin="1"/><net_sink comp="2620" pin=0"/></net>

<net id="4132"><net_src comp="1796" pin="2"/><net_sink comp="4129" pin=0"/></net>

<net id="4133"><net_src comp="4129" pin="1"/><net_sink comp="3370" pin=0"/></net>

<net id="4137"><net_src comp="1806" pin="1"/><net_sink comp="4134" pin=0"/></net>

<net id="4138"><net_src comp="4134" pin="1"/><net_sink comp="2738" pin=0"/></net>

<net id="4142"><net_src comp="1810" pin="1"/><net_sink comp="4139" pin=0"/></net>

<net id="4143"><net_src comp="4139" pin="1"/><net_sink comp="2777" pin=0"/></net>

<net id="4147"><net_src comp="1824" pin="2"/><net_sink comp="4144" pin=0"/></net>

<net id="4148"><net_src comp="4144" pin="1"/><net_sink comp="3373" pin=0"/></net>

<net id="4152"><net_src comp="1834" pin="1"/><net_sink comp="4149" pin=0"/></net>

<net id="4153"><net_src comp="4149" pin="1"/><net_sink comp="2973" pin=0"/></net>

<net id="4157"><net_src comp="1838" pin="1"/><net_sink comp="4154" pin=0"/></net>

<net id="4158"><net_src comp="4154" pin="1"/><net_sink comp="3012" pin=0"/></net>

<net id="4162"><net_src comp="1862" pin="2"/><net_sink comp="4159" pin=0"/></net>

<net id="4163"><net_src comp="4159" pin="1"/><net_sink comp="3283" pin=0"/></net>

<net id="4167"><net_src comp="1872" pin="3"/><net_sink comp="4164" pin=0"/></net>

<net id="4168"><net_src comp="4164" pin="1"/><net_sink comp="2264" pin=0"/></net>

<net id="4172"><net_src comp="1886" pin="4"/><net_sink comp="4169" pin=0"/></net>

<net id="4173"><net_src comp="4169" pin="1"/><net_sink comp="2259" pin=1"/></net>

<net id="4177"><net_src comp="1896" pin="4"/><net_sink comp="4174" pin=0"/></net>

<net id="4178"><net_src comp="4174" pin="1"/><net_sink comp="2264" pin=2"/></net>

<net id="4182"><net_src comp="1906" pin="3"/><net_sink comp="4179" pin=0"/></net>

<net id="4183"><net_src comp="4179" pin="1"/><net_sink comp="2275" pin=0"/></net>

<net id="4187"><net_src comp="1920" pin="4"/><net_sink comp="4184" pin=0"/></net>

<net id="4188"><net_src comp="4184" pin="1"/><net_sink comp="2270" pin=1"/></net>

<net id="4192"><net_src comp="1930" pin="4"/><net_sink comp="4189" pin=0"/></net>

<net id="4193"><net_src comp="4189" pin="1"/><net_sink comp="2275" pin=2"/></net>

<net id="4197"><net_src comp="1940" pin="3"/><net_sink comp="4194" pin=0"/></net>

<net id="4198"><net_src comp="4194" pin="1"/><net_sink comp="2286" pin=0"/></net>

<net id="4202"><net_src comp="1954" pin="4"/><net_sink comp="4199" pin=0"/></net>

<net id="4203"><net_src comp="4199" pin="1"/><net_sink comp="2281" pin=1"/></net>

<net id="4207"><net_src comp="1964" pin="4"/><net_sink comp="4204" pin=0"/></net>

<net id="4208"><net_src comp="4204" pin="1"/><net_sink comp="2286" pin=2"/></net>

<net id="4212"><net_src comp="1974" pin="3"/><net_sink comp="4209" pin=0"/></net>

<net id="4213"><net_src comp="4209" pin="1"/><net_sink comp="2297" pin=0"/></net>

<net id="4217"><net_src comp="1988" pin="4"/><net_sink comp="4214" pin=0"/></net>

<net id="4218"><net_src comp="4214" pin="1"/><net_sink comp="2292" pin=1"/></net>

<net id="4222"><net_src comp="1998" pin="4"/><net_sink comp="4219" pin=0"/></net>

<net id="4223"><net_src comp="4219" pin="1"/><net_sink comp="2297" pin=2"/></net>

<net id="4227"><net_src comp="2086" pin="4"/><net_sink comp="4224" pin=0"/></net>

<net id="4228"><net_src comp="4224" pin="1"/><net_sink comp="3087" pin=0"/></net>

<net id="4232"><net_src comp="2174" pin="4"/><net_sink comp="4229" pin=0"/></net>

<net id="4233"><net_src comp="4229" pin="1"/><net_sink comp="3090" pin=0"/></net>

<net id="4237"><net_src comp="2489" pin="4"/><net_sink comp="4234" pin=0"/></net>

<net id="4238"><net_src comp="4234" pin="1"/><net_sink comp="3103" pin=1"/></net>

<net id="4242"><net_src comp="2685" pin="4"/><net_sink comp="4239" pin=0"/></net>

<net id="4243"><net_src comp="4239" pin="1"/><net_sink comp="3133" pin=1"/></net>

<net id="4247"><net_src comp="2881" pin="4"/><net_sink comp="4244" pin=0"/></net>

<net id="4248"><net_src comp="4244" pin="1"/><net_sink comp="3153" pin=1"/></net>

<net id="4252"><net_src comp="3077" pin="4"/><net_sink comp="4249" pin=0"/></net>

<net id="4253"><net_src comp="4249" pin="1"/><net_sink comp="3173" pin=1"/></net>

<net id="4257"><net_src comp="586" pin="3"/><net_sink comp="4254" pin=0"/></net>

<net id="4258"><net_src comp="4254" pin="1"/><net_sink comp="593" pin=8"/></net>

<net id="4262"><net_src comp="611" pin="3"/><net_sink comp="4259" pin=0"/></net>

<net id="4263"><net_src comp="4259" pin="1"/><net_sink comp="593" pin=5"/></net>

<net id="4267"><net_src comp="619" pin="3"/><net_sink comp="4264" pin=0"/></net>

<net id="4268"><net_src comp="4264" pin="1"/><net_sink comp="593" pin=2"/></net>

<net id="4272"><net_src comp="627" pin="3"/><net_sink comp="4269" pin=0"/></net>

<net id="4273"><net_src comp="4269" pin="1"/><net_sink comp="593" pin=0"/></net>

<net id="4277"><net_src comp="3193" pin="4"/><net_sink comp="4274" pin=0"/></net>

<net id="4278"><net_src comp="4274" pin="1"/><net_sink comp="3286" pin=0"/></net>

<net id="4282"><net_src comp="3207" pin="4"/><net_sink comp="4279" pin=0"/></net>

<net id="4283"><net_src comp="4279" pin="1"/><net_sink comp="3305" pin=0"/></net>

<net id="4287"><net_src comp="3221" pin="4"/><net_sink comp="4284" pin=0"/></net>

<net id="4288"><net_src comp="4284" pin="1"/><net_sink comp="3324" pin=0"/></net>

<net id="4292"><net_src comp="3235" pin="4"/><net_sink comp="4289" pin=0"/></net>

<net id="4293"><net_src comp="4289" pin="1"/><net_sink comp="3343" pin=0"/></net>

<net id="4297"><net_src comp="635" pin="3"/><net_sink comp="4294" pin=0"/></net>

<net id="4298"><net_src comp="4294" pin="1"/><net_sink comp="642" pin=0"/></net>

<net id="4302"><net_src comp="3280" pin="1"/><net_sink comp="4299" pin=0"/></net>

<net id="4303"><net_src comp="4299" pin="1"/><net_sink comp="3693" pin=0"/></net>

<net id="4307"><net_src comp="3283" pin="1"/><net_sink comp="4304" pin=0"/></net>

<net id="4308"><net_src comp="4304" pin="1"/><net_sink comp="3684" pin=0"/></net>

<net id="4312"><net_src comp="3314" pin="4"/><net_sink comp="4309" pin=0"/></net>

<net id="4313"><net_src comp="4309" pin="1"/><net_sink comp="3379" pin=0"/></net>

<net id="4317"><net_src comp="3333" pin="4"/><net_sink comp="4314" pin=0"/></net>

<net id="4318"><net_src comp="4314" pin="1"/><net_sink comp="3376" pin=0"/></net>

<net id="4322"><net_src comp="3362" pin="1"/><net_sink comp="4319" pin=0"/></net>

<net id="4323"><net_src comp="4319" pin="1"/><net_sink comp="3684" pin=1"/></net>

<net id="4327"><net_src comp="3366" pin="1"/><net_sink comp="4324" pin=0"/></net>

<net id="4328"><net_src comp="4324" pin="1"/><net_sink comp="3693" pin=1"/></net>

<net id="4332"><net_src comp="3388" pin="1"/><net_sink comp="4329" pin=0"/></net>

<net id="4333"><net_src comp="4329" pin="1"/><net_sink comp="3684" pin=0"/></net>

<net id="4337"><net_src comp="3398" pin="1"/><net_sink comp="4334" pin=0"/></net>

<net id="4338"><net_src comp="4334" pin="1"/><net_sink comp="3693" pin=0"/></net>

<net id="4342"><net_src comp="3418" pin="1"/><net_sink comp="4339" pin=0"/></net>

<net id="4343"><net_src comp="4339" pin="1"/><net_sink comp="3501" pin=2"/></net>

<net id="4347"><net_src comp="3474" pin="2"/><net_sink comp="4344" pin=0"/></net>

<net id="4348"><net_src comp="4344" pin="1"/><net_sink comp="3501" pin=1"/></net>

</net_list>

</model> 
---------------- Datapath Model END ------------------

* FSMD analyzer results:
  - Output states:
	Port: imgG | {11 }
	Port: imgBayer | {}
	Port: p_out | {10 }
	Port: p_out1 | {10 }
	Port: p_out2 | {10 }
	Port: p_out3 | {10 }
	Port: p_out4 | {10 }
	Port: p_out5 | {10 }
	Port: p_out6 | {10 }
	Port: p_out7 | {10 }
	Port: p_out8 | {10 }
	Port: p_out9 | {10 }
	Port: p_out10 | {10 }
	Port: p_out11 | {10 }
	Port: p_out12 | {10 }
	Port: p_out13 | {10 }
	Port: p_out14 | {10 }
	Port: p_out15 | {10 }
	Port: p_out16 | {10 }
	Port: p_out17 | {10 }
	Port: p_out18 | {10 }
	Port: p_out19 | {10 }
	Port: DIV1_TABLE | {}
	Port: DIV2_TABLE | {}
 - Input state : 
	Port: DebayerG_Pipeline_VITIS_LOOP_318_4 : p_lcssa51795189 | {1 }
	Port: DebayerG_Pipeline_VITIS_LOOP_318_4 : p_lcssa51785187 | {1 }
	Port: DebayerG_Pipeline_VITIS_LOOP_318_4 : p_lcssa51775185 | {1 }
	Port: DebayerG_Pipeline_VITIS_LOOP_318_4 : p_lcssa51765183 | {1 }
	Port: DebayerG_Pipeline_VITIS_LOOP_318_4 : p_lcssa51755181 | {1 }
	Port: DebayerG_Pipeline_VITIS_LOOP_318_4 : p_lcssa50175059 | {1 }
	Port: DebayerG_Pipeline_VITIS_LOOP_318_4 : p_lcssa50165057 | {1 }
	Port: DebayerG_Pipeline_VITIS_LOOP_318_4 : p_lcssa50145055 | {1 }
	Port: DebayerG_Pipeline_VITIS_LOOP_318_4 : p_lcssa50135053 | {1 }
	Port: DebayerG_Pipeline_VITIS_LOOP_318_4 : p_lcssa50125051 | {1 }
	Port: DebayerG_Pipeline_VITIS_LOOP_318_4 : p_lcssa50105049 | {1 }
	Port: DebayerG_Pipeline_VITIS_LOOP_318_4 : p_lcssa50095047 | {1 }
	Port: DebayerG_Pipeline_VITIS_LOOP_318_4 : p_lcssa50085045 | {1 }
	Port: DebayerG_Pipeline_VITIS_LOOP_318_4 : p_lcssa50065043 | {1 }
	Port: DebayerG_Pipeline_VITIS_LOOP_318_4 : p_lcssa50055041 | {1 }
	Port: DebayerG_Pipeline_VITIS_LOOP_318_4 : p_lcssa50045039 | {1 }
	Port: DebayerG_Pipeline_VITIS_LOOP_318_4 : p_lcssa50025037 | {1 }
	Port: DebayerG_Pipeline_VITIS_LOOP_318_4 : p_lcssa50015035 | {1 }
	Port: DebayerG_Pipeline_VITIS_LOOP_318_4 : p_lcssa50005033 | {1 }
	Port: DebayerG_Pipeline_VITIS_LOOP_318_4 : p_lcssa49985031 | {1 }
	Port: DebayerG_Pipeline_VITIS_LOOP_318_4 : height_val | {1 }
	Port: DebayerG_Pipeline_VITIS_LOOP_318_4 : y | {1 }
	Port: DebayerG_Pipeline_VITIS_LOOP_318_4 : width_val | {1 }
	Port: DebayerG_Pipeline_VITIS_LOOP_318_4 : empty_54 | {1 }
	Port: DebayerG_Pipeline_VITIS_LOOP_318_4 : trunc_ln | {1 }
	Port: DebayerG_Pipeline_VITIS_LOOP_318_4 : loopWidth | {1 }
	Port: DebayerG_Pipeline_VITIS_LOOP_318_4 : imgG | {}
	Port: DebayerG_Pipeline_VITIS_LOOP_318_4 : empty | {1 }
	Port: DebayerG_Pipeline_VITIS_LOOP_318_4 : xor_ln439 | {1 }
	Port: DebayerG_Pipeline_VITIS_LOOP_318_4 : out_y | {1 }
	Port: DebayerG_Pipeline_VITIS_LOOP_318_4 : imgBayer | {2 }
	Port: DebayerG_Pipeline_VITIS_LOOP_318_4 : DIV1_TABLE | {5 6 }
	Port: DebayerG_Pipeline_VITIS_LOOP_318_4 : DIV2_TABLE | {6 7 }
  - Chain level:
	State 1
		icmp_ln346 : 1
		icmp_ln506 : 1
		store_ln271 : 1
		z : 1
		icmp_ln318 : 2
		x_11 : 2
		br_ln318 : 3
		zext_ln318 : 3
		out_x : 2
		trunc_ln279 : 3
		icmp_ln328 : 1
		br_ln328 : 2
		linebuf_yuv_addr : 4
		LineBufVal : 5
		linebuf_yuv_1_addr : 4
		LineBufVal_5 : 5
		linebuf_yuv_2_addr : 4
		LineBufVal_6 : 5
		linebuf_yuv_3_addr : 4
		LineBufVal_7 : 5
		br_ln346 : 2
		icmp_ln387 : 2
		xor_ln439_1 : 4
		zext_ln439_1 : 4
		icmp_ln439 : 5
		or_ln585 : 3
		tmp_52 : 3
		br_ln585 : 4
		store_ln271 : 3
	State 2
		select_ln403 : 1
		select_ln403_1 : 1
		LineBufVal_8 : 1
		store_ln412 : 2
		store_ln412 : 2
		store_ln412 : 2
		store_ln348 : 1
		store_ln333 : 1
		store_ln333 : 1
		store_ln333 : 1
		store_ln333 : 1
	State 3
		select_ln387_1 : 1
		select_ln387_2 : 1
		select_ln387_3 : 1
		select_ln387_5 : 1
		select_ln387_6 : 1
		select_ln387_7 : 1
		select_ln387_9 : 1
		select_ln387_10 : 1
		select_ln387_11 : 1
		select_ln387_13 : 1
		select_ln387_14 : 1
		select_ln387_15 : 1
		select_ln387_17 : 1
		select_ln387_18 : 1
		select_ln387_19 : 1
		empty_150 : 1
		empty_151 : 2
		empty_152 : 2
		empty_153 : 2
		empty_154 : 1
		empty_155 : 2
		empty_156 : 2
		empty_157 : 2
		empty_158 : 1
		g_2 : 2
		empty_159 : 2
		empty_160 : 2
		empty_161 : 1
		empty_162 : 2
		empty_163 : 2
		empty_164 : 2
		empty_165 : 1
		empty_166 : 2
		empty_167 : 2
		empty_168 : 2
		shl_ln : 3
		zext_ln450 : 4
		zext_ln450_1 : 3
		zext_ln450_2 : 3
		zext_ln450_3 : 3
		zext_ln450_4 : 3
		sub_ln450 : 5
		K : 6
		shl_ln3 : 3
		zext_ln451 : 4
		zext_ln451_1 : 3
		zext_ln451_2 : 3
		add_ln451 : 4
		zext_ln451_3 : 5
		K_1 : 6
		shl_ln4 : 3
		zext_ln452 : 4
		zext_ln452_1 : 3
		zext_ln452_2 : 3
		sub_ln452 : 5
		K_2 : 6
		shl_ln5 : 3
		zext_ln453 : 4
		add_ln453 : 4
		zext_ln453_1 : 5
		K_3 : 6
		shl_ln6 : 3
		zext_ln454 : 4
		zext_ln454_1 : 3
		zext_ln454_2 : 3
		sub_ln454 : 5
		K_4 : 6
		shl_ln7 : 3
		zext_ln455 : 4
		zext_ln455_1 : 3
		zext_ln455_2 : 3
		add_ln455 : 4
		zext_ln455_3 : 5
		K_5 : 6
		shl_ln8 : 3
		zext_ln456 : 4
		sub_ln456 : 5
		K_6 : 6
		shl_ln9 : 2
		zext_ln457 : 3
		zext_ln457_1 : 1
		add_ln457 : 4
		zext_ln457_2 : 5
		K_7 : 6
		shl_ln1 : 1
		zext_ln458 : 2
		zext_ln458_1 : 1
		add_ln458 : 2
		zext_ln458_2 : 3
		K_8 : 4
		shl_ln2 : 2
		zext_ln459 : 3
		add_ln459 : 4
		zext_ln459_1 : 5
		K_9 : 6
		shl_ln10 : 1
		zext_ln460 : 2
		zext_ln460_1 : 1
		add_ln460 : 2
		zext_ln460_2 : 3
		K_10 : 4
		shl_ln11 : 2
		zext_ln461 : 3
		add_ln461 : 4
		zext_ln461_1 : 5
		K_11 : 6
		sext_ln465 : 7
		sext_ln465_1 : 7
		sext_ln465_2 : 7
		sext_ln465_3 : 7
		add_ln465 : 8
		sext_ln465_4 : 9
		add_ln465_1 : 8
		sext_ln465_5 : 9
		ave : 10
		sext_ln435 : 11
		sext_ln466 : 7
		sext_ln466_1 : 7
		sext_ln466_2 : 7
		sext_ln466_3 : 7
		add_ln466 : 8
		sext_ln466_4 : 9
		add_ln466_1 : 8
		sext_ln466_5 : 9
		ave_1 : 10
		sext_ln435_1 : 11
		sext_ln467 : 7
		sext_ln467_1 : 7
		add_ln467 : 8
		sext_ln467_2 : 9
		ave_2 : 10
		sext_ln435_2 : 11
		sext_ln468 : 5
		sext_ln468_1 : 5
		add_ln468 : 6
		sext_ln468_2 : 7
		add_ln468_1 : 8
		sext_ln468_3 : 9
		ave_3 : 10
		sext_ln435_3 : 11
		tmp_25 : 11
		sub_ln472 : 12
		trunc_ln472_1_cast : 13
		trunc_ln472_2 : 11
		tmp_26 : 11
		sub_ln472_2 : 12
		trunc_ln472_4_cast : 13
		trunc_ln472_5 : 11
		tmp_27 : 11
		sub_ln472_4 : 12
		trunc_ln472_7_cast : 13
		trunc_ln472_8 : 11
		tmp_28 : 11
		sub_ln472_6 : 12
		trunc_ln472_cast : 13
		trunc_ln472_s : 11
		sub_ln483 : 4
		trunc_ln61_24 : 5
		tmp_45 : 5
		sub_ln61_24 : 6
		select_ln61_16 : 7
		zext_ln483 : 8
		sub_ln483_1 : 4
		trunc_ln61_25 : 5
		tmp_46 : 5
		sub_ln61_25 : 6
		select_ln61_17 : 7
		zext_ln483_1 : 8
		add_ln483 : 9
		SD : 10
		sub_ln484 : 4
		trunc_ln61_26 : 5
		tmp_47 : 5
		sub_ln61_26 : 6
		select_ln61_18 : 7
		zext_ln484 : 8
		sub_ln484_1 : 4
		trunc_ln61_27 : 5
		tmp_48 : 5
		sub_ln61_27 : 6
		select_ln61_19 : 7
		zext_ln484_1 : 8
		add_ln484 : 9
		SD_1 : 10
		store_ln387 : 2
		store_ln387 : 3
		store_ln387 : 3
		store_ln387 : 2
		store_ln387 : 3
		store_ln387 : 3
		store_ln387 : 2
		store_ln387 : 3
		store_ln387 : 3
		store_ln387 : 2
		store_ln387 : 3
		store_ln387 : 3
		store_ln387 : 2
		store_ln387 : 3
		store_ln387 : 3
	State 4
		mean : 1
		mean_1 : 1
		mean_2 : 1
		mean_3 : 1
		sext_ln476 : 2
		sub_ln476 : 3
		sext_ln61 : 4
		trunc_ln61 : 4
		tmp_29 : 5
		sub_ln61 : 5
		select_ln61 : 6
		zext_ln476 : 7
		sub_ln476_1 : 3
		sext_ln61_1 : 4
		trunc_ln61_9 : 4
		tmp_30 : 5
		sub_ln61_9 : 5
		select_ln61_1 : 6
		zext_ln476_1 : 7
		sub_ln476_2 : 3
		sext_ln61_2 : 4
		trunc_ln61_10 : 4
		tmp_31 : 5
		sub_ln61_10 : 5
		select_ln61_2 : 6
		zext_ln476_2 : 7
		sub_ln476_3 : 3
		sext_ln61_3 : 4
		trunc_ln61_11 : 4
		tmp_32 : 5
		sub_ln61_11 : 5
		select_ln61_3 : 6
		zext_ln476_3 : 7
		add_ln476 : 8
		zext_ln476_4 : 9
		add_ln476_1 : 8
		zext_ln476_5 : 9
		add_ln476_2 : 10
		var : 11
		sext_ln477 : 2
		sub_ln477 : 3
		sext_ln61_4 : 4
		trunc_ln61_12 : 4
		tmp_33 : 5
		sub_ln61_12 : 5
		select_ln61_4 : 6
		zext_ln477 : 7
		sub_ln477_1 : 3
		sext_ln61_5 : 4
		trunc_ln61_13 : 4
		tmp_34 : 5
		sub_ln61_13 : 5
		select_ln61_5 : 6
		zext_ln477_1 : 7
		sub_ln477_2 : 3
		sext_ln61_6 : 4
		trunc_ln61_14 : 4
		tmp_35 : 5
		sub_ln61_14 : 5
		select_ln61_6 : 6
		zext_ln477_2 : 7
		sub_ln477_3 : 3
		sext_ln61_7 : 4
		trunc_ln61_15 : 4
		tmp_36 : 5
		sub_ln61_15 : 5
		select_ln61_7 : 6
		zext_ln477_3 : 7
		add_ln477 : 8
		zext_ln477_4 : 9
		add_ln477_1 : 8
		zext_ln477_5 : 9
		add_ln477_2 : 10
		var_1 : 11
		sext_ln478 : 2
		sub_ln478 : 3
		sext_ln61_8 : 4
		trunc_ln61_16 : 4
		tmp_37 : 5
		sub_ln61_16 : 5
		select_ln61_8 : 6
		zext_ln478 : 7
		sub_ln478_1 : 3
		sext_ln61_9 : 4
		trunc_ln61_17 : 4
		tmp_38 : 5
		sub_ln61_17 : 5
		select_ln61_9 : 6
		zext_ln478_1 : 7
		sub_ln478_2 : 3
		sext_ln61_10 : 4
		trunc_ln61_18 : 4
		tmp_39 : 5
		sub_ln61_18 : 5
		select_ln61_10 : 6
		zext_ln478_2 : 7
		sub_ln478_3 : 3
		sext_ln61_11 : 4
		trunc_ln61_19 : 4
		tmp_40 : 5
		sub_ln61_19 : 5
		select_ln61_11 : 6
		zext_ln478_3 : 7
		add_ln478 : 8
		zext_ln478_4 : 9
		add_ln478_1 : 8
		zext_ln478_5 : 9
		add_ln478_2 : 10
		var_2 : 11
		sext_ln479 : 2
		sub_ln479 : 3
		sext_ln61_12 : 4
		trunc_ln61_20 : 4
		tmp_41 : 5
		sub_ln61_20 : 5
		select_ln61_12 : 6
		zext_ln479 : 7
		sub_ln479_1 : 3
		sext_ln61_13 : 4
		trunc_ln61_21 : 4
		tmp_42 : 5
		sub_ln61_21 : 5
		select_ln61_13 : 6
		zext_ln479_1 : 7
		sub_ln479_2 : 3
		sext_ln61_14 : 4
		trunc_ln61_22 : 4
		tmp_43 : 5
		sub_ln61_22 : 5
		select_ln61_14 : 6
		zext_ln479_2 : 7
		sub_ln479_3 : 3
		sext_ln61_15 : 4
		trunc_ln61_23 : 4
		tmp_44 : 5
		sub_ln61_23 : 5
		select_ln61_15 : 6
		zext_ln479_3 : 7
		add_ln479 : 8
		zext_ln479_4 : 9
		add_ln479_1 : 8
		zext_ln479_5 : 9
		add_ln479_2 : 10
		var_3 : 11
	State 5
		add_ln492 : 1
		zext_ln492 : 2
		add_ln492_1 : 3
		lshr_ln : 4
		zext_ln493 : 5
		DIV1_TABLE_addr : 6
		DIV1_TABLE_load : 7
		add_ln492_2 : 1
		zext_ln492_1 : 2
		add_ln492_3 : 3
		lshr_ln492_1 : 4
		zext_ln493_1 : 5
		DIV1_TABLE_addr_1 : 6
		DIV1_TABLE_load_1 : 7
		add_ln492_4 : 3
		lshr_ln492_2 : 4
		zext_ln493_2 : 5
		DIV1_TABLE_addr_2 : 6
		DIV1_TABLE_load_2 : 7
		add_ln492_5 : 3
		lshr_ln492_3 : 4
		zext_ln493_3 : 5
		DIV1_TABLE_addr_3 : 6
		DIV1_TABLE_load_3 : 7
	State 6
		sw : 1
		zext_ln494 : 2
		lshr_ln1 : 1
		zext_ln492_2 : 2
		lshr_ln494_1 : 1
		zext_ln492_3 : 2
		lshr_ln494_2 : 1
		zext_ln495 : 2
		add_ln495 : 3
		zext_ln495_2 : 4
		add_ln495_1 : 5
		zext_ln495_1 : 6
		sw_1 : 7
		zext_ln497 : 8
		DIV2_TABLE_addr : 9
		norm : 10
	State 7
		mul_ln501 : 1
		lshr_ln2 : 2
		mul_ln501_1 : 1
		lshr_ln501_1 : 2
		mul_ln501_2 : 1
		lshr_ln501_2 : 2
		mul_ln501_3 : 1
		lshr_ln501_3 : 2
		zext_ln504 : 3
		zext_ln504_2 : 3
		mul_ln504 : 4
		mul_ln504_2 : 4
	State 8
	State 9
		sext_ln504 : 1
		mul_ln504_1 : 1
		sext_ln504_1 : 2
		sext_ln504_2 : 1
		mul_ln504_3 : 1
		sext_ln504_3 : 2
		add_ln504 : 3
		add_ln504_1 : 3
	State 10
		sext_ln504_4 : 1
		sext_ln504_6 : 1
		add_ln504_2 : 2
		sext_ln504_5 : 3
		tmp_49 : 3
		sub_ln504 : 4
		tmp_3_cast : 5
		sub_ln504_1 : 6
		zext_ln504_5 : 3
		select_ln504 : 7
		sext_ln504_7 : 8
		g : 9
	State 11
		outpix_0_0_0_0_0_load : 1
		g_1_cast58 : 1
		outpix_0_2_0_0_0_load : 1
		tmp_50 : 2
		tmp_51 : 1
		icmp_ln510 : 2
		trunc_ln510 : 1
		xor_ln510 : 3
		select_ln510_1 : 3
		or_ln510 : 3
		select_ln510 : 4
		or_ln587_3 : 5
		write_ln587 : 6


============================================================
+ Verbose Summary: Datapath Resource usage 
============================================================

* Functional unit list:
|----------|----------------------------------|---------|---------|---------|
| Operation|          Functional Unit         |   DSP   |    FF   |   LUT   |
|----------|----------------------------------|---------|---------|---------|
|          |         sub_ln450_fu_1362        |    0    |    0    |    18   |
|          |             K_fu_1368            |    0    |    0    |    18   |
|          |            K_1_fu_1404           |    0    |    0    |    16   |
|          |         sub_ln452_fu_1430        |    0    |    0    |    18   |
|          |            K_2_fu_1436           |    0    |    0    |    18   |
|          |            K_3_fu_1464           |    0    |    0    |    16   |
|          |         sub_ln454_fu_1490        |    0    |    0    |    18   |
|          |            K_4_fu_1496           |    0    |    0    |    18   |
|          |            K_5_fu_1532           |    0    |    0    |    16   |
|          |         sub_ln456_fu_1550        |    0    |    0    |    18   |
|          |            K_6_fu_1556           |    0    |    0    |    18   |
|          |            K_7_fu_1588           |    0    |    0    |    16   |
|          |            K_8_fu_1620           |    0    |    0    |    16   |
|          |            K_9_fu_1648           |    0    |    0    |    16   |
|          |           K_10_fu_1680           |    0    |    0    |    16   |
|          |           K_11_fu_1708           |    0    |    0    |    16   |
|          |         sub_ln472_fu_1880        |    0    |    0    |    19   |
|          |        sub_ln472_2_fu_1914       |    0    |    0    |    19   |
|          |        sub_ln472_4_fu_1948       |    0    |    0    |    19   |
|          |        sub_ln472_6_fu_1982       |    0    |    0    |    19   |
|          |         sub_ln483_fu_2008        |    0    |    0    |    15   |
|          |        sub_ln61_24_fu_2026       |    0    |    0    |    15   |
|          |        sub_ln483_1_fu_2044       |    0    |    0    |    15   |
|          |        sub_ln61_25_fu_2062       |    0    |    0    |    15   |
|          |         sub_ln484_fu_2096        |    0    |    0    |    15   |
|          |        sub_ln61_26_fu_2114       |    0    |    0    |    15   |
|          |        sub_ln484_1_fu_2132       |    0    |    0    |    15   |
|          |        sub_ln61_27_fu_2150       |    0    |    0    |    15   |
|          |        sub_ln472_1_fu_2259       |    0    |    0    |    17   |
|          |        sub_ln472_3_fu_2270       |    0    |    0    |    17   |
|          |        sub_ln472_5_fu_2281       |    0    |    0    |    17   |
|          |        sub_ln472_7_fu_2292       |    0    |    0    |    17   |
|    sub   |         sub_ln476_fu_2307        |    0    |    0    |    17   |
|          |         sub_ln61_fu_2328         |    0    |    0    |    17   |
|          |        sub_ln476_1_fu_2346       |    0    |    0    |    17   |
|          |        sub_ln61_9_fu_2367        |    0    |    0    |    17   |
|          |        sub_ln476_2_fu_2385       |    0    |    0    |    17   |
|          |        sub_ln61_10_fu_2406       |    0    |    0    |    17   |
|          |        sub_ln476_3_fu_2424       |    0    |    0    |    17   |
|          |        sub_ln61_11_fu_2445       |    0    |    0    |    17   |
|          |         sub_ln477_fu_2503        |    0    |    0    |    17   |
|          |        sub_ln61_12_fu_2524       |    0    |    0    |    17   |
|          |        sub_ln477_1_fu_2542       |    0    |    0    |    17   |
|          |        sub_ln61_13_fu_2563       |    0    |    0    |    17   |
|          |        sub_ln477_2_fu_2581       |    0    |    0    |    17   |
|          |        sub_ln61_14_fu_2602       |    0    |    0    |    17   |
|          |        sub_ln477_3_fu_2620       |    0    |    0    |    17   |
|          |        sub_ln61_15_fu_2641       |    0    |    0    |    17   |
|          |         sub_ln478_fu_2699        |    0    |    0    |    17   |
|          |        sub_ln61_16_fu_2720       |    0    |    0    |    17   |
|          |        sub_ln478_1_fu_2738       |    0    |    0    |    17   |
|          |        sub_ln61_17_fu_2759       |    0    |    0    |    17   |
|          |        sub_ln478_2_fu_2777       |    0    |    0    |    17   |
|          |        sub_ln61_18_fu_2798       |    0    |    0    |    17   |
|          |        sub_ln478_3_fu_2816       |    0    |    0    |    17   |
|          |        sub_ln61_19_fu_2837       |    0    |    0    |    17   |
|          |         sub_ln479_fu_2895        |    0    |    0    |    17   |
|          |        sub_ln61_20_fu_2916       |    0    |    0    |    17   |
|          |        sub_ln479_1_fu_2934       |    0    |    0    |    17   |
|          |        sub_ln61_21_fu_2955       |    0    |    0    |    17   |
|          |        sub_ln479_2_fu_2973       |    0    |    0    |    17   |
|          |        sub_ln61_22_fu_2994       |    0    |    0    |    17   |
|          |        sub_ln479_3_fu_3012       |    0    |    0    |    17   |
|          |        sub_ln61_23_fu_3033       |    0    |    0    |    17   |
|          |         sub_ln504_fu_3430        |    0    |    0    |    31   |
|          |        sub_ln504_1_fu_3446       |    0    |    0    |    18   |
|----------|----------------------------------|---------|---------|---------|
|          |            x_11_fu_985           |    0    |    0    |    24   |
|          |           out_x_fu_999           |    0    |    0    |    24   |
|          |         add_ln451_fu_1394        |    0    |    0    |    15   |
|          |         add_ln453_fu_1454        |    0    |    0    |    15   |
|          |         add_ln455_fu_1522        |    0    |    0    |    15   |
|          |         add_ln457_fu_1578        |    0    |    0    |    15   |
|          |         add_ln458_fu_1610        |    0    |    0    |    15   |
|          |         add_ln459_fu_1638        |    0    |    0    |    15   |
|          |         add_ln460_fu_1670        |    0    |    0    |    15   |
|          |         add_ln461_fu_1698        |    0    |    0    |    15   |
|          |         add_ln465_fu_1730        |    0    |    0    |    17   |
|          |        add_ln465_1_fu_1740       |    0    |    0    |    17   |
|          |            ave_fu_1750           |    0    |    0    |    18   |
|          |         add_ln466_fu_1776        |    0    |    0    |    17   |
|          |        add_ln466_1_fu_1786       |    0    |    0    |    17   |
|          |           ave_1_fu_1796          |    0    |    0    |    18   |
|          |         add_ln467_fu_1814        |    0    |    0    |    17   |
|          |           ave_2_fu_1824          |    0    |    0    |    18   |
|          |         add_ln468_fu_1842        |    0    |    0    |    17   |
|          |        add_ln468_1_fu_1852       |    0    |    0    |    17   |
|          |           ave_3_fu_1862          |    0    |    0    |    18   |
|          |         add_ln483_fu_2080        |    0    |    0    |    15   |
|    add   |         add_ln484_fu_2168        |    0    |    0    |    15   |
|          |         add_ln476_fu_2463        |    0    |    0    |    17   |
|          |        add_ln476_1_fu_2473       |    0    |    0    |    17   |
|          |        add_ln476_2_fu_2483       |    0    |    0    |    18   |
|          |         add_ln477_fu_2659        |    0    |    0    |    17   |
|          |        add_ln477_1_fu_2669       |    0    |    0    |    17   |
|          |        add_ln477_2_fu_2679       |    0    |    0    |    18   |
|          |         add_ln478_fu_2855        |    0    |    0    |    17   |
|          |        add_ln478_1_fu_2865       |    0    |    0    |    17   |
|          |        add_ln478_2_fu_2875       |    0    |    0    |    18   |
|          |         add_ln479_fu_3051        |    0    |    0    |    17   |
|          |        add_ln479_1_fu_3061       |    0    |    0    |    17   |
|          |        add_ln479_2_fu_3071       |    0    |    0    |    18   |
|          |         add_ln492_fu_3093        |    0    |    0    |    15   |
|          |        add_ln492_1_fu_3103       |    0    |    0    |    18   |
|          |        add_ln492_2_fu_3123       |    0    |    0    |    15   |
|          |        add_ln492_3_fu_3133       |    0    |    0    |    18   |
|          |        add_ln492_4_fu_3153       |    0    |    0    |    18   |
|          |        add_ln492_5_fu_3173       |    0    |    0    |    18   |
|          |         add_ln495_fu_3249        |    0    |    0    |    15   |
|          |        add_ln495_1_fu_3259       |    0    |    0    |    16   |
|          |           sw_1_fu_3269           |    0    |    0    |    17   |
|          |        add_ln504_2_fu_3408       |    0    |    0    |    30   |
|          |             g_fu_3474            |    0    |    0    |    18   |
|----------|----------------------------------|---------|---------|---------|
|          |       select_ln403_fu_1071       |    0    |    0    |    8    |
|          |      select_ln403_1_fu_1079      |    0    |    0    |    8    |
|          |       LineBufVal_8_fu_1087       |    0    |    0    |    8    |
|          |       select_ln387_fu_1180       |    0    |    0    |    8    |
|          |      select_ln387_1_fu_1186      |    0    |    0    |    8    |
|          |      select_ln387_2_fu_1193      |    0    |    0    |    8    |
|          |      select_ln387_3_fu_1200      |    0    |    0    |    8    |
|          |      select_ln387_4_fu_1207      |    0    |    0    |    8    |
|          |      select_ln387_5_fu_1213      |    0    |    0    |    8    |
|          |      select_ln387_6_fu_1220      |    0    |    0    |    8    |
|          |      select_ln387_7_fu_1227      |    0    |    0    |    8    |
|          |      select_ln387_8_fu_1234      |    0    |    0    |    8    |
|          |      select_ln387_9_fu_1240      |    0    |    0    |    8    |
|          |      select_ln387_10_fu_1247     |    0    |    0    |    8    |
|          |      select_ln387_11_fu_1254     |    0    |    0    |    8    |
|          |      select_ln387_12_fu_1261     |    0    |    0    |    8    |
|          |      select_ln387_13_fu_1267     |    0    |    0    |    8    |
|          |      select_ln387_14_fu_1274     |    0    |    0    |    8    |
|          |      select_ln387_15_fu_1281     |    0    |    0    |    8    |
|          |      select_ln387_16_fu_1288     |    0    |    0    |    8    |
|          |      select_ln387_17_fu_1295     |    0    |    0    |    8    |
|          |      select_ln387_18_fu_1303     |    0    |    0    |    8    |
|          |      select_ln387_19_fu_1311     |    0    |    0    |    8    |
|          |      select_ln61_16_fu_2032      |    0    |    0    |    8    |
|          |      select_ln61_17_fu_2068      |    0    |    0    |    8    |
|          |      select_ln61_18_fu_2120      |    0    |    0    |    8    |
|          |      select_ln61_19_fu_2156      |    0    |    0    |    8    |
|  select  |           mean_fu_2264           |    0    |    0    |    10   |
|          |          mean_1_fu_2275          |    0    |    0    |    10   |
|          |          mean_2_fu_2286          |    0    |    0    |    10   |
|          |          mean_3_fu_2297          |    0    |    0    |    10   |
|          |        select_ln61_fu_2334       |    0    |    0    |    10   |
|          |       select_ln61_1_fu_2373      |    0    |    0    |    10   |
|          |       select_ln61_2_fu_2412      |    0    |    0    |    10   |
|          |       select_ln61_3_fu_2451      |    0    |    0    |    10   |
|          |       select_ln61_4_fu_2530      |    0    |    0    |    10   |
|          |       select_ln61_5_fu_2569      |    0    |    0    |    10   |
|          |       select_ln61_6_fu_2608      |    0    |    0    |    10   |
|          |       select_ln61_7_fu_2647      |    0    |    0    |    10   |
|          |       select_ln61_8_fu_2726      |    0    |    0    |    10   |
|          |       select_ln61_9_fu_2765      |    0    |    0    |    10   |
|          |      select_ln61_10_fu_2804      |    0    |    0    |    10   |
|          |      select_ln61_11_fu_2843      |    0    |    0    |    10   |
|          |      select_ln61_12_fu_2922      |    0    |    0    |    10   |
|          |      select_ln61_13_fu_2961      |    0    |    0    |    10   |
|          |      select_ln61_14_fu_3000      |    0    |    0    |    10   |
|          |      select_ln61_15_fu_3039      |    0    |    0    |    10   |
|          |       select_ln504_fu_3462       |    0    |    0    |    10   |
|          |       select_ln506_fu_3480       |    0    |    0    |    8    |
|          |       select_ln507_fu_3487       |    0    |    0    |    8    |
|          |   outpix_0_0_0_0_0_load_fu_3494  |    0    |    0    |    8    |
|          |            g_1_fu_3501           |    0    |    0    |    11   |
|          |   outpix_0_2_0_0_0_load_fu_3510  |    0    |    0    |    8    |
|          |      select_ln510_1_fu_3551      |    0    |    0    |    8    |
|          |       select_ln510_fu_3565       |    0    |    0    |    8    |
|----------|----------------------------------|---------|---------|---------|
|          |         icmp_ln346_fu_845        |    0    |    0    |    24   |
|          |         icmp_ln403_fu_851        |    0    |    0    |    24   |
|          |         icmp_ln506_fu_865        |    0    |    0    |    22   |
|   icmp   |         icmp_ln318_fu_979        |    0    |    0    |    24   |
|          |        icmp_ln328_fu_1009        |    0    |    0    |    24   |
|          |        icmp_ln387_fu_1015        |    0    |    0    |    24   |
|          |        icmp_ln439_fu_1031        |    0    |    0    |    22   |
|          |        icmp_ln510_fu_3535        |    0    |    0    |    12   |
|----------|----------------------------------|---------|---------|---------|
|          |         mul_ln501_fu_3289        |    1    |    0    |    5    |
|          |        mul_ln501_1_fu_3308       |    1    |    0    |    5    |
|    mul   |        mul_ln501_2_fu_3327       |    1    |    0    |    5    |
|          |        mul_ln501_3_fu_3346       |    1    |    0    |    5    |
|          |        mul_ln504_1_fu_3382       |    1    |    0    |    5    |
|          |        mul_ln504_3_fu_3392       |    1    |    0    |    5    |
|----------|----------------------------------|---------|---------|---------|
|    or    |         or_ln585_fu_1037         |    0    |    0    |    17   |
|          |         or_ln510_fu_3559         |    0    |    0    |    2    |
|----------|----------------------------------|---------|---------|---------|
|    xor   |        xor_ln439_1_fu_1021       |    0    |    0    |    2    |
|          |         xor_ln510_fu_3545        |    0    |    0    |    2    |
|----------|----------------------------------|---------|---------|---------|
|  muladd  |            grp_fu_3684           |    1    |    0    |    0    |
|          |            grp_fu_3693           |    1    |    0    |    0    |
|----------|----------------------------------|---------|---------|---------|
|          |      out_y_read_read_fu_330      |    0    |    0    |    0    |
|          |    xor_ln439_read_read_fu_336    |    0    |    0    |    0    |
|          |          tmp_read_fu_342         |    0    |    0    |    0    |
|          |    loopWidth_read_read_fu_348    |    0    |    0    |    0    |
|          |     trunc_ln_read_read_fu_354    |    0    |    0    |    0    |
|          |        tmp_24_read_fu_360        |    0    |    0    |    0    |
|          |    width_val_read_read_fu_366    |    0    |    0    |    0    |
|          |        y_read_read_fu_372        |    0    |    0    |    0    |
|          |    height_val_read_read_fu_378   |    0    |    0    |    0    |
|          | p_lcssa49985031_read_read_fu_384 |    0    |    0    |    0    |
|          | p_lcssa50005033_read_read_fu_390 |    0    |    0    |    0    |
|          | p_lcssa50015035_read_read_fu_396 |    0    |    0    |    0    |
|          | p_lcssa50025037_read_read_fu_402 |    0    |    0    |    0    |
|          | p_lcssa50045039_read_read_fu_408 |    0    |    0    |    0    |
|   read   | p_lcssa50055041_read_read_fu_414 |    0    |    0    |    0    |
|          | p_lcssa50065043_read_read_fu_420 |    0    |    0    |    0    |
|          | p_lcssa50085045_read_read_fu_426 |    0    |    0    |    0    |
|          | p_lcssa50095047_read_read_fu_432 |    0    |    0    |    0    |
|          | p_lcssa50105049_read_read_fu_438 |    0    |    0    |    0    |
|          | p_lcssa50125051_read_read_fu_444 |    0    |    0    |    0    |
|          | p_lcssa50135053_read_read_fu_450 |    0    |    0    |    0    |
|          | p_lcssa50145055_read_read_fu_456 |    0    |    0    |    0    |
|          | p_lcssa50165057_read_read_fu_462 |    0    |    0    |    0    |
|          | p_lcssa50175059_read_read_fu_468 |    0    |    0    |    0    |
|          | p_lcssa51755181_read_read_fu_474 |    0    |    0    |    0    |
|          | p_lcssa51765183_read_read_fu_480 |    0    |    0    |    0    |
|          | p_lcssa51775185_read_read_fu_486 |    0    |    0    |    0    |
|          | p_lcssa51785187_read_read_fu_492 |    0    |    0    |    0    |
|          | p_lcssa51795189_read_read_fu_498 |    0    |    0    |    0    |
|          |     imgBayer_read_read_fu_504    |    0    |    0    |    0    |
|----------|----------------------------------|---------|---------|---------|
|   write  |     write_ln587_write_fu_510     |    0    |    0    |    0    |
|----------|----------------------------------|---------|---------|---------|
|          |         zext_ln274_fu_841        |    0    |    0    |    0    |
|          |         zext_ln275_fu_857        |    0    |    0    |    0    |
|          |         zext_ln439_fu_861        |    0    |    0    |    0    |
|          |         zext_ln318_fu_991        |    0    |    0    |    0    |
|          |       zext_ln439_1_fu_1027       |    0    |    0    |    0    |
|          |        zext_ln450_fu_1342        |    0    |    0    |    0    |
|          |       zext_ln450_1_fu_1346       |    0    |    0    |    0    |
|          |       zext_ln450_2_fu_1350       |    0    |    0    |    0    |
|          |       zext_ln450_3_fu_1354       |    0    |    0    |    0    |
|          |       zext_ln450_4_fu_1358       |    0    |    0    |    0    |
|          |        zext_ln451_fu_1382        |    0    |    0    |    0    |
|          |       zext_ln451_1_fu_1386       |    0    |    0    |    0    |
|          |       zext_ln451_2_fu_1390       |    0    |    0    |    0    |
|          |       zext_ln451_3_fu_1400       |    0    |    0    |    0    |
|          |        zext_ln452_fu_1418        |    0    |    0    |    0    |
|          |       zext_ln452_1_fu_1422       |    0    |    0    |    0    |
|          |       zext_ln452_2_fu_1426       |    0    |    0    |    0    |
|          |        zext_ln453_fu_1450        |    0    |    0    |    0    |
|          |       zext_ln453_1_fu_1460       |    0    |    0    |    0    |
|          |        zext_ln454_fu_1478        |    0    |    0    |    0    |
|          |       zext_ln454_1_fu_1482       |    0    |    0    |    0    |
|          |       zext_ln454_2_fu_1486       |    0    |    0    |    0    |
|          |        zext_ln455_fu_1510        |    0    |    0    |    0    |
|          |       zext_ln455_1_fu_1514       |    0    |    0    |    0    |
|          |       zext_ln455_2_fu_1518       |    0    |    0    |    0    |
|          |       zext_ln455_3_fu_1528       |    0    |    0    |    0    |
|          |        zext_ln456_fu_1546        |    0    |    0    |    0    |
|          |        zext_ln457_fu_1570        |    0    |    0    |    0    |
|          |       zext_ln457_1_fu_1574       |    0    |    0    |    0    |
|          |       zext_ln457_2_fu_1584       |    0    |    0    |    0    |
|          |        zext_ln458_fu_1602        |    0    |    0    |    0    |
|          |       zext_ln458_1_fu_1606       |    0    |    0    |    0    |
|          |       zext_ln458_2_fu_1616       |    0    |    0    |    0    |
|          |        zext_ln459_fu_1634        |    0    |    0    |    0    |
|          |       zext_ln459_1_fu_1644       |    0    |    0    |    0    |
|          |        zext_ln460_fu_1662        |    0    |    0    |    0    |
|          |       zext_ln460_1_fu_1666       |    0    |    0    |    0    |
|          |       zext_ln460_2_fu_1676       |    0    |    0    |    0    |
|          |        zext_ln461_fu_1694        |    0    |    0    |    0    |
|          |       zext_ln461_1_fu_1704       |    0    |    0    |    0    |
|          |        zext_ln483_fu_2040        |    0    |    0    |    0    |
|          |       zext_ln483_1_fu_2076       |    0    |    0    |    0    |
|          |        zext_ln484_fu_2128        |    0    |    0    |    0    |
|          |       zext_ln484_1_fu_2164       |    0    |    0    |    0    |
|          |        zext_ln476_fu_2342        |    0    |    0    |    0    |
|   zext   |       zext_ln476_1_fu_2381       |    0    |    0    |    0    |
|          |       zext_ln476_2_fu_2420       |    0    |    0    |    0    |
|          |       zext_ln476_3_fu_2459       |    0    |    0    |    0    |
|          |       zext_ln476_4_fu_2469       |    0    |    0    |    0    |
|          |       zext_ln476_5_fu_2479       |    0    |    0    |    0    |
|          |        zext_ln477_fu_2538        |    0    |    0    |    0    |
|          |       zext_ln477_1_fu_2577       |    0    |    0    |    0    |
|          |       zext_ln477_2_fu_2616       |    0    |    0    |    0    |
|          |       zext_ln477_3_fu_2655       |    0    |    0    |    0    |
|          |       zext_ln477_4_fu_2665       |    0    |    0    |    0    |
|          |       zext_ln477_5_fu_2675       |    0    |    0    |    0    |
|          |        zext_ln478_fu_2734        |    0    |    0    |    0    |
|          |       zext_ln478_1_fu_2773       |    0    |    0    |    0    |
|          |       zext_ln478_2_fu_2812       |    0    |    0    |    0    |
|          |       zext_ln478_3_fu_2851       |    0    |    0    |    0    |
|          |       zext_ln478_4_fu_2861       |    0    |    0    |    0    |
|          |       zext_ln478_5_fu_2871       |    0    |    0    |    0    |
|          |        zext_ln479_fu_2930        |    0    |    0    |    0    |
|          |       zext_ln479_1_fu_2969       |    0    |    0    |    0    |
|          |       zext_ln479_2_fu_3008       |    0    |    0    |    0    |
|          |       zext_ln479_3_fu_3047       |    0    |    0    |    0    |
|          |       zext_ln479_4_fu_3057       |    0    |    0    |    0    |
|          |       zext_ln479_5_fu_3067       |    0    |    0    |    0    |
|          |       zext_ln483_2_fu_3087       |    0    |    0    |    0    |
|          |       zext_ln484_2_fu_3090       |    0    |    0    |    0    |
|          |        zext_ln492_fu_3099        |    0    |    0    |    0    |
|          |        zext_ln493_fu_3118        |    0    |    0    |    0    |
|          |       zext_ln492_1_fu_3129       |    0    |    0    |    0    |
|          |       zext_ln493_1_fu_3148       |    0    |    0    |    0    |
|          |       zext_ln493_2_fu_3168       |    0    |    0    |    0    |
|          |       zext_ln493_3_fu_3188       |    0    |    0    |    0    |
|          |        zext_ln494_fu_3203        |    0    |    0    |    0    |
|          |       zext_ln492_2_fu_3217       |    0    |    0    |    0    |
|          |       zext_ln492_3_fu_3231       |    0    |    0    |    0    |
|          |        zext_ln495_fu_3245        |    0    |    0    |    0    |
|          |       zext_ln495_2_fu_3255       |    0    |    0    |    0    |
|          |       zext_ln495_1_fu_3265       |    0    |    0    |    0    |
|          |        zext_ln497_fu_3275        |    0    |    0    |    0    |
|          |        zext_ln501_fu_3286        |    0    |    0    |    0    |
|          |       zext_ln501_1_fu_3305       |    0    |    0    |    0    |
|          |       zext_ln501_2_fu_3324       |    0    |    0    |    0    |
|          |       zext_ln501_3_fu_3343       |    0    |    0    |    0    |
|          |        zext_ln504_fu_3362        |    0    |    0    |    0    |
|          |       zext_ln504_2_fu_3366       |    0    |    0    |    0    |
|          |       zext_ln504_1_fu_3376       |    0    |    0    |    0    |
|          |       zext_ln504_3_fu_3379       |    0    |    0    |    0    |
|          |       zext_ln504_4_fu_3418       |    0    |    0    |    0    |
|----------|----------------------------------|---------|---------|---------|
|          |        trunc_ln279_fu_1005       |    0    |    0    |    0    |
|          |       trunc_ln61_24_fu_2014      |    0    |    0    |    0    |
|          |       trunc_ln61_25_fu_2050      |    0    |    0    |    0    |
|          |       trunc_ln61_26_fu_2102      |    0    |    0    |    0    |
|          |       trunc_ln61_27_fu_2138      |    0    |    0    |    0    |
|          |        trunc_ln61_fu_2316        |    0    |    0    |    0    |
|          |       trunc_ln61_9_fu_2355       |    0    |    0    |    0    |
|          |       trunc_ln61_10_fu_2394      |    0    |    0    |    0    |
|          |       trunc_ln61_11_fu_2433      |    0    |    0    |    0    |
|          |       trunc_ln61_12_fu_2512      |    0    |    0    |    0    |
|   trunc  |       trunc_ln61_13_fu_2551      |    0    |    0    |    0    |
|          |       trunc_ln61_14_fu_2590      |    0    |    0    |    0    |
|          |       trunc_ln61_15_fu_2629      |    0    |    0    |    0    |
|          |       trunc_ln61_16_fu_2708      |    0    |    0    |    0    |
|          |       trunc_ln61_17_fu_2747      |    0    |    0    |    0    |
|          |       trunc_ln61_18_fu_2786      |    0    |    0    |    0    |
|          |       trunc_ln61_19_fu_2825      |    0    |    0    |    0    |
|          |       trunc_ln61_20_fu_2904      |    0    |    0    |    0    |
|          |       trunc_ln61_21_fu_2943      |    0    |    0    |    0    |
|          |       trunc_ln61_22_fu_2982      |    0    |    0    |    0    |
|          |       trunc_ln61_23_fu_3021      |    0    |    0    |    0    |
|          |        trunc_ln510_fu_3541       |    0    |    0    |    0    |
|----------|----------------------------------|---------|---------|---------|
|          |          tmp_52_fu_1043          |    0    |    0    |    0    |
|          |          tmp_25_fu_1872          |    0    |    0    |    0    |
|          |          tmp_26_fu_1906          |    0    |    0    |    0    |
|          |          tmp_27_fu_1940          |    0    |    0    |    0    |
|          |          tmp_28_fu_1974          |    0    |    0    |    0    |
|          |          tmp_45_fu_2018          |    0    |    0    |    0    |
|          |          tmp_46_fu_2054          |    0    |    0    |    0    |
|          |          tmp_47_fu_2106          |    0    |    0    |    0    |
|          |          tmp_48_fu_2142          |    0    |    0    |    0    |
|          |          tmp_29_fu_2320          |    0    |    0    |    0    |
|          |          tmp_30_fu_2359          |    0    |    0    |    0    |
|          |          tmp_31_fu_2398          |    0    |    0    |    0    |
|          |          tmp_32_fu_2437          |    0    |    0    |    0    |
| bitselect|          tmp_33_fu_2516          |    0    |    0    |    0    |
|          |          tmp_34_fu_2555          |    0    |    0    |    0    |
|          |          tmp_35_fu_2594          |    0    |    0    |    0    |
|          |          tmp_36_fu_2633          |    0    |    0    |    0    |
|          |          tmp_37_fu_2712          |    0    |    0    |    0    |
|          |          tmp_38_fu_2751          |    0    |    0    |    0    |
|          |          tmp_39_fu_2790          |    0    |    0    |    0    |
|          |          tmp_40_fu_2829          |    0    |    0    |    0    |
|          |          tmp_41_fu_2908          |    0    |    0    |    0    |
|          |          tmp_42_fu_2947          |    0    |    0    |    0    |
|          |          tmp_43_fu_2986          |    0    |    0    |    0    |
|          |          tmp_44_fu_3025          |    0    |    0    |    0    |
|          |          tmp_49_fu_3422          |    0    |    0    |    0    |
|          |          tmp_50_fu_3517          |    0    |    0    |    0    |
|----------|----------------------------------|---------|---------|---------|
|          |          shl_ln_fu_1334          |    0    |    0    |    0    |
|          |          shl_ln3_fu_1374         |    0    |    0    |    0    |
|          |          shl_ln4_fu_1410         |    0    |    0    |    0    |
|          |          shl_ln5_fu_1442         |    0    |    0    |    0    |
|          |          shl_ln6_fu_1470         |    0    |    0    |    0    |
|          |          shl_ln7_fu_1502         |    0    |    0    |    0    |
|bitconcatenate|          shl_ln8_fu_1538         |    0    |    0    |    0    |
|          |          shl_ln9_fu_1562         |    0    |    0    |    0    |
|          |          shl_ln1_fu_1594         |    0    |    0    |    0    |
|          |          shl_ln2_fu_1626         |    0    |    0    |    0    |
|          |         shl_ln10_fu_1654         |    0    |    0    |    0    |
|          |         shl_ln11_fu_1686         |    0    |    0    |    0    |
|          |        or_ln587_3_fu_3573        |    0    |    0    |    0    |
|----------|----------------------------------|---------|---------|---------|
|          |        sext_ln465_fu_1714        |    0    |    0    |    0    |
|          |       sext_ln465_1_fu_1718       |    0    |    0    |    0    |
|          |       sext_ln465_2_fu_1722       |    0    |    0    |    0    |
|          |       sext_ln465_3_fu_1726       |    0    |    0    |    0    |
|          |       sext_ln465_4_fu_1736       |    0    |    0    |    0    |
|          |       sext_ln465_5_fu_1746       |    0    |    0    |    0    |
|          |        sext_ln435_fu_1756        |    0    |    0    |    0    |
|          |        sext_ln466_fu_1760        |    0    |    0    |    0    |
|          |       sext_ln466_1_fu_1764       |    0    |    0    |    0    |
|          |       sext_ln466_2_fu_1768       |    0    |    0    |    0    |
|          |       sext_ln466_3_fu_1772       |    0    |    0    |    0    |
|          |       sext_ln466_4_fu_1782       |    0    |    0    |    0    |
|          |       sext_ln466_5_fu_1792       |    0    |    0    |    0    |
|          |       sext_ln435_1_fu_1802       |    0    |    0    |    0    |
|          |        sext_ln467_fu_1806        |    0    |    0    |    0    |
|          |       sext_ln467_1_fu_1810       |    0    |    0    |    0    |
|          |       sext_ln467_2_fu_1820       |    0    |    0    |    0    |
|          |       sext_ln435_2_fu_1830       |    0    |    0    |    0    |
|          |        sext_ln468_fu_1834        |    0    |    0    |    0    |
|          |       sext_ln468_1_fu_1838       |    0    |    0    |    0    |
|          |       sext_ln468_2_fu_1848       |    0    |    0    |    0    |
|          |       sext_ln468_3_fu_1858       |    0    |    0    |    0    |
|          |       sext_ln435_3_fu_1868       |    0    |    0    |    0    |
|          |        sext_ln476_fu_2303        |    0    |    0    |    0    |
|          |         sext_ln61_fu_2312        |    0    |    0    |    0    |
|          |        sext_ln61_1_fu_2351       |    0    |    0    |    0    |
|   sext   |        sext_ln61_2_fu_2390       |    0    |    0    |    0    |
|          |        sext_ln61_3_fu_2429       |    0    |    0    |    0    |
|          |        sext_ln477_fu_2499        |    0    |    0    |    0    |
|          |        sext_ln61_4_fu_2508       |    0    |    0    |    0    |
|          |        sext_ln61_5_fu_2547       |    0    |    0    |    0    |
|          |        sext_ln61_6_fu_2586       |    0    |    0    |    0    |
|          |        sext_ln61_7_fu_2625       |    0    |    0    |    0    |
|          |        sext_ln478_fu_2695        |    0    |    0    |    0    |
|          |        sext_ln61_8_fu_2704       |    0    |    0    |    0    |
|          |        sext_ln61_9_fu_2743       |    0    |    0    |    0    |
|          |       sext_ln61_10_fu_2782       |    0    |    0    |    0    |
|          |       sext_ln61_11_fu_2821       |    0    |    0    |    0    |
|          |        sext_ln479_fu_2891        |    0    |    0    |    0    |
|          |       sext_ln61_12_fu_2900       |    0    |    0    |    0    |
|          |       sext_ln61_13_fu_2939       |    0    |    0    |    0    |
|          |       sext_ln61_14_fu_2978       |    0    |    0    |    0    |
|          |       sext_ln61_15_fu_3017       |    0    |    0    |    0    |
|          |        sext_ln472_fu_3280        |    0    |    0    |    0    |
|          |       sext_ln472_3_fu_3283       |    0    |    0    |    0    |
|          |       sext_ln472_1_fu_3370       |    0    |    0    |    0    |
|          |       sext_ln472_2_fu_3373       |    0    |    0    |    0    |
|          |       sext_ln504_1_fu_3388       |    0    |    0    |    0    |
|          |       sext_ln504_3_fu_3398       |    0    |    0    |    0    |
|          |       sext_ln504_4_fu_3402       |    0    |    0    |    0    |
|          |       sext_ln504_6_fu_3405       |    0    |    0    |    0    |
|          |       sext_ln504_5_fu_3414       |    0    |    0    |    0    |
|          |       sext_ln504_7_fu_3470       |    0    |    0    |    0    |
|          |        g_1_cast58_fu_3506        |    0    |    0    |    0    |
|----------|----------------------------------|---------|---------|---------|
|          |    trunc_ln472_1_cast_fu_1886    |    0    |    0    |    0    |
|          |       trunc_ln472_2_fu_1896      |    0    |    0    |    0    |
|          |    trunc_ln472_4_cast_fu_1920    |    0    |    0    |    0    |
|          |       trunc_ln472_5_fu_1930      |    0    |    0    |    0    |
|          |    trunc_ln472_7_cast_fu_1954    |    0    |    0    |    0    |
|          |       trunc_ln472_8_fu_1964      |    0    |    0    |    0    |
|          |     trunc_ln472_cast_fu_1988     |    0    |    0    |    0    |
|          |       trunc_ln472_s_fu_1998      |    0    |    0    |    0    |
|          |            SD_fu_2086            |    0    |    0    |    0    |
|          |           SD_1_fu_2174           |    0    |    0    |    0    |
|          |            var_fu_2489           |    0    |    0    |    0    |
|          |           var_1_fu_2685          |    0    |    0    |    0    |
|          |           var_2_fu_2881          |    0    |    0    |    0    |
|          |           var_3_fu_3077          |    0    |    0    |    0    |
|partselect|          lshr_ln_fu_3108         |    0    |    0    |    0    |
|          |       lshr_ln492_1_fu_3138       |    0    |    0    |    0    |
|          |       lshr_ln492_2_fu_3158       |    0    |    0    |    0    |
|          |       lshr_ln492_3_fu_3178       |    0    |    0    |    0    |
|          |            sw_fu_3193            |    0    |    0    |    0    |
|          |         lshr_ln1_fu_3207         |    0    |    0    |    0    |
|          |       lshr_ln494_1_fu_3221       |    0    |    0    |    0    |
|          |       lshr_ln494_2_fu_3235       |    0    |    0    |    0    |
|          |         lshr_ln2_fu_3295         |    0    |    0    |    0    |
|          |       lshr_ln501_1_fu_3314       |    0    |    0    |    0    |
|          |       lshr_ln501_2_fu_3333       |    0    |    0    |    0    |
|          |       lshr_ln501_3_fu_3352       |    0    |    0    |    0    |
|          |        tmp_3_cast_fu_3436        |    0    |    0    |    0    |
|          |       zext_ln504_5_fu_3452       |    0    |    0    |    0    |
|          |          tmp_51_fu_3525          |    0    |    0    |    0    |
|----------|----------------------------------|---------|---------|---------|
|   Total  |                                  |    8    |    0    |   2638  |
|----------|----------------------------------|---------|---------|---------|

Memories:
+-------------+--------+--------+--------+--------+
|             |  BRAM  |   FF   |   LUT  |  URAM  |
+-------------+--------+--------+--------+--------+
| linebuf_yuv |    1   |    0   |    0   |    0   |
|linebuf_yuv_1|    1   |    0   |    0   |    0   |
|linebuf_yuv_2|    1   |    0   |    0   |    0   |
|linebuf_yuv_3|    1   |    0   |    0   |    0   |
+-------------+--------+--------+--------+--------+
|    Total    |    4   |    0   |    0   |    0   |
+-------------+--------+--------+--------+--------+

* Register list:
+---------------------------+--------+
|                           |   FF   |
+---------------------------+--------+
| DIV1_TABLE_addr_1_reg_4259|   10   |
| DIV1_TABLE_addr_2_reg_4264|   10   |
| DIV1_TABLE_addr_3_reg_4269|   10   |
|  DIV1_TABLE_addr_reg_4254 |   10   |
|  DIV2_TABLE_addr_reg_4294 |   12   |
|   LineBufVal_5_reg_3981   |    8   |
|   LineBufVal_6_reg_3989   |    8   |
|   LineBufVal_7_reg_3997   |    8   |
|    LineBufVal_reg_3973    |    8   |
|       SD_1_reg_4229       |    8   |
|        SD_reg_4224        |    8   |
|       ave_1_reg_4129      |   12   |
|       ave_2_reg_4144      |   12   |
|       ave_3_reg_4159      |   12   |
|        ave_reg_4102       |   12   |
|     empty_130_reg_3709    |    8   |
|     empty_131_reg_3717    |    8   |
|     empty_132_reg_3725    |    8   |
|     empty_133_reg_3733    |    8   |
|     empty_134_reg_3741    |    8   |
|     empty_135_reg_3749    |    8   |
|     empty_136_reg_3756    |    8   |
|     empty_137_reg_3763    |    8   |
|     empty_138_reg_3770    |    8   |
|     empty_139_reg_3777    |    8   |
|     empty_140_reg_3784    |    8   |
|     empty_141_reg_3791    |    8   |
|     empty_142_reg_3798    |    8   |
|     empty_143_reg_3805    |    8   |
|     empty_144_reg_3812    |    8   |
|     empty_145_reg_3819    |    8   |
|     empty_146_reg_3826    |    8   |
|     empty_147_reg_3833    |    8   |
|     empty_148_reg_3840    |    8   |
|     empty_149_reg_3847    |    8   |
|     empty_150_reg_660     |    8   |
|     empty_151_reg_669     |    8   |
|     empty_152_reg_678     |    8   |
|     empty_153_reg_687     |    8   |
|     empty_154_reg_696     |    8   |
|     empty_155_reg_705     |    8   |
|     empty_156_reg_714     |    8   |
|     empty_157_reg_723     |    8   |
|     empty_158_reg_732     |    8   |
|     empty_159_reg_751     |    8   |
|     empty_160_reg_760     |    8   |
|     empty_161_reg_769     |    8   |
|     empty_162_reg_778     |    8   |
|     empty_163_reg_787     |    8   |
|     empty_164_reg_796     |    8   |
|     empty_165_reg_805     |    8   |
|     empty_166_reg_814     |    8   |
|     empty_167_reg_823     |    8   |
|     empty_168_reg_832     |    8   |
|        g_2_reg_741        |    8   |
|         g_reg_4344        |   12   |
|    icmp_ln318_reg_3871    |    1   |
|    icmp_ln328_reg_3875    |    1   |
|    icmp_ln346_reg_3854    |    1   |
|    icmp_ln387_reg_3903    |    1   |
|    icmp_ln403_reg_3858    |    1   |
|    icmp_ln439_reg_3927    |    1   |
|    icmp_ln506_reg_3865    |    1   |
|linebuf_yuv_1_addr_reg_3885|   11   |
|linebuf_yuv_2_addr_reg_3891|   11   |
|linebuf_yuv_3_addr_reg_3897|   11   |
| linebuf_yuv_addr_reg_3879 |   11   |
|     lshr_ln1_reg_4279     |    8   |
|   lshr_ln494_1_reg_4284   |    8   |
|   lshr_ln494_2_reg_4289   |    9   |
|   lshr_ln501_1_reg_4309   |   10   |
|   lshr_ln501_2_reg_4314   |   10   |
|     p_load198_reg_4070    |    8   |
|     p_load199_reg_4065    |    8   |
|     p_load200_reg_4060    |    8   |
|     p_load201_reg_4055    |    8   |
|     p_load202_reg_4050    |    8   |
|     p_load203_reg_4045    |    8   |
|     p_load204_reg_4040    |    8   |
|     p_load205_reg_4035    |    8   |
|     p_load206_reg_4030    |    8   |
|     p_load207_reg_4025    |    8   |
|     p_load208_reg_4020    |    8   |
|     p_load209_reg_4015    |    8   |
|     p_load210_reg_4010    |    8   |
|     p_load211_reg_4005    |    8   |
|     p_load212_reg_3966    |    8   |
|     p_load214_reg_3959    |    8   |
|     p_load216_reg_3952    |    8   |
|     p_load218_reg_3945    |    8   |
|     p_load220_reg_3938    |    8   |
|      p_load_reg_4075      |    8   |
|        p_ph_reg_648       |    8   |
|   sext_ln465_1_reg_4085   |   11   |
|   sext_ln465_2_reg_4091   |   11   |
|   sext_ln465_3_reg_4096   |   11   |
|    sext_ln465_reg_4080    |   11   |
|   sext_ln466_1_reg_4112   |   11   |
|   sext_ln466_2_reg_4118   |   11   |
|   sext_ln466_3_reg_4124   |   11   |
|    sext_ln466_reg_4107    |   11   |
|   sext_ln467_1_reg_4139   |   11   |
|    sext_ln467_reg_4134    |   11   |
|   sext_ln468_1_reg_4154   |   11   |
|    sext_ln468_reg_4149    |   11   |
|   sext_ln472_3_reg_4304   |   22   |
|    sext_ln472_reg_4299    |   22   |
|   sext_ln504_1_reg_4329   |   23   |
|   sext_ln504_3_reg_4334   |   23   |
|        sw_reg_4274        |    9   |
|      tmp_25_reg_4164      |    1   |
|      tmp_26_reg_4179      |    1   |
|      tmp_27_reg_4194      |    1   |
|      tmp_28_reg_4209      |    1   |
|      tmp_52_reg_3934      |    1   |
|trunc_ln472_1_cast_reg_4169|   10   |
|   trunc_ln472_2_reg_4174  |   10   |
|trunc_ln472_4_cast_reg_4184|   10   |
|   trunc_ln472_5_reg_4189  |   10   |
|trunc_ln472_7_cast_reg_4199|   10   |
|   trunc_ln472_8_reg_4204  |   10   |
| trunc_ln472_cast_reg_4214 |   10   |
|   trunc_ln472_s_reg_4219  |   10   |
|       var_1_reg_4239      |   11   |
|       var_2_reg_4244      |   11   |
|       var_3_reg_4249      |   11   |
|        var_reg_4234       |   11   |
|         x_reg_3702        |   17   |
|   zext_ln504_2_reg_4324   |   22   |
|   zext_ln504_4_reg_4339   |   12   |
|    zext_ln504_reg_4319    |   22   |
+---------------------------+--------+
|           Total           |  1177  |
+---------------------------+--------+

* Multiplexer (MUX) list: 
|-------------------|------|------|------|--------||---------||---------||---------|
|        Comp       |  Pin | Size |  BW  | S x BW ||  Delay  ||    FF   ||   LUT   |
|-------------------|------|------|------|--------||---------||---------||---------|
| grp_access_fu_524 |  p2  |   2  |   0  |    0   ||    0    ||    9    |
| grp_access_fu_541 |  p2  |   2  |   0  |    0   ||    0    ||    9    |
| grp_access_fu_558 |  p2  |   2  |   0  |    0   ||    0    ||    9    |
| grp_access_fu_575 |  p2  |   2  |   0  |    0   ||    0    ||    9    |
| grp_access_fu_593 |  p0  |   2  |  10  |   20   ||    0    ||    9    |
| grp_access_fu_593 |  p2  |   2  |   0  |    0   ||    0    ||    9    |
| grp_access_fu_593 |  p5  |   2  |  10  |   20   ||    0    ||    9    |
| grp_access_fu_593 |  p8  |   2  |  10  |   20   ||    0    ||    9    |
| grp_access_fu_642 |  p0  |   2  |  12  |   24   ||    0    ||    9    |
|    grp_fu_3684    |  p0  |   3  |  12  |   36   ||    0    ||    14   |
|    grp_fu_3684    |  p1  |   2  |  10  |   20   ||    0    ||    9    |
|    grp_fu_3693    |  p0  |   3  |  12  |   36   ||    0    ||    14   |
|    grp_fu_3693    |  p1  |   2  |  10  |   20   ||    0    ||    9    |
|-------------------|------|------|------|--------||---------||---------||---------|
|       Total       |      |      |      |   196  ||  5.649  ||    0    ||   127   |
|-------------------|------|------|------|--------||---------||---------||---------|



* Summary:
+-----------+--------+--------+--------+--------+--------+--------+
|           |  BRAM  |   DSP  |  Delay |   FF   |   LUT  |  URAM  |
+-----------+--------+--------+--------+--------+--------+--------+
|  Function |    -   |    8   |    -   |    0   |  2638  |    -   |
|   Memory  |    4   |    -   |    -   |    0   |    0   |    0   |
|Multiplexer|    -   |    -   |    5   |    0   |   127  |    -   |
|  Register |    -   |    -   |    -   |  1177  |    -   |    -   |
+-----------+--------+--------+--------+--------+--------+--------+
|   Total   |    4   |    8   |    5   |  1177  |  2765  |    0   |
+-----------+--------+--------+--------+--------+--------+--------+
