

================================================================
== Vitis HLS Report for 'DebayerRatBorBatR_Pipeline_VITIS_LOOP_633_2'
================================================================
* Date:           Tue Apr  7 16:03:09 2026

* Version:        2025.2 (Build 6295257 on Nov 12 2025)
* Project:        prj
* Solution:       sol (Vivado IP Flow Target)
* Product family: zynquplus
* Target device:  xczu3eg-sfvc784-2-e


================================================================
== Performance Estimates
================================================================
+ Timing: 
    * Summary: 
    +--------+---------+----------+------------+
    |  Clock |  Target | Estimated| Uncertainty|
    +--------+---------+----------+------------+
    |ap_clk  |  6.73 ns|  4.740 ns|     1.82 ns|
    +--------+---------+----------+------------+

+ Latency: 
    * Summary: 
    +---------+---------+-----------+-----------+-----+-----+-------------------+
    |  Latency (cycles) |   Latency (absolute)  |  Interval |      Pipeline     |
    |   min   |   max   |    min    |    max    | min | max |        Type       |
    +---------+---------+-----------+-----------+-----+-----+-------------------+
    |        6|     1926|  40.404 ns|  12.970 us|    0|    0|  loop pipeline stp|
    +---------+---------+-----------+-----------+-----+-----+-------------------+

    + Detail: 
        * Instance: 
        N/A

        * Loop: 
        +--------------------+---------+---------+----------+-----------+-----------+----------+----------+
        |                    |  Latency (cycles) | Iteration|  Initiation Interval  |   Trip   |          |
        |      Loop Name     |   min   |   max   |  Latency |  achieved |   target  |   Count  | Pipelined|
        +--------------------+---------+---------+----------+-----------+-----------+----------+----------+
        |- VITIS_LOOP_633_2  |        4|     1924|         5|          1|          1|  1 ~ 1921|       yes|
        +--------------------+---------+---------+----------+-----------+-----------+----------+----------+



================================================================
== Utilization Estimates
================================================================
* Summary: 
+-----------------+---------+-----+--------+-------+-----+
|       Name      | BRAM_18K| DSP |   FF   |  LUT  | URAM|
+-----------------+---------+-----+--------+-------+-----+
|DSP              |        -|    -|       -|      -|    -|
|Expression       |        -|    -|       0|    938|    -|
|FIFO             |        -|    -|       -|      -|    -|
|Instance         |        -|    -|       -|      -|    -|
|Memory           |        6|    -|       0|      0|    0|
|Multiplexer      |        -|    -|       0|    525|    -|
|Register         |        -|    -|     796|     96|    -|
+-----------------+---------+-----+--------+-------+-----+
|Total            |        6|    0|     796|   1559|    0|
+-----------------+---------+-----+--------+-------+-----+
|Available        |      432|  360|  141120|  70560|    0|
+-----------------+---------+-----+--------+-------+-----+
|Utilization (%)  |        1|    0|      ~0|      2|    0|
+-----------------+---------+-----+--------+-------+-----+

+ Detail: 
    * Instance: 
    N/A

    * DSP: 
    N/A

    * Memory: 
    +----------------+------------------------------------------------------------------------+---------+---+----+-----+------+-----+------+-------------+
    |     Memory     |                                 Module                                 | BRAM_18K| FF| LUT| URAM| Words| Bits| Banks| W*Bits*Banks|
    +----------------+------------------------------------------------------------------------+---------+---+----+-----+------+-----+------+-------------+
    |lineBuffer_1_U  |DebayerRatBorBatR_Pipeline_VITIS_LOOP_633_2_lineBuffer_1_RAM_AUTO_1R1W  |        3|  0|   0|    0|  1921|   24|     1|        46104|
    |lineBuffer_U    |DebayerRatBorBatR_Pipeline_VITIS_LOOP_633_2_lineBuffer_1_RAM_AUTO_1R1W  |        3|  0|   0|    0|  1921|   24|     1|        46104|
    +----------------+------------------------------------------------------------------------+---------+---+----+-----+------+-----+------+-------------+
    |Total           |                                                                        |        6|  0|   0|    0|  3842|   48|     2|        92208|
    +----------------+------------------------------------------------------------------------+---------+---+----+-----+------+-----+------+-------------+

    * FIFO: 
    N/A

    * Expression: 
    +-----------------------------------+----------+----+---+----+------------+------------+
    |           Variable Name           | Operation| DSP| FF| LUT| Bitwidth P0| Bitwidth P1|
    +-----------------------------------+----------+----+---+----+------------+------------+
    |add_ln817_fu_1753_p2               |         +|   0|  0|  17|          10|          10|
    |add_ln820_1_fu_1797_p2             |         +|   0|  0|  17|          10|          10|
    |add_ln820_fu_1807_p2               |         +|   0|  0|  18|          11|          11|
    |x_5_fu_880_p2                      |         +|   0|  0|  18|          11|           1|
    |CV_fu_1883_p2                      |         -|   0|  0|  17|          10|          10|
    |sub_ln61_1_fu_1398_p2              |         -|   0|  0|  15|           1|           8|
    |sub_ln61_2_fu_1434_p2              |         -|   0|  0|  15|           1|           8|
    |sub_ln61_3_fu_1470_p2              |         -|   0|  0|  15|           1|           8|
    |sub_ln61_fu_1367_p2                |         -|   0|  0|  15|           1|           8|
    |sub_ln790_fu_1350_p2               |         -|   0|  0|  16|           9|           9|
    |sub_ln791_fu_1381_p2               |         -|   0|  0|  16|           9|           9|
    |sub_ln792_fu_1416_p2               |         -|   0|  0|  16|           9|           9|
    |sub_ln793_fu_1452_p2               |         -|   0|  0|  16|           9|           9|
    |sub_ln817_fu_1287_p2               |         -|   0|  0|  16|           9|           9|
    |sub_ln818_fu_1304_p2               |         -|   0|  0|  16|           9|           9|
    |sub_ln819_fu_1623_p2               |         -|   0|  0|  16|           9|           9|
    |sub_ln820_1_fu_1813_p2             |         -|   0|  0|  18|           1|          11|
    |sub_ln820_2_fu_1829_p2             |         -|   0|  0|  17|           1|          10|
    |sub_ln820_fu_1640_p2               |         -|   0|  0|  16|           9|           9|
    |and_ln817_fu_1727_p2               |       and|   0|  0|   9|           9|           9|
    |and_ln818_fu_1744_p2               |       and|   0|  0|   9|           9|           9|
    |and_ln819_fu_1767_p2               |       and|   0|  0|   9|           9|           9|
    |and_ln820_fu_1788_p2               |       and|   0|  0|   9|           9|           9|
    |and_ln833_fu_936_p2                |       and|   0|  0|   2|           1|           1|
    |ap_block_pp0                       |       and|   0|  0|   2|           1|           1|
    |ap_block_state2_pp0_stage0_iter1   |       and|   0|  0|   2|           1|           1|
    |ap_block_state5_pp0_stage0_iter4   |       and|   0|  0|   2|           1|           1|
    |ap_condition_1476                  |       and|   0|  0|   2|           1|           1|
    |ap_condition_280                   |       and|   0|  0|   2|           1|           1|
    |ap_enable_state1_pp0_iter0_stage0  |       and|   0|  0|   2|           1|           1|
    |ap_enable_state2_pp0_iter1_stage0  |       and|   0|  0|   2|           1|           1|
    |ap_predicate_op115_load_state2     |       and|   0|  0|   2|           1|           1|
    |ap_predicate_op123_read_state2     |       and|   0|  0|   2|           1|           1|
    |ap_predicate_op83_load_state1      |       and|   0|  0|   2|           1|           1|
    |enable_fu_1484_p2                  |      icmp|   0|  0|  15|           8|           8|
    |icmp_ln633_fu_874_p2               |      icmp|   0|  0|  18|          11|          11|
    |icmp_ln643_fu_896_p2               |      icmp|   0|  0|  18|          11|          11|
    |icmp_ln664_fu_779_p2               |      icmp|   0|  0|  18|          11|          11|
    |icmp_ln710_fu_902_p2               |      icmp|   0|  0|  18|          11|           1|
    |icmp_ln728_fu_785_p2               |      icmp|   0|  0|  18|          11|           1|
    |icmp_ln772_fu_924_p2               |      icmp|   0|  0|  22|          15|          15|
    |icmp_ln796_fu_1494_p2              |      icmp|   0|  0|  15|           8|           8|
    |icmp_ln797_fu_1520_p2              |      icmp|   0|  0|  15|           8|           8|
    |icmp_ln798_fu_1546_p2              |      icmp|   0|  0|  15|           8|           8|
    |icmp_ln799_fu_1572_p2              |      icmp|   0|  0|  15|           8|           8|
    |icmp_ln800_fu_1594_p2              |      icmp|   0|  0|  15|           8|           8|
    |icmp_ln827_fu_1923_p2              |      icmp|   0|  0|   9|           2|           1|
    |icmp_ln829_fu_1979_p2              |      icmp|   0|  0|   9|           2|           1|
    |icmp_ln833_fu_930_p2               |      icmp|   0|  0|  18|          11|           1|
    |red_fu_773_p2                      |      icmp|   0|  0|  22|          15|          15|
    |ap_block_pp0_stage0_01001          |        or|   0|  0|   2|           1|           1|
    |or_ln827_fu_1947_p2                |        or|   0|  0|   2|           1|           1|
    |or_ln829_fu_2003_p2                |        or|   0|  0|   2|           1|           1|
    |CH_fu_1845_p3                      |    select|   0|  0|   8|           1|           8|
    |agdiff_1_fu_1404_p3                |    select|   0|  0|   8|           1|           8|
    |agdiff_2_fu_1440_p3                |    select|   0|  0|   8|           1|           8|
    |agdiff_3_fu_1476_p3                |    select|   0|  0|   8|           1|           8|
    |agdiff_fu_1373_p3                  |    select|   0|  0|   8|           1|           8|
    |b_fu_1897_p3                       |    select|   0|  0|  10|           1|          10|
    |enable_1_fu_1508_p3                |    select|   0|  0|   2|           1|           2|
    |enable_3_fu_1534_p3                |    select|   0|  0|   3|           1|           3|
    |enable_4_fu_1560_p3                |    select|   0|  0|   4|           1|           4|
    |enable_6_fu_1586_p3                |    select|   0|  0|   5|           1|           5|
    |enable_7_fu_1656_p3                |    select|   0|  0|   6|           1|           6|
    |r_fu_1889_p3                       |    select|   0|  0|  10|           1|          10|
    |select_ln710_10_fu_1151_p3         |    select|   0|  0|   8|           1|           8|
    |select_ln710_11_fu_1159_p3         |    select|   0|  0|   8|           1|           8|
    |select_ln710_12_fu_1167_p3         |    select|   0|  0|   8|           1|           8|
    |select_ln710_13_fu_1175_p3         |    select|   0|  0|   8|           1|           8|
    |select_ln710_14_fu_1183_p3         |    select|   0|  0|   8|           1|           8|
    |select_ln710_1_fu_1081_p3          |    select|   0|  0|   8|           1|           8|
    |select_ln710_2_fu_1088_p3          |    select|   0|  0|   8|           1|           8|
    |select_ln710_3_fu_1095_p3          |    select|   0|  0|   8|           1|           8|
    |select_ln710_4_fu_1103_p3          |    select|   0|  0|   8|           1|           8|
    |select_ln710_5_fu_1111_p3          |    select|   0|  0|   8|           1|           8|
    |select_ln710_6_fu_1119_p3          |    select|   0|  0|   8|           1|           8|
    |select_ln710_7_fu_1127_p3          |    select|   0|  0|   8|           1|           8|
    |select_ln710_8_fu_1135_p3          |    select|   0|  0|   8|           1|           8|
    |select_ln710_9_fu_1143_p3          |    select|   0|  0|   8|           1|           8|
    |select_ln710_fu_1074_p3            |    select|   0|  0|   8|           1|           8|
    |select_ln728_1_fu_1198_p3          |    select|   0|  0|   8|           1|           8|
    |select_ln728_2_fu_1205_p3          |    select|   0|  0|   8|           1|           8|
    |select_ln728_fu_1191_p3            |    select|   0|  0|   8|           1|           8|
    |select_ln817_1_fu_1719_p3          |    select|   0|  0|   2|           1|           2|
    |select_ln817_fu_1276_p3            |    select|   0|  0|   8|           1|           8|
    |select_ln818_1_fu_1736_p3          |    select|   0|  0|   2|           1|           2|
    |select_ln818_fu_1293_p3            |    select|   0|  0|   8|           1|           8|
    |select_ln819_1_fu_1759_p3          |    select|   0|  0|   2|           1|           2|
    |select_ln819_fu_1612_p3            |    select|   0|  0|   8|           1|           8|
    |select_ln820_1_fu_1872_p3          |    select|   0|  0|  10|           1|          10|
    |select_ln820_2_fu_1780_p3          |    select|   0|  0|   2|           1|           2|
    |select_ln820_fu_1629_p3            |    select|   0|  0|   8|           1|           8|
    |select_ln827_1_fu_1939_p3          |    select|   0|  0|   2|           1|           2|
    |select_ln827_fu_1953_p3            |    select|   0|  0|   8|           1|           8|
    |select_ln829_1_fu_1995_p3          |    select|   0|  0|   2|           1|           2|
    |select_ln829_fu_2009_p3            |    select|   0|  0|   8|           1|           8|
    |ap_enable_pp0                      |       xor|   0|  0|   2|           1|           2|
    |xor_ln772_2_fu_908_p2              |       xor|   0|  0|   2|           1|           1|
    |xor_ln772_3_fu_914_p2              |       xor|   0|  0|   2|           1|           2|
    |xor_ln827_fu_1933_p2               |       xor|   0|  0|   2|           1|           2|
    |xor_ln829_fu_1989_p2               |       xor|   0|  0|   2|           1|           2|
    +-----------------------------------+----------+----+---+----+------------+------------+
    |Total                              |          |   0|  0| 938|         376|         636|
    +-----------------------------------+----------+----+---+----+------------+------------+

    * Multiplexer: 
    +------------------------------------------------+----+-----------+-----+-----------+
    |                      Name                      | LUT| Input Size| Bits| Total Bits|
    +------------------------------------------------+----+-----------+-----+-----------+
    |ap_done_int                                     |   9|          2|    1|          2|
    |ap_enable_reg_pp0_iter2                         |   9|          2|    1|          2|
    |ap_phi_mux_b_1_phi_fu_763_p4                    |  14|          3|   10|         30|
    |ap_phi_mux_downleft_1_phi_fu_521_p4             |  14|          3|    8|         24|
    |ap_phi_mux_downleft_2_phi_fu_512_p4             |  14|          3|    8|         24|
    |ap_phi_mux_downleft_phi_fu_530_p4               |  14|          3|    8|         24|
    |ap_phi_mux_en_rgd_1_phi_fu_702_p14              |  14|          3|    1|          3|
    |ap_phi_mux_en_rgd_2_phi_fu_676_p14              |  14|          3|    1|          3|
    |ap_phi_mux_en_rgd_3_phi_fu_650_p14              |  14|          3|    1|          3|
    |ap_phi_mux_en_rgd_phi_fu_728_p14                |  14|          3|    1|          3|
    |ap_phi_mux_p_0_0_09381411_i_phi_fu_593_p4       |  14|          3|    8|         24|
    |ap_phi_mux_p_0_0_0938_21441_i_phi_fu_539_p4     |  14|          3|    8|         24|
    |ap_phi_mux_p_0_0_0938_21489_ph_i_phi_fu_485_p4  |  14|          3|    8|         24|
    |ap_phi_mux_p_0_0_09391408_i_phi_fu_602_p4       |  14|          3|    8|         24|
    |ap_phi_mux_p_0_0_0939_21438_i_phi_fu_548_p4     |  14|          3|    8|         24|
    |ap_phi_mux_p_0_0_0939_21487_ph_i_phi_fu_494_p4  |  14|          3|    8|         24|
    |ap_phi_mux_p_0_0_09401405_i_phi_fu_611_p4       |  14|          3|    8|         24|
    |ap_phi_mux_p_0_0_0940_21435_i_phi_fu_557_p4     |  14|          3|    8|         24|
    |ap_phi_mux_p_0_0_0940_21485_ph_i_phi_fu_503_p4  |  14|          3|    8|         24|
    |ap_phi_mux_r_1_phi_fu_754_p4                    |  14|          3|   10|         30|
    |ap_phi_mux_upleft_1_phi_fu_575_p4               |  14|          3|    8|         24|
    |ap_phi_mux_upleft_2_phi_fu_566_p4               |  14|          3|    8|         24|
    |ap_phi_mux_upleft_phi_fu_584_p4                 |  14|          3|    8|         24|
    |ap_phi_reg_pp0_iter2_pix_3_reg_627              |  14|          3|    8|         24|
    |ap_phi_reg_pp0_iter2_pix_4_reg_617              |  14|          3|    8|         24|
    |ap_phi_reg_pp0_iter2_pix_reg_637                |  14|          3|    8|         24|
    |ap_sig_allocacmp_z                              |   9|          2|   11|         22|
    |imgG_blk_n                                      |   9|          2|    1|          2|
    |imgRB_blk_n                                     |   9|          2|    1|          2|
    |p_0_0_09381410_i_fu_272                         |   9|          2|    8|         16|
    |p_0_0_0938_115011512_i_fu_248                   |   9|          2|    8|         16|
    |p_0_0_0938_21440_i_fu_284                       |   9|          2|    8|         16|
    |p_0_0_09391407_i_fu_268                         |   9|          2|    8|         16|
    |p_0_0_0939_114991510_i_fu_244                   |   9|          2|    8|         16|
    |p_0_0_0939_21437_i_fu_280                       |   9|          2|    8|         16|
    |p_0_0_09401404_i_fu_264                         |   9|          2|    8|         16|
    |p_0_0_0940_114971508_i_fu_240                   |   9|          2|    8|         16|
    |p_0_0_0940_21434_i_fu_276                       |   9|          2|    8|         16|
    |p_0_0_0_0_09071515_i_fu_252                     |   9|          2|    8|         16|
    |p_0_0_0_0_09131503_i_fu_228                     |   9|          2|    8|         16|
    |p_0_1_0_0_09081517_i_fu_256                     |   9|          2|    8|         16|
    |p_0_1_0_0_09141505_i_fu_232                     |   9|          2|    8|         16|
    |p_0_2_0_0_09091519_i_fu_260                     |   9|          2|    8|         16|
    |p_0_2_0_0_09151507_i_fu_236                     |   9|          2|    8|         16|
    |x_fu_224                                        |   9|          2|   11|         22|
    +------------------------------------------------+----+-----------+-----+-----------+
    |Total                                           | 525|        114|  314|        796|
    +------------------------------------------------+----+-----------+-----+-----------+

    * Register: 
    +----------------------------------------------------+----+----+-----+-----------+
    |                        Name                        | FF | LUT| Bits| Const Bits|
    +----------------------------------------------------+----+----+-----+-----------+
    |add_ln820_reg_2428                                  |  11|   0|   11|          0|
    |and_ln833_reg_2286                                  |   1|   0|    1|          0|
    |ap_CS_fsm                                           |   1|   0|    1|          0|
    |ap_block_pp0_stage0_subdone_grp0_done_reg           |   1|   0|    1|          0|
    |ap_done_reg                                         |   1|   0|    1|          0|
    |ap_enable_reg_pp0_iter1                             |   1|   0|    1|          0|
    |ap_enable_reg_pp0_iter2                             |   1|   0|    1|          0|
    |ap_enable_reg_pp0_iter3                             |   1|   0|    1|          0|
    |ap_enable_reg_pp0_iter4                             |   1|   0|    1|          0|
    |ap_loop_exit_ready_pp0_iter1_reg                    |   1|   0|    1|          0|
    |ap_loop_exit_ready_pp0_iter2_reg                    |   1|   0|    1|          0|
    |ap_loop_exit_ready_pp0_iter3_reg                    |   1|   0|    1|          0|
    |ap_phi_reg_pp0_iter1_pix_3_reg_627                  |   8|   0|    8|          0|
    |ap_phi_reg_pp0_iter1_pix_4_reg_617                  |   8|   0|    8|          0|
    |ap_phi_reg_pp0_iter1_pix_reg_637                    |   8|   0|    8|          0|
    |ap_phi_reg_pp0_iter2_pix_3_reg_627                  |   8|   0|    8|          0|
    |ap_phi_reg_pp0_iter2_pix_4_reg_617                  |   8|   0|    8|          0|
    |ap_phi_reg_pp0_iter2_pix_reg_637                    |   8|   0|    8|          0|
    |enable_6_reg_2403                                   |   5|   0|    5|          0|
    |icmp_ln633_reg_2243                                 |   1|   0|    1|          0|
    |icmp_ln643_reg_2247                                 |   1|   0|    1|          0|
    |icmp_ln664_reg_2232                                 |   1|   0|    1|          0|
    |icmp_ln710_reg_2263                                 |   1|   0|    1|          0|
    |icmp_ln728_reg_2236                                 |   1|   0|    1|          0|
    |icmp_ln772_reg_2282                                 |   1|   0|    1|          0|
    |icmp_ln800_reg_2409                                 |   1|   0|    1|          0|
    |lineBuffer_1_addr_reg_2257                          |  11|   0|   11|          0|
    |lineBuffer_addr_reg_2251                            |  11|   0|   11|          0|
    |p_0_0_09381410_i_fu_272                             |   8|   0|    8|          0|
    |p_0_0_09381410_i_load_reg_2348                      |   8|   0|    8|          0|
    |p_0_0_09381410_i_load_reg_2348_pp0_iter2_reg        |   8|   0|    8|          0|
    |p_0_0_0938_115011512_i_fu_248                       |   8|   0|    8|          0|
    |p_0_0_0938_115011512_i_load_reg_2317                |   8|   0|    8|          0|
    |p_0_0_0938_115011512_i_load_reg_2317_pp0_iter2_reg  |   8|   0|    8|          0|
    |p_0_0_0938_21440_i_fu_284                           |   8|   0|    8|          0|
    |p_0_0_0938_21440_i_load_reg_2363                    |   8|   0|    8|          0|
    |p_0_0_0938_21440_i_load_reg_2363_pp0_iter2_reg      |   8|   0|    8|          0|
    |p_0_0_09391407_i_fu_268                             |   8|   0|    8|          0|
    |p_0_0_09391407_i_load_reg_2343                      |   8|   0|    8|          0|
    |p_0_0_09391407_i_load_reg_2343_pp0_iter2_reg        |   8|   0|    8|          0|
    |p_0_0_0939_114991510_i_fu_244                       |   8|   0|    8|          0|
    |p_0_0_0939_114991510_i_load_reg_2311                |   8|   0|    8|          0|
    |p_0_0_0939_114991510_i_load_reg_2311_pp0_iter2_reg  |   8|   0|    8|          0|
    |p_0_0_0939_21437_i_fu_280                           |   8|   0|    8|          0|
    |p_0_0_0939_21437_i_load_reg_2358                    |   8|   0|    8|          0|
    |p_0_0_0939_21437_i_load_reg_2358_pp0_iter2_reg      |   8|   0|    8|          0|
    |p_0_0_09401404_i_fu_264                             |   8|   0|    8|          0|
    |p_0_0_09401404_i_load_reg_2338                      |   8|   0|    8|          0|
    |p_0_0_09401404_i_load_reg_2338_pp0_iter2_reg        |   8|   0|    8|          0|
    |p_0_0_0940_114971508_i_fu_240                       |   8|   0|    8|          0|
    |p_0_0_0940_114971508_i_load_reg_2305                |   8|   0|    8|          0|
    |p_0_0_0940_114971508_i_load_reg_2305_pp0_iter2_reg  |   8|   0|    8|          0|
    |p_0_0_0940_21434_i_fu_276                           |   8|   0|    8|          0|
    |p_0_0_0940_21434_i_load_reg_2353                    |   8|   0|    8|          0|
    |p_0_0_0940_21434_i_load_reg_2353_pp0_iter2_reg      |   8|   0|    8|          0|
    |p_0_0_0_0_09071515_i_fu_252                         |   8|   0|    8|          0|
    |p_0_0_0_0_09071515_i_load_reg_2323                  |   8|   0|    8|          0|
    |p_0_0_0_0_09071515_i_load_reg_2323_pp0_iter2_reg    |   8|   0|    8|          0|
    |p_0_0_0_0_09131503_i_fu_228                         |   8|   0|    8|          0|
    |p_0_0_0_0_09131503_i_load_reg_2290                  |   8|   0|    8|          0|
    |p_0_0_0_0_09131503_i_load_reg_2290_pp0_iter2_reg    |   8|   0|    8|          0|
    |p_0_1_0_0_09081517_i_fu_256                         |   8|   0|    8|          0|
    |p_0_1_0_0_09081517_i_load_reg_2328                  |   8|   0|    8|          0|
    |p_0_1_0_0_09081517_i_load_reg_2328_pp0_iter2_reg    |   8|   0|    8|          0|
    |p_0_1_0_0_09141505_i_fu_232                         |   8|   0|    8|          0|
    |p_0_1_0_0_09141505_i_load_reg_2295                  |   8|   0|    8|          0|
    |p_0_1_0_0_09141505_i_load_reg_2295_pp0_iter2_reg    |   8|   0|    8|          0|
    |p_0_2_0_0_09091519_i_fu_260                         |   8|   0|    8|          0|
    |p_0_2_0_0_09091519_i_load_reg_2333                  |   8|   0|    8|          0|
    |p_0_2_0_0_09091519_i_load_reg_2333_pp0_iter2_reg    |   8|   0|    8|          0|
    |p_0_2_0_0_09151507_i_fu_236                         |   8|   0|    8|          0|
    |p_0_2_0_0_09151507_i_load_reg_2300                  |   8|   0|    8|          0|
    |p_0_2_0_0_09151507_i_load_reg_2300_pp0_iter2_reg    |   8|   0|    8|          0|
    |pix_3_reg_627                                       |   8|   0|    8|          0|
    |pix_3_reg_627_pp0_iter3_reg                         |   8|   0|    8|          0|
    |pix_4_reg_617                                       |   8|   0|    8|          0|
    |pix_4_reg_617_pp0_iter3_reg                         |   8|   0|    8|          0|
    |pix_reg_637                                         |   8|   0|    8|          0|
    |pix_reg_637_pp0_iter3_reg                           |   8|   0|    8|          0|
    |red_reg_2221                                        |   1|   0|    1|          0|
    |sub_ln817_reg_2393                                  |   9|   0|    9|          0|
    |sub_ln817_reg_2393_pp0_iter2_reg                    |   9|   0|    9|          0|
    |sub_ln818_reg_2398                                  |   9|   0|    9|          0|
    |sub_ln818_reg_2398_pp0_iter2_reg                    |   9|   0|    9|          0|
    |sub_ln819_reg_2414                                  |   9|   0|    9|          0|
    |sub_ln820_2_reg_2434                                |  10|   0|   10|          0|
    |sub_ln820_reg_2419                                  |   9|   0|    9|          0|
    |x_fu_224                                            |  11|   0|   11|          0|
    |zext_ln790_1_reg_2383                               |   8|   0|    9|          1|
    |zext_ln791_reg_2388                                 |   8|   0|    9|          1|
    |and_ln833_reg_2286                                  |  64|  32|    1|          0|
    |icmp_ln633_reg_2243                                 |  64|  32|    1|          0|
    |icmp_ln772_reg_2282                                 |  64|  32|    1|          0|
    +----------------------------------------------------+----+----+-----+-----------+
    |Total                                               | 796|  96|  609|          2|
    +----------------------------------------------------+----+----+-----+-----------+



================================================================
== Interface
================================================================
* Summary: 
+-----------------------------------+-----+-----+------------+---------------------------------------------+--------------+
|             RTL Ports             | Dir | Bits|  Protocol  |                Source Object                |    C Type    |
+-----------------------------------+-----+-----+------------+---------------------------------------------+--------------+
|ap_clk                             |   in|    1|  ap_ctrl_hs|  DebayerRatBorBatR_Pipeline_VITIS_LOOP_633_2|  return value|
|ap_rst                             |   in|    1|  ap_ctrl_hs|  DebayerRatBorBatR_Pipeline_VITIS_LOOP_633_2|  return value|
|ap_start                           |   in|    1|  ap_ctrl_hs|  DebayerRatBorBatR_Pipeline_VITIS_LOOP_633_2|  return value|
|ap_done                            |  out|    1|  ap_ctrl_hs|  DebayerRatBorBatR_Pipeline_VITIS_LOOP_633_2|  return value|
|ap_idle                            |  out|    1|  ap_ctrl_hs|  DebayerRatBorBatR_Pipeline_VITIS_LOOP_633_2|  return value|
|ap_ready                           |  out|    1|  ap_ctrl_hs|  DebayerRatBorBatR_Pipeline_VITIS_LOOP_633_2|  return value|
|imgG_dout                          |   in|   24|     ap_fifo|                                         imgG|       pointer|
|imgG_empty_n                       |   in|    1|     ap_fifo|                                         imgG|       pointer|
|imgG_read                          |  out|    1|     ap_fifo|                                         imgG|       pointer|
|imgG_num_data_valid                |   in|    3|     ap_fifo|                                         imgG|       pointer|
|imgG_fifo_cap                      |   in|    3|     ap_fifo|                                         imgG|       pointer|
|imgRB_din                          |  out|   24|     ap_fifo|                                        imgRB|       pointer|
|imgRB_full_n                       |   in|    1|     ap_fifo|                                        imgRB|       pointer|
|imgRB_write                        |  out|    1|     ap_fifo|                                        imgRB|       pointer|
|imgRB_num_data_valid               |   in|   32|     ap_fifo|                                        imgRB|       pointer|
|imgRB_fifo_cap                     |   in|   32|     ap_fifo|                                        imgRB|       pointer|
|p_0_2_0_0_09091518_lcssa1555_i     |   in|    8|     ap_none|               p_0_2_0_0_09091518_lcssa1555_i|        scalar|
|p_0_1_0_0_09081516_lcssa1553_i     |   in|    8|     ap_none|               p_0_1_0_0_09081516_lcssa1553_i|        scalar|
|p_0_0_0_0_09071514_lcssa1551_i     |   in|    8|     ap_none|               p_0_0_0_0_09071514_lcssa1551_i|        scalar|
|p_0_0_0938_115011513_lcssa1549_i   |   in|    8|     ap_none|             p_0_0_0938_115011513_lcssa1549_i|        scalar|
|p_0_0_0939_114991511_lcssa1547_i   |   in|    8|     ap_none|             p_0_0_0939_114991511_lcssa1547_i|        scalar|
|p_0_0_0940_114971509_lcssa1545_i   |   in|    8|     ap_none|             p_0_0_0940_114971509_lcssa1545_i|        scalar|
|p_0_2_0_0_09151506_lcssa1543_i     |   in|    8|     ap_none|               p_0_2_0_0_09151506_lcssa1543_i|        scalar|
|p_0_1_0_0_09141504_lcssa1541_i     |   in|    8|     ap_none|               p_0_1_0_0_09141504_lcssa1541_i|        scalar|
|p_0_0_0_0_09131502_lcssa1539_i     |   in|    8|     ap_none|               p_0_0_0_0_09131502_lcssa1539_i|        scalar|
|p_0_0_0938_21441_lcssa1473_i       |   in|    8|     ap_none|                 p_0_0_0938_21441_lcssa1473_i|        scalar|
|p_0_0_0939_21438_lcssa1471_i       |   in|    8|     ap_none|                 p_0_0_0939_21438_lcssa1471_i|        scalar|
|p_0_0_0940_21435_lcssa1469_i       |   in|    8|     ap_none|                 p_0_0_0940_21435_lcssa1469_i|        scalar|
|p_0_0_09381411_lcssa1461_i         |   in|    8|     ap_none|                   p_0_0_09381411_lcssa1461_i|        scalar|
|p_0_0_09391408_lcssa1459_i         |   in|    8|     ap_none|                   p_0_0_09391408_lcssa1459_i|        scalar|
|p_0_0_09401405_lcssa1457_i         |   in|    8|     ap_none|                   p_0_0_09401405_lcssa1457_i|        scalar|
|xor_ln772                          |   in|    1|     ap_none|                                    xor_ln772|        scalar|
|trunc_ln                           |   in|   15|     ap_none|                                     trunc_ln|        scalar|
|y                                  |   in|   11|     ap_none|                                            y|        scalar|
|height_val4_load                   |   in|   11|     ap_none|                             height_val4_load|        scalar|
|loopWidth                          |   in|   11|     ap_none|                                    loopWidth|        scalar|
|empty                              |   in|    1|     ap_none|                                        empty|        scalar|
|xor_ln772_1                        |   in|   15|     ap_none|                                  xor_ln772_1|        scalar|
|width_val8_load                    |   in|   11|     ap_none|                              width_val8_load|        scalar|
|p_0_2_0_0_09091519_i_out           |  out|    8|      ap_vld|                     p_0_2_0_0_09091519_i_out|       pointer|
|p_0_2_0_0_09091519_i_out_ap_vld    |  out|    1|      ap_vld|                     p_0_2_0_0_09091519_i_out|       pointer|
|p_0_1_0_0_09081517_i_out           |  out|    8|      ap_vld|                     p_0_1_0_0_09081517_i_out|       pointer|
|p_0_1_0_0_09081517_i_out_ap_vld    |  out|    1|      ap_vld|                     p_0_1_0_0_09081517_i_out|       pointer|
|p_0_0_0_0_09071515_i_out           |  out|    8|      ap_vld|                     p_0_0_0_0_09071515_i_out|       pointer|
|p_0_0_0_0_09071515_i_out_ap_vld    |  out|    1|      ap_vld|                     p_0_0_0_0_09071515_i_out|       pointer|
|p_0_0_0938_115011512_i_out         |  out|    8|      ap_vld|                   p_0_0_0938_115011512_i_out|       pointer|
|p_0_0_0938_115011512_i_out_ap_vld  |  out|    1|      ap_vld|                   p_0_0_0938_115011512_i_out|       pointer|
|p_0_0_0939_114991510_i_out         |  out|    8|      ap_vld|                   p_0_0_0939_114991510_i_out|       pointer|
|p_0_0_0939_114991510_i_out_ap_vld  |  out|    1|      ap_vld|                   p_0_0_0939_114991510_i_out|       pointer|
|p_0_0_0940_114971508_i_out         |  out|    8|      ap_vld|                   p_0_0_0940_114971508_i_out|       pointer|
|p_0_0_0940_114971508_i_out_ap_vld  |  out|    1|      ap_vld|                   p_0_0_0940_114971508_i_out|       pointer|
|p_0_2_0_0_09151507_i_out           |  out|    8|      ap_vld|                     p_0_2_0_0_09151507_i_out|       pointer|
|p_0_2_0_0_09151507_i_out_ap_vld    |  out|    1|      ap_vld|                     p_0_2_0_0_09151507_i_out|       pointer|
|p_0_1_0_0_09141505_i_out           |  out|    8|      ap_vld|                     p_0_1_0_0_09141505_i_out|       pointer|
|p_0_1_0_0_09141505_i_out_ap_vld    |  out|    1|      ap_vld|                     p_0_1_0_0_09141505_i_out|       pointer|
|p_0_0_0_0_09131503_i_out           |  out|    8|      ap_vld|                     p_0_0_0_0_09131503_i_out|       pointer|
|p_0_0_0_0_09131503_i_out_ap_vld    |  out|    1|      ap_vld|                     p_0_0_0_0_09131503_i_out|       pointer|
|p_0_0_0938_21440_i_out             |  out|    8|      ap_vld|                       p_0_0_0938_21440_i_out|       pointer|
|p_0_0_0938_21440_i_out_ap_vld      |  out|    1|      ap_vld|                       p_0_0_0938_21440_i_out|       pointer|
|p_0_0_0939_21437_i_out             |  out|    8|      ap_vld|                       p_0_0_0939_21437_i_out|       pointer|
|p_0_0_0939_21437_i_out_ap_vld      |  out|    1|      ap_vld|                       p_0_0_0939_21437_i_out|       pointer|
|p_0_0_0940_21434_i_out             |  out|    8|      ap_vld|                       p_0_0_0940_21434_i_out|       pointer|
|p_0_0_0940_21434_i_out_ap_vld      |  out|    1|      ap_vld|                       p_0_0_0940_21434_i_out|       pointer|
|p_0_0_09381410_i_out               |  out|    8|      ap_vld|                         p_0_0_09381410_i_out|       pointer|
|p_0_0_09381410_i_out_ap_vld        |  out|    1|      ap_vld|                         p_0_0_09381410_i_out|       pointer|
|p_0_0_09391407_i_out               |  out|    8|      ap_vld|                         p_0_0_09391407_i_out|       pointer|
|p_0_0_09391407_i_out_ap_vld        |  out|    1|      ap_vld|                         p_0_0_09391407_i_out|       pointer|
|p_0_0_09401404_i_out               |  out|    8|      ap_vld|                         p_0_0_09401404_i_out|       pointer|
|p_0_0_09401404_i_out_ap_vld        |  out|    1|      ap_vld|                         p_0_0_09401404_i_out|       pointer|
+-----------------------------------+-----+-----+------------+---------------------------------------------+--------------+

============================================================
+ Verbose Summary: Synthesis Manager
============================================================
InlineROM: 1
ExposeGlobal: 0
============================================================
+ Verbose Summary: CDFG Model
============================================================
IsTopModel: 0
ResetActiveHigh: 1
IsCombinational: 2
IsDatapathOnly: 2
HasWiredReturn: 1
HasMFsm: 2
HasVarLatency: 1
IsPipeline: 0
IsRtlPipelined: 0
IsInstanceOverlapped: 0
IsDontTouch: 0
HasImplIP: 0
IsGatedGlobalClock: 0

+ Individual pipeline summary: 
  * Pipeline-0: initiation interval (II) = 1, depth = 5


============================================================
+ Verbose Summary: Schedule
============================================================
* Number of FSM states : 5
* Pipeline : 1
  Pipeline-0 : II = 1, D = 5, States = { 1 2 3 4 5 }
* Dataflow Pipeline: 0

* FSM state transitions: 
1 --> 2 
2 --> 3 
3 --> 4 
4 --> 5 
5 --> 

* FSM state operations: 

State 1 <SV = 0> <Delay = 2.47>
ST_1 : Operation 8 [1/1] (0.00ns)   --->   "%x = alloca i32 1" [C:/pcam5/prj/sol/.autopilot/db/v_demosaic.cpp:603->C:/pcam5/prj/sol/.autopilot/db/v_demosaic.cpp:1072]   --->   Operation 8 'alloca' 'x' <Predicate = true> <Delay = 0.00>
ST_1 : Operation 9 [1/1] (0.00ns)   --->   "%p_0_0_0_0_09131503_i = alloca i32 1"   --->   Operation 9 'alloca' 'p_0_0_0_0_09131503_i' <Predicate = true> <Delay = 0.00>
ST_1 : Operation 10 [1/1] (0.00ns)   --->   "%p_0_1_0_0_09141505_i = alloca i32 1"   --->   Operation 10 'alloca' 'p_0_1_0_0_09141505_i' <Predicate = true> <Delay = 0.00>
ST_1 : Operation 11 [1/1] (0.00ns)   --->   "%p_0_2_0_0_09151507_i = alloca i32 1"   --->   Operation 11 'alloca' 'p_0_2_0_0_09151507_i' <Predicate = true> <Delay = 0.00>
ST_1 : Operation 12 [1/1] (0.00ns)   --->   "%p_0_0_0940_114971508_i = alloca i32 1"   --->   Operation 12 'alloca' 'p_0_0_0940_114971508_i' <Predicate = true> <Delay = 0.00>
ST_1 : Operation 13 [1/1] (0.00ns)   --->   "%p_0_0_0939_114991510_i = alloca i32 1"   --->   Operation 13 'alloca' 'p_0_0_0939_114991510_i' <Predicate = true> <Delay = 0.00>
ST_1 : Operation 14 [1/1] (0.00ns)   --->   "%p_0_0_0938_115011512_i = alloca i32 1"   --->   Operation 14 'alloca' 'p_0_0_0938_115011512_i' <Predicate = true> <Delay = 0.00>
ST_1 : Operation 15 [1/1] (0.00ns)   --->   "%p_0_0_0_0_09071515_i = alloca i32 1"   --->   Operation 15 'alloca' 'p_0_0_0_0_09071515_i' <Predicate = true> <Delay = 0.00>
ST_1 : Operation 16 [1/1] (0.00ns)   --->   "%p_0_1_0_0_09081517_i = alloca i32 1"   --->   Operation 16 'alloca' 'p_0_1_0_0_09081517_i' <Predicate = true> <Delay = 0.00>
ST_1 : Operation 17 [1/1] (0.00ns)   --->   "%p_0_2_0_0_09091519_i = alloca i32 1"   --->   Operation 17 'alloca' 'p_0_2_0_0_09091519_i' <Predicate = true> <Delay = 0.00>
ST_1 : Operation 18 [1/1] (0.00ns)   --->   "%p_0_0_09401404_i = alloca i32 1"   --->   Operation 18 'alloca' 'p_0_0_09401404_i' <Predicate = true> <Delay = 0.00>
ST_1 : Operation 19 [1/1] (0.00ns)   --->   "%p_0_0_09391407_i = alloca i32 1"   --->   Operation 19 'alloca' 'p_0_0_09391407_i' <Predicate = true> <Delay = 0.00>
ST_1 : Operation 20 [1/1] (0.00ns)   --->   "%p_0_0_09381410_i = alloca i32 1"   --->   Operation 20 'alloca' 'p_0_0_09381410_i' <Predicate = true> <Delay = 0.00>
ST_1 : Operation 21 [1/1] (0.00ns)   --->   "%p_0_0_0940_21434_i = alloca i32 1"   --->   Operation 21 'alloca' 'p_0_0_0940_21434_i' <Predicate = true> <Delay = 0.00>
ST_1 : Operation 22 [1/1] (0.00ns)   --->   "%p_0_0_0939_21437_i = alloca i32 1"   --->   Operation 22 'alloca' 'p_0_0_0939_21437_i' <Predicate = true> <Delay = 0.00>
ST_1 : Operation 23 [1/1] (0.00ns)   --->   "%p_0_0_0938_21440_i = alloca i32 1"   --->   Operation 23 'alloca' 'p_0_0_0938_21440_i' <Predicate = true> <Delay = 0.00>
ST_1 : Operation 24 [1/1] (0.00ns)   --->   "%specinterface_ln0 = specinterface void @_ssdm_op_SpecInterface, i24 %imgG, void @empty_20, i32 0, i32 0, void @empty_14, i32 0, i32 0, void @empty_14, void @empty_14, void @empty_14, i32 0, i32 0, i32 0, i32 0, void @empty_14, void @empty_14, i32 4294967295, i32 0, i32 0, i32 0"   --->   Operation 24 'specinterface' 'specinterface_ln0' <Predicate = true> <Delay = 0.00>
ST_1 : Operation 25 [1/1] (0.00ns)   --->   "%specinterface_ln0 = specinterface void @_ssdm_op_SpecInterface, i24 %imgRB, void @empty_20, i32 0, i32 0, void @empty_14, i32 0, i32 0, void @empty_14, void @empty_14, void @empty_14, i32 0, i32 0, i32 0, i32 0, void @empty_14, void @empty_14, i32 4294967295, i32 0, i32 0, i32 0"   --->   Operation 25 'specinterface' 'specinterface_ln0' <Predicate = true> <Delay = 0.00>
ST_1 : Operation 26 [1/1] (0.00ns)   --->   "%width_val8_load_read = read i11 @_ssdm_op_Read.ap_auto.i11, i11 %width_val8_load"   --->   Operation 26 'read' 'width_val8_load_read' <Predicate = true> <Delay = 0.00>
ST_1 : Operation 27 [1/1] (0.00ns)   --->   "%xor_ln772_1_read = read i15 @_ssdm_op_Read.ap_auto.i15, i15 %xor_ln772_1"   --->   Operation 27 'read' 'xor_ln772_1_read' <Predicate = true> <Delay = 0.00>
ST_1 : Operation 28 [1/1] (0.00ns)   --->   "%tmp = read i1 @_ssdm_op_Read.ap_auto.i1, i1 %empty"   --->   Operation 28 'read' 'tmp' <Predicate = true> <Delay = 0.00>
ST_1 : Operation 29 [1/1] (0.00ns)   --->   "%loopWidth_read = read i11 @_ssdm_op_Read.ap_auto.i11, i11 %loopWidth"   --->   Operation 29 'read' 'loopWidth_read' <Predicate = true> <Delay = 0.00>
ST_1 : Operation 30 [1/1] (0.00ns)   --->   "%height_val4_load_read = read i11 @_ssdm_op_Read.ap_auto.i11, i11 %height_val4_load"   --->   Operation 30 'read' 'height_val4_load_read' <Predicate = true> <Delay = 0.00>
ST_1 : Operation 31 [1/1] (0.00ns)   --->   "%y_read = read i11 @_ssdm_op_Read.ap_auto.i11, i11 %y"   --->   Operation 31 'read' 'y_read' <Predicate = true> <Delay = 0.00>
ST_1 : Operation 32 [1/1] (0.00ns)   --->   "%trunc_ln_read = read i15 @_ssdm_op_Read.ap_auto.i15, i15 %trunc_ln"   --->   Operation 32 'read' 'trunc_ln_read' <Predicate = true> <Delay = 0.00>
ST_1 : Operation 33 [1/1] (0.00ns)   --->   "%xor_ln772_read = read i1 @_ssdm_op_Read.ap_auto.i1, i1 %xor_ln772"   --->   Operation 33 'read' 'xor_ln772_read' <Predicate = true> <Delay = 0.00>
ST_1 : Operation 34 [1/1] (0.00ns)   --->   "%p_0_0_09401405_lcssa1457_i_read = read i8 @_ssdm_op_Read.ap_auto.i8, i8 %p_0_0_09401405_lcssa1457_i"   --->   Operation 34 'read' 'p_0_0_09401405_lcssa1457_i_read' <Predicate = true> <Delay = 0.00>
ST_1 : Operation 35 [1/1] (0.00ns)   --->   "%p_0_0_09391408_lcssa1459_i_read = read i8 @_ssdm_op_Read.ap_auto.i8, i8 %p_0_0_09391408_lcssa1459_i"   --->   Operation 35 'read' 'p_0_0_09391408_lcssa1459_i_read' <Predicate = true> <Delay = 0.00>
ST_1 : Operation 36 [1/1] (0.00ns)   --->   "%p_0_0_09381411_lcssa1461_i_read = read i8 @_ssdm_op_Read.ap_auto.i8, i8 %p_0_0_09381411_lcssa1461_i"   --->   Operation 36 'read' 'p_0_0_09381411_lcssa1461_i_read' <Predicate = true> <Delay = 0.00>
ST_1 : Operation 37 [1/1] (0.00ns)   --->   "%p_0_0_0940_21435_lcssa1469_i_read = read i8 @_ssdm_op_Read.ap_auto.i8, i8 %p_0_0_0940_21435_lcssa1469_i"   --->   Operation 37 'read' 'p_0_0_0940_21435_lcssa1469_i_read' <Predicate = true> <Delay = 0.00>
ST_1 : Operation 38 [1/1] (0.00ns)   --->   "%p_0_0_0939_21438_lcssa1471_i_read = read i8 @_ssdm_op_Read.ap_auto.i8, i8 %p_0_0_0939_21438_lcssa1471_i"   --->   Operation 38 'read' 'p_0_0_0939_21438_lcssa1471_i_read' <Predicate = true> <Delay = 0.00>
ST_1 : Operation 39 [1/1] (0.00ns)   --->   "%p_0_0_0938_21441_lcssa1473_i_read = read i8 @_ssdm_op_Read.ap_auto.i8, i8 %p_0_0_0938_21441_lcssa1473_i"   --->   Operation 39 'read' 'p_0_0_0938_21441_lcssa1473_i_read' <Predicate = true> <Delay = 0.00>
ST_1 : Operation 40 [1/1] (0.00ns)   --->   "%p_0_0_0_0_09131502_lcssa1539_i_read = read i8 @_ssdm_op_Read.ap_auto.i8, i8 %p_0_0_0_0_09131502_lcssa1539_i"   --->   Operation 40 'read' 'p_0_0_0_0_09131502_lcssa1539_i_read' <Predicate = true> <Delay = 0.00>
ST_1 : Operation 41 [1/1] (0.00ns)   --->   "%p_0_1_0_0_09141504_lcssa1541_i_read = read i8 @_ssdm_op_Read.ap_auto.i8, i8 %p_0_1_0_0_09141504_lcssa1541_i"   --->   Operation 41 'read' 'p_0_1_0_0_09141504_lcssa1541_i_read' <Predicate = true> <Delay = 0.00>
ST_1 : Operation 42 [1/1] (0.00ns)   --->   "%p_0_2_0_0_09151506_lcssa1543_i_read = read i8 @_ssdm_op_Read.ap_auto.i8, i8 %p_0_2_0_0_09151506_lcssa1543_i"   --->   Operation 42 'read' 'p_0_2_0_0_09151506_lcssa1543_i_read' <Predicate = true> <Delay = 0.00>
ST_1 : Operation 43 [1/1] (0.00ns)   --->   "%p_0_0_0940_114971509_lcssa1545_i_read = read i8 @_ssdm_op_Read.ap_auto.i8, i8 %p_0_0_0940_114971509_lcssa1545_i"   --->   Operation 43 'read' 'p_0_0_0940_114971509_lcssa1545_i_read' <Predicate = true> <Delay = 0.00>
ST_1 : Operation 44 [1/1] (0.00ns)   --->   "%p_0_0_0939_114991511_lcssa1547_i_read = read i8 @_ssdm_op_Read.ap_auto.i8, i8 %p_0_0_0939_114991511_lcssa1547_i"   --->   Operation 44 'read' 'p_0_0_0939_114991511_lcssa1547_i_read' <Predicate = true> <Delay = 0.00>
ST_1 : Operation 45 [1/1] (0.00ns)   --->   "%p_0_0_0938_115011513_lcssa1549_i_read = read i8 @_ssdm_op_Read.ap_auto.i8, i8 %p_0_0_0938_115011513_lcssa1549_i"   --->   Operation 45 'read' 'p_0_0_0938_115011513_lcssa1549_i_read' <Predicate = true> <Delay = 0.00>
ST_1 : Operation 46 [1/1] (0.00ns)   --->   "%p_0_0_0_0_09071514_lcssa1551_i_read = read i8 @_ssdm_op_Read.ap_auto.i8, i8 %p_0_0_0_0_09071514_lcssa1551_i"   --->   Operation 46 'read' 'p_0_0_0_0_09071514_lcssa1551_i_read' <Predicate = true> <Delay = 0.00>
ST_1 : Operation 47 [1/1] (0.00ns)   --->   "%p_0_1_0_0_09081516_lcssa1553_i_read = read i8 @_ssdm_op_Read.ap_auto.i8, i8 %p_0_1_0_0_09081516_lcssa1553_i"   --->   Operation 47 'read' 'p_0_1_0_0_09081516_lcssa1553_i_read' <Predicate = true> <Delay = 0.00>
ST_1 : Operation 48 [1/1] (0.00ns)   --->   "%p_0_2_0_0_09091518_lcssa1555_i_read = read i8 @_ssdm_op_Read.ap_auto.i8, i8 %p_0_2_0_0_09091518_lcssa1555_i"   --->   Operation 48 'read' 'p_0_2_0_0_09091518_lcssa1555_i_read' <Predicate = true> <Delay = 0.00>
ST_1 : Operation 49 [1/1] (1.23ns)   --->   "%lineBuffer_1 = alloca i64 1" [C:/pcam5/prj/sol/.autopilot/db/v_demosaic.cpp:614->C:/pcam5/prj/sol/.autopilot/db/v_demosaic.cpp:1072]   --->   Operation 49 'alloca' 'lineBuffer_1' <Predicate = true> <Delay = 1.23> <CoreInst = "RAM">   --->   Core 82 'RAM' <Latency = 1> <II = 1> <Delay = 1.23> <Storage> <Opcode : 'load' 'store'> <Ports = 2> <Width = 24> <Depth = 1921> <RAM>
ST_1 : Operation 50 [1/1] (1.23ns)   --->   "%lineBuffer = alloca i64 1" [C:/pcam5/prj/sol/.autopilot/db/v_demosaic.cpp:614->C:/pcam5/prj/sol/.autopilot/db/v_demosaic.cpp:1072]   --->   Operation 50 'alloca' 'lineBuffer' <Predicate = true> <Delay = 1.23> <CoreInst = "RAM">   --->   Core 82 'RAM' <Latency = 1> <II = 1> <Delay = 1.23> <Storage> <Opcode : 'load' 'store'> <Ports = 2> <Width = 24> <Depth = 1921> <RAM>
ST_1 : Operation 51 [1/1] (0.00ns)   --->   "%zext_ln772 = zext i1 %xor_ln772_read" [C:/pcam5/prj/sol/.autopilot/db/v_demosaic.cpp:772->C:/pcam5/prj/sol/.autopilot/db/v_demosaic.cpp:1072]   --->   Operation 51 'zext' 'zext_ln772' <Predicate = true> <Delay = 0.00>
ST_1 : Operation 52 [1/1] (0.84ns)   --->   "%red = icmp_eq  i15 %zext_ln772, i15 %trunc_ln_read" [C:/pcam5/prj/sol/.autopilot/db/v_demosaic.cpp:786->C:/pcam5/prj/sol/.autopilot/db/v_demosaic.cpp:1072]   --->   Operation 52 'icmp' 'red' <Predicate = true> <Delay = 0.84> <CoreInst = "Cmp">   --->   Core 9 'Cmp' <Latency = 0> <II = 1> <Delay = 0.84> <FuncUnit> <Opcode : 'seteq' 'setne' 'setle' 'setge' 'setlt' 'setgt'> <InPorts = 2> <OutPorts = 1>
ST_1 : Operation 53 [1/1] (0.79ns)   --->   "%icmp_ln664 = icmp_ult  i11 %y_read, i11 %height_val4_load_read" [C:/pcam5/prj/sol/.autopilot/db/v_demosaic.cpp:664->C:/pcam5/prj/sol/.autopilot/db/v_demosaic.cpp:1072]   --->   Operation 53 'icmp' 'icmp_ln664' <Predicate = true> <Delay = 0.79> <CoreInst = "Cmp">   --->   Core 9 'Cmp' <Latency = 0> <II = 1> <Delay = 0.79> <FuncUnit> <Opcode : 'seteq' 'setne' 'setle' 'setge' 'setlt' 'setgt'> <InPorts = 2> <OutPorts = 1>
ST_1 : Operation 54 [1/1] (0.79ns)   --->   "%icmp_ln728 = icmp_ne  i11 %y_read, i11 0" [C:/pcam5/prj/sol/.autopilot/db/v_demosaic.cpp:728->C:/pcam5/prj/sol/.autopilot/db/v_demosaic.cpp:1072]   --->   Operation 54 'icmp' 'icmp_ln728' <Predicate = true> <Delay = 0.79> <CoreInst = "Cmp">   --->   Core 9 'Cmp' <Latency = 0> <II = 1> <Delay = 0.79> <FuncUnit> <Opcode : 'seteq' 'setne' 'setle' 'setge' 'setlt' 'setgt'> <InPorts = 2> <OutPorts = 1>
ST_1 : Operation 55 [1/1] (0.42ns)   --->   "%store_ln0 = store i8 %p_0_0_0938_21441_lcssa1473_i_read, i8 %p_0_0_0938_21440_i"   --->   Operation 55 'store' 'store_ln0' <Predicate = true> <Delay = 0.42>
ST_1 : Operation 56 [1/1] (0.42ns)   --->   "%store_ln0 = store i8 %p_0_0_0939_21438_lcssa1471_i_read, i8 %p_0_0_0939_21437_i"   --->   Operation 56 'store' 'store_ln0' <Predicate = true> <Delay = 0.42>
ST_1 : Operation 57 [1/1] (0.42ns)   --->   "%store_ln0 = store i8 %p_0_0_0940_21435_lcssa1469_i_read, i8 %p_0_0_0940_21434_i"   --->   Operation 57 'store' 'store_ln0' <Predicate = true> <Delay = 0.42>
ST_1 : Operation 58 [1/1] (0.42ns)   --->   "%store_ln0 = store i8 %p_0_0_09381411_lcssa1461_i_read, i8 %p_0_0_09381410_i"   --->   Operation 58 'store' 'store_ln0' <Predicate = true> <Delay = 0.42>
ST_1 : Operation 59 [1/1] (0.42ns)   --->   "%store_ln0 = store i8 %p_0_0_09391408_lcssa1459_i_read, i8 %p_0_0_09391407_i"   --->   Operation 59 'store' 'store_ln0' <Predicate = true> <Delay = 0.42>
ST_1 : Operation 60 [1/1] (0.42ns)   --->   "%store_ln0 = store i8 %p_0_0_09401405_lcssa1457_i_read, i8 %p_0_0_09401404_i"   --->   Operation 60 'store' 'store_ln0' <Predicate = true> <Delay = 0.42>
ST_1 : Operation 61 [1/1] (0.42ns)   --->   "%store_ln0 = store i8 %p_0_2_0_0_09091518_lcssa1555_i_read, i8 %p_0_2_0_0_09091519_i"   --->   Operation 61 'store' 'store_ln0' <Predicate = true> <Delay = 0.42>
ST_1 : Operation 62 [1/1] (0.42ns)   --->   "%store_ln0 = store i8 %p_0_1_0_0_09081516_lcssa1553_i_read, i8 %p_0_1_0_0_09081517_i"   --->   Operation 62 'store' 'store_ln0' <Predicate = true> <Delay = 0.42>
ST_1 : Operation 63 [1/1] (0.42ns)   --->   "%store_ln0 = store i8 %p_0_0_0_0_09071514_lcssa1551_i_read, i8 %p_0_0_0_0_09071515_i"   --->   Operation 63 'store' 'store_ln0' <Predicate = true> <Delay = 0.42>
ST_1 : Operation 64 [1/1] (0.42ns)   --->   "%store_ln0 = store i8 %p_0_0_0938_115011513_lcssa1549_i_read, i8 %p_0_0_0938_115011512_i"   --->   Operation 64 'store' 'store_ln0' <Predicate = true> <Delay = 0.42>
ST_1 : Operation 65 [1/1] (0.42ns)   --->   "%store_ln0 = store i8 %p_0_0_0939_114991511_lcssa1547_i_read, i8 %p_0_0_0939_114991510_i"   --->   Operation 65 'store' 'store_ln0' <Predicate = true> <Delay = 0.42>
ST_1 : Operation 66 [1/1] (0.42ns)   --->   "%store_ln0 = store i8 %p_0_0_0940_114971509_lcssa1545_i_read, i8 %p_0_0_0940_114971508_i"   --->   Operation 66 'store' 'store_ln0' <Predicate = true> <Delay = 0.42>
ST_1 : Operation 67 [1/1] (0.42ns)   --->   "%store_ln0 = store i8 %p_0_2_0_0_09151506_lcssa1543_i_read, i8 %p_0_2_0_0_09151507_i"   --->   Operation 67 'store' 'store_ln0' <Predicate = true> <Delay = 0.42>
ST_1 : Operation 68 [1/1] (0.42ns)   --->   "%store_ln0 = store i8 %p_0_1_0_0_09141504_lcssa1541_i_read, i8 %p_0_1_0_0_09141505_i"   --->   Operation 68 'store' 'store_ln0' <Predicate = true> <Delay = 0.42>
ST_1 : Operation 69 [1/1] (0.42ns)   --->   "%store_ln0 = store i8 %p_0_0_0_0_09131502_lcssa1539_i_read, i8 %p_0_0_0_0_09131503_i"   --->   Operation 69 'store' 'store_ln0' <Predicate = true> <Delay = 0.42>
ST_1 : Operation 70 [1/1] (0.42ns)   --->   "%store_ln603 = store i11 0, i11 %x" [C:/pcam5/prj/sol/.autopilot/db/v_demosaic.cpp:603->C:/pcam5/prj/sol/.autopilot/db/v_demosaic.cpp:1072]   --->   Operation 70 'store' 'store_ln603' <Predicate = true> <Delay = 0.42>
ST_1 : Operation 71 [1/1] (0.00ns)   --->   "%br_ln633 = br void %for.body14.i" [C:/pcam5/prj/sol/.autopilot/db/v_demosaic.cpp:633->C:/pcam5/prj/sol/.autopilot/db/v_demosaic.cpp:1072]   --->   Operation 71 'br' 'br_ln633' <Predicate = true> <Delay = 0.00>
ST_1 : Operation 72 [1/1] (0.00ns)   --->   "%z = load i11 %x" [C:/pcam5/prj/sol/.autopilot/db/v_demosaic.cpp:638->C:/pcam5/prj/sol/.autopilot/db/v_demosaic.cpp:1072]   --->   Operation 72 'load' 'z' <Predicate = true> <Delay = 0.00>
ST_1 : Operation 73 [1/1] (0.79ns)   --->   "%icmp_ln633 = icmp_eq  i11 %z, i11 %loopWidth_read" [C:/pcam5/prj/sol/.autopilot/db/v_demosaic.cpp:633->C:/pcam5/prj/sol/.autopilot/db/v_demosaic.cpp:1072]   --->   Operation 73 'icmp' 'icmp_ln633' <Predicate = true> <Delay = 0.79> <CoreInst = "Cmp">   --->   Core 9 'Cmp' <Latency = 0> <II = 1> <Delay = 0.79> <FuncUnit> <Opcode : 'seteq' 'setne' 'setle' 'setge' 'setlt' 'setgt'> <InPorts = 2> <OutPorts = 1>
ST_1 : Operation 74 [1/1] (0.79ns)   --->   "%x_5 = add i11 %z, i11 1" [C:/pcam5/prj/sol/.autopilot/db/v_demosaic.cpp:638->C:/pcam5/prj/sol/.autopilot/db/v_demosaic.cpp:1072]   --->   Operation 74 'add' 'x_5' <Predicate = true> <Delay = 0.79> <CoreInst = "Adder">   --->   Core 1 'Adder' <Latency = 0> <II = 1> <Delay = 0.79> <FuncUnit> <Opcode : 'add' 'sub'> <InPorts = 2> <OutPorts = 1>
ST_1 : Operation 75 [1/1] (0.00ns)   --->   "%br_ln633 = br i1 %icmp_ln633, void %for.body14.split.i, void %for.inc566.i.exitStub" [C:/pcam5/prj/sol/.autopilot/db/v_demosaic.cpp:633->C:/pcam5/prj/sol/.autopilot/db/v_demosaic.cpp:1072]   --->   Operation 75 'br' 'br_ln633' <Predicate = true> <Delay = 0.00>
ST_1 : Operation 76 [1/1] (0.00ns)   --->   "%trunc_ln633 = trunc i11 %z" [C:/pcam5/prj/sol/.autopilot/db/v_demosaic.cpp:633->C:/pcam5/prj/sol/.autopilot/db/v_demosaic.cpp:1072]   --->   Operation 76 'trunc' 'trunc_ln633' <Predicate = (!icmp_ln633)> <Delay = 0.00>
ST_1 : Operation 77 [1/1] (0.00ns)   --->   "%specpipeline_ln636 = specpipeline void @_ssdm_op_SpecPipeline, i32 1, i32 0, i32 0, i32 0, i32 4294967295, void @empty_14" [C:/pcam5/prj/sol/.autopilot/db/v_demosaic.cpp:636->C:/pcam5/prj/sol/.autopilot/db/v_demosaic.cpp:1072]   --->   Operation 77 'specpipeline' 'specpipeline_ln636' <Predicate = (!icmp_ln633)> <Delay = 0.00>
ST_1 : Operation 78 [1/1] (0.00ns)   --->   "%specloopname_ln633 = specloopname void @_ssdm_op_SpecLoopName, void @empty_6" [C:/pcam5/prj/sol/.autopilot/db/v_demosaic.cpp:633->C:/pcam5/prj/sol/.autopilot/db/v_demosaic.cpp:1072]   --->   Operation 78 'specloopname' 'specloopname_ln633' <Predicate = (!icmp_ln633)> <Delay = 0.00>
ST_1 : Operation 79 [1/1] (0.00ns)   --->   "%zext_ln633 = zext i11 %x_5" [C:/pcam5/prj/sol/.autopilot/db/v_demosaic.cpp:633->C:/pcam5/prj/sol/.autopilot/db/v_demosaic.cpp:1072]   --->   Operation 79 'zext' 'zext_ln633' <Predicate = (!icmp_ln633)> <Delay = 0.00>
ST_1 : Operation 80 [1/1] (0.79ns)   --->   "%icmp_ln643 = icmp_ult  i11 %z, i11 %width_val8_load_read" [C:/pcam5/prj/sol/.autopilot/db/v_demosaic.cpp:643->C:/pcam5/prj/sol/.autopilot/db/v_demosaic.cpp:1072]   --->   Operation 80 'icmp' 'icmp_ln643' <Predicate = (!icmp_ln633)> <Delay = 0.79> <CoreInst = "Cmp">   --->   Core 9 'Cmp' <Latency = 0> <II = 1> <Delay = 0.79> <FuncUnit> <Opcode : 'seteq' 'setne' 'setle' 'setge' 'setlt' 'setgt'> <InPorts = 2> <OutPorts = 1>
ST_1 : Operation 81 [1/1] (0.42ns)   --->   "%br_ln643 = br i1 %icmp_ln643, void %for.body291.i, void %VITIS_LOOP_646_3.i" [C:/pcam5/prj/sol/.autopilot/db/v_demosaic.cpp:643->C:/pcam5/prj/sol/.autopilot/db/v_demosaic.cpp:1072]   --->   Operation 81 'br' 'br_ln643' <Predicate = (!icmp_ln633)> <Delay = 0.42>
ST_1 : Operation 82 [1/1] (0.00ns)   --->   "%lineBuffer_addr = getelementptr i24 %lineBuffer, i64 0, i64 %zext_ln633" [c:/pcam5/pcam5.gen/sources_1/bd/pcam/ip/pcam_v_demosaic_0_0/src/hls/hls_video_mem.h:850->C:/pcam5/prj/sol/.autopilot/db/v_demosaic.cpp:648->C:/pcam5/prj/sol/.autopilot/db/v_demosaic.cpp:1072]   --->   Operation 82 'getelementptr' 'lineBuffer_addr' <Predicate = (!icmp_ln633 & icmp_ln643)> <Delay = 0.00>
ST_1 : Operation 83 [2/2] (1.23ns)   --->   "%LineBufVal = load i11 %lineBuffer_addr" [C:/pcam5/prj/sol/.autopilot/db/v_demosaic.cpp:648->C:/pcam5/prj/sol/.autopilot/db/v_demosaic.cpp:1072]   --->   Operation 83 'load' 'LineBufVal' <Predicate = (!icmp_ln633 & icmp_ln643)> <Delay = 1.23> <CoreInst = "RAM">   --->   Core 82 'RAM' <Latency = 1> <II = 1> <Delay = 1.23> <Storage> <Opcode : 'load' 'store'> <Ports = 2> <Width = 24> <Depth = 1921> <RAM>
ST_1 : Operation 84 [1/1] (0.00ns)   --->   "%lineBuffer_1_addr = getelementptr i24 %lineBuffer_1, i64 0, i64 %zext_ln633" [c:/pcam5/pcam5.gen/sources_1/bd/pcam/ip/pcam_v_demosaic_0_0/src/hls/hls_video_mem.h:850->C:/pcam5/prj/sol/.autopilot/db/v_demosaic.cpp:648->C:/pcam5/prj/sol/.autopilot/db/v_demosaic.cpp:1072]   --->   Operation 84 'getelementptr' 'lineBuffer_1_addr' <Predicate = (!icmp_ln633 & icmp_ln643)> <Delay = 0.00>
ST_1 : Operation 85 [2/2] (1.23ns)   --->   "%LineBufVal_1 = load i11 %lineBuffer_1_addr" [C:/pcam5/prj/sol/.autopilot/db/v_demosaic.cpp:648->C:/pcam5/prj/sol/.autopilot/db/v_demosaic.cpp:1072]   --->   Operation 85 'load' 'LineBufVal_1' <Predicate = (!icmp_ln633 & icmp_ln643)> <Delay = 1.23> <CoreInst = "RAM">   --->   Core 82 'RAM' <Latency = 1> <II = 1> <Delay = 1.23> <Storage> <Opcode : 'load' 'store'> <Ports = 2> <Width = 24> <Depth = 1921> <RAM>
ST_1 : Operation 86 [1/1] (0.42ns)   --->   "%br_ln664 = br i1 %icmp_ln664, void %VITIS_LOOP_693_11.i, void %VITIS_LOOP_667_7.i" [C:/pcam5/prj/sol/.autopilot/db/v_demosaic.cpp:664->C:/pcam5/prj/sol/.autopilot/db/v_demosaic.cpp:1072]   --->   Operation 86 'br' 'br_ln664' <Predicate = (!icmp_ln633 & icmp_ln643)> <Delay = 0.42>
ST_1 : Operation 87 [1/1] (0.42ns)   --->   "%br_ln678 = br void %VITIS_LOOP_693_11.i" [C:/pcam5/prj/sol/.autopilot/db/v_demosaic.cpp:678->C:/pcam5/prj/sol/.autopilot/db/v_demosaic.cpp:1072]   --->   Operation 87 'br' 'br_ln678' <Predicate = (!icmp_ln633 & icmp_ln643 & icmp_ln664)> <Delay = 0.42>
ST_1 : Operation 88 [1/1] (0.79ns)   --->   "%icmp_ln710 = icmp_eq  i11 %z, i11 0" [C:/pcam5/prj/sol/.autopilot/db/v_demosaic.cpp:710->C:/pcam5/prj/sol/.autopilot/db/v_demosaic.cpp:1072]   --->   Operation 88 'icmp' 'icmp_ln710' <Predicate = (!icmp_ln633 & icmp_ln643)> <Delay = 0.79> <CoreInst = "Cmp">   --->   Core 9 'Cmp' <Latency = 0> <II = 1> <Delay = 0.79> <FuncUnit> <Opcode : 'seteq' 'setne' 'setle' 'setge' 'setlt' 'setgt'> <InPorts = 2> <OutPorts = 1>
ST_1 : Operation 89 [1/1] (0.42ns)   --->   "%br_ln742 = br void %for.body291.i" [C:/pcam5/prj/sol/.autopilot/db/v_demosaic.cpp:742->C:/pcam5/prj/sol/.autopilot/db/v_demosaic.cpp:1072]   --->   Operation 89 'br' 'br_ln742' <Predicate = (!icmp_ln633 & icmp_ln643)> <Delay = 0.42>
ST_1 : Operation 90 [1/1] (0.00ns) (grouped into LUT with out node icmp_ln772)   --->   "%xor_ln772_2 = xor i1 %tmp, i1 %trunc_ln633" [C:/pcam5/prj/sol/.autopilot/db/v_demosaic.cpp:772->C:/pcam5/prj/sol/.autopilot/db/v_demosaic.cpp:1072]   --->   Operation 90 'xor' 'xor_ln772_2' <Predicate = (!icmp_ln633)> <Delay = 0.00> <CoreInst = "LogicGate">   --->   Core 74 'LogicGate' <Latency = 0> <II = 1> <Delay = 0.28> <FuncUnit> <Opcode : 'and' 'or' 'xor'> <InPorts = 2> <OutPorts = 1>
ST_1 : Operation 91 [1/1] (0.00ns) (grouped into LUT with out node icmp_ln772)   --->   "%xor_ln772_3 = xor i1 %xor_ln772_2, i1 1" [C:/pcam5/prj/sol/.autopilot/db/v_demosaic.cpp:772->C:/pcam5/prj/sol/.autopilot/db/v_demosaic.cpp:1072]   --->   Operation 91 'xor' 'xor_ln772_3' <Predicate = (!icmp_ln633)> <Delay = 0.00> <CoreInst = "LogicGate">   --->   Core 74 'LogicGate' <Latency = 0> <II = 1> <Delay = 0.28> <FuncUnit> <Opcode : 'and' 'or' 'xor'> <InPorts = 2> <OutPorts = 1>
ST_1 : Operation 92 [1/1] (0.00ns) (grouped into LUT with out node icmp_ln772)   --->   "%zext_ln772_1 = zext i1 %xor_ln772_3" [C:/pcam5/prj/sol/.autopilot/db/v_demosaic.cpp:772->C:/pcam5/prj/sol/.autopilot/db/v_demosaic.cpp:1072]   --->   Operation 92 'zext' 'zext_ln772_1' <Predicate = (!icmp_ln633)> <Delay = 0.00>
ST_1 : Operation 93 [1/1] (0.84ns) (out node of the LUT)   --->   "%icmp_ln772 = icmp_eq  i15 %xor_ln772_1_read, i15 %zext_ln772_1" [C:/pcam5/prj/sol/.autopilot/db/v_demosaic.cpp:772->C:/pcam5/prj/sol/.autopilot/db/v_demosaic.cpp:1072]   --->   Operation 93 'icmp' 'icmp_ln772' <Predicate = (!icmp_ln633)> <Delay = 0.84> <CoreInst = "Cmp">   --->   Core 9 'Cmp' <Latency = 0> <II = 1> <Delay = 0.84> <FuncUnit> <Opcode : 'seteq' 'setne' 'setle' 'setge' 'setlt' 'setgt'> <InPorts = 2> <OutPorts = 1>
ST_1 : Operation 94 [1/1] (0.42ns)   --->   "%br_ln772 = br i1 %icmp_ln772, void %if.end518.i, void %if.then316.i" [C:/pcam5/prj/sol/.autopilot/db/v_demosaic.cpp:772->C:/pcam5/prj/sol/.autopilot/db/v_demosaic.cpp:1072]   --->   Operation 94 'br' 'br_ln772' <Predicate = (!icmp_ln633)> <Delay = 0.42>
ST_1 : Operation 95 [1/1] (0.79ns)   --->   "%icmp_ln833 = icmp_ne  i11 %z, i11 0" [C:/pcam5/prj/sol/.autopilot/db/v_demosaic.cpp:833->C:/pcam5/prj/sol/.autopilot/db/v_demosaic.cpp:1072]   --->   Operation 95 'icmp' 'icmp_ln833' <Predicate = (!icmp_ln633)> <Delay = 0.79> <CoreInst = "Cmp">   --->   Core 9 'Cmp' <Latency = 0> <II = 1> <Delay = 0.79> <FuncUnit> <Opcode : 'seteq' 'setne' 'setle' 'setge' 'setlt' 'setgt'> <InPorts = 2> <OutPorts = 1>
ST_1 : Operation 96 [1/1] (0.28ns)   --->   "%and_ln833 = and i1 %icmp_ln728, i1 %icmp_ln833" [C:/pcam5/prj/sol/.autopilot/db/v_demosaic.cpp:833->C:/pcam5/prj/sol/.autopilot/db/v_demosaic.cpp:1072]   --->   Operation 96 'and' 'and_ln833' <Predicate = (!icmp_ln633)> <Delay = 0.28> <CoreInst = "LogicGate">   --->   Core 74 'LogicGate' <Latency = 0> <II = 1> <Delay = 0.28> <FuncUnit> <Opcode : 'and' 'or' 'xor'> <InPorts = 2> <OutPorts = 1>
ST_1 : Operation 97 [1/1] (0.00ns)   --->   "%br_ln833 = br i1 %and_ln833, void %for.inc563.i, void %if.then561.i" [C:/pcam5/prj/sol/.autopilot/db/v_demosaic.cpp:833->C:/pcam5/prj/sol/.autopilot/db/v_demosaic.cpp:1072]   --->   Operation 97 'br' 'br_ln833' <Predicate = (!icmp_ln633)> <Delay = 0.00>
ST_1 : Operation 98 [1/1] (0.42ns)   --->   "%store_ln603 = store i11 %x_5, i11 %x" [C:/pcam5/prj/sol/.autopilot/db/v_demosaic.cpp:603->C:/pcam5/prj/sol/.autopilot/db/v_demosaic.cpp:1072]   --->   Operation 98 'store' 'store_ln603' <Predicate = (!icmp_ln633)> <Delay = 0.42>

State 2 <SV = 1> <Delay = 3.46>
ST_2 : Operation 99 [1/1] (0.00ns)   --->   "%p_0_0_0_0_09131503_i_load = load i8 %p_0_0_0_0_09131503_i"   --->   Operation 99 'load' 'p_0_0_0_0_09131503_i_load' <Predicate = true> <Delay = 0.00>
ST_2 : Operation 100 [1/1] (0.00ns)   --->   "%p_0_1_0_0_09141505_i_load = load i8 %p_0_1_0_0_09141505_i"   --->   Operation 100 'load' 'p_0_1_0_0_09141505_i_load' <Predicate = true> <Delay = 0.00>
ST_2 : Operation 101 [1/1] (0.00ns)   --->   "%p_0_2_0_0_09151507_i_load = load i8 %p_0_2_0_0_09151507_i"   --->   Operation 101 'load' 'p_0_2_0_0_09151507_i_load' <Predicate = true> <Delay = 0.00>
ST_2 : Operation 102 [1/1] (0.00ns)   --->   "%p_0_0_0940_114971508_i_load = load i8 %p_0_0_0940_114971508_i"   --->   Operation 102 'load' 'p_0_0_0940_114971508_i_load' <Predicate = true> <Delay = 0.00>
ST_2 : Operation 103 [1/1] (0.00ns)   --->   "%p_0_0_0939_114991510_i_load = load i8 %p_0_0_0939_114991510_i"   --->   Operation 103 'load' 'p_0_0_0939_114991510_i_load' <Predicate = true> <Delay = 0.00>
ST_2 : Operation 104 [1/1] (0.00ns)   --->   "%p_0_0_0938_115011512_i_load = load i8 %p_0_0_0938_115011512_i"   --->   Operation 104 'load' 'p_0_0_0938_115011512_i_load' <Predicate = true> <Delay = 0.00>
ST_2 : Operation 105 [1/1] (0.00ns)   --->   "%p_0_0_0_0_09071515_i_load = load i8 %p_0_0_0_0_09071515_i"   --->   Operation 105 'load' 'p_0_0_0_0_09071515_i_load' <Predicate = true> <Delay = 0.00>
ST_2 : Operation 106 [1/1] (0.00ns)   --->   "%p_0_1_0_0_09081517_i_load = load i8 %p_0_1_0_0_09081517_i"   --->   Operation 106 'load' 'p_0_1_0_0_09081517_i_load' <Predicate = true> <Delay = 0.00>
ST_2 : Operation 107 [1/1] (0.00ns)   --->   "%p_0_2_0_0_09091519_i_load = load i8 %p_0_2_0_0_09091519_i"   --->   Operation 107 'load' 'p_0_2_0_0_09091519_i_load' <Predicate = true> <Delay = 0.00>
ST_2 : Operation 108 [1/1] (0.00ns)   --->   "%p_0_0_09401404_i_load = load i8 %p_0_0_09401404_i"   --->   Operation 108 'load' 'p_0_0_09401404_i_load' <Predicate = true> <Delay = 0.00>
ST_2 : Operation 109 [1/1] (0.00ns)   --->   "%p_0_0_09391407_i_load = load i8 %p_0_0_09391407_i"   --->   Operation 109 'load' 'p_0_0_09391407_i_load' <Predicate = true> <Delay = 0.00>
ST_2 : Operation 110 [1/1] (0.00ns)   --->   "%p_0_0_09381410_i_load = load i8 %p_0_0_09381410_i"   --->   Operation 110 'load' 'p_0_0_09381410_i_load' <Predicate = true> <Delay = 0.00>
ST_2 : Operation 111 [1/1] (0.00ns)   --->   "%p_0_0_0940_21434_i_load = load i8 %p_0_0_0940_21434_i"   --->   Operation 111 'load' 'p_0_0_0940_21434_i_load' <Predicate = true> <Delay = 0.00>
ST_2 : Operation 112 [1/1] (0.00ns)   --->   "%p_0_0_0939_21437_i_load = load i8 %p_0_0_0939_21437_i"   --->   Operation 112 'load' 'p_0_0_0939_21437_i_load' <Predicate = true> <Delay = 0.00>
ST_2 : Operation 113 [1/1] (0.00ns)   --->   "%p_0_0_0938_21440_i_load = load i8 %p_0_0_0938_21440_i"   --->   Operation 113 'load' 'p_0_0_0938_21440_i_load' <Predicate = true> <Delay = 0.00>
ST_2 : Operation 114 [1/1] (0.00ns)   --->   "%speclooptripcount_ln0 = speclooptripcount void @_ssdm_op_SpecLoopTripCount, i64 1, i64 1921, i64 0"   --->   Operation 114 'speclooptripcount' 'speclooptripcount_ln0' <Predicate = true> <Delay = 0.00>
ST_2 : Operation 115 [1/2] ( I:1.23ns O:1.23ns )   --->   "%LineBufVal = load i11 %lineBuffer_addr" [C:/pcam5/prj/sol/.autopilot/db/v_demosaic.cpp:648->C:/pcam5/prj/sol/.autopilot/db/v_demosaic.cpp:1072]   --->   Operation 115 'load' 'LineBufVal' <Predicate = (!icmp_ln633 & icmp_ln643)> <Delay = 1.23> <CoreInst = "RAM">   --->   Core 82 'RAM' <Latency = 1> <II = 1> <Delay = 1.23> <Storage> <Opcode : 'load' 'store'> <Ports = 2> <Width = 24> <Depth = 1921> <RAM>
ST_2 : Operation 116 [1/1] (0.00ns)   --->   "%trunc_ln654 = trunc i24 %LineBufVal" [C:/pcam5/prj/sol/.autopilot/db/v_demosaic.cpp:654->C:/pcam5/prj/sol/.autopilot/db/v_demosaic.cpp:1072]   --->   Operation 116 'trunc' 'trunc_ln654' <Predicate = (!icmp_ln633 & icmp_ln643)> <Delay = 0.00>
ST_2 : Operation 117 [1/1] (0.00ns)   --->   "%tmp_4_i = partselect i8 @_ssdm_op_PartSelect.i8.i24.i32, i24 %LineBufVal, i32 8" [C:/pcam5/prj/sol/.autopilot/db/v_demosaic.cpp:654->C:/pcam5/prj/sol/.autopilot/db/v_demosaic.cpp:1072]   --->   Operation 117 'partselect' 'tmp_4_i' <Predicate = (!icmp_ln633 & icmp_ln643)> <Delay = 0.00>
ST_2 : Operation 118 [1/1] (0.00ns)   --->   "%tmp_5_i = partselect i8 @_ssdm_op_PartSelect.i8.i24.i32, i24 %LineBufVal, i32 16" [C:/pcam5/prj/sol/.autopilot/db/v_demosaic.cpp:654->C:/pcam5/prj/sol/.autopilot/db/v_demosaic.cpp:1072]   --->   Operation 118 'partselect' 'tmp_5_i' <Predicate = (!icmp_ln633 & icmp_ln643)> <Delay = 0.00>
ST_2 : Operation 119 [1/2] ( I:1.23ns O:1.23ns )   --->   "%LineBufVal_1 = load i11 %lineBuffer_1_addr" [C:/pcam5/prj/sol/.autopilot/db/v_demosaic.cpp:648->C:/pcam5/prj/sol/.autopilot/db/v_demosaic.cpp:1072]   --->   Operation 119 'load' 'LineBufVal_1' <Predicate = (!icmp_ln633 & icmp_ln643)> <Delay = 1.23> <CoreInst = "RAM">   --->   Core 82 'RAM' <Latency = 1> <II = 1> <Delay = 1.23> <Storage> <Opcode : 'load' 'store'> <Ports = 2> <Width = 24> <Depth = 1921> <RAM>
ST_2 : Operation 120 [1/1] (0.00ns)   --->   "%trunc_ln654_1 = trunc i24 %LineBufVal_1" [C:/pcam5/prj/sol/.autopilot/db/v_demosaic.cpp:654->C:/pcam5/prj/sol/.autopilot/db/v_demosaic.cpp:1072]   --->   Operation 120 'trunc' 'trunc_ln654_1' <Predicate = (!icmp_ln633 & icmp_ln643)> <Delay = 0.00>
ST_2 : Operation 121 [1/1] (0.00ns)   --->   "%tmp_7_i = partselect i8 @_ssdm_op_PartSelect.i8.i24.i32, i24 %LineBufVal_1, i32 8" [C:/pcam5/prj/sol/.autopilot/db/v_demosaic.cpp:654->C:/pcam5/prj/sol/.autopilot/db/v_demosaic.cpp:1072]   --->   Operation 121 'partselect' 'tmp_7_i' <Predicate = (!icmp_ln633 & icmp_ln643)> <Delay = 0.00>
ST_2 : Operation 122 [1/1] (0.00ns)   --->   "%tmp_8_i = partselect i8 @_ssdm_op_PartSelect.i8.i24.i32, i24 %LineBufVal_1, i32 16" [C:/pcam5/prj/sol/.autopilot/db/v_demosaic.cpp:654->C:/pcam5/prj/sol/.autopilot/db/v_demosaic.cpp:1072]   --->   Operation 122 'partselect' 'tmp_8_i' <Predicate = (!icmp_ln633 & icmp_ln643)> <Delay = 0.00>
ST_2 : Operation 123 [1/1] ( I:1.83ns O:1.83ns )   --->   "%InPix = read i24 @_ssdm_op_Read.ap_fifo.volatile.i24P0A, i24 %imgG" [C:/pcam5/prj/sol/.autopilot/db/v_demosaic.cpp:666->C:/pcam5/prj/sol/.autopilot/db/v_demosaic.cpp:1072]   --->   Operation 123 'read' 'InPix' <Predicate = (!icmp_ln633 & icmp_ln643 & icmp_ln664)> <Delay = 1.83> <CoreInst = "FIFO_SRL">   --->   Core 80 'FIFO_SRL' <Latency = 0> <II = 1> <Delay = 1.83> <Storage> <Opcode : 'read' 'write' 'nbread' 'nbwrite'> <Ports = 0> <Width = 24> <Depth = 2> <FIFO>
ST_2 : Operation 124 [1/1] (0.00ns)   --->   "%trunc_ln666 = trunc i24 %InPix" [C:/pcam5/prj/sol/.autopilot/db/v_demosaic.cpp:666->C:/pcam5/prj/sol/.autopilot/db/v_demosaic.cpp:1072]   --->   Operation 124 'trunc' 'trunc_ln666' <Predicate = (!icmp_ln633 & icmp_ln643 & icmp_ln664)> <Delay = 0.00>
ST_2 : Operation 125 [1/1] (0.00ns)   --->   "%trunc_ln666_2 = partselect i8 @_ssdm_op_PartSelect.i8.i24.i32.i32, i24 %InPix, i32 8, i32 15" [C:/pcam5/prj/sol/.autopilot/db/v_demosaic.cpp:666->C:/pcam5/prj/sol/.autopilot/db/v_demosaic.cpp:1072]   --->   Operation 125 'partselect' 'trunc_ln666_2' <Predicate = (!icmp_ln633 & icmp_ln643 & icmp_ln664)> <Delay = 0.00>
ST_2 : Operation 126 [1/1] (0.00ns)   --->   "%trunc_ln666_3 = partselect i8 @_ssdm_op_PartSelect.i8.i24.i32.i32, i24 %InPix, i32 16, i32 23" [C:/pcam5/prj/sol/.autopilot/db/v_demosaic.cpp:666->C:/pcam5/prj/sol/.autopilot/db/v_demosaic.cpp:1072]   --->   Operation 126 'partselect' 'trunc_ln666_3' <Predicate = (!icmp_ln633 & icmp_ln643 & icmp_ln664)> <Delay = 0.00>
ST_2 : Operation 127 [1/1] ( I:1.23ns O:1.23ns )   --->   "%store_ln812 = store i24 %InPix, i11 %lineBuffer_addr" [c:/pcam5/pcam5.gen/sources_1/bd/pcam/ip/pcam_v_demosaic_0_0/src/hls/hls_video_mem.h:812->c:/pcam5/pcam5.gen/sources_1/bd/pcam/ip/pcam_v_demosaic_0_0/src/hls/hls_video_mem.h:888->C:/pcam5/prj/sol/.autopilot/db/v_demosaic.cpp:675->C:/pcam5/prj/sol/.autopilot/db/v_demosaic.cpp:1072]   --->   Operation 127 'store' 'store_ln812' <Predicate = (!icmp_ln633 & icmp_ln643 & icmp_ln664)> <Delay = 1.23> <CoreInst = "RAM">   --->   Core 82 'RAM' <Latency = 1> <II = 1> <Delay = 1.23> <Storage> <Opcode : 'load' 'store'> <Ports = 2> <Width = 24> <Depth = 1921> <RAM>
ST_2 : Operation 128 [1/1] (0.00ns)   --->   "%p_0_0_0938_21489_ph_i = phi i8 %trunc_ln666_3, void %VITIS_LOOP_667_7.i, i8 %tmp_5_i, void %VITIS_LOOP_646_3.i" [C:/pcam5/prj/sol/.autopilot/db/v_demosaic.cpp:666->C:/pcam5/prj/sol/.autopilot/db/v_demosaic.cpp:1072]   --->   Operation 128 'phi' 'p_0_0_0938_21489_ph_i' <Predicate = (!icmp_ln633 & icmp_ln643)> <Delay = 0.00>
ST_2 : Operation 129 [1/1] (0.00ns)   --->   "%p_0_0_0939_21487_ph_i = phi i8 %trunc_ln666_2, void %VITIS_LOOP_667_7.i, i8 %tmp_4_i, void %VITIS_LOOP_646_3.i" [C:/pcam5/prj/sol/.autopilot/db/v_demosaic.cpp:666->C:/pcam5/prj/sol/.autopilot/db/v_demosaic.cpp:1072]   --->   Operation 129 'phi' 'p_0_0_0939_21487_ph_i' <Predicate = (!icmp_ln633 & icmp_ln643)> <Delay = 0.00>
ST_2 : Operation 130 [1/1] (0.00ns)   --->   "%p_0_0_0940_21485_ph_i = phi i8 %trunc_ln666, void %VITIS_LOOP_667_7.i, i8 %trunc_ln654, void %VITIS_LOOP_646_3.i" [C:/pcam5/prj/sol/.autopilot/db/v_demosaic.cpp:666->C:/pcam5/prj/sol/.autopilot/db/v_demosaic.cpp:1072]   --->   Operation 130 'phi' 'p_0_0_0940_21485_ph_i' <Predicate = (!icmp_ln633 & icmp_ln643)> <Delay = 0.00>
ST_2 : Operation 131 [1/1] (0.39ns)   --->   "%select_ln710 = select i1 %icmp_ln710, i8 %trunc_ln654, i8 %p_0_0_0940_114971508_i_load" [C:/pcam5/prj/sol/.autopilot/db/v_demosaic.cpp:710->C:/pcam5/prj/sol/.autopilot/db/v_demosaic.cpp:1072]   --->   Operation 131 'select' 'select_ln710' <Predicate = (!icmp_ln633 & icmp_ln643)> <Delay = 0.39> <CoreInst = "Sel">   --->   Core 73 'Sel' <Latency = 0> <II = 1> <Delay = 0.39> <FuncUnit> <Opcode : 'select'> <InPorts = 3> <OutPorts = 1>
ST_2 : Operation 132 [1/1] (0.39ns)   --->   "%select_ln710_1 = select i1 %icmp_ln710, i8 %tmp_4_i, i8 %p_0_0_0939_114991510_i_load" [C:/pcam5/prj/sol/.autopilot/db/v_demosaic.cpp:710->C:/pcam5/prj/sol/.autopilot/db/v_demosaic.cpp:1072]   --->   Operation 132 'select' 'select_ln710_1' <Predicate = (!icmp_ln633 & icmp_ln643)> <Delay = 0.39> <CoreInst = "Sel">   --->   Core 73 'Sel' <Latency = 0> <II = 1> <Delay = 0.39> <FuncUnit> <Opcode : 'select'> <InPorts = 3> <OutPorts = 1>
ST_2 : Operation 133 [1/1] (0.39ns)   --->   "%select_ln710_2 = select i1 %icmp_ln710, i8 %tmp_5_i, i8 %p_0_0_0938_115011512_i_load" [C:/pcam5/prj/sol/.autopilot/db/v_demosaic.cpp:710->C:/pcam5/prj/sol/.autopilot/db/v_demosaic.cpp:1072]   --->   Operation 133 'select' 'select_ln710_2' <Predicate = (!icmp_ln633 & icmp_ln643)> <Delay = 0.39> <CoreInst = "Sel">   --->   Core 73 'Sel' <Latency = 0> <II = 1> <Delay = 0.39> <FuncUnit> <Opcode : 'select'> <InPorts = 3> <OutPorts = 1>
ST_2 : Operation 134 [1/1] (0.39ns)   --->   "%select_ln710_3 = select i1 %icmp_ln710, i8 %tmp_8_i, i8 %p_0_0_09381410_i_load" [C:/pcam5/prj/sol/.autopilot/db/v_demosaic.cpp:710->C:/pcam5/prj/sol/.autopilot/db/v_demosaic.cpp:1072]   --->   Operation 134 'select' 'select_ln710_3' <Predicate = (!icmp_ln633 & icmp_ln643 & red)> <Delay = 0.39> <CoreInst = "Sel">   --->   Core 73 'Sel' <Latency = 0> <II = 1> <Delay = 0.39> <FuncUnit> <Opcode : 'select'> <InPorts = 3> <OutPorts = 1>
ST_2 : Operation 135 [1/1] (0.39ns)   --->   "%select_ln710_4 = select i1 %icmp_ln710, i8 %tmp_7_i, i8 %p_0_0_09391407_i_load" [C:/pcam5/prj/sol/.autopilot/db/v_demosaic.cpp:710->C:/pcam5/prj/sol/.autopilot/db/v_demosaic.cpp:1072]   --->   Operation 135 'select' 'select_ln710_4' <Predicate = (!icmp_ln633 & icmp_ln643)> <Delay = 0.39> <CoreInst = "Sel">   --->   Core 73 'Sel' <Latency = 0> <II = 1> <Delay = 0.39> <FuncUnit> <Opcode : 'select'> <InPorts = 3> <OutPorts = 1>
ST_2 : Operation 136 [1/1] (0.39ns)   --->   "%select_ln710_5 = select i1 %icmp_ln710, i8 %trunc_ln654_1, i8 %p_0_0_09401404_i_load" [C:/pcam5/prj/sol/.autopilot/db/v_demosaic.cpp:710->C:/pcam5/prj/sol/.autopilot/db/v_demosaic.cpp:1072]   --->   Operation 136 'select' 'select_ln710_5' <Predicate = (!icmp_ln633 & icmp_ln643 & !red)> <Delay = 0.39> <CoreInst = "Sel">   --->   Core 73 'Sel' <Latency = 0> <II = 1> <Delay = 0.39> <FuncUnit> <Opcode : 'select'> <InPorts = 3> <OutPorts = 1>
ST_2 : Operation 137 [1/1] (0.39ns)   --->   "%select_ln710_6 = select i1 %icmp_ln710, i8 %tmp_8_i, i8 %p_0_2_0_0_09151507_i_load" [C:/pcam5/prj/sol/.autopilot/db/v_demosaic.cpp:710->C:/pcam5/prj/sol/.autopilot/db/v_demosaic.cpp:1072]   --->   Operation 137 'select' 'select_ln710_6' <Predicate = (!icmp_ln633 & icmp_ln643)> <Delay = 0.39> <CoreInst = "Sel">   --->   Core 73 'Sel' <Latency = 0> <II = 1> <Delay = 0.39> <FuncUnit> <Opcode : 'select'> <InPorts = 3> <OutPorts = 1>
ST_2 : Operation 138 [1/1] (0.39ns)   --->   "%select_ln710_7 = select i1 %icmp_ln710, i8 %tmp_7_i, i8 %p_0_1_0_0_09141505_i_load" [C:/pcam5/prj/sol/.autopilot/db/v_demosaic.cpp:710->C:/pcam5/prj/sol/.autopilot/db/v_demosaic.cpp:1072]   --->   Operation 138 'select' 'select_ln710_7' <Predicate = (!icmp_ln633 & icmp_ln643)> <Delay = 0.39> <CoreInst = "Sel">   --->   Core 73 'Sel' <Latency = 0> <II = 1> <Delay = 0.39> <FuncUnit> <Opcode : 'select'> <InPorts = 3> <OutPorts = 1>
ST_2 : Operation 139 [1/1] (0.39ns)   --->   "%select_ln710_8 = select i1 %icmp_ln710, i8 %trunc_ln654_1, i8 %p_0_0_0_0_09131503_i_load" [C:/pcam5/prj/sol/.autopilot/db/v_demosaic.cpp:710->C:/pcam5/prj/sol/.autopilot/db/v_demosaic.cpp:1072]   --->   Operation 139 'select' 'select_ln710_8' <Predicate = (!icmp_ln633 & icmp_ln643)> <Delay = 0.39> <CoreInst = "Sel">   --->   Core 73 'Sel' <Latency = 0> <II = 1> <Delay = 0.39> <FuncUnit> <Opcode : 'select'> <InPorts = 3> <OutPorts = 1>
ST_2 : Operation 140 [1/1] (0.39ns)   --->   "%select_ln710_9 = select i1 %icmp_ln710, i8 %p_0_0_0938_21489_ph_i, i8 %p_0_0_0938_21440_i_load" [C:/pcam5/prj/sol/.autopilot/db/v_demosaic.cpp:710->C:/pcam5/prj/sol/.autopilot/db/v_demosaic.cpp:1072]   --->   Operation 140 'select' 'select_ln710_9' <Predicate = (!icmp_ln633 & icmp_ln643 & red)> <Delay = 0.39> <CoreInst = "Sel">   --->   Core 73 'Sel' <Latency = 0> <II = 1> <Delay = 0.39> <FuncUnit> <Opcode : 'select'> <InPorts = 3> <OutPorts = 1>
ST_2 : Operation 141 [1/1] (0.39ns)   --->   "%select_ln710_10 = select i1 %icmp_ln710, i8 %p_0_0_0939_21487_ph_i, i8 %p_0_0_0939_21437_i_load" [C:/pcam5/prj/sol/.autopilot/db/v_demosaic.cpp:710->C:/pcam5/prj/sol/.autopilot/db/v_demosaic.cpp:1072]   --->   Operation 141 'select' 'select_ln710_10' <Predicate = (!icmp_ln633 & icmp_ln643)> <Delay = 0.39> <CoreInst = "Sel">   --->   Core 73 'Sel' <Latency = 0> <II = 1> <Delay = 0.39> <FuncUnit> <Opcode : 'select'> <InPorts = 3> <OutPorts = 1>
ST_2 : Operation 142 [1/1] (0.39ns)   --->   "%select_ln710_11 = select i1 %icmp_ln710, i8 %p_0_0_0940_21485_ph_i, i8 %p_0_0_0940_21434_i_load" [C:/pcam5/prj/sol/.autopilot/db/v_demosaic.cpp:710->C:/pcam5/prj/sol/.autopilot/db/v_demosaic.cpp:1072]   --->   Operation 142 'select' 'select_ln710_11' <Predicate = (!icmp_ln633 & icmp_ln643 & !red)> <Delay = 0.39> <CoreInst = "Sel">   --->   Core 73 'Sel' <Latency = 0> <II = 1> <Delay = 0.39> <FuncUnit> <Opcode : 'select'> <InPorts = 3> <OutPorts = 1>
ST_2 : Operation 143 [1/1] (0.39ns)   --->   "%select_ln710_12 = select i1 %icmp_ln710, i8 %p_0_0_0938_21489_ph_i, i8 %p_0_2_0_0_09091519_i_load" [C:/pcam5/prj/sol/.autopilot/db/v_demosaic.cpp:710->C:/pcam5/prj/sol/.autopilot/db/v_demosaic.cpp:1072]   --->   Operation 143 'select' 'select_ln710_12' <Predicate = (!icmp_ln633 & icmp_ln643)> <Delay = 0.39> <CoreInst = "Sel">   --->   Core 73 'Sel' <Latency = 0> <II = 1> <Delay = 0.39> <FuncUnit> <Opcode : 'select'> <InPorts = 3> <OutPorts = 1>
ST_2 : Operation 144 [1/1] (0.39ns)   --->   "%select_ln710_13 = select i1 %icmp_ln710, i8 %p_0_0_0939_21487_ph_i, i8 %p_0_1_0_0_09081517_i_load" [C:/pcam5/prj/sol/.autopilot/db/v_demosaic.cpp:710->C:/pcam5/prj/sol/.autopilot/db/v_demosaic.cpp:1072]   --->   Operation 144 'select' 'select_ln710_13' <Predicate = (!icmp_ln633 & icmp_ln643)> <Delay = 0.39> <CoreInst = "Sel">   --->   Core 73 'Sel' <Latency = 0> <II = 1> <Delay = 0.39> <FuncUnit> <Opcode : 'select'> <InPorts = 3> <OutPorts = 1>
ST_2 : Operation 145 [1/1] (0.39ns)   --->   "%select_ln710_14 = select i1 %icmp_ln710, i8 %p_0_0_0940_21485_ph_i, i8 %p_0_0_0_0_09071515_i_load" [C:/pcam5/prj/sol/.autopilot/db/v_demosaic.cpp:710->C:/pcam5/prj/sol/.autopilot/db/v_demosaic.cpp:1072]   --->   Operation 145 'select' 'select_ln710_14' <Predicate = (!icmp_ln633 & icmp_ln643)> <Delay = 0.39> <CoreInst = "Sel">   --->   Core 73 'Sel' <Latency = 0> <II = 1> <Delay = 0.39> <FuncUnit> <Opcode : 'select'> <InPorts = 3> <OutPorts = 1>
ST_2 : Operation 146 [1/1] (0.39ns)   --->   "%select_ln728 = select i1 %icmp_ln728, i8 %trunc_ln654, i8 %p_0_0_0940_21485_ph_i" [C:/pcam5/prj/sol/.autopilot/db/v_demosaic.cpp:728->C:/pcam5/prj/sol/.autopilot/db/v_demosaic.cpp:1072]   --->   Operation 146 'select' 'select_ln728' <Predicate = (!icmp_ln633 & icmp_ln643)> <Delay = 0.39> <CoreInst = "Sel">   --->   Core 73 'Sel' <Latency = 0> <II = 1> <Delay = 0.39> <FuncUnit> <Opcode : 'select'> <InPorts = 3> <OutPorts = 1>
ST_2 : Operation 147 [1/1] (0.39ns)   --->   "%select_ln728_1 = select i1 %icmp_ln728, i8 %tmp_4_i, i8 %p_0_0_0939_21487_ph_i" [C:/pcam5/prj/sol/.autopilot/db/v_demosaic.cpp:728->C:/pcam5/prj/sol/.autopilot/db/v_demosaic.cpp:1072]   --->   Operation 147 'select' 'select_ln728_1' <Predicate = (!icmp_ln633 & icmp_ln643)> <Delay = 0.39> <CoreInst = "Sel">   --->   Core 73 'Sel' <Latency = 0> <II = 1> <Delay = 0.39> <FuncUnit> <Opcode : 'select'> <InPorts = 3> <OutPorts = 1>
ST_2 : Operation 148 [1/1] (0.39ns)   --->   "%select_ln728_2 = select i1 %icmp_ln728, i8 %tmp_5_i, i8 %p_0_0_0938_21489_ph_i" [C:/pcam5/prj/sol/.autopilot/db/v_demosaic.cpp:728->C:/pcam5/prj/sol/.autopilot/db/v_demosaic.cpp:1072]   --->   Operation 148 'select' 'select_ln728_2' <Predicate = (!icmp_ln633 & icmp_ln643)> <Delay = 0.39> <CoreInst = "Sel">   --->   Core 73 'Sel' <Latency = 0> <II = 1> <Delay = 0.39> <FuncUnit> <Opcode : 'select'> <InPorts = 3> <OutPorts = 1>
ST_2 : Operation 149 [1/1] (0.00ns)   --->   "%LineBufVal_2 = bitconcatenate i24 @_ssdm_op_BitConcatenate.i24.i8.i8.i8, i8 %select_ln728_2, i8 %select_ln728_1, i8 %select_ln728" [C:/pcam5/prj/sol/.autopilot/db/v_demosaic.cpp:737->C:/pcam5/prj/sol/.autopilot/db/v_demosaic.cpp:1072]   --->   Operation 149 'bitconcatenate' 'LineBufVal_2' <Predicate = (!icmp_ln633 & icmp_ln643)> <Delay = 0.00>
ST_2 : Operation 150 [1/1] ( I:1.23ns O:1.23ns )   --->   "%store_ln740 = store i24 %LineBufVal_2, i11 %lineBuffer_1_addr" [C:/pcam5/prj/sol/.autopilot/db/v_demosaic.cpp:740->C:/pcam5/prj/sol/.autopilot/db/v_demosaic.cpp:1072]   --->   Operation 150 'store' 'store_ln740' <Predicate = (!icmp_ln633 & icmp_ln643)> <Delay = 1.23> <CoreInst = "RAM">   --->   Core 82 'RAM' <Latency = 1> <II = 1> <Delay = 1.23> <Storage> <Opcode : 'load' 'store'> <Ports = 2> <Width = 24> <Depth = 1921> <RAM>
ST_2 : Operation 151 [1/1] (0.42ns)   --->   "%store_ln666 = store i8 %p_0_0_0938_21489_ph_i, i8 %p_0_2_0_0_09091519_i" [C:/pcam5/prj/sol/.autopilot/db/v_demosaic.cpp:666->C:/pcam5/prj/sol/.autopilot/db/v_demosaic.cpp:1072]   --->   Operation 151 'store' 'store_ln666' <Predicate = (!icmp_ln633 & icmp_ln643)> <Delay = 0.42>
ST_2 : Operation 152 [1/1] (0.42ns)   --->   "%store_ln666 = store i8 %p_0_0_0939_21487_ph_i, i8 %p_0_1_0_0_09081517_i" [C:/pcam5/prj/sol/.autopilot/db/v_demosaic.cpp:666->C:/pcam5/prj/sol/.autopilot/db/v_demosaic.cpp:1072]   --->   Operation 152 'store' 'store_ln666' <Predicate = (!icmp_ln633 & icmp_ln643)> <Delay = 0.42>
ST_2 : Operation 153 [1/1] (0.42ns)   --->   "%store_ln666 = store i8 %p_0_0_0940_21485_ph_i, i8 %p_0_0_0_0_09071515_i" [C:/pcam5/prj/sol/.autopilot/db/v_demosaic.cpp:666->C:/pcam5/prj/sol/.autopilot/db/v_demosaic.cpp:1072]   --->   Operation 153 'store' 'store_ln666' <Predicate = (!icmp_ln633 & icmp_ln643)> <Delay = 0.42>
ST_2 : Operation 154 [1/1] (0.42ns)   --->   "%store_ln654 = store i8 %tmp_5_i, i8 %p_0_0_0938_115011512_i" [C:/pcam5/prj/sol/.autopilot/db/v_demosaic.cpp:654->C:/pcam5/prj/sol/.autopilot/db/v_demosaic.cpp:1072]   --->   Operation 154 'store' 'store_ln654' <Predicate = (!icmp_ln633 & icmp_ln643)> <Delay = 0.42>
ST_2 : Operation 155 [1/1] (0.42ns)   --->   "%store_ln654 = store i8 %tmp_4_i, i8 %p_0_0_0939_114991510_i" [C:/pcam5/prj/sol/.autopilot/db/v_demosaic.cpp:654->C:/pcam5/prj/sol/.autopilot/db/v_demosaic.cpp:1072]   --->   Operation 155 'store' 'store_ln654' <Predicate = (!icmp_ln633 & icmp_ln643)> <Delay = 0.42>
ST_2 : Operation 156 [1/1] (0.42ns)   --->   "%store_ln654 = store i8 %trunc_ln654, i8 %p_0_0_0940_114971508_i" [C:/pcam5/prj/sol/.autopilot/db/v_demosaic.cpp:654->C:/pcam5/prj/sol/.autopilot/db/v_demosaic.cpp:1072]   --->   Operation 156 'store' 'store_ln654' <Predicate = (!icmp_ln633 & icmp_ln643)> <Delay = 0.42>
ST_2 : Operation 157 [1/1] (0.42ns)   --->   "%store_ln654 = store i8 %tmp_8_i, i8 %p_0_2_0_0_09151507_i" [C:/pcam5/prj/sol/.autopilot/db/v_demosaic.cpp:654->C:/pcam5/prj/sol/.autopilot/db/v_demosaic.cpp:1072]   --->   Operation 157 'store' 'store_ln654' <Predicate = (!icmp_ln633 & icmp_ln643)> <Delay = 0.42>
ST_2 : Operation 158 [1/1] (0.42ns)   --->   "%store_ln654 = store i8 %tmp_7_i, i8 %p_0_1_0_0_09141505_i" [C:/pcam5/prj/sol/.autopilot/db/v_demosaic.cpp:654->C:/pcam5/prj/sol/.autopilot/db/v_demosaic.cpp:1072]   --->   Operation 158 'store' 'store_ln654' <Predicate = (!icmp_ln633 & icmp_ln643)> <Delay = 0.42>
ST_2 : Operation 159 [1/1] (0.42ns)   --->   "%store_ln654 = store i8 %trunc_ln654_1, i8 %p_0_0_0_0_09131503_i" [C:/pcam5/prj/sol/.autopilot/db/v_demosaic.cpp:654->C:/pcam5/prj/sol/.autopilot/db/v_demosaic.cpp:1072]   --->   Operation 159 'store' 'store_ln654' <Predicate = (!icmp_ln633 & icmp_ln643)> <Delay = 0.42>
ST_2 : Operation 160 [1/1] (0.00ns)   --->   "%downleft_2 = phi i8 %select_ln710_9, void %VITIS_LOOP_693_11.i, i8 %p_0_0_0938_21440_i_load, void %for.body14.split.i" [C:/pcam5/prj/sol/.autopilot/db/v_demosaic.cpp:710->C:/pcam5/prj/sol/.autopilot/db/v_demosaic.cpp:1072]   --->   Operation 160 'phi' 'downleft_2' <Predicate = (!icmp_ln633 & red)> <Delay = 0.00>
ST_2 : Operation 161 [1/1] (0.00ns)   --->   "%downleft_1 = phi i8 %select_ln710_10, void %VITIS_LOOP_693_11.i, i8 %p_0_0_0939_21437_i_load, void %for.body14.split.i" [C:/pcam5/prj/sol/.autopilot/db/v_demosaic.cpp:710->C:/pcam5/prj/sol/.autopilot/db/v_demosaic.cpp:1072]   --->   Operation 161 'phi' 'downleft_1' <Predicate = (!icmp_ln633)> <Delay = 0.00>
ST_2 : Operation 162 [1/1] (0.00ns)   --->   "%downleft = phi i8 %select_ln710_11, void %VITIS_LOOP_693_11.i, i8 %p_0_0_0940_21434_i_load, void %for.body14.split.i" [C:/pcam5/prj/sol/.autopilot/db/v_demosaic.cpp:710->C:/pcam5/prj/sol/.autopilot/db/v_demosaic.cpp:1072]   --->   Operation 162 'phi' 'downleft' <Predicate = (!icmp_ln633 & !red)> <Delay = 0.00>
ST_2 : Operation 163 [1/1] (0.00ns)   --->   "%p_0_0_0938_21441_i = phi i8 %select_ln710_12, void %VITIS_LOOP_693_11.i, i8 %p_0_2_0_0_09091519_i_load, void %for.body14.split.i" [C:/pcam5/prj/sol/.autopilot/db/v_demosaic.cpp:710->C:/pcam5/prj/sol/.autopilot/db/v_demosaic.cpp:1072]   --->   Operation 163 'phi' 'p_0_0_0938_21441_i' <Predicate = (!icmp_ln633)> <Delay = 0.00>
ST_2 : Operation 164 [1/1] (0.00ns)   --->   "%p_0_0_0939_21438_i = phi i8 %select_ln710_13, void %VITIS_LOOP_693_11.i, i8 %p_0_1_0_0_09081517_i_load, void %for.body14.split.i" [C:/pcam5/prj/sol/.autopilot/db/v_demosaic.cpp:710->C:/pcam5/prj/sol/.autopilot/db/v_demosaic.cpp:1072]   --->   Operation 164 'phi' 'p_0_0_0939_21438_i' <Predicate = (!icmp_ln633)> <Delay = 0.00>
ST_2 : Operation 165 [1/1] (0.00ns)   --->   "%p_0_0_0940_21435_i = phi i8 %select_ln710_14, void %VITIS_LOOP_693_11.i, i8 %p_0_0_0_0_09071515_i_load, void %for.body14.split.i" [C:/pcam5/prj/sol/.autopilot/db/v_demosaic.cpp:710->C:/pcam5/prj/sol/.autopilot/db/v_demosaic.cpp:1072]   --->   Operation 165 'phi' 'p_0_0_0940_21435_i' <Predicate = (!icmp_ln633)> <Delay = 0.00>
ST_2 : Operation 166 [1/1] (0.00ns)   --->   "%upleft_2 = phi i8 %select_ln710_3, void %VITIS_LOOP_693_11.i, i8 %p_0_0_09381410_i_load, void %for.body14.split.i" [C:/pcam5/prj/sol/.autopilot/db/v_demosaic.cpp:710->C:/pcam5/prj/sol/.autopilot/db/v_demosaic.cpp:1072]   --->   Operation 166 'phi' 'upleft_2' <Predicate = (!icmp_ln633 & red)> <Delay = 0.00>
ST_2 : Operation 167 [1/1] (0.00ns)   --->   "%upleft_1 = phi i8 %select_ln710_4, void %VITIS_LOOP_693_11.i, i8 %p_0_0_09391407_i_load, void %for.body14.split.i" [C:/pcam5/prj/sol/.autopilot/db/v_demosaic.cpp:710->C:/pcam5/prj/sol/.autopilot/db/v_demosaic.cpp:1072]   --->   Operation 167 'phi' 'upleft_1' <Predicate = (!icmp_ln633)> <Delay = 0.00>
ST_2 : Operation 168 [1/1] (0.00ns)   --->   "%upleft = phi i8 %select_ln710_5, void %VITIS_LOOP_693_11.i, i8 %p_0_0_09401404_i_load, void %for.body14.split.i" [C:/pcam5/prj/sol/.autopilot/db/v_demosaic.cpp:710->C:/pcam5/prj/sol/.autopilot/db/v_demosaic.cpp:1072]   --->   Operation 168 'phi' 'upleft' <Predicate = (!icmp_ln633 & !red)> <Delay = 0.00>
ST_2 : Operation 169 [1/1] (0.00ns)   --->   "%p_0_0_09381411_i = phi i8 %select_ln710_6, void %VITIS_LOOP_693_11.i, i8 %p_0_2_0_0_09151507_i_load, void %for.body14.split.i" [C:/pcam5/prj/sol/.autopilot/db/v_demosaic.cpp:710->C:/pcam5/prj/sol/.autopilot/db/v_demosaic.cpp:1072]   --->   Operation 169 'phi' 'p_0_0_09381411_i' <Predicate = (!icmp_ln633)> <Delay = 0.00>
ST_2 : Operation 170 [1/1] (0.00ns)   --->   "%p_0_0_09391408_i = phi i8 %select_ln710_7, void %VITIS_LOOP_693_11.i, i8 %p_0_1_0_0_09141505_i_load, void %for.body14.split.i" [C:/pcam5/prj/sol/.autopilot/db/v_demosaic.cpp:710->C:/pcam5/prj/sol/.autopilot/db/v_demosaic.cpp:1072]   --->   Operation 170 'phi' 'p_0_0_09391408_i' <Predicate = (!icmp_ln633)> <Delay = 0.00>
ST_2 : Operation 171 [1/1] (0.00ns)   --->   "%p_0_0_09401405_i = phi i8 %select_ln710_8, void %VITIS_LOOP_693_11.i, i8 %p_0_0_0_0_09131503_i_load, void %for.body14.split.i" [C:/pcam5/prj/sol/.autopilot/db/v_demosaic.cpp:710->C:/pcam5/prj/sol/.autopilot/db/v_demosaic.cpp:1072]   --->   Operation 171 'phi' 'p_0_0_09401405_i' <Predicate = (!icmp_ln633)> <Delay = 0.00>
ST_2 : Operation 172 [1/1] (0.00ns)   --->   "%zext_ln790_1 = zext i8 %upleft_1" [C:/pcam5/prj/sol/.autopilot/db/v_demosaic.cpp:790->C:/pcam5/prj/sol/.autopilot/db/v_demosaic.cpp:1072]   --->   Operation 172 'zext' 'zext_ln790_1' <Predicate = (!icmp_ln633 & icmp_ln772)> <Delay = 0.00>
ST_2 : Operation 173 [1/1] (0.00ns)   --->   "%zext_ln791 = zext i8 %downleft_1" [C:/pcam5/prj/sol/.autopilot/db/v_demosaic.cpp:791->C:/pcam5/prj/sol/.autopilot/db/v_demosaic.cpp:1072]   --->   Operation 173 'zext' 'zext_ln791' <Predicate = (!icmp_ln633 & icmp_ln772)> <Delay = 0.00>
ST_2 : Operation 174 [1/1] (0.00ns) (grouped into LUT with out node sub_ln817)   --->   "%select_ln817 = select i1 %red, i8 %upleft_2, i8 %upleft" [C:/pcam5/prj/sol/.autopilot/db/v_demosaic.cpp:817->C:/pcam5/prj/sol/.autopilot/db/v_demosaic.cpp:1072]   --->   Operation 174 'select' 'select_ln817' <Predicate = (!icmp_ln633 & icmp_ln772)> <Delay = 0.00> <CoreInst = "Sel">   --->   Core 73 'Sel' <Latency = 0> <II = 1> <Delay = 0.39> <FuncUnit> <Opcode : 'select'> <InPorts = 3> <OutPorts = 1>
ST_2 : Operation 175 [1/1] (0.00ns) (grouped into LUT with out node sub_ln817)   --->   "%zext_ln817 = zext i8 %select_ln817" [C:/pcam5/prj/sol/.autopilot/db/v_demosaic.cpp:817->C:/pcam5/prj/sol/.autopilot/db/v_demosaic.cpp:1072]   --->   Operation 175 'zext' 'zext_ln817' <Predicate = (!icmp_ln633 & icmp_ln772)> <Delay = 0.00>
ST_2 : Operation 176 [1/1] (0.76ns) (out node of the LUT)   --->   "%sub_ln817 = sub i9 %zext_ln790_1, i9 %zext_ln817" [C:/pcam5/prj/sol/.autopilot/db/v_demosaic.cpp:817->C:/pcam5/prj/sol/.autopilot/db/v_demosaic.cpp:1072]   --->   Operation 176 'sub' 'sub_ln817' <Predicate = (!icmp_ln633 & icmp_ln772)> <Delay = 0.76> <CoreInst = "Adder">   --->   Core 1 'Adder' <Latency = 0> <II = 1> <Delay = 0.77> <FuncUnit> <Opcode : 'add' 'sub'> <InPorts = 2> <OutPorts = 1>
ST_2 : Operation 177 [1/1] (0.00ns) (grouped into LUT with out node sub_ln818)   --->   "%select_ln818 = select i1 %red, i8 %downleft_2, i8 %downleft" [C:/pcam5/prj/sol/.autopilot/db/v_demosaic.cpp:818->C:/pcam5/prj/sol/.autopilot/db/v_demosaic.cpp:1072]   --->   Operation 177 'select' 'select_ln818' <Predicate = (!icmp_ln633 & icmp_ln772)> <Delay = 0.00> <CoreInst = "Sel">   --->   Core 73 'Sel' <Latency = 0> <II = 1> <Delay = 0.39> <FuncUnit> <Opcode : 'select'> <InPorts = 3> <OutPorts = 1>
ST_2 : Operation 178 [1/1] (0.00ns) (grouped into LUT with out node sub_ln818)   --->   "%zext_ln818 = zext i8 %select_ln818" [C:/pcam5/prj/sol/.autopilot/db/v_demosaic.cpp:818->C:/pcam5/prj/sol/.autopilot/db/v_demosaic.cpp:1072]   --->   Operation 178 'zext' 'zext_ln818' <Predicate = (!icmp_ln633 & icmp_ln772)> <Delay = 0.00>
ST_2 : Operation 179 [1/1] (0.76ns) (out node of the LUT)   --->   "%sub_ln818 = sub i9 %zext_ln791, i9 %zext_ln818" [C:/pcam5/prj/sol/.autopilot/db/v_demosaic.cpp:818->C:/pcam5/prj/sol/.autopilot/db/v_demosaic.cpp:1072]   --->   Operation 179 'sub' 'sub_ln818' <Predicate = (!icmp_ln633 & icmp_ln772)> <Delay = 0.76> <CoreInst = "Adder">   --->   Core 1 'Adder' <Latency = 0> <II = 1> <Delay = 0.77> <FuncUnit> <Opcode : 'add' 'sub'> <InPorts = 2> <OutPorts = 1>
ST_2 : Operation 180 [1/1] (0.42ns)   --->   "%store_ln710 = store i8 %p_0_0_0938_21441_i, i8 %p_0_0_0938_21440_i" [C:/pcam5/prj/sol/.autopilot/db/v_demosaic.cpp:710->C:/pcam5/prj/sol/.autopilot/db/v_demosaic.cpp:1072]   --->   Operation 180 'store' 'store_ln710' <Predicate = (!icmp_ln633)> <Delay = 0.42>
ST_2 : Operation 181 [1/1] (0.42ns)   --->   "%store_ln710 = store i8 %p_0_0_0939_21438_i, i8 %p_0_0_0939_21437_i" [C:/pcam5/prj/sol/.autopilot/db/v_demosaic.cpp:710->C:/pcam5/prj/sol/.autopilot/db/v_demosaic.cpp:1072]   --->   Operation 181 'store' 'store_ln710' <Predicate = (!icmp_ln633)> <Delay = 0.42>
ST_2 : Operation 182 [1/1] (0.42ns)   --->   "%store_ln710 = store i8 %p_0_0_0940_21435_i, i8 %p_0_0_0940_21434_i" [C:/pcam5/prj/sol/.autopilot/db/v_demosaic.cpp:710->C:/pcam5/prj/sol/.autopilot/db/v_demosaic.cpp:1072]   --->   Operation 182 'store' 'store_ln710' <Predicate = (!icmp_ln633)> <Delay = 0.42>
ST_2 : Operation 183 [1/1] (0.42ns)   --->   "%store_ln710 = store i8 %p_0_0_09381411_i, i8 %p_0_0_09381410_i" [C:/pcam5/prj/sol/.autopilot/db/v_demosaic.cpp:710->C:/pcam5/prj/sol/.autopilot/db/v_demosaic.cpp:1072]   --->   Operation 183 'store' 'store_ln710' <Predicate = (!icmp_ln633)> <Delay = 0.42>
ST_2 : Operation 184 [1/1] (0.42ns)   --->   "%store_ln710 = store i8 %p_0_0_09391408_i, i8 %p_0_0_09391407_i" [C:/pcam5/prj/sol/.autopilot/db/v_demosaic.cpp:710->C:/pcam5/prj/sol/.autopilot/db/v_demosaic.cpp:1072]   --->   Operation 184 'store' 'store_ln710' <Predicate = (!icmp_ln633)> <Delay = 0.42>
ST_2 : Operation 185 [1/1] (0.42ns)   --->   "%store_ln710 = store i8 %p_0_0_09401405_i, i8 %p_0_0_09401404_i" [C:/pcam5/prj/sol/.autopilot/db/v_demosaic.cpp:710->C:/pcam5/prj/sol/.autopilot/db/v_demosaic.cpp:1072]   --->   Operation 185 'store' 'store_ln710' <Predicate = (!icmp_ln633)> <Delay = 0.42>
ST_2 : Operation 186 [1/1] (0.00ns)   --->   "%br_ln633 = br void %for.body14.i" [C:/pcam5/prj/sol/.autopilot/db/v_demosaic.cpp:633->C:/pcam5/prj/sol/.autopilot/db/v_demosaic.cpp:1072]   --->   Operation 186 'br' 'br_ln633' <Predicate = (!icmp_ln633)> <Delay = 0.00>

State 3 <SV = 2> <Delay = 3.88>
ST_3 : Operation 187 [1/1] (0.00ns)   --->   "%pix_4 = phi i8 %select_ln710_2, void %VITIS_LOOP_693_11.i, i8 %p_0_0_0938_115011512_i_load, void %for.body14.split.i" [C:/pcam5/prj/sol/.autopilot/db/v_demosaic.cpp:710->C:/pcam5/prj/sol/.autopilot/db/v_demosaic.cpp:1072]   --->   Operation 187 'phi' 'pix_4' <Predicate = (!icmp_ln633)> <Delay = 0.00>
ST_3 : Operation 188 [1/1] (0.00ns)   --->   "%pix_3 = phi i8 %select_ln710_1, void %VITIS_LOOP_693_11.i, i8 %p_0_0_0939_114991510_i_load, void %for.body14.split.i" [C:/pcam5/prj/sol/.autopilot/db/v_demosaic.cpp:710->C:/pcam5/prj/sol/.autopilot/db/v_demosaic.cpp:1072]   --->   Operation 188 'phi' 'pix_3' <Predicate = (!icmp_ln633)> <Delay = 0.00>
ST_3 : Operation 189 [1/1] (0.00ns)   --->   "%pix = phi i8 %select_ln710, void %VITIS_LOOP_693_11.i, i8 %p_0_0_0940_114971508_i_load, void %for.body14.split.i" [C:/pcam5/prj/sol/.autopilot/db/v_demosaic.cpp:710->C:/pcam5/prj/sol/.autopilot/db/v_demosaic.cpp:1072]   --->   Operation 189 'phi' 'pix' <Predicate = (!icmp_ln633)> <Delay = 0.00>
ST_3 : Operation 190 [1/1] (0.00ns)   --->   "%p_0_1_0_0_09141505_i_load_1 = load i8 %p_0_1_0_0_09141505_i" [C:/pcam5/prj/sol/.autopilot/db/v_demosaic.cpp:792->C:/pcam5/prj/sol/.autopilot/db/v_demosaic.cpp:1072]   --->   Operation 190 'load' 'p_0_1_0_0_09141505_i_load_1' <Predicate = (!icmp_ln633 & icmp_ln772)> <Delay = 0.00>
ST_3 : Operation 191 [1/1] (0.00ns)   --->   "%p_0_1_0_0_09081517_i_load_1 = load i8 %p_0_1_0_0_09081517_i" [C:/pcam5/prj/sol/.autopilot/db/v_demosaic.cpp:793->C:/pcam5/prj/sol/.autopilot/db/v_demosaic.cpp:1072]   --->   Operation 191 'load' 'p_0_1_0_0_09081517_i_load_1' <Predicate = (!icmp_ln633 & icmp_ln772)> <Delay = 0.00>
ST_3 : Operation 192 [1/1] (0.00ns)   --->   "%zext_ln790 = zext i8 %pix_3" [C:/pcam5/prj/sol/.autopilot/db/v_demosaic.cpp:790->C:/pcam5/prj/sol/.autopilot/db/v_demosaic.cpp:1072]   --->   Operation 192 'zext' 'zext_ln790' <Predicate = (!icmp_ln633 & icmp_ln772)> <Delay = 0.00>
ST_3 : Operation 193 [1/1] (0.76ns)   --->   "%sub_ln790 = sub i9 %zext_ln790, i9 %zext_ln790_1" [C:/pcam5/prj/sol/.autopilot/db/v_demosaic.cpp:790->C:/pcam5/prj/sol/.autopilot/db/v_demosaic.cpp:1072]   --->   Operation 193 'sub' 'sub_ln790' <Predicate = (!icmp_ln633 & icmp_ln772)> <Delay = 0.76> <CoreInst = "Adder">   --->   Core 1 'Adder' <Latency = 0> <II = 1> <Delay = 0.77> <FuncUnit> <Opcode : 'add' 'sub'> <InPorts = 2> <OutPorts = 1>
ST_3 : Operation 194 [1/1] (0.00ns)   --->   "%trunc_ln61 = trunc i9 %sub_ln790" [C:/AMDDesignTools/2025.2/Vitis/tps/mingw/8.3.0/win64.o/nt\lib\gcc\x86_64-w64-mingw32\8.3.0\include\c++\bits/std_abs.h:61->C:/pcam5/prj/sol/.autopilot/db/v_demosaic.cpp:790->C:/pcam5/prj/sol/.autopilot/db/v_demosaic.cpp:1072]   --->   Operation 194 'trunc' 'trunc_ln61' <Predicate = (!icmp_ln633 & icmp_ln772)> <Delay = 0.00>
ST_3 : Operation 195 [1/1] (0.00ns)   --->   "%tmp_1 = bitselect i1 @_ssdm_op_BitSelect.i1.i9.i32, i9 %sub_ln790, i32 8" [C:/AMDDesignTools/2025.2/Vitis/tps/mingw/8.3.0/win64.o/nt\lib\gcc\x86_64-w64-mingw32\8.3.0\include\c++\bits/std_abs.h:61->C:/pcam5/prj/sol/.autopilot/db/v_demosaic.cpp:790->C:/pcam5/prj/sol/.autopilot/db/v_demosaic.cpp:1072]   --->   Operation 195 'bitselect' 'tmp_1' <Predicate = (!icmp_ln633 & icmp_ln772)> <Delay = 0.00>
ST_3 : Operation 196 [1/1] (0.76ns)   --->   "%sub_ln61 = sub i8 0, i8 %trunc_ln61" [C:/AMDDesignTools/2025.2/Vitis/tps/mingw/8.3.0/win64.o/nt\lib\gcc\x86_64-w64-mingw32\8.3.0\include\c++\bits/std_abs.h:61->C:/pcam5/prj/sol/.autopilot/db/v_demosaic.cpp:790->C:/pcam5/prj/sol/.autopilot/db/v_demosaic.cpp:1072]   --->   Operation 196 'sub' 'sub_ln61' <Predicate = (!icmp_ln633 & icmp_ln772)> <Delay = 0.76> <CoreInst = "Adder">   --->   Core 1 'Adder' <Latency = 0> <II = 1> <Delay = 0.76> <FuncUnit> <Opcode : 'add' 'sub'> <InPorts = 2> <OutPorts = 1>
ST_3 : Operation 197 [1/1] (0.39ns)   --->   "%agdiff = select i1 %tmp_1, i8 %sub_ln61, i8 %trunc_ln61" [C:/AMDDesignTools/2025.2/Vitis/tps/mingw/8.3.0/win64.o/nt\lib\gcc\x86_64-w64-mingw32\8.3.0\include\c++\bits/std_abs.h:61->C:/pcam5/prj/sol/.autopilot/db/v_demosaic.cpp:790->C:/pcam5/prj/sol/.autopilot/db/v_demosaic.cpp:1072]   --->   Operation 197 'select' 'agdiff' <Predicate = (!icmp_ln633 & icmp_ln772)> <Delay = 0.39> <CoreInst = "Sel">   --->   Core 73 'Sel' <Latency = 0> <II = 1> <Delay = 0.39> <FuncUnit> <Opcode : 'select'> <InPorts = 3> <OutPorts = 1>
ST_3 : Operation 198 [1/1] (0.76ns)   --->   "%sub_ln791 = sub i9 %zext_ln790, i9 %zext_ln791" [C:/pcam5/prj/sol/.autopilot/db/v_demosaic.cpp:791->C:/pcam5/prj/sol/.autopilot/db/v_demosaic.cpp:1072]   --->   Operation 198 'sub' 'sub_ln791' <Predicate = (!icmp_ln633 & icmp_ln772)> <Delay = 0.76> <CoreInst = "Adder">   --->   Core 1 'Adder' <Latency = 0> <II = 1> <Delay = 0.77> <FuncUnit> <Opcode : 'add' 'sub'> <InPorts = 2> <OutPorts = 1>
ST_3 : Operation 199 [1/1] (0.00ns)   --->   "%trunc_ln61_1 = trunc i9 %sub_ln791" [C:/AMDDesignTools/2025.2/Vitis/tps/mingw/8.3.0/win64.o/nt\lib\gcc\x86_64-w64-mingw32\8.3.0\include\c++\bits/std_abs.h:61->C:/pcam5/prj/sol/.autopilot/db/v_demosaic.cpp:791->C:/pcam5/prj/sol/.autopilot/db/v_demosaic.cpp:1072]   --->   Operation 199 'trunc' 'trunc_ln61_1' <Predicate = (!icmp_ln633 & icmp_ln772)> <Delay = 0.00>
ST_3 : Operation 200 [1/1] (0.00ns)   --->   "%tmp_2 = bitselect i1 @_ssdm_op_BitSelect.i1.i9.i32, i9 %sub_ln791, i32 8" [C:/AMDDesignTools/2025.2/Vitis/tps/mingw/8.3.0/win64.o/nt\lib\gcc\x86_64-w64-mingw32\8.3.0\include\c++\bits/std_abs.h:61->C:/pcam5/prj/sol/.autopilot/db/v_demosaic.cpp:791->C:/pcam5/prj/sol/.autopilot/db/v_demosaic.cpp:1072]   --->   Operation 200 'bitselect' 'tmp_2' <Predicate = (!icmp_ln633 & icmp_ln772)> <Delay = 0.00>
ST_3 : Operation 201 [1/1] (0.76ns)   --->   "%sub_ln61_1 = sub i8 0, i8 %trunc_ln61_1" [C:/AMDDesignTools/2025.2/Vitis/tps/mingw/8.3.0/win64.o/nt\lib\gcc\x86_64-w64-mingw32\8.3.0\include\c++\bits/std_abs.h:61->C:/pcam5/prj/sol/.autopilot/db/v_demosaic.cpp:791->C:/pcam5/prj/sol/.autopilot/db/v_demosaic.cpp:1072]   --->   Operation 201 'sub' 'sub_ln61_1' <Predicate = (!icmp_ln633 & icmp_ln772)> <Delay = 0.76> <CoreInst = "Adder">   --->   Core 1 'Adder' <Latency = 0> <II = 1> <Delay = 0.76> <FuncUnit> <Opcode : 'add' 'sub'> <InPorts = 2> <OutPorts = 1>
ST_3 : Operation 202 [1/1] (0.39ns)   --->   "%agdiff_1 = select i1 %tmp_2, i8 %sub_ln61_1, i8 %trunc_ln61_1" [C:/AMDDesignTools/2025.2/Vitis/tps/mingw/8.3.0/win64.o/nt\lib\gcc\x86_64-w64-mingw32\8.3.0\include\c++\bits/std_abs.h:61->C:/pcam5/prj/sol/.autopilot/db/v_demosaic.cpp:791->C:/pcam5/prj/sol/.autopilot/db/v_demosaic.cpp:1072]   --->   Operation 202 'select' 'agdiff_1' <Predicate = (!icmp_ln633 & icmp_ln772)> <Delay = 0.39> <CoreInst = "Sel">   --->   Core 73 'Sel' <Latency = 0> <II = 1> <Delay = 0.39> <FuncUnit> <Opcode : 'select'> <InPorts = 3> <OutPorts = 1>
ST_3 : Operation 203 [1/1] (0.00ns)   --->   "%zext_ln792 = zext i8 %p_0_1_0_0_09141505_i_load_1" [C:/pcam5/prj/sol/.autopilot/db/v_demosaic.cpp:792->C:/pcam5/prj/sol/.autopilot/db/v_demosaic.cpp:1072]   --->   Operation 203 'zext' 'zext_ln792' <Predicate = (!icmp_ln633 & icmp_ln772)> <Delay = 0.00>
ST_3 : Operation 204 [1/1] (0.76ns)   --->   "%sub_ln792 = sub i9 %zext_ln790, i9 %zext_ln792" [C:/pcam5/prj/sol/.autopilot/db/v_demosaic.cpp:792->C:/pcam5/prj/sol/.autopilot/db/v_demosaic.cpp:1072]   --->   Operation 204 'sub' 'sub_ln792' <Predicate = (!icmp_ln633 & icmp_ln772)> <Delay = 0.76> <CoreInst = "Adder">   --->   Core 1 'Adder' <Latency = 0> <II = 1> <Delay = 0.77> <FuncUnit> <Opcode : 'add' 'sub'> <InPorts = 2> <OutPorts = 1>
ST_3 : Operation 205 [1/1] (0.00ns)   --->   "%trunc_ln61_2 = trunc i9 %sub_ln792" [C:/AMDDesignTools/2025.2/Vitis/tps/mingw/8.3.0/win64.o/nt\lib\gcc\x86_64-w64-mingw32\8.3.0\include\c++\bits/std_abs.h:61->C:/pcam5/prj/sol/.autopilot/db/v_demosaic.cpp:792->C:/pcam5/prj/sol/.autopilot/db/v_demosaic.cpp:1072]   --->   Operation 205 'trunc' 'trunc_ln61_2' <Predicate = (!icmp_ln633 & icmp_ln772)> <Delay = 0.00>
ST_3 : Operation 206 [1/1] (0.00ns)   --->   "%tmp_3 = bitselect i1 @_ssdm_op_BitSelect.i1.i9.i32, i9 %sub_ln792, i32 8" [C:/AMDDesignTools/2025.2/Vitis/tps/mingw/8.3.0/win64.o/nt\lib\gcc\x86_64-w64-mingw32\8.3.0\include\c++\bits/std_abs.h:61->C:/pcam5/prj/sol/.autopilot/db/v_demosaic.cpp:792->C:/pcam5/prj/sol/.autopilot/db/v_demosaic.cpp:1072]   --->   Operation 206 'bitselect' 'tmp_3' <Predicate = (!icmp_ln633 & icmp_ln772)> <Delay = 0.00>
ST_3 : Operation 207 [1/1] (0.76ns)   --->   "%sub_ln61_2 = sub i8 0, i8 %trunc_ln61_2" [C:/AMDDesignTools/2025.2/Vitis/tps/mingw/8.3.0/win64.o/nt\lib\gcc\x86_64-w64-mingw32\8.3.0\include\c++\bits/std_abs.h:61->C:/pcam5/prj/sol/.autopilot/db/v_demosaic.cpp:792->C:/pcam5/prj/sol/.autopilot/db/v_demosaic.cpp:1072]   --->   Operation 207 'sub' 'sub_ln61_2' <Predicate = (!icmp_ln633 & icmp_ln772)> <Delay = 0.76> <CoreInst = "Adder">   --->   Core 1 'Adder' <Latency = 0> <II = 1> <Delay = 0.76> <FuncUnit> <Opcode : 'add' 'sub'> <InPorts = 2> <OutPorts = 1>
ST_3 : Operation 208 [1/1] (0.39ns)   --->   "%agdiff_2 = select i1 %tmp_3, i8 %sub_ln61_2, i8 %trunc_ln61_2" [C:/AMDDesignTools/2025.2/Vitis/tps/mingw/8.3.0/win64.o/nt\lib\gcc\x86_64-w64-mingw32\8.3.0\include\c++\bits/std_abs.h:61->C:/pcam5/prj/sol/.autopilot/db/v_demosaic.cpp:792->C:/pcam5/prj/sol/.autopilot/db/v_demosaic.cpp:1072]   --->   Operation 208 'select' 'agdiff_2' <Predicate = (!icmp_ln633 & icmp_ln772)> <Delay = 0.39> <CoreInst = "Sel">   --->   Core 73 'Sel' <Latency = 0> <II = 1> <Delay = 0.39> <FuncUnit> <Opcode : 'select'> <InPorts = 3> <OutPorts = 1>
ST_3 : Operation 209 [1/1] (0.00ns)   --->   "%zext_ln793 = zext i8 %p_0_1_0_0_09081517_i_load_1" [C:/pcam5/prj/sol/.autopilot/db/v_demosaic.cpp:793->C:/pcam5/prj/sol/.autopilot/db/v_demosaic.cpp:1072]   --->   Operation 209 'zext' 'zext_ln793' <Predicate = (!icmp_ln633 & icmp_ln772)> <Delay = 0.00>
ST_3 : Operation 210 [1/1] (0.76ns)   --->   "%sub_ln793 = sub i9 %zext_ln790, i9 %zext_ln793" [C:/pcam5/prj/sol/.autopilot/db/v_demosaic.cpp:793->C:/pcam5/prj/sol/.autopilot/db/v_demosaic.cpp:1072]   --->   Operation 210 'sub' 'sub_ln793' <Predicate = (!icmp_ln633 & icmp_ln772)> <Delay = 0.76> <CoreInst = "Adder">   --->   Core 1 'Adder' <Latency = 0> <II = 1> <Delay = 0.77> <FuncUnit> <Opcode : 'add' 'sub'> <InPorts = 2> <OutPorts = 1>
ST_3 : Operation 211 [1/1] (0.00ns)   --->   "%trunc_ln61_3 = trunc i9 %sub_ln793" [C:/AMDDesignTools/2025.2/Vitis/tps/mingw/8.3.0/win64.o/nt\lib\gcc\x86_64-w64-mingw32\8.3.0\include\c++\bits/std_abs.h:61->C:/pcam5/prj/sol/.autopilot/db/v_demosaic.cpp:793->C:/pcam5/prj/sol/.autopilot/db/v_demosaic.cpp:1072]   --->   Operation 211 'trunc' 'trunc_ln61_3' <Predicate = (!icmp_ln633 & icmp_ln772)> <Delay = 0.00>
ST_3 : Operation 212 [1/1] (0.00ns)   --->   "%tmp_4 = bitselect i1 @_ssdm_op_BitSelect.i1.i9.i32, i9 %sub_ln793, i32 8" [C:/AMDDesignTools/2025.2/Vitis/tps/mingw/8.3.0/win64.o/nt\lib\gcc\x86_64-w64-mingw32\8.3.0\include\c++\bits/std_abs.h:61->C:/pcam5/prj/sol/.autopilot/db/v_demosaic.cpp:793->C:/pcam5/prj/sol/.autopilot/db/v_demosaic.cpp:1072]   --->   Operation 212 'bitselect' 'tmp_4' <Predicate = (!icmp_ln633 & icmp_ln772)> <Delay = 0.00>
ST_3 : Operation 213 [1/1] (0.76ns)   --->   "%sub_ln61_3 = sub i8 0, i8 %trunc_ln61_3" [C:/AMDDesignTools/2025.2/Vitis/tps/mingw/8.3.0/win64.o/nt\lib\gcc\x86_64-w64-mingw32\8.3.0\include\c++\bits/std_abs.h:61->C:/pcam5/prj/sol/.autopilot/db/v_demosaic.cpp:793->C:/pcam5/prj/sol/.autopilot/db/v_demosaic.cpp:1072]   --->   Operation 213 'sub' 'sub_ln61_3' <Predicate = (!icmp_ln633 & icmp_ln772)> <Delay = 0.76> <CoreInst = "Adder">   --->   Core 1 'Adder' <Latency = 0> <II = 1> <Delay = 0.76> <FuncUnit> <Opcode : 'add' 'sub'> <InPorts = 2> <OutPorts = 1>
ST_3 : Operation 214 [1/1] (0.39ns)   --->   "%agdiff_3 = select i1 %tmp_4, i8 %sub_ln61_3, i8 %trunc_ln61_3" [C:/AMDDesignTools/2025.2/Vitis/tps/mingw/8.3.0/win64.o/nt\lib\gcc\x86_64-w64-mingw32\8.3.0\include\c++\bits/std_abs.h:61->C:/pcam5/prj/sol/.autopilot/db/v_demosaic.cpp:793->C:/pcam5/prj/sol/.autopilot/db/v_demosaic.cpp:1072]   --->   Operation 214 'select' 'agdiff_3' <Predicate = (!icmp_ln633 & icmp_ln772)> <Delay = 0.39> <CoreInst = "Sel">   --->   Core 73 'Sel' <Latency = 0> <II = 1> <Delay = 0.39> <FuncUnit> <Opcode : 'select'> <InPorts = 3> <OutPorts = 1>
ST_3 : Operation 215 [1/1] (0.76ns)   --->   "%enable = icmp_ult  i8 %agdiff, i8 %agdiff_1" [C:/pcam5/prj/sol/.autopilot/db/v_demosaic.cpp:795->C:/pcam5/prj/sol/.autopilot/db/v_demosaic.cpp:1072]   --->   Operation 215 'icmp' 'enable' <Predicate = (!icmp_ln633 & icmp_ln772)> <Delay = 0.76> <CoreInst = "Cmp">   --->   Core 9 'Cmp' <Latency = 0> <II = 1> <Delay = 0.76> <FuncUnit> <Opcode : 'seteq' 'setne' 'setle' 'setge' 'setlt' 'setgt'> <InPorts = 2> <OutPorts = 1>
ST_3 : Operation 216 [1/1] (0.00ns)   --->   "%zext_ln769 = zext i1 %enable" [C:/pcam5/prj/sol/.autopilot/db/v_demosaic.cpp:769->C:/pcam5/prj/sol/.autopilot/db/v_demosaic.cpp:1072]   --->   Operation 216 'zext' 'zext_ln769' <Predicate = (!icmp_ln633 & icmp_ln772)> <Delay = 0.00>
ST_3 : Operation 217 [1/1] (0.76ns)   --->   "%icmp_ln796 = icmp_ult  i8 %agdiff, i8 %agdiff_2" [C:/pcam5/prj/sol/.autopilot/db/v_demosaic.cpp:796->C:/pcam5/prj/sol/.autopilot/db/v_demosaic.cpp:1072]   --->   Operation 217 'icmp' 'icmp_ln796' <Predicate = (!icmp_ln633 & icmp_ln772)> <Delay = 0.76> <CoreInst = "Cmp">   --->   Core 9 'Cmp' <Latency = 0> <II = 1> <Delay = 0.76> <FuncUnit> <Opcode : 'seteq' 'setne' 'setle' 'setge' 'setlt' 'setgt'> <InPorts = 2> <OutPorts = 1>
ST_3 : Operation 218 [1/1] (0.00ns)   --->   "%or_ln = bitconcatenate i2 @_ssdm_op_BitConcatenate.i2.i1.i1, i1 1, i1 %enable" [C:/pcam5/prj/sol/.autopilot/db/v_demosaic.cpp:796->C:/pcam5/prj/sol/.autopilot/db/v_demosaic.cpp:1072]   --->   Operation 218 'bitconcatenate' 'or_ln' <Predicate = (!icmp_ln633 & icmp_ln772)> <Delay = 0.00>
ST_3 : Operation 219 [1/1] (0.17ns)   --->   "%enable_1 = select i1 %icmp_ln796, i2 %or_ln, i2 %zext_ln769" [C:/pcam5/prj/sol/.autopilot/db/v_demosaic.cpp:796->C:/pcam5/prj/sol/.autopilot/db/v_demosaic.cpp:1072]   --->   Operation 219 'select' 'enable_1' <Predicate = (!icmp_ln633 & icmp_ln772)> <Delay = 0.17> <CoreInst = "Sel">   --->   Core 73 'Sel' <Latency = 0> <II = 1> <Delay = 0.17> <FuncUnit> <Opcode : 'select'> <InPorts = 3> <OutPorts = 1>
ST_3 : Operation 220 [1/1] (0.00ns)   --->   "%zext_ln769_1 = zext i2 %enable_1" [C:/pcam5/prj/sol/.autopilot/db/v_demosaic.cpp:769->C:/pcam5/prj/sol/.autopilot/db/v_demosaic.cpp:1072]   --->   Operation 220 'zext' 'zext_ln769_1' <Predicate = (!icmp_ln633 & icmp_ln772)> <Delay = 0.00>
ST_3 : Operation 221 [1/1] (0.76ns)   --->   "%icmp_ln797 = icmp_ult  i8 %agdiff, i8 %agdiff_3" [C:/pcam5/prj/sol/.autopilot/db/v_demosaic.cpp:797->C:/pcam5/prj/sol/.autopilot/db/v_demosaic.cpp:1072]   --->   Operation 221 'icmp' 'icmp_ln797' <Predicate = (!icmp_ln633 & icmp_ln772)> <Delay = 0.76> <CoreInst = "Cmp">   --->   Core 9 'Cmp' <Latency = 0> <II = 1> <Delay = 0.76> <FuncUnit> <Opcode : 'seteq' 'setne' 'setle' 'setge' 'setlt' 'setgt'> <InPorts = 2> <OutPorts = 1>
ST_3 : Operation 222 [1/1] (0.00ns)   --->   "%enable_2 = bitconcatenate i3 @_ssdm_op_BitConcatenate.i3.i1.i2, i1 1, i2 %enable_1" [C:/pcam5/prj/sol/.autopilot/db/v_demosaic.cpp:797->C:/pcam5/prj/sol/.autopilot/db/v_demosaic.cpp:1072]   --->   Operation 222 'bitconcatenate' 'enable_2' <Predicate = (!icmp_ln633 & icmp_ln772)> <Delay = 0.00>
ST_3 : Operation 223 [1/1] (0.20ns)   --->   "%enable_3 = select i1 %icmp_ln797, i3 %enable_2, i3 %zext_ln769_1" [C:/pcam5/prj/sol/.autopilot/db/v_demosaic.cpp:797->C:/pcam5/prj/sol/.autopilot/db/v_demosaic.cpp:1072]   --->   Operation 223 'select' 'enable_3' <Predicate = (!icmp_ln633 & icmp_ln772)> <Delay = 0.20> <CoreInst = "Sel">   --->   Core 73 'Sel' <Latency = 0> <II = 1> <Delay = 0.20> <FuncUnit> <Opcode : 'select'> <InPorts = 3> <OutPorts = 1>
ST_3 : Operation 224 [1/1] (0.00ns)   --->   "%zext_ln769_2 = zext i3 %enable_3" [C:/pcam5/prj/sol/.autopilot/db/v_demosaic.cpp:769->C:/pcam5/prj/sol/.autopilot/db/v_demosaic.cpp:1072]   --->   Operation 224 'zext' 'zext_ln769_2' <Predicate = (!icmp_ln633 & icmp_ln772)> <Delay = 0.00>
ST_3 : Operation 225 [1/1] (0.76ns)   --->   "%icmp_ln798 = icmp_ult  i8 %agdiff_1, i8 %agdiff_2" [C:/pcam5/prj/sol/.autopilot/db/v_demosaic.cpp:798->C:/pcam5/prj/sol/.autopilot/db/v_demosaic.cpp:1072]   --->   Operation 225 'icmp' 'icmp_ln798' <Predicate = (!icmp_ln633 & icmp_ln772)> <Delay = 0.76> <CoreInst = "Cmp">   --->   Core 9 'Cmp' <Latency = 0> <II = 1> <Delay = 0.76> <FuncUnit> <Opcode : 'seteq' 'setne' 'setle' 'setge' 'setlt' 'setgt'> <InPorts = 2> <OutPorts = 1>
ST_3 : Operation 226 [1/1] (0.00ns)   --->   "%or_ln1 = bitconcatenate i4 @_ssdm_op_BitConcatenate.i4.i1.i3, i1 1, i3 %enable_3" [C:/pcam5/prj/sol/.autopilot/db/v_demosaic.cpp:798->C:/pcam5/prj/sol/.autopilot/db/v_demosaic.cpp:1072]   --->   Operation 226 'bitconcatenate' 'or_ln1' <Predicate = (!icmp_ln633 & icmp_ln772)> <Delay = 0.00>
ST_3 : Operation 227 [1/1] (0.39ns)   --->   "%enable_4 = select i1 %icmp_ln798, i4 %or_ln1, i4 %zext_ln769_2" [C:/pcam5/prj/sol/.autopilot/db/v_demosaic.cpp:798->C:/pcam5/prj/sol/.autopilot/db/v_demosaic.cpp:1072]   --->   Operation 227 'select' 'enable_4' <Predicate = (!icmp_ln633 & icmp_ln772)> <Delay = 0.39> <CoreInst = "Sel">   --->   Core 73 'Sel' <Latency = 0> <II = 1> <Delay = 0.39> <FuncUnit> <Opcode : 'select'> <InPorts = 3> <OutPorts = 1>
ST_3 : Operation 228 [1/1] (0.00ns)   --->   "%zext_ln769_3 = zext i4 %enable_4" [C:/pcam5/prj/sol/.autopilot/db/v_demosaic.cpp:769->C:/pcam5/prj/sol/.autopilot/db/v_demosaic.cpp:1072]   --->   Operation 228 'zext' 'zext_ln769_3' <Predicate = (!icmp_ln633 & icmp_ln772)> <Delay = 0.00>
ST_3 : Operation 229 [1/1] (0.76ns)   --->   "%icmp_ln799 = icmp_ult  i8 %agdiff_1, i8 %agdiff_3" [C:/pcam5/prj/sol/.autopilot/db/v_demosaic.cpp:799->C:/pcam5/prj/sol/.autopilot/db/v_demosaic.cpp:1072]   --->   Operation 229 'icmp' 'icmp_ln799' <Predicate = (!icmp_ln633 & icmp_ln772)> <Delay = 0.76> <CoreInst = "Cmp">   --->   Core 9 'Cmp' <Latency = 0> <II = 1> <Delay = 0.76> <FuncUnit> <Opcode : 'seteq' 'setne' 'setle' 'setge' 'setlt' 'setgt'> <InPorts = 2> <OutPorts = 1>
ST_3 : Operation 230 [1/1] (0.00ns)   --->   "%enable_5 = bitconcatenate i5 @_ssdm_op_BitConcatenate.i5.i1.i4, i1 1, i4 %enable_4" [C:/pcam5/prj/sol/.autopilot/db/v_demosaic.cpp:799->C:/pcam5/prj/sol/.autopilot/db/v_demosaic.cpp:1072]   --->   Operation 230 'bitconcatenate' 'enable_5' <Predicate = (!icmp_ln633 & icmp_ln772)> <Delay = 0.00>
ST_3 : Operation 231 [1/1] (0.41ns)   --->   "%enable_6 = select i1 %icmp_ln799, i5 %enable_5, i5 %zext_ln769_3" [C:/pcam5/prj/sol/.autopilot/db/v_demosaic.cpp:799->C:/pcam5/prj/sol/.autopilot/db/v_demosaic.cpp:1072]   --->   Operation 231 'select' 'enable_6' <Predicate = (!icmp_ln633 & icmp_ln772)> <Delay = 0.41> <CoreInst = "Sel">   --->   Core 73 'Sel' <Latency = 0> <II = 1> <Delay = 0.41> <FuncUnit> <Opcode : 'select'> <InPorts = 3> <OutPorts = 1>
ST_3 : Operation 232 [1/1] (0.76ns)   --->   "%icmp_ln800 = icmp_ult  i8 %agdiff_2, i8 %agdiff_3" [C:/pcam5/prj/sol/.autopilot/db/v_demosaic.cpp:800->C:/pcam5/prj/sol/.autopilot/db/v_demosaic.cpp:1072]   --->   Operation 232 'icmp' 'icmp_ln800' <Predicate = (!icmp_ln633 & icmp_ln772)> <Delay = 0.76> <CoreInst = "Cmp">   --->   Core 9 'Cmp' <Latency = 0> <II = 1> <Delay = 0.76> <FuncUnit> <Opcode : 'seteq' 'setne' 'setle' 'setge' 'setlt' 'setgt'> <InPorts = 2> <OutPorts = 1>
ST_3 : Operation 233 [1/1] (0.00ns)   --->   "%p_0_0_0_0_09131503_i_load_1 = load i8 %p_0_0_0_0_09131503_i" [C:/pcam5/prj/sol/.autopilot/db/v_demosaic.cpp:819->C:/pcam5/prj/sol/.autopilot/db/v_demosaic.cpp:1072]   --->   Operation 233 'load' 'p_0_0_0_0_09131503_i_load_1' <Predicate = (!icmp_ln633 & icmp_ln772 & !red)> <Delay = 0.00>
ST_3 : Operation 234 [1/1] (0.00ns)   --->   "%p_0_2_0_0_09151507_i_load_1 = load i8 %p_0_2_0_0_09151507_i" [C:/pcam5/prj/sol/.autopilot/db/v_demosaic.cpp:819->C:/pcam5/prj/sol/.autopilot/db/v_demosaic.cpp:1072]   --->   Operation 234 'load' 'p_0_2_0_0_09151507_i_load_1' <Predicate = (!icmp_ln633 & icmp_ln772 & red)> <Delay = 0.00>
ST_3 : Operation 235 [1/1] (0.00ns)   --->   "%p_0_0_0_0_09071515_i_load_1 = load i8 %p_0_0_0_0_09071515_i" [C:/pcam5/prj/sol/.autopilot/db/v_demosaic.cpp:820->C:/pcam5/prj/sol/.autopilot/db/v_demosaic.cpp:1072]   --->   Operation 235 'load' 'p_0_0_0_0_09071515_i_load_1' <Predicate = (!icmp_ln633 & icmp_ln772 & !red)> <Delay = 0.00>
ST_3 : Operation 236 [1/1] (0.00ns)   --->   "%p_0_2_0_0_09091519_i_load_1 = load i8 %p_0_2_0_0_09091519_i" [C:/pcam5/prj/sol/.autopilot/db/v_demosaic.cpp:820->C:/pcam5/prj/sol/.autopilot/db/v_demosaic.cpp:1072]   --->   Operation 236 'load' 'p_0_2_0_0_09091519_i_load_1' <Predicate = (!icmp_ln633 & icmp_ln772 & red)> <Delay = 0.00>
ST_3 : Operation 237 [1/1] (0.00ns) (grouped into LUT with out node sub_ln819)   --->   "%select_ln819 = select i1 %red, i8 %p_0_2_0_0_09151507_i_load_1, i8 %p_0_0_0_0_09131503_i_load_1" [C:/pcam5/prj/sol/.autopilot/db/v_demosaic.cpp:819->C:/pcam5/prj/sol/.autopilot/db/v_demosaic.cpp:1072]   --->   Operation 237 'select' 'select_ln819' <Predicate = (!icmp_ln633 & icmp_ln772)> <Delay = 0.00> <CoreInst = "Sel">   --->   Core 73 'Sel' <Latency = 0> <II = 1> <Delay = 0.39> <FuncUnit> <Opcode : 'select'> <InPorts = 3> <OutPorts = 1>
ST_3 : Operation 238 [1/1] (0.00ns) (grouped into LUT with out node sub_ln819)   --->   "%zext_ln819 = zext i8 %select_ln819" [C:/pcam5/prj/sol/.autopilot/db/v_demosaic.cpp:819->C:/pcam5/prj/sol/.autopilot/db/v_demosaic.cpp:1072]   --->   Operation 238 'zext' 'zext_ln819' <Predicate = (!icmp_ln633 & icmp_ln772)> <Delay = 0.00>
ST_3 : Operation 239 [1/1] (0.76ns) (out node of the LUT)   --->   "%sub_ln819 = sub i9 %zext_ln792, i9 %zext_ln819" [C:/pcam5/prj/sol/.autopilot/db/v_demosaic.cpp:819->C:/pcam5/prj/sol/.autopilot/db/v_demosaic.cpp:1072]   --->   Operation 239 'sub' 'sub_ln819' <Predicate = (!icmp_ln633 & icmp_ln772)> <Delay = 0.76> <CoreInst = "Adder">   --->   Core 1 'Adder' <Latency = 0> <II = 1> <Delay = 0.77> <FuncUnit> <Opcode : 'add' 'sub'> <InPorts = 2> <OutPorts = 1>
ST_3 : Operation 240 [1/1] (0.00ns) (grouped into LUT with out node sub_ln820)   --->   "%select_ln820 = select i1 %red, i8 %p_0_2_0_0_09091519_i_load_1, i8 %p_0_0_0_0_09071515_i_load_1" [C:/pcam5/prj/sol/.autopilot/db/v_demosaic.cpp:820->C:/pcam5/prj/sol/.autopilot/db/v_demosaic.cpp:1072]   --->   Operation 240 'select' 'select_ln820' <Predicate = (!icmp_ln633 & icmp_ln772)> <Delay = 0.00> <CoreInst = "Sel">   --->   Core 73 'Sel' <Latency = 0> <II = 1> <Delay = 0.39> <FuncUnit> <Opcode : 'select'> <InPorts = 3> <OutPorts = 1>
ST_3 : Operation 241 [1/1] (0.00ns) (grouped into LUT with out node sub_ln820)   --->   "%zext_ln820 = zext i8 %select_ln820" [C:/pcam5/prj/sol/.autopilot/db/v_demosaic.cpp:820->C:/pcam5/prj/sol/.autopilot/db/v_demosaic.cpp:1072]   --->   Operation 241 'zext' 'zext_ln820' <Predicate = (!icmp_ln633 & icmp_ln772)> <Delay = 0.00>
ST_3 : Operation 242 [1/1] (0.76ns) (out node of the LUT)   --->   "%sub_ln820 = sub i9 %zext_ln793, i9 %zext_ln820" [C:/pcam5/prj/sol/.autopilot/db/v_demosaic.cpp:820->C:/pcam5/prj/sol/.autopilot/db/v_demosaic.cpp:1072]   --->   Operation 242 'sub' 'sub_ln820' <Predicate = (!icmp_ln633 & icmp_ln772)> <Delay = 0.76> <CoreInst = "Adder">   --->   Core 1 'Adder' <Latency = 0> <II = 1> <Delay = 0.77> <FuncUnit> <Opcode : 'add' 'sub'> <InPorts = 2> <OutPorts = 1>

State 4 <SV = 3> <Delay = 4.74>
ST_4 : Operation 243 [1/1] (0.00ns)   --->   "%zext_ln769_4 = zext i5 %enable_6" [C:/pcam5/prj/sol/.autopilot/db/v_demosaic.cpp:769->C:/pcam5/prj/sol/.autopilot/db/v_demosaic.cpp:1072]   --->   Operation 243 'zext' 'zext_ln769_4' <Predicate = (!icmp_ln633 & icmp_ln772 & !icmp_ln800)> <Delay = 0.00>
ST_4 : Operation 244 [1/1] (0.00ns)   --->   "%or_ln2 = bitconcatenate i6 @_ssdm_op_BitConcatenate.i6.i1.i5, i1 1, i5 %enable_6" [C:/pcam5/prj/sol/.autopilot/db/v_demosaic.cpp:800->C:/pcam5/prj/sol/.autopilot/db/v_demosaic.cpp:1072]   --->   Operation 244 'bitconcatenate' 'or_ln2' <Predicate = (!icmp_ln633 & icmp_ln772 & icmp_ln800)> <Delay = 0.00>
ST_4 : Operation 245 [1/1] (0.38ns)   --->   "%enable_7 = select i1 %icmp_ln800, i6 %or_ln2, i6 %zext_ln769_4" [C:/pcam5/prj/sol/.autopilot/db/v_demosaic.cpp:800->C:/pcam5/prj/sol/.autopilot/db/v_demosaic.cpp:1072]   --->   Operation 245 'select' 'enable_7' <Predicate = (!icmp_ln633 & icmp_ln772)> <Delay = 0.38> <CoreInst = "Sel">   --->   Core 73 'Sel' <Latency = 0> <II = 1> <Delay = 0.38> <FuncUnit> <Opcode : 'select'> <InPorts = 3> <OutPorts = 1>
ST_4 : Operation 246 [1/1] (0.78ns)   --->   "%switch_ln802 = switch i6 %enable_7, void %sw.epilog.i, i6 30, void %sw.bb.i, i6 31, void %sw.bb.i, i6 62, void %sw.bb.i, i6 63, void %sw.bb.i, i6 37, void %sw.bb421.i, i6 39, void %sw.bb421.i, i6 53, void %sw.bb421.i, i6 55, void %sw.bb421.i, i6 3, void %sw.bb430.i, i6 7, void %sw.bb430.i, i6 11, void %sw.bb430.i, i6 15, void %sw.bb430.i, i6 48, void %sw.bb439.i, i6 52, void %sw.bb439.i, i6 56, void %sw.bb439.i, i6 60, void %sw.bb439.i, i6 8, void %sw.bb448.i, i6 10, void %sw.bb448.i, i6 24, void %sw.bb448.i, i6 26, void %sw.bb448.i, i6 0, void %sw.bb457.i, i6 1, void %sw.bb457.i, i6 32, void %sw.bb457.i, i6 33, void %sw.bb457.i" [C:/pcam5/prj/sol/.autopilot/db/v_demosaic.cpp:802->C:/pcam5/prj/sol/.autopilot/db/v_demosaic.cpp:1072]   --->   Operation 246 'switch' 'switch_ln802' <Predicate = (!icmp_ln633 & icmp_ln772)> <Delay = 0.78>
ST_4 : Operation 247 [1/1] (0.42ns)   --->   "%br_ln814 = br void %sw.epilog.i" [C:/pcam5/prj/sol/.autopilot/db/v_demosaic.cpp:814->C:/pcam5/prj/sol/.autopilot/db/v_demosaic.cpp:1072]   --->   Operation 247 'br' 'br_ln814' <Predicate = (!icmp_ln633 & icmp_ln772 & enable_7 == 33) | (!icmp_ln633 & icmp_ln772 & enable_7 == 32) | (!icmp_ln633 & icmp_ln772 & enable_7 == 1) | (!icmp_ln633 & icmp_ln772 & enable_7 == 0)> <Delay = 0.42>
ST_4 : Operation 248 [1/1] (0.42ns)   --->   "%br_ln812 = br void %sw.epilog.i" [C:/pcam5/prj/sol/.autopilot/db/v_demosaic.cpp:812->C:/pcam5/prj/sol/.autopilot/db/v_demosaic.cpp:1072]   --->   Operation 248 'br' 'br_ln812' <Predicate = (!icmp_ln633 & icmp_ln772 & enable_7 == 26) | (!icmp_ln633 & icmp_ln772 & enable_7 == 24) | (!icmp_ln633 & icmp_ln772 & enable_7 == 10) | (!icmp_ln633 & icmp_ln772 & enable_7 == 8)> <Delay = 0.42>
ST_4 : Operation 249 [1/1] (0.42ns)   --->   "%br_ln810 = br void %sw.epilog.i" [C:/pcam5/prj/sol/.autopilot/db/v_demosaic.cpp:810->C:/pcam5/prj/sol/.autopilot/db/v_demosaic.cpp:1072]   --->   Operation 249 'br' 'br_ln810' <Predicate = (!icmp_ln633 & icmp_ln772 & enable_7 == 60) | (!icmp_ln633 & icmp_ln772 & enable_7 == 56) | (!icmp_ln633 & icmp_ln772 & enable_7 == 52) | (!icmp_ln633 & icmp_ln772 & enable_7 == 48)> <Delay = 0.42>
ST_4 : Operation 250 [1/1] (0.42ns)   --->   "%br_ln808 = br void %sw.epilog.i" [C:/pcam5/prj/sol/.autopilot/db/v_demosaic.cpp:808->C:/pcam5/prj/sol/.autopilot/db/v_demosaic.cpp:1072]   --->   Operation 250 'br' 'br_ln808' <Predicate = (!icmp_ln633 & icmp_ln772 & enable_7 == 15) | (!icmp_ln633 & icmp_ln772 & enable_7 == 11) | (!icmp_ln633 & icmp_ln772 & enable_7 == 7) | (!icmp_ln633 & icmp_ln772 & enable_7 == 3)> <Delay = 0.42>
ST_4 : Operation 251 [1/1] (0.42ns)   --->   "%br_ln806 = br void %sw.epilog.i" [C:/pcam5/prj/sol/.autopilot/db/v_demosaic.cpp:806->C:/pcam5/prj/sol/.autopilot/db/v_demosaic.cpp:1072]   --->   Operation 251 'br' 'br_ln806' <Predicate = (!icmp_ln633 & icmp_ln772 & enable_7 == 55) | (!icmp_ln633 & icmp_ln772 & enable_7 == 53) | (!icmp_ln633 & icmp_ln772 & enable_7 == 39) | (!icmp_ln633 & icmp_ln772 & enable_7 == 37)> <Delay = 0.42>
ST_4 : Operation 252 [1/1] (0.42ns)   --->   "%br_ln804 = br void %sw.epilog.i" [C:/pcam5/prj/sol/.autopilot/db/v_demosaic.cpp:804->C:/pcam5/prj/sol/.autopilot/db/v_demosaic.cpp:1072]   --->   Operation 252 'br' 'br_ln804' <Predicate = (!icmp_ln633 & icmp_ln772 & enable_7 == 63) | (!icmp_ln633 & icmp_ln772 & enable_7 == 62) | (!icmp_ln633 & icmp_ln772 & enable_7 == 31) | (!icmp_ln633 & icmp_ln772 & enable_7 == 30)> <Delay = 0.42>
ST_4 : Operation 253 [1/1] (0.00ns) (grouped into LUT with out node add_ln820_1)   --->   "%en_rgd_3 = phi i1 1, void %sw.bb457.i, i1 1, void %sw.bb448.i, i1 0, void %sw.bb439.i, i1 1, void %sw.bb430.i, i1 0, void %sw.bb421.i, i1 0, void %sw.bb.i, i1 0, void %if.then316.i"   --->   Operation 253 'phi' 'en_rgd_3' <Predicate = (!icmp_ln633 & icmp_ln772)> <Delay = 0.00>
ST_4 : Operation 254 [1/1] (0.00ns) (grouped into LUT with out node add_ln820_1)   --->   "%en_rgd_2 = phi i1 1, void %sw.bb457.i, i1 0, void %sw.bb448.i, i1 1, void %sw.bb439.i, i1 0, void %sw.bb430.i, i1 1, void %sw.bb421.i, i1 0, void %sw.bb.i, i1 0, void %if.then316.i"   --->   Operation 254 'phi' 'en_rgd_2' <Predicate = (!icmp_ln633 & icmp_ln772)> <Delay = 0.00>
ST_4 : Operation 255 [1/1] (0.00ns) (grouped into LUT with out node add_ln817)   --->   "%en_rgd_1 = phi i1 0, void %sw.bb457.i, i1 1, void %sw.bb448.i, i1 1, void %sw.bb439.i, i1 0, void %sw.bb430.i, i1 0, void %sw.bb421.i, i1 1, void %sw.bb.i, i1 0, void %if.then316.i"   --->   Operation 255 'phi' 'en_rgd_1' <Predicate = (!icmp_ln633 & icmp_ln772)> <Delay = 0.00>
ST_4 : Operation 256 [1/1] (0.00ns) (grouped into LUT with out node add_ln817)   --->   "%en_rgd = phi i1 0, void %sw.bb457.i, i1 0, void %sw.bb448.i, i1 0, void %sw.bb439.i, i1 1, void %sw.bb430.i, i1 1, void %sw.bb421.i, i1 1, void %sw.bb.i, i1 0, void %if.then316.i"   --->   Operation 256 'phi' 'en_rgd' <Predicate = (!icmp_ln633 & icmp_ln772)> <Delay = 0.00>
ST_4 : Operation 257 [1/1] (0.00ns) (grouped into LUT with out node add_ln817)   --->   "%select_ln817_1 = select i1 %en_rgd, i9 511, i9 0" [C:/pcam5/prj/sol/.autopilot/db/v_demosaic.cpp:817->C:/pcam5/prj/sol/.autopilot/db/v_demosaic.cpp:1072]   --->   Operation 257 'select' 'select_ln817_1' <Predicate = (!icmp_ln633 & icmp_ln772)> <Delay = 0.00> <CoreInst = "Sel">   --->   Core 73 'Sel' <Latency = 0> <II = 1> <Delay = 0.17> <FuncUnit> <Opcode : 'select'> <InPorts = 3> <OutPorts = 1>
ST_4 : Operation 258 [1/1] (0.00ns) (grouped into LUT with out node add_ln817)   --->   "%and_ln817 = and i9 %sub_ln817, i9 %select_ln817_1" [C:/pcam5/prj/sol/.autopilot/db/v_demosaic.cpp:817->C:/pcam5/prj/sol/.autopilot/db/v_demosaic.cpp:1072]   --->   Operation 258 'and' 'and_ln817' <Predicate = (!icmp_ln633 & icmp_ln772)> <Delay = 0.00> <CoreInst = "LogicGate">   --->   Core 74 'LogicGate' <Latency = 0> <II = 1> <Delay = 0.34> <FuncUnit> <Opcode : 'and' 'or' 'xor'> <InPorts = 2> <OutPorts = 1>
ST_4 : Operation 259 [1/1] (0.00ns) (grouped into LUT with out node add_ln817)   --->   "%sext_ln818 = sext i9 %and_ln817" [C:/pcam5/prj/sol/.autopilot/db/v_demosaic.cpp:818->C:/pcam5/prj/sol/.autopilot/db/v_demosaic.cpp:1072]   --->   Operation 259 'sext' 'sext_ln818' <Predicate = (!icmp_ln633 & icmp_ln772)> <Delay = 0.00>
ST_4 : Operation 260 [1/1] (0.00ns) (grouped into LUT with out node add_ln817)   --->   "%select_ln818_1 = select i1 %en_rgd_1, i9 511, i9 0" [C:/pcam5/prj/sol/.autopilot/db/v_demosaic.cpp:818->C:/pcam5/prj/sol/.autopilot/db/v_demosaic.cpp:1072]   --->   Operation 260 'select' 'select_ln818_1' <Predicate = (!icmp_ln633 & icmp_ln772)> <Delay = 0.00> <CoreInst = "Sel">   --->   Core 73 'Sel' <Latency = 0> <II = 1> <Delay = 0.17> <FuncUnit> <Opcode : 'select'> <InPorts = 3> <OutPorts = 1>
ST_4 : Operation 261 [1/1] (0.00ns) (grouped into LUT with out node add_ln817)   --->   "%and_ln818 = and i9 %sub_ln818, i9 %select_ln818_1" [C:/pcam5/prj/sol/.autopilot/db/v_demosaic.cpp:818->C:/pcam5/prj/sol/.autopilot/db/v_demosaic.cpp:1072]   --->   Operation 261 'and' 'and_ln818' <Predicate = (!icmp_ln633 & icmp_ln772)> <Delay = 0.00> <CoreInst = "LogicGate">   --->   Core 74 'LogicGate' <Latency = 0> <II = 1> <Delay = 0.34> <FuncUnit> <Opcode : 'and' 'or' 'xor'> <InPorts = 2> <OutPorts = 1>
ST_4 : Operation 262 [1/1] (0.00ns) (grouped into LUT with out node add_ln817)   --->   "%sext_ln817 = sext i9 %and_ln818" [C:/pcam5/prj/sol/.autopilot/db/v_demosaic.cpp:817->C:/pcam5/prj/sol/.autopilot/db/v_demosaic.cpp:1072]   --->   Operation 262 'sext' 'sext_ln817' <Predicate = (!icmp_ln633 & icmp_ln772)> <Delay = 0.00>
ST_4 : Operation 263 [1/1] (0.77ns) (out node of the LUT)   --->   "%add_ln817 = add i10 %sext_ln817, i10 %sext_ln818" [C:/pcam5/prj/sol/.autopilot/db/v_demosaic.cpp:817->C:/pcam5/prj/sol/.autopilot/db/v_demosaic.cpp:1072]   --->   Operation 263 'add' 'add_ln817' <Predicate = (!icmp_ln633 & icmp_ln772)> <Delay = 0.77> <CoreInst = "Adder">   --->   Core 1 'Adder' <Latency = 0> <II = 1> <Delay = 0.78> <FuncUnit> <Opcode : 'add' 'sub'> <InPorts = 2> <OutPorts = 1>
ST_4 : Operation 264 [1/1] (0.00ns) (grouped into LUT with out node add_ln820_1)   --->   "%select_ln819_1 = select i1 %en_rgd_2, i9 511, i9 0" [C:/pcam5/prj/sol/.autopilot/db/v_demosaic.cpp:819->C:/pcam5/prj/sol/.autopilot/db/v_demosaic.cpp:1072]   --->   Operation 264 'select' 'select_ln819_1' <Predicate = (!icmp_ln633 & icmp_ln772)> <Delay = 0.00> <CoreInst = "Sel">   --->   Core 73 'Sel' <Latency = 0> <II = 1> <Delay = 0.17> <FuncUnit> <Opcode : 'select'> <InPorts = 3> <OutPorts = 1>
ST_4 : Operation 265 [1/1] (0.00ns) (grouped into LUT with out node add_ln820_1)   --->   "%and_ln819 = and i9 %sub_ln819, i9 %select_ln819_1" [C:/pcam5/prj/sol/.autopilot/db/v_demosaic.cpp:819->C:/pcam5/prj/sol/.autopilot/db/v_demosaic.cpp:1072]   --->   Operation 265 'and' 'and_ln819' <Predicate = (!icmp_ln633 & icmp_ln772)> <Delay = 0.00> <CoreInst = "LogicGate">   --->   Core 74 'LogicGate' <Latency = 0> <II = 1> <Delay = 0.34> <FuncUnit> <Opcode : 'and' 'or' 'xor'> <InPorts = 2> <OutPorts = 1>
ST_4 : Operation 266 [1/1] (0.00ns)   --->   "%sext_ln818_1 = sext i10 %add_ln817" [C:/pcam5/prj/sol/.autopilot/db/v_demosaic.cpp:818->C:/pcam5/prj/sol/.autopilot/db/v_demosaic.cpp:1072]   --->   Operation 266 'sext' 'sext_ln818_1' <Predicate = (!icmp_ln633 & icmp_ln772)> <Delay = 0.00>
ST_4 : Operation 267 [1/1] (0.00ns) (grouped into LUT with out node add_ln820_1)   --->   "%sext_ln820_1 = sext i9 %and_ln819" [C:/pcam5/prj/sol/.autopilot/db/v_demosaic.cpp:820->C:/pcam5/prj/sol/.autopilot/db/v_demosaic.cpp:1072]   --->   Operation 267 'sext' 'sext_ln820_1' <Predicate = (!icmp_ln633 & icmp_ln772)> <Delay = 0.00>
ST_4 : Operation 268 [1/1] (0.00ns) (grouped into LUT with out node add_ln820_1)   --->   "%select_ln820_2 = select i1 %en_rgd_3, i9 511, i9 0" [C:/pcam5/prj/sol/.autopilot/db/v_demosaic.cpp:820->C:/pcam5/prj/sol/.autopilot/db/v_demosaic.cpp:1072]   --->   Operation 268 'select' 'select_ln820_2' <Predicate = (!icmp_ln633 & icmp_ln772)> <Delay = 0.00> <CoreInst = "Sel">   --->   Core 73 'Sel' <Latency = 0> <II = 1> <Delay = 0.17> <FuncUnit> <Opcode : 'select'> <InPorts = 3> <OutPorts = 1>
ST_4 : Operation 269 [1/1] (0.00ns) (grouped into LUT with out node add_ln820_1)   --->   "%and_ln820 = and i9 %sub_ln820, i9 %select_ln820_2" [C:/pcam5/prj/sol/.autopilot/db/v_demosaic.cpp:820->C:/pcam5/prj/sol/.autopilot/db/v_demosaic.cpp:1072]   --->   Operation 269 'and' 'and_ln820' <Predicate = (!icmp_ln633 & icmp_ln772)> <Delay = 0.00> <CoreInst = "LogicGate">   --->   Core 74 'LogicGate' <Latency = 0> <II = 1> <Delay = 0.34> <FuncUnit> <Opcode : 'and' 'or' 'xor'> <InPorts = 2> <OutPorts = 1>
ST_4 : Operation 270 [1/1] (0.00ns) (grouped into LUT with out node add_ln820_1)   --->   "%sext_ln820 = sext i9 %and_ln820" [C:/pcam5/prj/sol/.autopilot/db/v_demosaic.cpp:820->C:/pcam5/prj/sol/.autopilot/db/v_demosaic.cpp:1072]   --->   Operation 270 'sext' 'sext_ln820' <Predicate = (!icmp_ln633 & icmp_ln772)> <Delay = 0.00>
ST_4 : Operation 271 [1/1] (0.77ns) (out node of the LUT)   --->   "%add_ln820_1 = add i10 %sext_ln820_1, i10 %sext_ln820" [C:/pcam5/prj/sol/.autopilot/db/v_demosaic.cpp:820->C:/pcam5/prj/sol/.autopilot/db/v_demosaic.cpp:1072]   --->   Operation 271 'add' 'add_ln820_1' <Predicate = (!icmp_ln633 & icmp_ln772)> <Delay = 0.77> <CoreInst = "Adder">   --->   Core 1 'Adder' <Latency = 0> <II = 1> <Delay = 0.78> <FuncUnit> <Opcode : 'add' 'sub'> <InPorts = 2> <OutPorts = 1>
ST_4 : Operation 272 [1/1] (0.00ns)   --->   "%sext_ln820_2 = sext i10 %add_ln820_1" [C:/pcam5/prj/sol/.autopilot/db/v_demosaic.cpp:820->C:/pcam5/prj/sol/.autopilot/db/v_demosaic.cpp:1072]   --->   Operation 272 'sext' 'sext_ln820_2' <Predicate = (!icmp_ln633 & icmp_ln772)> <Delay = 0.00>
ST_4 : Operation 273 [1/1] (0.78ns)   --->   "%add_ln820 = add i11 %sext_ln820_2, i11 %sext_ln818_1" [C:/pcam5/prj/sol/.autopilot/db/v_demosaic.cpp:820->C:/pcam5/prj/sol/.autopilot/db/v_demosaic.cpp:1072]   --->   Operation 273 'add' 'add_ln820' <Predicate = (!icmp_ln633 & icmp_ln772)> <Delay = 0.78> <CoreInst = "Adder">   --->   Core 1 'Adder' <Latency = 0> <II = 1> <Delay = 0.79> <FuncUnit> <Opcode : 'add' 'sub'> <InPorts = 2> <OutPorts = 1>
ST_4 : Operation 274 [1/1] (0.79ns)   --->   "%sub_ln820_1 = sub i11 0, i11 %add_ln820" [C:/pcam5/prj/sol/.autopilot/db/v_demosaic.cpp:820->C:/pcam5/prj/sol/.autopilot/db/v_demosaic.cpp:1072]   --->   Operation 274 'sub' 'sub_ln820_1' <Predicate = (!icmp_ln633 & icmp_ln772)> <Delay = 0.79> <CoreInst = "Adder">   --->   Core 1 'Adder' <Latency = 0> <II = 1> <Delay = 0.79> <FuncUnit> <Opcode : 'add' 'sub'> <InPorts = 2> <OutPorts = 1>
ST_4 : Operation 275 [1/1] (0.00ns)   --->   "%trunc_ln820_1 = partselect i10 @_ssdm_op_PartSelect.i10.i11.i32.i32, i11 %sub_ln820_1, i32 1, i32 10" [C:/pcam5/prj/sol/.autopilot/db/v_demosaic.cpp:820->C:/pcam5/prj/sol/.autopilot/db/v_demosaic.cpp:1072]   --->   Operation 275 'partselect' 'trunc_ln820_1' <Predicate = (!icmp_ln633 & icmp_ln772)> <Delay = 0.00>
ST_4 : Operation 276 [1/1] (0.78ns)   --->   "%sub_ln820_2 = sub i10 0, i10 %trunc_ln820_1" [C:/pcam5/prj/sol/.autopilot/db/v_demosaic.cpp:820->C:/pcam5/prj/sol/.autopilot/db/v_demosaic.cpp:1072]   --->   Operation 276 'sub' 'sub_ln820_2' <Predicate = (!icmp_ln633 & icmp_ln772)> <Delay = 0.78> <CoreInst = "Adder">   --->   Core 1 'Adder' <Latency = 0> <II = 1> <Delay = 0.78> <FuncUnit> <Opcode : 'add' 'sub'> <InPorts = 2> <OutPorts = 1>
ST_4 : Operation 310 [1/1] (0.00ns)   --->   "%store_ln0 = store i8 %p_0_2_0_0_09091519_i_load, i8 %p_0_2_0_0_09091519_i_out"   --->   Operation 310 'store' 'store_ln0' <Predicate = (icmp_ln633)> <Delay = 0.00>
ST_4 : Operation 311 [1/1] (0.00ns)   --->   "%store_ln0 = store i8 %p_0_1_0_0_09081517_i_load, i8 %p_0_1_0_0_09081517_i_out"   --->   Operation 311 'store' 'store_ln0' <Predicate = (icmp_ln633)> <Delay = 0.00>
ST_4 : Operation 312 [1/1] (0.00ns)   --->   "%store_ln0 = store i8 %p_0_0_0_0_09071515_i_load, i8 %p_0_0_0_0_09071515_i_out"   --->   Operation 312 'store' 'store_ln0' <Predicate = (icmp_ln633)> <Delay = 0.00>
ST_4 : Operation 313 [1/1] (0.00ns)   --->   "%store_ln0 = store i8 %p_0_0_0938_115011512_i_load, i8 %p_0_0_0938_115011512_i_out"   --->   Operation 313 'store' 'store_ln0' <Predicate = (icmp_ln633)> <Delay = 0.00>
ST_4 : Operation 314 [1/1] (0.00ns)   --->   "%store_ln0 = store i8 %p_0_0_0939_114991510_i_load, i8 %p_0_0_0939_114991510_i_out"   --->   Operation 314 'store' 'store_ln0' <Predicate = (icmp_ln633)> <Delay = 0.00>
ST_4 : Operation 315 [1/1] (0.00ns)   --->   "%store_ln0 = store i8 %p_0_0_0940_114971508_i_load, i8 %p_0_0_0940_114971508_i_out"   --->   Operation 315 'store' 'store_ln0' <Predicate = (icmp_ln633)> <Delay = 0.00>
ST_4 : Operation 316 [1/1] (0.00ns)   --->   "%store_ln0 = store i8 %p_0_2_0_0_09151507_i_load, i8 %p_0_2_0_0_09151507_i_out"   --->   Operation 316 'store' 'store_ln0' <Predicate = (icmp_ln633)> <Delay = 0.00>
ST_4 : Operation 317 [1/1] (0.00ns)   --->   "%store_ln0 = store i8 %p_0_1_0_0_09141505_i_load, i8 %p_0_1_0_0_09141505_i_out"   --->   Operation 317 'store' 'store_ln0' <Predicate = (icmp_ln633)> <Delay = 0.00>
ST_4 : Operation 318 [1/1] (0.00ns)   --->   "%store_ln0 = store i8 %p_0_0_0_0_09131503_i_load, i8 %p_0_0_0_0_09131503_i_out"   --->   Operation 318 'store' 'store_ln0' <Predicate = (icmp_ln633)> <Delay = 0.00>
ST_4 : Operation 319 [1/1] (0.00ns)   --->   "%store_ln0 = store i8 %p_0_0_0938_21440_i_load, i8 %p_0_0_0938_21440_i_out"   --->   Operation 319 'store' 'store_ln0' <Predicate = (icmp_ln633)> <Delay = 0.00>
ST_4 : Operation 320 [1/1] (0.00ns)   --->   "%store_ln0 = store i8 %p_0_0_0939_21437_i_load, i8 %p_0_0_0939_21437_i_out"   --->   Operation 320 'store' 'store_ln0' <Predicate = (icmp_ln633)> <Delay = 0.00>
ST_4 : Operation 321 [1/1] (0.00ns)   --->   "%store_ln0 = store i8 %p_0_0_0940_21434_i_load, i8 %p_0_0_0940_21434_i_out"   --->   Operation 321 'store' 'store_ln0' <Predicate = (icmp_ln633)> <Delay = 0.00>
ST_4 : Operation 322 [1/1] (0.00ns)   --->   "%store_ln0 = store i8 %p_0_0_09381410_i_load, i8 %p_0_0_09381410_i_out"   --->   Operation 322 'store' 'store_ln0' <Predicate = (icmp_ln633)> <Delay = 0.00>
ST_4 : Operation 323 [1/1] (0.00ns)   --->   "%store_ln0 = store i8 %p_0_0_09391407_i_load, i8 %p_0_0_09391407_i_out"   --->   Operation 323 'store' 'store_ln0' <Predicate = (icmp_ln633)> <Delay = 0.00>
ST_4 : Operation 324 [1/1] (0.00ns)   --->   "%store_ln0 = store i8 %p_0_0_09401404_i_load, i8 %p_0_0_09401404_i_out"   --->   Operation 324 'store' 'store_ln0' <Predicate = (icmp_ln633)> <Delay = 0.00>
ST_4 : Operation 325 [1/1] (0.42ns)   --->   "%ret_ln0 = ret"   --->   Operation 325 'ret' 'ret_ln0' <Predicate = (icmp_ln633)> <Delay = 0.42>

State 5 <SV = 4> <Delay = 4.39>
ST_5 : Operation 277 [1/1] (0.00ns)   --->   "%zext_ln763 = zext i8 %pix" [C:/pcam5/prj/sol/.autopilot/db/v_demosaic.cpp:763->C:/pcam5/prj/sol/.autopilot/db/v_demosaic.cpp:1072]   --->   Operation 277 'zext' 'zext_ln763' <Predicate = (!icmp_ln633)> <Delay = 0.00>
ST_5 : Operation 278 [1/1] (0.00ns)   --->   "%zext_ln765 = zext i8 %pix_4" [C:/pcam5/prj/sol/.autopilot/db/v_demosaic.cpp:765->C:/pcam5/prj/sol/.autopilot/db/v_demosaic.cpp:1072]   --->   Operation 278 'zext' 'zext_ln765' <Predicate = (!icmp_ln633)> <Delay = 0.00>
ST_5 : Operation 279 [1/1] (0.39ns)   --->   "%CH = select i1 %red, i8 %pix, i8 %pix_4" [C:/pcam5/prj/sol/.autopilot/db/v_demosaic.cpp:788->C:/pcam5/prj/sol/.autopilot/db/v_demosaic.cpp:1072]   --->   Operation 279 'select' 'CH' <Predicate = (!icmp_ln633 & icmp_ln772)> <Delay = 0.39> <CoreInst = "Sel">   --->   Core 73 'Sel' <Latency = 0> <II = 1> <Delay = 0.39> <FuncUnit> <Opcode : 'select'> <InPorts = 3> <OutPorts = 1>
ST_5 : Operation 280 [1/1] (0.00ns)   --->   "%zext_ln788 = zext i8 %CH" [C:/pcam5/prj/sol/.autopilot/db/v_demosaic.cpp:788->C:/pcam5/prj/sol/.autopilot/db/v_demosaic.cpp:1072]   --->   Operation 280 'zext' 'zext_ln788' <Predicate = (!icmp_ln633 & icmp_ln772)> <Delay = 0.00>
ST_5 : Operation 281 [1/1] (0.00ns) (grouped into LUT with out node CV)   --->   "%tmp_5 = bitselect i1 @_ssdm_op_BitSelect.i1.i11.i32, i11 %add_ln820, i32 10" [C:/pcam5/prj/sol/.autopilot/db/v_demosaic.cpp:820->C:/pcam5/prj/sol/.autopilot/db/v_demosaic.cpp:1072]   --->   Operation 281 'bitselect' 'tmp_5' <Predicate = (!icmp_ln633 & icmp_ln772)> <Delay = 0.00>
ST_5 : Operation 282 [1/1] (0.00ns) (grouped into LUT with out node CV)   --->   "%trunc_ln820_2 = partselect i10 @_ssdm_op_PartSelect.i10.i11.i32.i32, i11 %add_ln820, i32 1, i32 10" [C:/pcam5/prj/sol/.autopilot/db/v_demosaic.cpp:820->C:/pcam5/prj/sol/.autopilot/db/v_demosaic.cpp:1072]   --->   Operation 282 'partselect' 'trunc_ln820_2' <Predicate = (!icmp_ln633 & icmp_ln772)> <Delay = 0.00>
ST_5 : Operation 283 [1/1] (0.00ns) (grouped into LUT with out node CV)   --->   "%select_ln820_1 = select i1 %tmp_5, i10 %sub_ln820_2, i10 %trunc_ln820_2" [C:/pcam5/prj/sol/.autopilot/db/v_demosaic.cpp:820->C:/pcam5/prj/sol/.autopilot/db/v_demosaic.cpp:1072]   --->   Operation 283 'select' 'select_ln820_1' <Predicate = (!icmp_ln633 & icmp_ln772)> <Delay = 0.00> <CoreInst = "Sel">   --->   Core 73 'Sel' <Latency = 0> <II = 1> <Delay = 0.40> <FuncUnit> <Opcode : 'select'> <InPorts = 3> <OutPorts = 1>
ST_5 : Operation 284 [1/1] (0.00ns) (grouped into LUT with out node CV)   --->   "%zext_ln817_1 = zext i8 %pix_3" [C:/pcam5/prj/sol/.autopilot/db/v_demosaic.cpp:817->C:/pcam5/prj/sol/.autopilot/db/v_demosaic.cpp:1072]   --->   Operation 284 'zext' 'zext_ln817_1' <Predicate = (!icmp_ln633 & icmp_ln772)> <Delay = 0.00>
ST_5 : Operation 285 [1/1] (0.78ns) (out node of the LUT)   --->   "%CV = sub i10 %zext_ln817_1, i10 %select_ln820_1" [C:/pcam5/prj/sol/.autopilot/db/v_demosaic.cpp:817->C:/pcam5/prj/sol/.autopilot/db/v_demosaic.cpp:1072]   --->   Operation 285 'sub' 'CV' <Predicate = (!icmp_ln633 & icmp_ln772)> <Delay = 0.78> <CoreInst = "Adder">   --->   Core 1 'Adder' <Latency = 0> <II = 1> <Delay = 0.78> <FuncUnit> <Opcode : 'add' 'sub'> <InPorts = 2> <OutPorts = 1>
ST_5 : Operation 286 [1/1] (0.40ns)   --->   "%r = select i1 %red, i10 %zext_ln788, i10 %CV" [C:/pcam5/prj/sol/.autopilot/db/v_demosaic.cpp:823->C:/pcam5/prj/sol/.autopilot/db/v_demosaic.cpp:1072]   --->   Operation 286 'select' 'r' <Predicate = (!icmp_ln633 & icmp_ln772)> <Delay = 0.40> <CoreInst = "Sel">   --->   Core 73 'Sel' <Latency = 0> <II = 1> <Delay = 0.40> <FuncUnit> <Opcode : 'select'> <InPorts = 3> <OutPorts = 1>
ST_5 : Operation 287 [1/1] (0.40ns)   --->   "%b = select i1 %red, i10 %CV, i10 %zext_ln788" [C:/pcam5/prj/sol/.autopilot/db/v_demosaic.cpp:824->C:/pcam5/prj/sol/.autopilot/db/v_demosaic.cpp:1072]   --->   Operation 287 'select' 'b' <Predicate = (!icmp_ln633 & icmp_ln772)> <Delay = 0.40> <CoreInst = "Sel">   --->   Core 73 'Sel' <Latency = 0> <II = 1> <Delay = 0.40> <FuncUnit> <Opcode : 'select'> <InPorts = 3> <OutPorts = 1>
ST_5 : Operation 288 [1/1] (0.42ns)   --->   "%br_ln826 = br void %if.end518.i" [C:/pcam5/prj/sol/.autopilot/db/v_demosaic.cpp:826->C:/pcam5/prj/sol/.autopilot/db/v_demosaic.cpp:1072]   --->   Operation 288 'br' 'br_ln826' <Predicate = (!icmp_ln633 & icmp_ln772)> <Delay = 0.42>
ST_5 : Operation 289 [1/1] (0.00ns)   --->   "%r_1 = phi i10 %r, void %sw.epilog.i, i10 %zext_ln763, void %for.body291.i"   --->   Operation 289 'phi' 'r_1' <Predicate = true> <Delay = 0.00>
ST_5 : Operation 290 [1/1] (0.00ns)   --->   "%b_1 = phi i10 %b, void %sw.epilog.i, i10 %zext_ln765, void %for.body291.i"   --->   Operation 290 'phi' 'b_1' <Predicate = true> <Delay = 0.00>
ST_5 : Operation 291 [1/1] (0.00ns)   --->   "%tmp_6 = bitselect i1 @_ssdm_op_BitSelect.i1.i10.i32, i10 %r_1, i32 9" [C:/pcam5/prj/sol/.autopilot/db/v_demosaic.cpp:827->C:/pcam5/prj/sol/.autopilot/db/v_demosaic.cpp:1072]   --->   Operation 291 'bitselect' 'tmp_6' <Predicate = true> <Delay = 0.00>
ST_5 : Operation 292 [1/1] (0.00ns)   --->   "%tmp_7 = partselect i2 @_ssdm_op_PartSelect.i2.i10.i32.i32, i10 %r_1, i32 8, i32 9" [C:/pcam5/prj/sol/.autopilot/db/v_demosaic.cpp:827->C:/pcam5/prj/sol/.autopilot/db/v_demosaic.cpp:1072]   --->   Operation 292 'partselect' 'tmp_7' <Predicate = true> <Delay = 0.00>
ST_5 : Operation 293 [1/1] (0.54ns)   --->   "%icmp_ln827 = icmp_eq  i2 %tmp_7, i2 1" [C:/pcam5/prj/sol/.autopilot/db/v_demosaic.cpp:827->C:/pcam5/prj/sol/.autopilot/db/v_demosaic.cpp:1072]   --->   Operation 293 'icmp' 'icmp_ln827' <Predicate = true> <Delay = 0.54> <CoreInst = "Cmp">   --->   Core 9 'Cmp' <Latency = 0> <II = 1> <Delay = 0.54> <FuncUnit> <Opcode : 'seteq' 'setne' 'setle' 'setge' 'setlt' 'setgt'> <InPorts = 2> <OutPorts = 1>
ST_5 : Operation 294 [1/1] (0.00ns) (grouped into LUT with out node select_ln827)   --->   "%trunc_ln827 = trunc i10 %r_1" [C:/pcam5/prj/sol/.autopilot/db/v_demosaic.cpp:827->C:/pcam5/prj/sol/.autopilot/db/v_demosaic.cpp:1072]   --->   Operation 294 'trunc' 'trunc_ln827' <Predicate = true> <Delay = 0.00>
ST_5 : Operation 295 [1/1] (0.00ns) (grouped into LUT with out node select_ln827)   --->   "%xor_ln827 = xor i1 %tmp_6, i1 1" [C:/pcam5/prj/sol/.autopilot/db/v_demosaic.cpp:827->C:/pcam5/prj/sol/.autopilot/db/v_demosaic.cpp:1072]   --->   Operation 295 'xor' 'xor_ln827' <Predicate = true> <Delay = 0.00> <CoreInst = "LogicGate">   --->   Core 74 'LogicGate' <Latency = 0> <II = 1> <Delay = 0.28> <FuncUnit> <Opcode : 'and' 'or' 'xor'> <InPorts = 2> <OutPorts = 1>
ST_5 : Operation 296 [1/1] (0.00ns) (grouped into LUT with out node select_ln827)   --->   "%select_ln827_1 = select i1 %xor_ln827, i8 255, i8 0" [C:/pcam5/prj/sol/.autopilot/db/v_demosaic.cpp:827->C:/pcam5/prj/sol/.autopilot/db/v_demosaic.cpp:1072]   --->   Operation 296 'select' 'select_ln827_1' <Predicate = true> <Delay = 0.00> <CoreInst = "Sel">   --->   Core 73 'Sel' <Latency = 0> <II = 1> <Delay = 0.17> <FuncUnit> <Opcode : 'select'> <InPorts = 3> <OutPorts = 1>
ST_5 : Operation 297 [1/1] (0.00ns) (grouped into LUT with out node select_ln827)   --->   "%or_ln827 = or i1 %tmp_6, i1 %icmp_ln827" [C:/pcam5/prj/sol/.autopilot/db/v_demosaic.cpp:827->C:/pcam5/prj/sol/.autopilot/db/v_demosaic.cpp:1072]   --->   Operation 297 'or' 'or_ln827' <Predicate = true> <Delay = 0.00> <CoreInst = "LogicGate">   --->   Core 74 'LogicGate' <Latency = 0> <II = 1> <Delay = 0.28> <FuncUnit> <Opcode : 'and' 'or' 'xor'> <InPorts = 2> <OutPorts = 1>
ST_5 : Operation 298 [1/1] (0.39ns) (out node of the LUT)   --->   "%select_ln827 = select i1 %or_ln827, i8 %select_ln827_1, i8 %trunc_ln827" [C:/pcam5/prj/sol/.autopilot/db/v_demosaic.cpp:827->C:/pcam5/prj/sol/.autopilot/db/v_demosaic.cpp:1072]   --->   Operation 298 'select' 'select_ln827' <Predicate = true> <Delay = 0.39> <CoreInst = "Sel">   --->   Core 73 'Sel' <Latency = 0> <II = 1> <Delay = 0.39> <FuncUnit> <Opcode : 'select'> <InPorts = 3> <OutPorts = 1>
ST_5 : Operation 299 [1/1] (0.00ns)   --->   "%tmp_8 = bitselect i1 @_ssdm_op_BitSelect.i1.i10.i32, i10 %b_1, i32 9" [C:/pcam5/prj/sol/.autopilot/db/v_demosaic.cpp:829->C:/pcam5/prj/sol/.autopilot/db/v_demosaic.cpp:1072]   --->   Operation 299 'bitselect' 'tmp_8' <Predicate = true> <Delay = 0.00>
ST_5 : Operation 300 [1/1] (0.00ns)   --->   "%tmp_9 = partselect i2 @_ssdm_op_PartSelect.i2.i10.i32.i32, i10 %b_1, i32 8, i32 9" [C:/pcam5/prj/sol/.autopilot/db/v_demosaic.cpp:829->C:/pcam5/prj/sol/.autopilot/db/v_demosaic.cpp:1072]   --->   Operation 300 'partselect' 'tmp_9' <Predicate = true> <Delay = 0.00>
ST_5 : Operation 301 [1/1] (0.54ns)   --->   "%icmp_ln829 = icmp_eq  i2 %tmp_9, i2 1" [C:/pcam5/prj/sol/.autopilot/db/v_demosaic.cpp:829->C:/pcam5/prj/sol/.autopilot/db/v_demosaic.cpp:1072]   --->   Operation 301 'icmp' 'icmp_ln829' <Predicate = true> <Delay = 0.54> <CoreInst = "Cmp">   --->   Core 9 'Cmp' <Latency = 0> <II = 1> <Delay = 0.54> <FuncUnit> <Opcode : 'seteq' 'setne' 'setle' 'setge' 'setlt' 'setgt'> <InPorts = 2> <OutPorts = 1>
ST_5 : Operation 302 [1/1] (0.00ns) (grouped into LUT with out node select_ln829)   --->   "%trunc_ln829 = trunc i10 %b_1" [C:/pcam5/prj/sol/.autopilot/db/v_demosaic.cpp:829->C:/pcam5/prj/sol/.autopilot/db/v_demosaic.cpp:1072]   --->   Operation 302 'trunc' 'trunc_ln829' <Predicate = true> <Delay = 0.00>
ST_5 : Operation 303 [1/1] (0.00ns) (grouped into LUT with out node select_ln829)   --->   "%xor_ln829 = xor i1 %tmp_8, i1 1" [C:/pcam5/prj/sol/.autopilot/db/v_demosaic.cpp:829->C:/pcam5/prj/sol/.autopilot/db/v_demosaic.cpp:1072]   --->   Operation 303 'xor' 'xor_ln829' <Predicate = true> <Delay = 0.00> <CoreInst = "LogicGate">   --->   Core 74 'LogicGate' <Latency = 0> <II = 1> <Delay = 0.28> <FuncUnit> <Opcode : 'and' 'or' 'xor'> <InPorts = 2> <OutPorts = 1>
ST_5 : Operation 304 [1/1] (0.00ns) (grouped into LUT with out node select_ln829)   --->   "%select_ln829_1 = select i1 %xor_ln829, i8 255, i8 0" [C:/pcam5/prj/sol/.autopilot/db/v_demosaic.cpp:829->C:/pcam5/prj/sol/.autopilot/db/v_demosaic.cpp:1072]   --->   Operation 304 'select' 'select_ln829_1' <Predicate = true> <Delay = 0.00> <CoreInst = "Sel">   --->   Core 73 'Sel' <Latency = 0> <II = 1> <Delay = 0.17> <FuncUnit> <Opcode : 'select'> <InPorts = 3> <OutPorts = 1>
ST_5 : Operation 305 [1/1] (0.00ns) (grouped into LUT with out node select_ln829)   --->   "%or_ln829 = or i1 %tmp_8, i1 %icmp_ln829" [C:/pcam5/prj/sol/.autopilot/db/v_demosaic.cpp:829->C:/pcam5/prj/sol/.autopilot/db/v_demosaic.cpp:1072]   --->   Operation 305 'or' 'or_ln829' <Predicate = true> <Delay = 0.00> <CoreInst = "LogicGate">   --->   Core 74 'LogicGate' <Latency = 0> <II = 1> <Delay = 0.28> <FuncUnit> <Opcode : 'and' 'or' 'xor'> <InPorts = 2> <OutPorts = 1>
ST_5 : Operation 306 [1/1] (0.39ns) (out node of the LUT)   --->   "%select_ln829 = select i1 %or_ln829, i8 %select_ln829_1, i8 %trunc_ln829" [C:/pcam5/prj/sol/.autopilot/db/v_demosaic.cpp:829->C:/pcam5/prj/sol/.autopilot/db/v_demosaic.cpp:1072]   --->   Operation 306 'select' 'select_ln829' <Predicate = true> <Delay = 0.39> <CoreInst = "Sel">   --->   Core 73 'Sel' <Latency = 0> <II = 1> <Delay = 0.39> <FuncUnit> <Opcode : 'select'> <InPorts = 3> <OutPorts = 1>
ST_5 : Operation 307 [1/1] (0.00ns)   --->   "%or_ln835_3_i = bitconcatenate i24 @_ssdm_op_BitConcatenate.i24.i8.i8.i8, i8 %select_ln829, i8 %pix_3, i8 %select_ln827" [C:/pcam5/prj/sol/.autopilot/db/v_demosaic.cpp:835->C:/pcam5/prj/sol/.autopilot/db/v_demosaic.cpp:1072]   --->   Operation 307 'bitconcatenate' 'or_ln835_3_i' <Predicate = (and_ln833)> <Delay = 0.00>
ST_5 : Operation 308 [1/1] ( I:1.83ns O:1.83ns )   --->   "%write_ln835 = write void @_ssdm_op_Write.ap_fifo.volatile.i24P0A, i24 %imgRB, i24 %or_ln835_3_i" [C:/pcam5/prj/sol/.autopilot/db/v_demosaic.cpp:835->C:/pcam5/prj/sol/.autopilot/db/v_demosaic.cpp:1072]   --->   Operation 308 'write' 'write_ln835' <Predicate = (and_ln833)> <Delay = 1.83> <CoreInst = "FIFO_SRL">   --->   Core 80 'FIFO_SRL' <Latency = 0> <II = 1> <Delay = 1.83> <Storage> <Opcode : 'read' 'write' 'nbread' 'nbwrite'> <Ports = 0> <Width = 24> <Depth = 2> <FIFO>
ST_5 : Operation 309 [1/1] (0.00ns)   --->   "%br_ln836 = br void %for.inc563.i" [C:/pcam5/prj/sol/.autopilot/db/v_demosaic.cpp:836->C:/pcam5/prj/sol/.autopilot/db/v_demosaic.cpp:1072]   --->   Operation 309 'br' 'br_ln836' <Predicate = (and_ln833)> <Delay = 0.00>


============================================================
+ Verbose Summary: Binding
============================================================
STG Binding: 
---------------- STG Properties BEGIN ----------------
- Is combinational: 0
- Is one-state seq: 0
- Is datapath-only: 0
- Is pipelined: 0
- Is top level: 0
Port [ Return ] is wired: 1; IO mode=ap_ctrl_hs:ce=0
Port [ p_0_2_0_0_09091518_lcssa1555_i]:  wired=1; compound=0; hidden=0; nouse=0; global=0; static=0; extern=0; dir=0; type=0; pingpong=0; private_global=0; IO mode=ap_none:ce=0
Port [ p_0_1_0_0_09081516_lcssa1553_i]:  wired=1; compound=0; hidden=0; nouse=0; global=0; static=0; extern=0; dir=0; type=0; pingpong=0; private_global=0; IO mode=ap_none:ce=0
Port [ p_0_0_0_0_09071514_lcssa1551_i]:  wired=1; compound=0; hidden=0; nouse=0; global=0; static=0; extern=0; dir=0; type=0; pingpong=0; private_global=0; IO mode=ap_none:ce=0
Port [ p_0_0_0938_115011513_lcssa1549_i]:  wired=1; compound=0; hidden=0; nouse=0; global=0; static=0; extern=0; dir=0; type=0; pingpong=0; private_global=0; IO mode=ap_none:ce=0
Port [ p_0_0_0939_114991511_lcssa1547_i]:  wired=1; compound=0; hidden=0; nouse=0; global=0; static=0; extern=0; dir=0; type=0; pingpong=0; private_global=0; IO mode=ap_none:ce=0
Port [ p_0_0_0940_114971509_lcssa1545_i]:  wired=1; compound=0; hidden=0; nouse=0; global=0; static=0; extern=0; dir=0; type=0; pingpong=0; private_global=0; IO mode=ap_none:ce=0
Port [ p_0_2_0_0_09151506_lcssa1543_i]:  wired=1; compound=0; hidden=0; nouse=0; global=0; static=0; extern=0; dir=0; type=0; pingpong=0; private_global=0; IO mode=ap_none:ce=0
Port [ p_0_1_0_0_09141504_lcssa1541_i]:  wired=1; compound=0; hidden=0; nouse=0; global=0; static=0; extern=0; dir=0; type=0; pingpong=0; private_global=0; IO mode=ap_none:ce=0
Port [ p_0_0_0_0_09131502_lcssa1539_i]:  wired=1; compound=0; hidden=0; nouse=0; global=0; static=0; extern=0; dir=0; type=0; pingpong=0; private_global=0; IO mode=ap_none:ce=0
Port [ p_0_0_0938_21441_lcssa1473_i]:  wired=1; compound=0; hidden=0; nouse=0; global=0; static=0; extern=0; dir=0; type=0; pingpong=0; private_global=0; IO mode=ap_none:ce=0
Port [ p_0_0_0939_21438_lcssa1471_i]:  wired=1; compound=0; hidden=0; nouse=0; global=0; static=0; extern=0; dir=0; type=0; pingpong=0; private_global=0; IO mode=ap_none:ce=0
Port [ p_0_0_0940_21435_lcssa1469_i]:  wired=1; compound=0; hidden=0; nouse=0; global=0; static=0; extern=0; dir=0; type=0; pingpong=0; private_global=0; IO mode=ap_none:ce=0
Port [ p_0_0_09381411_lcssa1461_i]:  wired=1; compound=0; hidden=0; nouse=0; global=0; static=0; extern=0; dir=0; type=0; pingpong=0; private_global=0; IO mode=ap_none:ce=0
Port [ p_0_0_09391408_lcssa1459_i]:  wired=1; compound=0; hidden=0; nouse=0; global=0; static=0; extern=0; dir=0; type=0; pingpong=0; private_global=0; IO mode=ap_none:ce=0
Port [ p_0_0_09401405_lcssa1457_i]:  wired=1; compound=0; hidden=0; nouse=0; global=0; static=0; extern=0; dir=0; type=0; pingpong=0; private_global=0; IO mode=ap_none:ce=0
Port [ xor_ln772]:  wired=1; compound=0; hidden=0; nouse=0; global=0; static=0; extern=0; dir=0; type=0; pingpong=0; private_global=0; IO mode=ap_none:ce=0
Port [ trunc_ln]:  wired=1; compound=0; hidden=0; nouse=0; global=0; static=0; extern=0; dir=0; type=0; pingpong=0; private_global=0; IO mode=ap_none:ce=0
Port [ y]:  wired=1; compound=0; hidden=0; nouse=0; global=0; static=0; extern=0; dir=0; type=0; pingpong=0; private_global=0; IO mode=ap_none:ce=0
Port [ height_val4_load]:  wired=1; compound=0; hidden=0; nouse=0; global=0; static=0; extern=0; dir=0; type=0; pingpong=0; private_global=0; IO mode=ap_none:ce=0
Port [ loopWidth]:  wired=1; compound=0; hidden=0; nouse=0; global=0; static=0; extern=0; dir=0; type=0; pingpong=0; private_global=0; IO mode=ap_none:ce=0
Port [ empty]:  wired=1; compound=0; hidden=0; nouse=0; global=0; static=0; extern=0; dir=0; type=0; pingpong=0; private_global=0; IO mode=ap_none:ce=0
Port [ xor_ln772_1]:  wired=1; compound=0; hidden=0; nouse=0; global=0; static=0; extern=0; dir=0; type=0; pingpong=0; private_global=0; IO mode=ap_none:ce=0
Port [ width_val8_load]:  wired=1; compound=0; hidden=0; nouse=0; global=0; static=0; extern=0; dir=0; type=0; pingpong=0; private_global=0; IO mode=ap_none:ce=0
Port [ imgG]:  wired=1; compound=1; hidden=0; nouse=0; global=0; static=0; extern=0; dir=0; type=3; pingpong=0; private_global=0; IO mode=ap_fifo:ce=0
Port [ imgRB]:  wired=1; compound=1; hidden=0; nouse=0; global=0; static=0; extern=0; dir=1; type=3; pingpong=0; private_global=0; IO mode=ap_fifo:ce=0
Port [ p_0_2_0_0_09091519_i_out]:  wired=1; compound=0; hidden=0; nouse=0; global=0; static=0; extern=0; dir=1; type=0; pingpong=0; private_global=0; IO mode=ap_vld:ce=0
Port [ p_0_1_0_0_09081517_i_out]:  wired=1; compound=0; hidden=0; nouse=0; global=0; static=0; extern=0; dir=1; type=0; pingpong=0; private_global=0; IO mode=ap_vld:ce=0
Port [ p_0_0_0_0_09071515_i_out]:  wired=1; compound=0; hidden=0; nouse=0; global=0; static=0; extern=0; dir=1; type=0; pingpong=0; private_global=0; IO mode=ap_vld:ce=0
Port [ p_0_0_0938_115011512_i_out]:  wired=1; compound=0; hidden=0; nouse=0; global=0; static=0; extern=0; dir=1; type=0; pingpong=0; private_global=0; IO mode=ap_vld:ce=0
Port [ p_0_0_0939_114991510_i_out]:  wired=1; compound=0; hidden=0; nouse=0; global=0; static=0; extern=0; dir=1; type=0; pingpong=0; private_global=0; IO mode=ap_vld:ce=0
Port [ p_0_0_0940_114971508_i_out]:  wired=1; compound=0; hidden=0; nouse=0; global=0; static=0; extern=0; dir=1; type=0; pingpong=0; private_global=0; IO mode=ap_vld:ce=0
Port [ p_0_2_0_0_09151507_i_out]:  wired=1; compound=0; hidden=0; nouse=0; global=0; static=0; extern=0; dir=1; type=0; pingpong=0; private_global=0; IO mode=ap_vld:ce=0
Port [ p_0_1_0_0_09141505_i_out]:  wired=1; compound=0; hidden=0; nouse=0; global=0; static=0; extern=0; dir=1; type=0; pingpong=0; private_global=0; IO mode=ap_vld:ce=0
Port [ p_0_0_0_0_09131503_i_out]:  wired=1; compound=0; hidden=0; nouse=0; global=0; static=0; extern=0; dir=1; type=0; pingpong=0; private_global=0; IO mode=ap_vld:ce=0
Port [ p_0_0_0938_21440_i_out]:  wired=1; compound=0; hidden=0; nouse=0; global=0; static=0; extern=0; dir=1; type=0; pingpong=0; private_global=0; IO mode=ap_vld:ce=0
Port [ p_0_0_0939_21437_i_out]:  wired=1; compound=0; hidden=0; nouse=0; global=0; static=0; extern=0; dir=1; type=0; pingpong=0; private_global=0; IO mode=ap_vld:ce=0
Port [ p_0_0_0940_21434_i_out]:  wired=1; compound=0; hidden=0; nouse=0; global=0; static=0; extern=0; dir=1; type=0; pingpong=0; private_global=0; IO mode=ap_vld:ce=0
Port [ p_0_0_09381410_i_out]:  wired=1; compound=0; hidden=0; nouse=0; global=0; static=0; extern=0; dir=1; type=0; pingpong=0; private_global=0; IO mode=ap_vld:ce=0
Port [ p_0_0_09391407_i_out]:  wired=1; compound=0; hidden=0; nouse=0; global=0; static=0; extern=0; dir=1; type=0; pingpong=0; private_global=0; IO mode=ap_vld:ce=0
Port [ p_0_0_09401404_i_out]:  wired=1; compound=0; hidden=0; nouse=0; global=0; static=0; extern=0; dir=1; type=0; pingpong=0; private_global=0; IO mode=ap_vld:ce=0
---------------- STG Properties END ------------------

---------------- Datapath Model BEGIN ----------------

<LifeTime>
<method=bitvector/>
x                                     (alloca           ) [ 010000]
p_0_0_0_0_09131503_i                  (alloca           ) [ 011100]
p_0_1_0_0_09141505_i                  (alloca           ) [ 011100]
p_0_2_0_0_09151507_i                  (alloca           ) [ 011100]
p_0_0_0940_114971508_i                (alloca           ) [ 011000]
p_0_0_0939_114991510_i                (alloca           ) [ 011000]
p_0_0_0938_115011512_i                (alloca           ) [ 011000]
p_0_0_0_0_09071515_i                  (alloca           ) [ 011100]
p_0_1_0_0_09081517_i                  (alloca           ) [ 011100]
p_0_2_0_0_09091519_i                  (alloca           ) [ 011100]
p_0_0_09401404_i                      (alloca           ) [ 011000]
p_0_0_09391407_i                      (alloca           ) [ 011000]
p_0_0_09381410_i                      (alloca           ) [ 011000]
p_0_0_0940_21434_i                    (alloca           ) [ 011000]
p_0_0_0939_21437_i                    (alloca           ) [ 011000]
p_0_0_0938_21440_i                    (alloca           ) [ 011000]
specinterface_ln0                     (specinterface    ) [ 000000]
specinterface_ln0                     (specinterface    ) [ 000000]
width_val8_load_read                  (read             ) [ 000000]
xor_ln772_1_read                      (read             ) [ 000000]
tmp                                   (read             ) [ 000000]
loopWidth_read                        (read             ) [ 000000]
height_val4_load_read                 (read             ) [ 000000]
y_read                                (read             ) [ 000000]
trunc_ln_read                         (read             ) [ 000000]
xor_ln772_read                        (read             ) [ 000000]
p_0_0_09401405_lcssa1457_i_read       (read             ) [ 000000]
p_0_0_09391408_lcssa1459_i_read       (read             ) [ 000000]
p_0_0_09381411_lcssa1461_i_read       (read             ) [ 000000]
p_0_0_0940_21435_lcssa1469_i_read     (read             ) [ 000000]
p_0_0_0939_21438_lcssa1471_i_read     (read             ) [ 000000]
p_0_0_0938_21441_lcssa1473_i_read     (read             ) [ 000000]
p_0_0_0_0_09131502_lcssa1539_i_read   (read             ) [ 000000]
p_0_1_0_0_09141504_lcssa1541_i_read   (read             ) [ 000000]
p_0_2_0_0_09151506_lcssa1543_i_read   (read             ) [ 000000]
p_0_0_0940_114971509_lcssa1545_i_read (read             ) [ 000000]
p_0_0_0939_114991511_lcssa1547_i_read (read             ) [ 000000]
p_0_0_0938_115011513_lcssa1549_i_read (read             ) [ 000000]
p_0_0_0_0_09071514_lcssa1551_i_read   (read             ) [ 000000]
p_0_1_0_0_09081516_lcssa1553_i_read   (read             ) [ 000000]
p_0_2_0_0_09091518_lcssa1555_i_read   (read             ) [ 000000]
lineBuffer_1                          (alloca           ) [ 000000]
lineBuffer                            (alloca           ) [ 000000]
zext_ln772                            (zext             ) [ 000000]
red                                   (icmp             ) [ 011111]
icmp_ln664                            (icmp             ) [ 011111]
icmp_ln728                            (icmp             ) [ 011000]
store_ln0                             (store            ) [ 000000]
store_ln0                             (store            ) [ 000000]
store_ln0                             (store            ) [ 000000]
store_ln0                             (store            ) [ 000000]
store_ln0                             (store            ) [ 000000]
store_ln0                             (store            ) [ 000000]
store_ln0                             (store            ) [ 000000]
store_ln0                             (store            ) [ 000000]
store_ln0                             (store            ) [ 000000]
store_ln0                             (store            ) [ 000000]
store_ln0                             (store            ) [ 000000]
store_ln0                             (store            ) [ 000000]
store_ln0                             (store            ) [ 000000]
store_ln0                             (store            ) [ 000000]
store_ln0                             (store            ) [ 000000]
store_ln603                           (store            ) [ 000000]
br_ln633                              (br               ) [ 000000]
z                                     (load             ) [ 000000]
icmp_ln633                            (icmp             ) [ 011111]
x_5                                   (add              ) [ 000000]
br_ln633                              (br               ) [ 000000]
trunc_ln633                           (trunc            ) [ 000000]
specpipeline_ln636                    (specpipeline     ) [ 000000]
specloopname_ln633                    (specloopname     ) [ 000000]
zext_ln633                            (zext             ) [ 000000]
icmp_ln643                            (icmp             ) [ 011111]
br_ln643                              (br               ) [ 011100]
lineBuffer_addr                       (getelementptr    ) [ 011000]
lineBuffer_1_addr                     (getelementptr    ) [ 011000]
br_ln664                              (br               ) [ 011000]
br_ln678                              (br               ) [ 011000]
icmp_ln710                            (icmp             ) [ 011000]
br_ln742                              (br               ) [ 011100]
xor_ln772_2                           (xor              ) [ 000000]
xor_ln772_3                           (xor              ) [ 000000]
zext_ln772_1                          (zext             ) [ 000000]
icmp_ln772                            (icmp             ) [ 011111]
br_ln772                              (br               ) [ 011111]
icmp_ln833                            (icmp             ) [ 000000]
and_ln833                             (and              ) [ 011111]
br_ln833                              (br               ) [ 000000]
store_ln603                           (store            ) [ 000000]
p_0_0_0_0_09131503_i_load             (load             ) [ 010110]
p_0_1_0_0_09141505_i_load             (load             ) [ 010110]
p_0_2_0_0_09151507_i_load             (load             ) [ 010110]
p_0_0_0940_114971508_i_load           (load             ) [ 010110]
p_0_0_0939_114991510_i_load           (load             ) [ 010110]
p_0_0_0938_115011512_i_load           (load             ) [ 010110]
p_0_0_0_0_09071515_i_load             (load             ) [ 010110]
p_0_1_0_0_09081517_i_load             (load             ) [ 010110]
p_0_2_0_0_09091519_i_load             (load             ) [ 010110]
p_0_0_09401404_i_load                 (load             ) [ 010110]
p_0_0_09391407_i_load                 (load             ) [ 010110]
p_0_0_09381410_i_load                 (load             ) [ 010110]
p_0_0_0940_21434_i_load               (load             ) [ 010110]
p_0_0_0939_21437_i_load               (load             ) [ 010110]
p_0_0_0938_21440_i_load               (load             ) [ 010110]
speclooptripcount_ln0                 (speclooptripcount) [ 000000]
LineBufVal                            (load             ) [ 000000]
trunc_ln654                           (trunc            ) [ 000000]
tmp_4_i                               (partselect       ) [ 000000]
tmp_5_i                               (partselect       ) [ 000000]
LineBufVal_1                          (load             ) [ 000000]
trunc_ln654_1                         (trunc            ) [ 000000]
tmp_7_i                               (partselect       ) [ 000000]
tmp_8_i                               (partselect       ) [ 000000]
InPix                                 (read             ) [ 000000]
trunc_ln666                           (trunc            ) [ 000000]
trunc_ln666_2                         (partselect       ) [ 000000]
trunc_ln666_3                         (partselect       ) [ 000000]
store_ln812                           (store            ) [ 000000]
p_0_0_0938_21489_ph_i                 (phi              ) [ 011000]
p_0_0_0939_21487_ph_i                 (phi              ) [ 011000]
p_0_0_0940_21485_ph_i                 (phi              ) [ 011000]
select_ln710                          (select           ) [ 010100]
select_ln710_1                        (select           ) [ 010100]
select_ln710_2                        (select           ) [ 010100]
select_ln710_3                        (select           ) [ 000000]
select_ln710_4                        (select           ) [ 000000]
select_ln710_5                        (select           ) [ 000000]
select_ln710_6                        (select           ) [ 000000]
select_ln710_7                        (select           ) [ 000000]
select_ln710_8                        (select           ) [ 000000]
select_ln710_9                        (select           ) [ 000000]
select_ln710_10                       (select           ) [ 000000]
select_ln710_11                       (select           ) [ 000000]
select_ln710_12                       (select           ) [ 000000]
select_ln710_13                       (select           ) [ 000000]
select_ln710_14                       (select           ) [ 000000]
select_ln728                          (select           ) [ 000000]
select_ln728_1                        (select           ) [ 000000]
select_ln728_2                        (select           ) [ 000000]
LineBufVal_2                          (bitconcatenate   ) [ 000000]
store_ln740                           (store            ) [ 000000]
store_ln666                           (store            ) [ 000000]
store_ln666                           (store            ) [ 000000]
store_ln666                           (store            ) [ 000000]
store_ln654                           (store            ) [ 000000]
store_ln654                           (store            ) [ 000000]
store_ln654                           (store            ) [ 000000]
store_ln654                           (store            ) [ 000000]
store_ln654                           (store            ) [ 000000]
store_ln654                           (store            ) [ 000000]
downleft_2                            (phi              ) [ 011000]
downleft_1                            (phi              ) [ 011000]
downleft                              (phi              ) [ 011000]
p_0_0_0938_21441_i                    (phi              ) [ 011000]
p_0_0_0939_21438_i                    (phi              ) [ 011000]
p_0_0_0940_21435_i                    (phi              ) [ 011000]
upleft_2                              (phi              ) [ 011000]
upleft_1                              (phi              ) [ 011000]
upleft                                (phi              ) [ 011000]
p_0_0_09381411_i                      (phi              ) [ 011000]
p_0_0_09391408_i                      (phi              ) [ 011000]
p_0_0_09401405_i                      (phi              ) [ 011000]
zext_ln790_1                          (zext             ) [ 010100]
zext_ln791                            (zext             ) [ 010100]
select_ln817                          (select           ) [ 000000]
zext_ln817                            (zext             ) [ 000000]
sub_ln817                             (sub              ) [ 010110]
select_ln818                          (select           ) [ 000000]
zext_ln818                            (zext             ) [ 000000]
sub_ln818                             (sub              ) [ 010110]
store_ln710                           (store            ) [ 000000]
store_ln710                           (store            ) [ 000000]
store_ln710                           (store            ) [ 000000]
store_ln710                           (store            ) [ 000000]
store_ln710                           (store            ) [ 000000]
store_ln710                           (store            ) [ 000000]
br_ln633                              (br               ) [ 000000]
pix_4                                 (phi              ) [ 010111]
pix_3                                 (phi              ) [ 010111]
pix                                   (phi              ) [ 010111]
p_0_1_0_0_09141505_i_load_1           (load             ) [ 000000]
p_0_1_0_0_09081517_i_load_1           (load             ) [ 000000]
zext_ln790                            (zext             ) [ 000000]
sub_ln790                             (sub              ) [ 000000]
trunc_ln61                            (trunc            ) [ 000000]
tmp_1                                 (bitselect        ) [ 000000]
sub_ln61                              (sub              ) [ 000000]
agdiff                                (select           ) [ 000000]
sub_ln791                             (sub              ) [ 000000]
trunc_ln61_1                          (trunc            ) [ 000000]
tmp_2                                 (bitselect        ) [ 000000]
sub_ln61_1                            (sub              ) [ 000000]
agdiff_1                              (select           ) [ 000000]
zext_ln792                            (zext             ) [ 000000]
sub_ln792                             (sub              ) [ 000000]
trunc_ln61_2                          (trunc            ) [ 000000]
tmp_3                                 (bitselect        ) [ 000000]
sub_ln61_2                            (sub              ) [ 000000]
agdiff_2                              (select           ) [ 000000]
zext_ln793                            (zext             ) [ 000000]
sub_ln793                             (sub              ) [ 000000]
trunc_ln61_3                          (trunc            ) [ 000000]
tmp_4                                 (bitselect        ) [ 000000]
sub_ln61_3                            (sub              ) [ 000000]
agdiff_3                              (select           ) [ 000000]
enable                                (icmp             ) [ 000000]
zext_ln769                            (zext             ) [ 000000]
icmp_ln796                            (icmp             ) [ 000000]
or_ln                                 (bitconcatenate   ) [ 000000]
enable_1                              (select           ) [ 000000]
zext_ln769_1                          (zext             ) [ 000000]
icmp_ln797                            (icmp             ) [ 000000]
enable_2                              (bitconcatenate   ) [ 000000]
enable_3                              (select           ) [ 000000]
zext_ln769_2                          (zext             ) [ 000000]
icmp_ln798                            (icmp             ) [ 000000]
or_ln1                                (bitconcatenate   ) [ 000000]
enable_4                              (select           ) [ 000000]
zext_ln769_3                          (zext             ) [ 000000]
icmp_ln799                            (icmp             ) [ 000000]
enable_5                              (bitconcatenate   ) [ 000000]
enable_6                              (select           ) [ 010010]
icmp_ln800                            (icmp             ) [ 010010]
p_0_0_0_0_09131503_i_load_1           (load             ) [ 000000]
p_0_2_0_0_09151507_i_load_1           (load             ) [ 000000]
p_0_0_0_0_09071515_i_load_1           (load             ) [ 000000]
p_0_2_0_0_09091519_i_load_1           (load             ) [ 000000]
select_ln819                          (select           ) [ 000000]
zext_ln819                            (zext             ) [ 000000]
sub_ln819                             (sub              ) [ 010010]
select_ln820                          (select           ) [ 000000]
zext_ln820                            (zext             ) [ 000000]
sub_ln820                             (sub              ) [ 010010]
zext_ln769_4                          (zext             ) [ 000000]
or_ln2                                (bitconcatenate   ) [ 000000]
enable_7                              (select           ) [ 010011]
switch_ln802                          (switch           ) [ 000000]
br_ln814                              (br               ) [ 000000]
br_ln812                              (br               ) [ 000000]
br_ln810                              (br               ) [ 000000]
br_ln808                              (br               ) [ 000000]
br_ln806                              (br               ) [ 000000]
br_ln804                              (br               ) [ 000000]
en_rgd_3                              (phi              ) [ 000000]
en_rgd_2                              (phi              ) [ 000000]
en_rgd_1                              (phi              ) [ 000000]
en_rgd                                (phi              ) [ 000000]
select_ln817_1                        (select           ) [ 000000]
and_ln817                             (and              ) [ 000000]
sext_ln818                            (sext             ) [ 000000]
select_ln818_1                        (select           ) [ 000000]
and_ln818                             (and              ) [ 000000]
sext_ln817                            (sext             ) [ 000000]
add_ln817                             (add              ) [ 000000]
select_ln819_1                        (select           ) [ 000000]
and_ln819                             (and              ) [ 000000]
sext_ln818_1                          (sext             ) [ 000000]
sext_ln820_1                          (sext             ) [ 000000]
select_ln820_2                        (select           ) [ 000000]
and_ln820                             (and              ) [ 000000]
sext_ln820                            (sext             ) [ 000000]
add_ln820_1                           (add              ) [ 000000]
sext_ln820_2                          (sext             ) [ 000000]
add_ln820                             (add              ) [ 010001]
sub_ln820_1                           (sub              ) [ 000000]
trunc_ln820_1                         (partselect       ) [ 000000]
sub_ln820_2                           (sub              ) [ 010001]
zext_ln763                            (zext             ) [ 000000]
zext_ln765                            (zext             ) [ 000000]
CH                                    (select           ) [ 000000]
zext_ln788                            (zext             ) [ 000000]
tmp_5                                 (bitselect        ) [ 000000]
trunc_ln820_2                         (partselect       ) [ 000000]
select_ln820_1                        (select           ) [ 000000]
zext_ln817_1                          (zext             ) [ 000000]
CV                                    (sub              ) [ 000000]
r                                     (select           ) [ 000000]
b                                     (select           ) [ 000000]
br_ln826                              (br               ) [ 000000]
r_1                                   (phi              ) [ 011111]
b_1                                   (phi              ) [ 011111]
tmp_6                                 (bitselect        ) [ 000000]
tmp_7                                 (partselect       ) [ 000000]
icmp_ln827                            (icmp             ) [ 000000]
trunc_ln827                           (trunc            ) [ 000000]
xor_ln827                             (xor              ) [ 000000]
select_ln827_1                        (select           ) [ 000000]
or_ln827                              (or               ) [ 000000]
select_ln827                          (select           ) [ 000000]
tmp_8                                 (bitselect        ) [ 000000]
tmp_9                                 (partselect       ) [ 000000]
icmp_ln829                            (icmp             ) [ 000000]
trunc_ln829                           (trunc            ) [ 000000]
xor_ln829                             (xor              ) [ 000000]
select_ln829_1                        (select           ) [ 000000]
or_ln829                              (or               ) [ 000000]
select_ln829                          (select           ) [ 000000]
or_ln835_3_i                          (bitconcatenate   ) [ 000000]
write_ln835                           (write            ) [ 000000]
br_ln836                              (br               ) [ 000000]
store_ln0                             (store            ) [ 000000]
store_ln0                             (store            ) [ 000000]
store_ln0                             (store            ) [ 000000]
store_ln0                             (store            ) [ 000000]
store_ln0                             (store            ) [ 000000]
store_ln0                             (store            ) [ 000000]
store_ln0                             (store            ) [ 000000]
store_ln0                             (store            ) [ 000000]
store_ln0                             (store            ) [ 000000]
store_ln0                             (store            ) [ 000000]
store_ln0                             (store            ) [ 000000]
store_ln0                             (store            ) [ 000000]
store_ln0                             (store            ) [ 000000]
store_ln0                             (store            ) [ 000000]
store_ln0                             (store            ) [ 000000]
ret_ln0                               (ret              ) [ 000000]
</LifeTime>

<model>

<comp_list>
<comp id="0" class="1000" name="p_0_2_0_0_09091518_lcssa1555_i">
<pin_list>
<pin id="1" dir="1" index="0" bw="1" slack="0"/>
</pin_list>
<bind>
<StgValue><ssdm name="p_0_2_0_0_09091518_lcssa1555_i"/></StgValue>
</bind>
</comp>

<comp id="2" class="1000" name="p_0_1_0_0_09081516_lcssa1553_i">
<pin_list>
<pin id="3" dir="1" index="0" bw="1" slack="0"/>
</pin_list>
<bind>
<StgValue><ssdm name="p_0_1_0_0_09081516_lcssa1553_i"/></StgValue>
</bind>
</comp>

<comp id="4" class="1000" name="p_0_0_0_0_09071514_lcssa1551_i">
<pin_list>
<pin id="5" dir="1" index="0" bw="1" slack="0"/>
</pin_list>
<bind>
<StgValue><ssdm name="p_0_0_0_0_09071514_lcssa1551_i"/></StgValue>
</bind>
</comp>

<comp id="6" class="1000" name="p_0_0_0938_115011513_lcssa1549_i">
<pin_list>
<pin id="7" dir="1" index="0" bw="1" slack="0"/>
</pin_list>
<bind>
<StgValue><ssdm name="p_0_0_0938_115011513_lcssa1549_i"/></StgValue>
</bind>
</comp>

<comp id="8" class="1000" name="p_0_0_0939_114991511_lcssa1547_i">
<pin_list>
<pin id="9" dir="1" index="0" bw="1" slack="0"/>
</pin_list>
<bind>
<StgValue><ssdm name="p_0_0_0939_114991511_lcssa1547_i"/></StgValue>
</bind>
</comp>

<comp id="10" class="1000" name="p_0_0_0940_114971509_lcssa1545_i">
<pin_list>
<pin id="11" dir="1" index="0" bw="1" slack="0"/>
</pin_list>
<bind>
<StgValue><ssdm name="p_0_0_0940_114971509_lcssa1545_i"/></StgValue>
</bind>
</comp>

<comp id="12" class="1000" name="p_0_2_0_0_09151506_lcssa1543_i">
<pin_list>
<pin id="13" dir="1" index="0" bw="1" slack="0"/>
</pin_list>
<bind>
<StgValue><ssdm name="p_0_2_0_0_09151506_lcssa1543_i"/></StgValue>
</bind>
</comp>

<comp id="14" class="1000" name="p_0_1_0_0_09141504_lcssa1541_i">
<pin_list>
<pin id="15" dir="1" index="0" bw="1" slack="0"/>
</pin_list>
<bind>
<StgValue><ssdm name="p_0_1_0_0_09141504_lcssa1541_i"/></StgValue>
</bind>
</comp>

<comp id="16" class="1000" name="p_0_0_0_0_09131502_lcssa1539_i">
<pin_list>
<pin id="17" dir="1" index="0" bw="1" slack="0"/>
</pin_list>
<bind>
<StgValue><ssdm name="p_0_0_0_0_09131502_lcssa1539_i"/></StgValue>
</bind>
</comp>

<comp id="18" class="1000" name="p_0_0_0938_21441_lcssa1473_i">
<pin_list>
<pin id="19" dir="1" index="0" bw="1" slack="0"/>
</pin_list>
<bind>
<StgValue><ssdm name="p_0_0_0938_21441_lcssa1473_i"/></StgValue>
</bind>
</comp>

<comp id="20" class="1000" name="p_0_0_0939_21438_lcssa1471_i">
<pin_list>
<pin id="21" dir="1" index="0" bw="1" slack="0"/>
</pin_list>
<bind>
<StgValue><ssdm name="p_0_0_0939_21438_lcssa1471_i"/></StgValue>
</bind>
</comp>

<comp id="22" class="1000" name="p_0_0_0940_21435_lcssa1469_i">
<pin_list>
<pin id="23" dir="1" index="0" bw="1" slack="0"/>
</pin_list>
<bind>
<StgValue><ssdm name="p_0_0_0940_21435_lcssa1469_i"/></StgValue>
</bind>
</comp>

<comp id="24" class="1000" name="p_0_0_09381411_lcssa1461_i">
<pin_list>
<pin id="25" dir="1" index="0" bw="1" slack="0"/>
</pin_list>
<bind>
<StgValue><ssdm name="p_0_0_09381411_lcssa1461_i"/></StgValue>
</bind>
</comp>

<comp id="26" class="1000" name="p_0_0_09391408_lcssa1459_i">
<pin_list>
<pin id="27" dir="1" index="0" bw="1" slack="0"/>
</pin_list>
<bind>
<StgValue><ssdm name="p_0_0_09391408_lcssa1459_i"/></StgValue>
</bind>
</comp>

<comp id="28" class="1000" name="p_0_0_09401405_lcssa1457_i">
<pin_list>
<pin id="29" dir="1" index="0" bw="1" slack="0"/>
</pin_list>
<bind>
<StgValue><ssdm name="p_0_0_09401405_lcssa1457_i"/></StgValue>
</bind>
</comp>

<comp id="30" class="1000" name="xor_ln772">
<pin_list>
<pin id="31" dir="1" index="0" bw="1" slack="0"/>
</pin_list>
<bind>
<StgValue><ssdm name="xor_ln772"/></StgValue>
</bind>
</comp>

<comp id="32" class="1000" name="trunc_ln">
<pin_list>
<pin id="33" dir="1" index="0" bw="1" slack="0"/>
</pin_list>
<bind>
<StgValue><ssdm name="trunc_ln"/></StgValue>
</bind>
</comp>

<comp id="34" class="1000" name="y">
<pin_list>
<pin id="35" dir="1" index="0" bw="1" slack="0"/>
</pin_list>
<bind>
<StgValue><ssdm name="y"/></StgValue>
</bind>
</comp>

<comp id="36" class="1000" name="height_val4_load">
<pin_list>
<pin id="37" dir="1" index="0" bw="1" slack="0"/>
</pin_list>
<bind>
<StgValue><ssdm name="height_val4_load"/></StgValue>
</bind>
</comp>

<comp id="38" class="1000" name="loopWidth">
<pin_list>
<pin id="39" dir="1" index="0" bw="1" slack="0"/>
</pin_list>
<bind>
<StgValue><ssdm name="loopWidth"/></StgValue>
</bind>
</comp>

<comp id="40" class="1000" name="empty">
<pin_list>
<pin id="41" dir="1" index="0" bw="1" slack="0"/>
</pin_list>
<bind>
<StgValue><ssdm name="empty"/></StgValue>
</bind>
</comp>

<comp id="42" class="1000" name="xor_ln772_1">
<pin_list>
<pin id="43" dir="1" index="0" bw="1" slack="0"/>
</pin_list>
<bind>
<StgValue><ssdm name="xor_ln772_1"/></StgValue>
</bind>
</comp>

<comp id="44" class="1000" name="width_val8_load">
<pin_list>
<pin id="45" dir="1" index="0" bw="1" slack="0"/>
</pin_list>
<bind>
<StgValue><ssdm name="width_val8_load"/></StgValue>
</bind>
</comp>

<comp id="46" class="1000" name="imgG">
<pin_list>
<pin id="47" dir="1" index="0" bw="1" slack="0"/>
</pin_list>
<bind>
<StgValue><ssdm name="imgG"/></StgValue>
</bind>
</comp>

<comp id="48" class="1000" name="imgRB">
<pin_list>
<pin id="49" dir="1" index="0" bw="1" slack="0"/>
</pin_list>
<bind>
<StgValue><ssdm name="imgRB"/></StgValue>
</bind>
</comp>

<comp id="50" class="1000" name="p_0_2_0_0_09091519_i_out">
<pin_list>
<pin id="51" dir="1" index="0" bw="1" slack="0"/>
</pin_list>
<bind>
<StgValue><ssdm name="p_0_2_0_0_09091519_i_out"/></StgValue>
</bind>
</comp>

<comp id="52" class="1000" name="p_0_1_0_0_09081517_i_out">
<pin_list>
<pin id="53" dir="1" index="0" bw="1" slack="0"/>
</pin_list>
<bind>
<StgValue><ssdm name="p_0_1_0_0_09081517_i_out"/></StgValue>
</bind>
</comp>

<comp id="54" class="1000" name="p_0_0_0_0_09071515_i_out">
<pin_list>
<pin id="55" dir="1" index="0" bw="1" slack="0"/>
</pin_list>
<bind>
<StgValue><ssdm name="p_0_0_0_0_09071515_i_out"/></StgValue>
</bind>
</comp>

<comp id="56" class="1000" name="p_0_0_0938_115011512_i_out">
<pin_list>
<pin id="57" dir="1" index="0" bw="1" slack="0"/>
</pin_list>
<bind>
<StgValue><ssdm name="p_0_0_0938_115011512_i_out"/></StgValue>
</bind>
</comp>

<comp id="58" class="1000" name="p_0_0_0939_114991510_i_out">
<pin_list>
<pin id="59" dir="1" index="0" bw="1" slack="0"/>
</pin_list>
<bind>
<StgValue><ssdm name="p_0_0_0939_114991510_i_out"/></StgValue>
</bind>
</comp>

<comp id="60" class="1000" name="p_0_0_0940_114971508_i_out">
<pin_list>
<pin id="61" dir="1" index="0" bw="1" slack="0"/>
</pin_list>
<bind>
<StgValue><ssdm name="p_0_0_0940_114971508_i_out"/></StgValue>
</bind>
</comp>

<comp id="62" class="1000" name="p_0_2_0_0_09151507_i_out">
<pin_list>
<pin id="63" dir="1" index="0" bw="1" slack="0"/>
</pin_list>
<bind>
<StgValue><ssdm name="p_0_2_0_0_09151507_i_out"/></StgValue>
</bind>
</comp>

<comp id="64" class="1000" name="p_0_1_0_0_09141505_i_out">
<pin_list>
<pin id="65" dir="1" index="0" bw="1" slack="0"/>
</pin_list>
<bind>
<StgValue><ssdm name="p_0_1_0_0_09141505_i_out"/></StgValue>
</bind>
</comp>

<comp id="66" class="1000" name="p_0_0_0_0_09131503_i_out">
<pin_list>
<pin id="67" dir="1" index="0" bw="1" slack="0"/>
</pin_list>
<bind>
<StgValue><ssdm name="p_0_0_0_0_09131503_i_out"/></StgValue>
</bind>
</comp>

<comp id="68" class="1000" name="p_0_0_0938_21440_i_out">
<pin_list>
<pin id="69" dir="1" index="0" bw="1" slack="0"/>
</pin_list>
<bind>
<StgValue><ssdm name="p_0_0_0938_21440_i_out"/></StgValue>
</bind>
</comp>

<comp id="70" class="1000" name="p_0_0_0939_21437_i_out">
<pin_list>
<pin id="71" dir="1" index="0" bw="1" slack="0"/>
</pin_list>
<bind>
<StgValue><ssdm name="p_0_0_0939_21437_i_out"/></StgValue>
</bind>
</comp>

<comp id="72" class="1000" name="p_0_0_0940_21434_i_out">
<pin_list>
<pin id="73" dir="1" index="0" bw="1" slack="0"/>
</pin_list>
<bind>
<StgValue><ssdm name="p_0_0_0940_21434_i_out"/></StgValue>
</bind>
</comp>

<comp id="74" class="1000" name="p_0_0_09381410_i_out">
<pin_list>
<pin id="75" dir="1" index="0" bw="1" slack="0"/>
</pin_list>
<bind>
<StgValue><ssdm name="p_0_0_09381410_i_out"/></StgValue>
</bind>
</comp>

<comp id="76" class="1000" name="p_0_0_09391407_i_out">
<pin_list>
<pin id="77" dir="1" index="0" bw="1" slack="0"/>
</pin_list>
<bind>
<StgValue><ssdm name="p_0_0_09391407_i_out"/></StgValue>
</bind>
</comp>

<comp id="78" class="1000" name="p_0_0_09401404_i_out">
<pin_list>
<pin id="79" dir="1" index="0" bw="1" slack="0"/>
</pin_list>
<bind>
<StgValue><ssdm name="p_0_0_09401404_i_out"/></StgValue>
</bind>
</comp>

<comp id="80" class="1001" name="const_80">
<pin_list>
<pin id="81" dir="1" index="0" bw="1" slack="0"/>
</pin_list>
<bind>
<StgValue><ssdm name=""/></StgValue>
</bind>
</comp>

<comp id="82" class="1001" name="const_82">
<pin_list>
<pin id="83" dir="1" index="0" bw="1" slack="2147483647"/>
</pin_list>
<bind>
<StgValue><ssdm name="_ssdm_op_SpecInterface"/></StgValue>
</bind>
</comp>

<comp id="84" class="1001" name="const_84">
<pin_list>
<pin id="85" dir="1" index="0" bw="1" slack="2147483647"/>
</pin_list>
<bind>
<StgValue><ssdm name="empty_20"/></StgValue>
</bind>
</comp>

<comp id="86" class="1001" name="const_86">
<pin_list>
<pin id="87" dir="1" index="0" bw="1" slack="2147483647"/>
</pin_list>
<bind>
<StgValue><ssdm name=""/></StgValue>
</bind>
</comp>

<comp id="88" class="1001" name="const_88">
<pin_list>
<pin id="89" dir="1" index="0" bw="1" slack="2147483647"/>
</pin_list>
<bind>
<StgValue><ssdm name="empty_14"/></StgValue>
</bind>
</comp>

<comp id="90" class="1001" name="const_90">
<pin_list>
<pin id="91" dir="1" index="0" bw="1" slack="2147483647"/>
</pin_list>
<bind>
<StgValue><ssdm name=""/></StgValue>
</bind>
</comp>

<comp id="92" class="1001" name="const_92">
<pin_list>
<pin id="93" dir="1" index="0" bw="1" slack="0"/>
</pin_list>
<bind>
<StgValue><ssdm name="_ssdm_op_Read.ap_auto.i11"/></StgValue>
</bind>
</comp>

<comp id="94" class="1001" name="const_94">
<pin_list>
<pin id="95" dir="1" index="0" bw="1" slack="0"/>
</pin_list>
<bind>
<StgValue><ssdm name="_ssdm_op_Read.ap_auto.i15"/></StgValue>
</bind>
</comp>

<comp id="96" class="1001" name="const_96">
<pin_list>
<pin id="97" dir="1" index="0" bw="1" slack="0"/>
</pin_list>
<bind>
<StgValue><ssdm name="_ssdm_op_Read.ap_auto.i1"/></StgValue>
</bind>
</comp>

<comp id="98" class="1001" name="const_98">
<pin_list>
<pin id="99" dir="1" index="0" bw="1" slack="0"/>
</pin_list>
<bind>
<StgValue><ssdm name="_ssdm_op_Read.ap_auto.i8"/></StgValue>
</bind>
</comp>

<comp id="100" class="1001" name="const_100">
<pin_list>
<pin id="101" dir="1" index="0" bw="1" slack="0"/>
</pin_list>
<bind>
<StgValue><ssdm name=""/></StgValue>
</bind>
</comp>

<comp id="102" class="1001" name="const_102">
<pin_list>
<pin id="103" dir="1" index="0" bw="1" slack="0"/>
</pin_list>
<bind>
<StgValue><ssdm name=""/></StgValue>
</bind>
</comp>

<comp id="104" class="1001" name="const_104">
<pin_list>
<pin id="105" dir="1" index="0" bw="1" slack="0"/>
</pin_list>
<bind>
<StgValue><ssdm name=""/></StgValue>
</bind>
</comp>

<comp id="106" class="1001" name="const_106">
<pin_list>
<pin id="107" dir="1" index="0" bw="1" slack="2147483647"/>
</pin_list>
<bind>
<StgValue><ssdm name="_ssdm_op_SpecPipeline"/></StgValue>
</bind>
</comp>

<comp id="108" class="1001" name="const_108">
<pin_list>
<pin id="109" dir="1" index="0" bw="1" slack="2147483647"/>
</pin_list>
<bind>
<StgValue><ssdm name="_ssdm_op_SpecLoopName"/></StgValue>
</bind>
</comp>

<comp id="110" class="1001" name="const_110">
<pin_list>
<pin id="111" dir="1" index="0" bw="1" slack="2147483647"/>
</pin_list>
<bind>
<StgValue><ssdm name="empty_6"/></StgValue>
</bind>
</comp>

<comp id="112" class="1001" name="const_112">
<pin_list>
<pin id="113" dir="1" index="0" bw="1" slack="0"/>
</pin_list>
<bind>
<StgValue><ssdm name=""/></StgValue>
</bind>
</comp>

<comp id="114" class="1001" name="const_114">
<pin_list>
<pin id="115" dir="1" index="0" bw="1" slack="0"/>
</pin_list>
<bind>
<StgValue><ssdm name=""/></StgValue>
</bind>
</comp>

<comp id="116" class="1001" name="const_116">
<pin_list>
<pin id="117" dir="1" index="0" bw="1" slack="2147483647"/>
</pin_list>
<bind>
<StgValue><ssdm name="_ssdm_op_SpecLoopTripCount"/></StgValue>
</bind>
</comp>

<comp id="118" class="1001" name="const_118">
<pin_list>
<pin id="119" dir="1" index="0" bw="1" slack="2147483647"/>
</pin_list>
<bind>
<StgValue><ssdm name=""/></StgValue>
</bind>
</comp>

<comp id="120" class="1001" name="const_120">
<pin_list>
<pin id="121" dir="1" index="0" bw="1" slack="0"/>
</pin_list>
<bind>
<StgValue><ssdm name="_ssdm_op_PartSelect.i8.i24.i32"/></StgValue>
</bind>
</comp>

<comp id="122" class="1001" name="const_122">
<pin_list>
<pin id="123" dir="1" index="0" bw="1" slack="0"/>
</pin_list>
<bind>
<StgValue><ssdm name=""/></StgValue>
</bind>
</comp>

<comp id="124" class="1001" name="const_124">
<pin_list>
<pin id="125" dir="1" index="0" bw="1" slack="0"/>
</pin_list>
<bind>
<StgValue><ssdm name=""/></StgValue>
</bind>
</comp>

<comp id="126" class="1001" name="const_126">
<pin_list>
<pin id="127" dir="1" index="0" bw="1" slack="0"/>
</pin_list>
<bind>
<StgValue><ssdm name="_ssdm_op_Read.ap_fifo.volatile.i24P0A"/></StgValue>
</bind>
</comp>

<comp id="128" class="1001" name="const_128">
<pin_list>
<pin id="129" dir="1" index="0" bw="1" slack="0"/>
</pin_list>
<bind>
<StgValue><ssdm name="_ssdm_op_PartSelect.i8.i24.i32.i32"/></StgValue>
</bind>
</comp>

<comp id="130" class="1001" name="const_130">
<pin_list>
<pin id="131" dir="1" index="0" bw="1" slack="0"/>
</pin_list>
<bind>
<StgValue><ssdm name=""/></StgValue>
</bind>
</comp>

<comp id="132" class="1001" name="const_132">
<pin_list>
<pin id="133" dir="1" index="0" bw="1" slack="0"/>
</pin_list>
<bind>
<StgValue><ssdm name=""/></StgValue>
</bind>
</comp>

<comp id="134" class="1001" name="const_134">
<pin_list>
<pin id="135" dir="1" index="0" bw="1" slack="0"/>
</pin_list>
<bind>
<StgValue><ssdm name="_ssdm_op_BitConcatenate.i24.i8.i8.i8"/></StgValue>
</bind>
</comp>

<comp id="136" class="1001" name="const_136">
<pin_list>
<pin id="137" dir="1" index="0" bw="1" slack="0"/>
</pin_list>
<bind>
<StgValue><ssdm name="_ssdm_op_BitSelect.i1.i9.i32"/></StgValue>
</bind>
</comp>

<comp id="138" class="1001" name="const_138">
<pin_list>
<pin id="139" dir="1" index="0" bw="1" slack="0"/>
</pin_list>
<bind>
<StgValue><ssdm name=""/></StgValue>
</bind>
</comp>

<comp id="140" class="1001" name="const_140">
<pin_list>
<pin id="141" dir="1" index="0" bw="1" slack="0"/>
</pin_list>
<bind>
<StgValue><ssdm name="_ssdm_op_BitConcatenate.i2.i1.i1"/></StgValue>
</bind>
</comp>

<comp id="142" class="1001" name="const_142">
<pin_list>
<pin id="143" dir="1" index="0" bw="1" slack="0"/>
</pin_list>
<bind>
<StgValue><ssdm name="_ssdm_op_BitConcatenate.i3.i1.i2"/></StgValue>
</bind>
</comp>

<comp id="144" class="1001" name="const_144">
<pin_list>
<pin id="145" dir="1" index="0" bw="1" slack="0"/>
</pin_list>
<bind>
<StgValue><ssdm name="_ssdm_op_BitConcatenate.i4.i1.i3"/></StgValue>
</bind>
</comp>

<comp id="146" class="1001" name="const_146">
<pin_list>
<pin id="147" dir="1" index="0" bw="1" slack="0"/>
</pin_list>
<bind>
<StgValue><ssdm name="_ssdm_op_BitConcatenate.i5.i1.i4"/></StgValue>
</bind>
</comp>

<comp id="148" class="1001" name="const_148">
<pin_list>
<pin id="149" dir="1" index="0" bw="1" slack="0"/>
</pin_list>
<bind>
<StgValue><ssdm name="_ssdm_op_BitConcatenate.i6.i1.i5"/></StgValue>
</bind>
</comp>

<comp id="150" class="1001" name="const_150">
<pin_list>
<pin id="151" dir="1" index="0" bw="1" slack="0"/>
</pin_list>
<bind>
<StgValue><ssdm name=""/></StgValue>
</bind>
</comp>

<comp id="152" class="1001" name="const_152">
<pin_list>
<pin id="153" dir="1" index="0" bw="1" slack="0"/>
</pin_list>
<bind>
<StgValue><ssdm name=""/></StgValue>
</bind>
</comp>

<comp id="154" class="1001" name="const_154">
<pin_list>
<pin id="155" dir="1" index="0" bw="1" slack="0"/>
</pin_list>
<bind>
<StgValue><ssdm name=""/></StgValue>
</bind>
</comp>

<comp id="156" class="1001" name="const_156">
<pin_list>
<pin id="157" dir="1" index="0" bw="1" slack="0"/>
</pin_list>
<bind>
<StgValue><ssdm name=""/></StgValue>
</bind>
</comp>

<comp id="158" class="1001" name="const_158">
<pin_list>
<pin id="159" dir="1" index="0" bw="1" slack="0"/>
</pin_list>
<bind>
<StgValue><ssdm name=""/></StgValue>
</bind>
</comp>

<comp id="160" class="1001" name="const_160">
<pin_list>
<pin id="161" dir="1" index="0" bw="1" slack="0"/>
</pin_list>
<bind>
<StgValue><ssdm name=""/></StgValue>
</bind>
</comp>

<comp id="162" class="1001" name="const_162">
<pin_list>
<pin id="163" dir="1" index="0" bw="1" slack="0"/>
</pin_list>
<bind>
<StgValue><ssdm name=""/></StgValue>
</bind>
</comp>

<comp id="164" class="1001" name="const_164">
<pin_list>
<pin id="165" dir="1" index="0" bw="1" slack="0"/>
</pin_list>
<bind>
<StgValue><ssdm name=""/></StgValue>
</bind>
</comp>

<comp id="166" class="1001" name="const_166">
<pin_list>
<pin id="167" dir="1" index="0" bw="1" slack="0"/>
</pin_list>
<bind>
<StgValue><ssdm name=""/></StgValue>
</bind>
</comp>

<comp id="168" class="1001" name="const_168">
<pin_list>
<pin id="169" dir="1" index="0" bw="1" slack="0"/>
</pin_list>
<bind>
<StgValue><ssdm name=""/></StgValue>
</bind>
</comp>

<comp id="170" class="1001" name="const_170">
<pin_list>
<pin id="171" dir="1" index="0" bw="1" slack="0"/>
</pin_list>
<bind>
<StgValue><ssdm name=""/></StgValue>
</bind>
</comp>

<comp id="172" class="1001" name="const_172">
<pin_list>
<pin id="173" dir="1" index="0" bw="1" slack="0"/>
</pin_list>
<bind>
<StgValue><ssdm name=""/></StgValue>
</bind>
</comp>

<comp id="174" class="1001" name="const_174">
<pin_list>
<pin id="175" dir="1" index="0" bw="1" slack="0"/>
</pin_list>
<bind>
<StgValue><ssdm name=""/></StgValue>
</bind>
</comp>

<comp id="176" class="1001" name="const_176">
<pin_list>
<pin id="177" dir="1" index="0" bw="1" slack="0"/>
</pin_list>
<bind>
<StgValue><ssdm name=""/></StgValue>
</bind>
</comp>

<comp id="178" class="1001" name="const_178">
<pin_list>
<pin id="179" dir="1" index="0" bw="1" slack="0"/>
</pin_list>
<bind>
<StgValue><ssdm name=""/></StgValue>
</bind>
</comp>

<comp id="180" class="1001" name="const_180">
<pin_list>
<pin id="181" dir="1" index="0" bw="1" slack="0"/>
</pin_list>
<bind>
<StgValue><ssdm name=""/></StgValue>
</bind>
</comp>

<comp id="182" class="1001" name="const_182">
<pin_list>
<pin id="183" dir="1" index="0" bw="1" slack="0"/>
</pin_list>
<bind>
<StgValue><ssdm name=""/></StgValue>
</bind>
</comp>

<comp id="184" class="1001" name="const_184">
<pin_list>
<pin id="185" dir="1" index="0" bw="1" slack="0"/>
</pin_list>
<bind>
<StgValue><ssdm name=""/></StgValue>
</bind>
</comp>

<comp id="186" class="1001" name="const_186">
<pin_list>
<pin id="187" dir="1" index="0" bw="1" slack="0"/>
</pin_list>
<bind>
<StgValue><ssdm name=""/></StgValue>
</bind>
</comp>

<comp id="188" class="1001" name="const_188">
<pin_list>
<pin id="189" dir="1" index="0" bw="1" slack="0"/>
</pin_list>
<bind>
<StgValue><ssdm name=""/></StgValue>
</bind>
</comp>

<comp id="190" class="1001" name="const_190">
<pin_list>
<pin id="191" dir="1" index="0" bw="1" slack="0"/>
</pin_list>
<bind>
<StgValue><ssdm name=""/></StgValue>
</bind>
</comp>

<comp id="192" class="1001" name="const_192">
<pin_list>
<pin id="193" dir="1" index="0" bw="1" slack="0"/>
</pin_list>
<bind>
<StgValue><ssdm name=""/></StgValue>
</bind>
</comp>

<comp id="194" class="1001" name="const_194">
<pin_list>
<pin id="195" dir="1" index="0" bw="1" slack="0"/>
</pin_list>
<bind>
<StgValue><ssdm name=""/></StgValue>
</bind>
</comp>

<comp id="196" class="1001" name="const_196">
<pin_list>
<pin id="197" dir="1" index="0" bw="1" slack="0"/>
</pin_list>
<bind>
<StgValue><ssdm name=""/></StgValue>
</bind>
</comp>

<comp id="198" class="1001" name="const_198">
<pin_list>
<pin id="199" dir="1" index="0" bw="1" slack="0"/>
</pin_list>
<bind>
<StgValue><ssdm name=""/></StgValue>
</bind>
</comp>

<comp id="200" class="1001" name="const_200">
<pin_list>
<pin id="201" dir="1" index="0" bw="1" slack="0"/>
</pin_list>
<bind>
<StgValue><ssdm name=""/></StgValue>
</bind>
</comp>

<comp id="202" class="1001" name="const_202">
<pin_list>
<pin id="203" dir="1" index="0" bw="1" slack="0"/>
</pin_list>
<bind>
<StgValue><ssdm name=""/></StgValue>
</bind>
</comp>

<comp id="204" class="1001" name="const_204">
<pin_list>
<pin id="205" dir="1" index="0" bw="1" slack="0"/>
</pin_list>
<bind>
<StgValue><ssdm name="_ssdm_op_PartSelect.i10.i11.i32.i32"/></StgValue>
</bind>
</comp>

<comp id="206" class="1001" name="const_206">
<pin_list>
<pin id="207" dir="1" index="0" bw="1" slack="0"/>
</pin_list>
<bind>
<StgValue><ssdm name=""/></StgValue>
</bind>
</comp>

<comp id="208" class="1001" name="const_208">
<pin_list>
<pin id="209" dir="1" index="0" bw="1" slack="0"/>
</pin_list>
<bind>
<StgValue><ssdm name=""/></StgValue>
</bind>
</comp>

<comp id="210" class="1001" name="const_210">
<pin_list>
<pin id="211" dir="1" index="0" bw="1" slack="0"/>
</pin_list>
<bind>
<StgValue><ssdm name="_ssdm_op_BitSelect.i1.i11.i32"/></StgValue>
</bind>
</comp>

<comp id="212" class="1001" name="const_212">
<pin_list>
<pin id="213" dir="1" index="0" bw="1" slack="0"/>
</pin_list>
<bind>
<StgValue><ssdm name="_ssdm_op_BitSelect.i1.i10.i32"/></StgValue>
</bind>
</comp>

<comp id="214" class="1001" name="const_214">
<pin_list>
<pin id="215" dir="1" index="0" bw="1" slack="0"/>
</pin_list>
<bind>
<StgValue><ssdm name=""/></StgValue>
</bind>
</comp>

<comp id="216" class="1001" name="const_216">
<pin_list>
<pin id="217" dir="1" index="0" bw="1" slack="0"/>
</pin_list>
<bind>
<StgValue><ssdm name="_ssdm_op_PartSelect.i2.i10.i32.i32"/></StgValue>
</bind>
</comp>

<comp id="218" class="1001" name="const_218">
<pin_list>
<pin id="219" dir="1" index="0" bw="1" slack="0"/>
</pin_list>
<bind>
<StgValue><ssdm name=""/></StgValue>
</bind>
</comp>

<comp id="220" class="1001" name="const_220">
<pin_list>
<pin id="221" dir="1" index="0" bw="1" slack="0"/>
</pin_list>
<bind>
<StgValue><ssdm name=""/></StgValue>
</bind>
</comp>

<comp id="222" class="1001" name="const_222">
<pin_list>
<pin id="223" dir="1" index="0" bw="1" slack="0"/>
</pin_list>
<bind>
<StgValue><ssdm name="_ssdm_op_Write.ap_fifo.volatile.i24P0A"/></StgValue>
</bind>
</comp>

<comp id="224" class="1004" name="x_fu_224">
<pin_list>
<pin id="225" dir="0" index="0" bw="1" slack="0"/>
<pin id="226" dir="1" index="1" bw="11" slack="0"/>
</pin_list>
<bind>
<opcode="alloca(26) " fcode="alloca"/>
<opset="x/1 "/>
</bind>
</comp>

<comp id="228" class="1004" name="p_0_0_0_0_09131503_i_fu_228">
<pin_list>
<pin id="229" dir="0" index="0" bw="1" slack="0"/>
<pin id="230" dir="1" index="1" bw="8" slack="0"/>
</pin_list>
<bind>
<opcode="alloca(26) " fcode="alloca"/>
<opset="p_0_0_0_0_09131503_i/1 "/>
</bind>
</comp>

<comp id="232" class="1004" name="p_0_1_0_0_09141505_i_fu_232">
<pin_list>
<pin id="233" dir="0" index="0" bw="1" slack="0"/>
<pin id="234" dir="1" index="1" bw="8" slack="0"/>
</pin_list>
<bind>
<opcode="alloca(26) " fcode="alloca"/>
<opset="p_0_1_0_0_09141505_i/1 "/>
</bind>
</comp>

<comp id="236" class="1004" name="p_0_2_0_0_09151507_i_fu_236">
<pin_list>
<pin id="237" dir="0" index="0" bw="1" slack="0"/>
<pin id="238" dir="1" index="1" bw="8" slack="0"/>
</pin_list>
<bind>
<opcode="alloca(26) " fcode="alloca"/>
<opset="p_0_2_0_0_09151507_i/1 "/>
</bind>
</comp>

<comp id="240" class="1004" name="p_0_0_0940_114971508_i_fu_240">
<pin_list>
<pin id="241" dir="0" index="0" bw="1" slack="0"/>
<pin id="242" dir="1" index="1" bw="8" slack="0"/>
</pin_list>
<bind>
<opcode="alloca(26) " fcode="alloca"/>
<opset="p_0_0_0940_114971508_i/1 "/>
</bind>
</comp>

<comp id="244" class="1004" name="p_0_0_0939_114991510_i_fu_244">
<pin_list>
<pin id="245" dir="0" index="0" bw="1" slack="0"/>
<pin id="246" dir="1" index="1" bw="8" slack="0"/>
</pin_list>
<bind>
<opcode="alloca(26) " fcode="alloca"/>
<opset="p_0_0_0939_114991510_i/1 "/>
</bind>
</comp>

<comp id="248" class="1004" name="p_0_0_0938_115011512_i_fu_248">
<pin_list>
<pin id="249" dir="0" index="0" bw="1" slack="0"/>
<pin id="250" dir="1" index="1" bw="8" slack="0"/>
</pin_list>
<bind>
<opcode="alloca(26) " fcode="alloca"/>
<opset="p_0_0_0938_115011512_i/1 "/>
</bind>
</comp>

<comp id="252" class="1004" name="p_0_0_0_0_09071515_i_fu_252">
<pin_list>
<pin id="253" dir="0" index="0" bw="1" slack="0"/>
<pin id="254" dir="1" index="1" bw="8" slack="0"/>
</pin_list>
<bind>
<opcode="alloca(26) " fcode="alloca"/>
<opset="p_0_0_0_0_09071515_i/1 "/>
</bind>
</comp>

<comp id="256" class="1004" name="p_0_1_0_0_09081517_i_fu_256">
<pin_list>
<pin id="257" dir="0" index="0" bw="1" slack="0"/>
<pin id="258" dir="1" index="1" bw="8" slack="0"/>
</pin_list>
<bind>
<opcode="alloca(26) " fcode="alloca"/>
<opset="p_0_1_0_0_09081517_i/1 "/>
</bind>
</comp>

<comp id="260" class="1004" name="p_0_2_0_0_09091519_i_fu_260">
<pin_list>
<pin id="261" dir="0" index="0" bw="1" slack="0"/>
<pin id="262" dir="1" index="1" bw="8" slack="0"/>
</pin_list>
<bind>
<opcode="alloca(26) " fcode="alloca"/>
<opset="p_0_2_0_0_09091519_i/1 "/>
</bind>
</comp>

<comp id="264" class="1004" name="p_0_0_09401404_i_fu_264">
<pin_list>
<pin id="265" dir="0" index="0" bw="1" slack="0"/>
<pin id="266" dir="1" index="1" bw="8" slack="0"/>
</pin_list>
<bind>
<opcode="alloca(26) " fcode="alloca"/>
<opset="p_0_0_09401404_i/1 "/>
</bind>
</comp>

<comp id="268" class="1004" name="p_0_0_09391407_i_fu_268">
<pin_list>
<pin id="269" dir="0" index="0" bw="1" slack="0"/>
<pin id="270" dir="1" index="1" bw="8" slack="0"/>
</pin_list>
<bind>
<opcode="alloca(26) " fcode="alloca"/>
<opset="p_0_0_09391407_i/1 "/>
</bind>
</comp>

<comp id="272" class="1004" name="p_0_0_09381410_i_fu_272">
<pin_list>
<pin id="273" dir="0" index="0" bw="1" slack="0"/>
<pin id="274" dir="1" index="1" bw="8" slack="0"/>
</pin_list>
<bind>
<opcode="alloca(26) " fcode="alloca"/>
<opset="p_0_0_09381410_i/1 "/>
</bind>
</comp>

<comp id="276" class="1004" name="p_0_0_0940_21434_i_fu_276">
<pin_list>
<pin id="277" dir="0" index="0" bw="1" slack="0"/>
<pin id="278" dir="1" index="1" bw="8" slack="0"/>
</pin_list>
<bind>
<opcode="alloca(26) " fcode="alloca"/>
<opset="p_0_0_0940_21434_i/1 "/>
</bind>
</comp>

<comp id="280" class="1004" name="p_0_0_0939_21437_i_fu_280">
<pin_list>
<pin id="281" dir="0" index="0" bw="1" slack="0"/>
<pin id="282" dir="1" index="1" bw="8" slack="0"/>
</pin_list>
<bind>
<opcode="alloca(26) " fcode="alloca"/>
<opset="p_0_0_0939_21437_i/1 "/>
</bind>
</comp>

<comp id="284" class="1004" name="p_0_0_0938_21440_i_fu_284">
<pin_list>
<pin id="285" dir="0" index="0" bw="1" slack="0"/>
<pin id="286" dir="1" index="1" bw="8" slack="0"/>
</pin_list>
<bind>
<opcode="alloca(26) " fcode="alloca"/>
<opset="p_0_0_0938_21440_i/1 "/>
</bind>
</comp>

<comp id="288" class="1004" name="lineBuffer_1_alloca_fu_288">
<pin_list>
<pin id="289" dir="0" index="0" bw="1" slack="0"/>
<pin id="290" dir="1" index="1" bw="24" slack="0"/>
</pin_list>
<bind>
<opcode="alloca(26) " fcode="alloca"/>
<opset="lineBuffer_1/1 "/>
</bind>
</comp>

<comp id="292" class="1004" name="lineBuffer_alloca_fu_292">
<pin_list>
<pin id="293" dir="0" index="0" bw="1" slack="0"/>
<pin id="294" dir="1" index="1" bw="24" slack="0"/>
</pin_list>
<bind>
<opcode="alloca(26) " fcode="alloca"/>
<opset="lineBuffer/1 "/>
</bind>
</comp>

<comp id="296" class="1004" name="width_val8_load_read_read_fu_296">
<pin_list>
<pin id="297" dir="0" index="0" bw="11" slack="0"/>
<pin id="298" dir="0" index="1" bw="11" slack="0"/>
<pin id="299" dir="1" index="2" bw="11" slack="0"/>
</pin_list>
<bind>
<opcode="read(1150) " fcode="read"/>
<opset="width_val8_load_read/1 "/>
</bind>
</comp>

<comp id="302" class="1004" name="xor_ln772_1_read_read_fu_302">
<pin_list>
<pin id="303" dir="0" index="0" bw="15" slack="0"/>
<pin id="304" dir="0" index="1" bw="15" slack="0"/>
<pin id="305" dir="1" index="2" bw="15" slack="0"/>
</pin_list>
<bind>
<opcode="read(1150) " fcode="read"/>
<opset="xor_ln772_1_read/1 "/>
</bind>
</comp>

<comp id="308" class="1004" name="tmp_read_fu_308">
<pin_list>
<pin id="309" dir="0" index="0" bw="1" slack="0"/>
<pin id="310" dir="0" index="1" bw="1" slack="0"/>
<pin id="311" dir="1" index="2" bw="1" slack="0"/>
</pin_list>
<bind>
<opcode="read(1150) " fcode="read"/>
<opset="tmp/1 "/>
</bind>
</comp>

<comp id="314" class="1004" name="loopWidth_read_read_fu_314">
<pin_list>
<pin id="315" dir="0" index="0" bw="11" slack="0"/>
<pin id="316" dir="0" index="1" bw="11" slack="0"/>
<pin id="317" dir="1" index="2" bw="11" slack="0"/>
</pin_list>
<bind>
<opcode="read(1150) " fcode="read"/>
<opset="loopWidth_read/1 "/>
</bind>
</comp>

<comp id="320" class="1004" name="height_val4_load_read_read_fu_320">
<pin_list>
<pin id="321" dir="0" index="0" bw="11" slack="0"/>
<pin id="322" dir="0" index="1" bw="11" slack="0"/>
<pin id="323" dir="1" index="2" bw="11" slack="0"/>
</pin_list>
<bind>
<opcode="read(1150) " fcode="read"/>
<opset="height_val4_load_read/1 "/>
</bind>
</comp>

<comp id="326" class="1004" name="y_read_read_fu_326">
<pin_list>
<pin id="327" dir="0" index="0" bw="11" slack="0"/>
<pin id="328" dir="0" index="1" bw="11" slack="0"/>
<pin id="329" dir="1" index="2" bw="11" slack="0"/>
</pin_list>
<bind>
<opcode="read(1150) " fcode="read"/>
<opset="y_read/1 "/>
</bind>
</comp>

<comp id="332" class="1004" name="trunc_ln_read_read_fu_332">
<pin_list>
<pin id="333" dir="0" index="0" bw="15" slack="0"/>
<pin id="334" dir="0" index="1" bw="15" slack="0"/>
<pin id="335" dir="1" index="2" bw="15" slack="0"/>
</pin_list>
<bind>
<opcode="read(1150) " fcode="read"/>
<opset="trunc_ln_read/1 "/>
</bind>
</comp>

<comp id="338" class="1004" name="xor_ln772_read_read_fu_338">
<pin_list>
<pin id="339" dir="0" index="0" bw="1" slack="0"/>
<pin id="340" dir="0" index="1" bw="1" slack="0"/>
<pin id="341" dir="1" index="2" bw="1" slack="0"/>
</pin_list>
<bind>
<opcode="read(1150) " fcode="read"/>
<opset="xor_ln772_read/1 "/>
</bind>
</comp>

<comp id="344" class="1004" name="p_0_0_09401405_lcssa1457_i_read_read_fu_344">
<pin_list>
<pin id="345" dir="0" index="0" bw="8" slack="0"/>
<pin id="346" dir="0" index="1" bw="8" slack="0"/>
<pin id="347" dir="1" index="2" bw="8" slack="0"/>
</pin_list>
<bind>
<opcode="read(1150) " fcode="read"/>
<opset="p_0_0_09401405_lcssa1457_i_read/1 "/>
</bind>
</comp>

<comp id="350" class="1004" name="p_0_0_09391408_lcssa1459_i_read_read_fu_350">
<pin_list>
<pin id="351" dir="0" index="0" bw="8" slack="0"/>
<pin id="352" dir="0" index="1" bw="8" slack="0"/>
<pin id="353" dir="1" index="2" bw="8" slack="0"/>
</pin_list>
<bind>
<opcode="read(1150) " fcode="read"/>
<opset="p_0_0_09391408_lcssa1459_i_read/1 "/>
</bind>
</comp>

<comp id="356" class="1004" name="p_0_0_09381411_lcssa1461_i_read_read_fu_356">
<pin_list>
<pin id="357" dir="0" index="0" bw="8" slack="0"/>
<pin id="358" dir="0" index="1" bw="8" slack="0"/>
<pin id="359" dir="1" index="2" bw="8" slack="0"/>
</pin_list>
<bind>
<opcode="read(1150) " fcode="read"/>
<opset="p_0_0_09381411_lcssa1461_i_read/1 "/>
</bind>
</comp>

<comp id="362" class="1004" name="p_0_0_0940_21435_lcssa1469_i_read_read_fu_362">
<pin_list>
<pin id="363" dir="0" index="0" bw="8" slack="0"/>
<pin id="364" dir="0" index="1" bw="8" slack="0"/>
<pin id="365" dir="1" index="2" bw="8" slack="0"/>
</pin_list>
<bind>
<opcode="read(1150) " fcode="read"/>
<opset="p_0_0_0940_21435_lcssa1469_i_read/1 "/>
</bind>
</comp>

<comp id="368" class="1004" name="p_0_0_0939_21438_lcssa1471_i_read_read_fu_368">
<pin_list>
<pin id="369" dir="0" index="0" bw="8" slack="0"/>
<pin id="370" dir="0" index="1" bw="8" slack="0"/>
<pin id="371" dir="1" index="2" bw="8" slack="0"/>
</pin_list>
<bind>
<opcode="read(1150) " fcode="read"/>
<opset="p_0_0_0939_21438_lcssa1471_i_read/1 "/>
</bind>
</comp>

<comp id="374" class="1004" name="p_0_0_0938_21441_lcssa1473_i_read_read_fu_374">
<pin_list>
<pin id="375" dir="0" index="0" bw="8" slack="0"/>
<pin id="376" dir="0" index="1" bw="8" slack="0"/>
<pin id="377" dir="1" index="2" bw="8" slack="0"/>
</pin_list>
<bind>
<opcode="read(1150) " fcode="read"/>
<opset="p_0_0_0938_21441_lcssa1473_i_read/1 "/>
</bind>
</comp>

<comp id="380" class="1004" name="p_0_0_0_0_09131502_lcssa1539_i_read_read_fu_380">
<pin_list>
<pin id="381" dir="0" index="0" bw="8" slack="0"/>
<pin id="382" dir="0" index="1" bw="8" slack="0"/>
<pin id="383" dir="1" index="2" bw="8" slack="0"/>
</pin_list>
<bind>
<opcode="read(1150) " fcode="read"/>
<opset="p_0_0_0_0_09131502_lcssa1539_i_read/1 "/>
</bind>
</comp>

<comp id="386" class="1004" name="p_0_1_0_0_09141504_lcssa1541_i_read_read_fu_386">
<pin_list>
<pin id="387" dir="0" index="0" bw="8" slack="0"/>
<pin id="388" dir="0" index="1" bw="8" slack="0"/>
<pin id="389" dir="1" index="2" bw="8" slack="0"/>
</pin_list>
<bind>
<opcode="read(1150) " fcode="read"/>
<opset="p_0_1_0_0_09141504_lcssa1541_i_read/1 "/>
</bind>
</comp>

<comp id="392" class="1004" name="p_0_2_0_0_09151506_lcssa1543_i_read_read_fu_392">
<pin_list>
<pin id="393" dir="0" index="0" bw="8" slack="0"/>
<pin id="394" dir="0" index="1" bw="8" slack="0"/>
<pin id="395" dir="1" index="2" bw="8" slack="0"/>
</pin_list>
<bind>
<opcode="read(1150) " fcode="read"/>
<opset="p_0_2_0_0_09151506_lcssa1543_i_read/1 "/>
</bind>
</comp>

<comp id="398" class="1004" name="p_0_0_0940_114971509_lcssa1545_i_read_read_fu_398">
<pin_list>
<pin id="399" dir="0" index="0" bw="8" slack="0"/>
<pin id="400" dir="0" index="1" bw="8" slack="0"/>
<pin id="401" dir="1" index="2" bw="8" slack="0"/>
</pin_list>
<bind>
<opcode="read(1150) " fcode="read"/>
<opset="p_0_0_0940_114971509_lcssa1545_i_read/1 "/>
</bind>
</comp>

<comp id="404" class="1004" name="p_0_0_0939_114991511_lcssa1547_i_read_read_fu_404">
<pin_list>
<pin id="405" dir="0" index="0" bw="8" slack="0"/>
<pin id="406" dir="0" index="1" bw="8" slack="0"/>
<pin id="407" dir="1" index="2" bw="8" slack="0"/>
</pin_list>
<bind>
<opcode="read(1150) " fcode="read"/>
<opset="p_0_0_0939_114991511_lcssa1547_i_read/1 "/>
</bind>
</comp>

<comp id="410" class="1004" name="p_0_0_0938_115011513_lcssa1549_i_read_read_fu_410">
<pin_list>
<pin id="411" dir="0" index="0" bw="8" slack="0"/>
<pin id="412" dir="0" index="1" bw="8" slack="0"/>
<pin id="413" dir="1" index="2" bw="8" slack="0"/>
</pin_list>
<bind>
<opcode="read(1150) " fcode="read"/>
<opset="p_0_0_0938_115011513_lcssa1549_i_read/1 "/>
</bind>
</comp>

<comp id="416" class="1004" name="p_0_0_0_0_09071514_lcssa1551_i_read_read_fu_416">
<pin_list>
<pin id="417" dir="0" index="0" bw="8" slack="0"/>
<pin id="418" dir="0" index="1" bw="8" slack="0"/>
<pin id="419" dir="1" index="2" bw="8" slack="0"/>
</pin_list>
<bind>
<opcode="read(1150) " fcode="read"/>
<opset="p_0_0_0_0_09071514_lcssa1551_i_read/1 "/>
</bind>
</comp>

<comp id="422" class="1004" name="p_0_1_0_0_09081516_lcssa1553_i_read_read_fu_422">
<pin_list>
<pin id="423" dir="0" index="0" bw="8" slack="0"/>
<pin id="424" dir="0" index="1" bw="8" slack="0"/>
<pin id="425" dir="1" index="2" bw="8" slack="0"/>
</pin_list>
<bind>
<opcode="read(1150) " fcode="read"/>
<opset="p_0_1_0_0_09081516_lcssa1553_i_read/1 "/>
</bind>
</comp>

<comp id="428" class="1004" name="p_0_2_0_0_09091518_lcssa1555_i_read_read_fu_428">
<pin_list>
<pin id="429" dir="0" index="0" bw="8" slack="0"/>
<pin id="430" dir="0" index="1" bw="8" slack="0"/>
<pin id="431" dir="1" index="2" bw="8" slack="0"/>
</pin_list>
<bind>
<opcode="read(1150) " fcode="read"/>
<opset="p_0_2_0_0_09091518_lcssa1555_i_read/1 "/>
</bind>
</comp>

<comp id="434" class="1004" name="InPix_read_fu_434">
<pin_list>
<pin id="435" dir="0" index="0" bw="24" slack="0"/>
<pin id="436" dir="0" index="1" bw="24" slack="0"/>
<pin id="437" dir="1" index="2" bw="24" slack="0"/>
</pin_list>
<bind>
<opcode="read(1150) " fcode="read"/>
<opset="InPix/2 "/>
</bind>
</comp>

<comp id="440" class="1004" name="write_ln835_write_fu_440">
<pin_list>
<pin id="441" dir="0" index="0" bw="0" slack="0"/>
<pin id="442" dir="0" index="1" bw="24" slack="0"/>
<pin id="443" dir="0" index="2" bw="24" slack="0"/>
<pin id="444" dir="1" index="3" bw="0" slack="2147483647"/>
</pin_list>
<bind>
<opcode="write(1151) " fcode="write"/>
<opset="write_ln835/5 "/>
</bind>
</comp>

<comp id="447" class="1004" name="lineBuffer_addr_gep_fu_447">
<pin_list>
<pin id="448" dir="0" index="0" bw="24" slack="0"/>
<pin id="449" dir="0" index="1" bw="1" slack="0"/>
<pin id="450" dir="0" index="2" bw="11" slack="0"/>
<pin id="451" dir="1" index="3" bw="11" slack="0"/>
</pin_list>
<bind>
<opcode="getelementptr(29) " fcode="getelementptr"/>
<opset="lineBuffer_addr/1 "/>
</bind>
</comp>

<comp id="454" class="1004" name="grp_access_fu_454">
<pin_list>
<pin id="455" dir="0" index="0" bw="11" slack="1"/>
<pin id="456" dir="0" index="1" bw="24" slack="0"/>
<pin id="457" dir="0" index="2" bw="0" slack="0"/>
<pin id="459" dir="0" index="4" bw="11" slack="2147483647"/>
<pin id="460" dir="0" index="5" bw="24" slack="2147483647"/>
<pin id="461" dir="0" index="6" bw="0" slack="2147483647"/>
<pin id="458" dir="1" index="3" bw="24" slack="2147483647"/>
<pin id="462" dir="1" index="7" bw="24" slack="0"/>
</pin_list>
<bind>
<opcode="load(27) store(28) " fcode="store"/>
<opset="LineBufVal/1 store_ln812/2 "/>
</bind>
</comp>

<comp id="464" class="1004" name="lineBuffer_1_addr_gep_fu_464">
<pin_list>
<pin id="465" dir="0" index="0" bw="24" slack="0"/>
<pin id="466" dir="0" index="1" bw="1" slack="0"/>
<pin id="467" dir="0" index="2" bw="11" slack="0"/>
<pin id="468" dir="1" index="3" bw="11" slack="0"/>
</pin_list>
<bind>
<opcode="getelementptr(29) " fcode="getelementptr"/>
<opset="lineBuffer_1_addr/1 "/>
</bind>
</comp>

<comp id="471" class="1004" name="grp_access_fu_471">
<pin_list>
<pin id="472" dir="0" index="0" bw="11" slack="1"/>
<pin id="473" dir="0" index="1" bw="24" slack="0"/>
<pin id="474" dir="0" index="2" bw="0" slack="0"/>
<pin id="476" dir="0" index="4" bw="11" slack="2147483647"/>
<pin id="477" dir="0" index="5" bw="24" slack="2147483647"/>
<pin id="478" dir="0" index="6" bw="0" slack="2147483647"/>
<pin id="475" dir="1" index="3" bw="24" slack="2147483647"/>
<pin id="479" dir="1" index="7" bw="24" slack="0"/>
</pin_list>
<bind>
<opcode="load(27) store(28) " fcode="store"/>
<opset="LineBufVal_1/1 store_ln740/2 "/>
</bind>
</comp>

<comp id="482" class="1005" name="p_0_0_0938_21489_ph_i_reg_482">
<pin_list>
<pin id="483" dir="0" index="0" bw="8" slack="2147483647"/>
<pin id="484" dir="1" index="1" bw="8" slack="2147483647"/>
</pin_list>
<bind>
<opset="p_0_0_0938_21489_ph_i (phireg) "/>
</bind>
</comp>

<comp id="485" class="1004" name="p_0_0_0938_21489_ph_i_phi_fu_485">
<pin_list>
<pin id="486" dir="0" index="0" bw="8" slack="0"/>
<pin id="487" dir="0" index="1" bw="0" slack="2147483647"/>
<pin id="488" dir="0" index="2" bw="8" slack="0"/>
<pin id="489" dir="0" index="3" bw="0" slack="2147483647"/>
<pin id="490" dir="1" index="4" bw="8" slack="0"/>
</pin_list>
<bind>
<opcode="phi(47) " fcode="phi"/>
<opset="p_0_0_0938_21489_ph_i/2 "/>
</bind>
</comp>

<comp id="491" class="1005" name="p_0_0_0939_21487_ph_i_reg_491">
<pin_list>
<pin id="492" dir="0" index="0" bw="8" slack="2147483647"/>
<pin id="493" dir="1" index="1" bw="8" slack="2147483647"/>
</pin_list>
<bind>
<opset="p_0_0_0939_21487_ph_i (phireg) "/>
</bind>
</comp>

<comp id="494" class="1004" name="p_0_0_0939_21487_ph_i_phi_fu_494">
<pin_list>
<pin id="495" dir="0" index="0" bw="8" slack="0"/>
<pin id="496" dir="0" index="1" bw="0" slack="2147483647"/>
<pin id="497" dir="0" index="2" bw="8" slack="0"/>
<pin id="498" dir="0" index="3" bw="0" slack="2147483647"/>
<pin id="499" dir="1" index="4" bw="8" slack="0"/>
</pin_list>
<bind>
<opcode="phi(47) " fcode="phi"/>
<opset="p_0_0_0939_21487_ph_i/2 "/>
</bind>
</comp>

<comp id="500" class="1005" name="p_0_0_0940_21485_ph_i_reg_500">
<pin_list>
<pin id="501" dir="0" index="0" bw="8" slack="2147483647"/>
<pin id="502" dir="1" index="1" bw="8" slack="2147483647"/>
</pin_list>
<bind>
<opset="p_0_0_0940_21485_ph_i (phireg) "/>
</bind>
</comp>

<comp id="503" class="1004" name="p_0_0_0940_21485_ph_i_phi_fu_503">
<pin_list>
<pin id="504" dir="0" index="0" bw="8" slack="0"/>
<pin id="505" dir="0" index="1" bw="0" slack="2147483647"/>
<pin id="506" dir="0" index="2" bw="8" slack="0"/>
<pin id="507" dir="0" index="3" bw="0" slack="2147483647"/>
<pin id="508" dir="1" index="4" bw="8" slack="0"/>
</pin_list>
<bind>
<opcode="phi(47) " fcode="phi"/>
<opset="p_0_0_0940_21485_ph_i/2 "/>
</bind>
</comp>

<comp id="509" class="1005" name="downleft_2_reg_509">
<pin_list>
<pin id="510" dir="0" index="0" bw="8" slack="2147483647"/>
<pin id="511" dir="1" index="1" bw="8" slack="2147483647"/>
</pin_list>
<bind>
<opset="downleft_2 (phireg) "/>
</bind>
</comp>

<comp id="512" class="1004" name="downleft_2_phi_fu_512">
<pin_list>
<pin id="513" dir="0" index="0" bw="8" slack="0"/>
<pin id="514" dir="0" index="1" bw="0" slack="2147483647"/>
<pin id="515" dir="0" index="2" bw="8" slack="0"/>
<pin id="516" dir="0" index="3" bw="0" slack="2147483647"/>
<pin id="517" dir="1" index="4" bw="8" slack="0"/>
</pin_list>
<bind>
<opcode="phi(47) " fcode="phi"/>
<opset="downleft_2/2 "/>
</bind>
</comp>

<comp id="518" class="1005" name="downleft_1_reg_518">
<pin_list>
<pin id="519" dir="0" index="0" bw="8" slack="2147483647"/>
<pin id="520" dir="1" index="1" bw="8" slack="2147483647"/>
</pin_list>
<bind>
<opset="downleft_1 (phireg) "/>
</bind>
</comp>

<comp id="521" class="1004" name="downleft_1_phi_fu_521">
<pin_list>
<pin id="522" dir="0" index="0" bw="8" slack="0"/>
<pin id="523" dir="0" index="1" bw="0" slack="2147483647"/>
<pin id="524" dir="0" index="2" bw="8" slack="0"/>
<pin id="525" dir="0" index="3" bw="0" slack="2147483647"/>
<pin id="526" dir="1" index="4" bw="8" slack="0"/>
</pin_list>
<bind>
<opcode="phi(47) " fcode="phi"/>
<opset="downleft_1/2 "/>
</bind>
</comp>

<comp id="527" class="1005" name="downleft_reg_527">
<pin_list>
<pin id="528" dir="0" index="0" bw="8" slack="2147483647"/>
<pin id="529" dir="1" index="1" bw="8" slack="2147483647"/>
</pin_list>
<bind>
<opset="downleft (phireg) "/>
</bind>
</comp>

<comp id="530" class="1004" name="downleft_phi_fu_530">
<pin_list>
<pin id="531" dir="0" index="0" bw="8" slack="0"/>
<pin id="532" dir="0" index="1" bw="0" slack="2147483647"/>
<pin id="533" dir="0" index="2" bw="8" slack="0"/>
<pin id="534" dir="0" index="3" bw="0" slack="2147483647"/>
<pin id="535" dir="1" index="4" bw="8" slack="0"/>
</pin_list>
<bind>
<opcode="phi(47) " fcode="phi"/>
<opset="downleft/2 "/>
</bind>
</comp>

<comp id="536" class="1005" name="p_0_0_0938_21441_i_reg_536">
<pin_list>
<pin id="537" dir="0" index="0" bw="8" slack="2147483647"/>
<pin id="538" dir="1" index="1" bw="8" slack="2147483647"/>
</pin_list>
<bind>
<opset="p_0_0_0938_21441_i (phireg) "/>
</bind>
</comp>

<comp id="539" class="1004" name="p_0_0_0938_21441_i_phi_fu_539">
<pin_list>
<pin id="540" dir="0" index="0" bw="8" slack="0"/>
<pin id="541" dir="0" index="1" bw="0" slack="2147483647"/>
<pin id="542" dir="0" index="2" bw="8" slack="0"/>
<pin id="543" dir="0" index="3" bw="0" slack="2147483647"/>
<pin id="544" dir="1" index="4" bw="8" slack="0"/>
</pin_list>
<bind>
<opcode="phi(47) " fcode="phi"/>
<opset="p_0_0_0938_21441_i/2 "/>
</bind>
</comp>

<comp id="545" class="1005" name="p_0_0_0939_21438_i_reg_545">
<pin_list>
<pin id="546" dir="0" index="0" bw="8" slack="2147483647"/>
<pin id="547" dir="1" index="1" bw="8" slack="2147483647"/>
</pin_list>
<bind>
<opset="p_0_0_0939_21438_i (phireg) "/>
</bind>
</comp>

<comp id="548" class="1004" name="p_0_0_0939_21438_i_phi_fu_548">
<pin_list>
<pin id="549" dir="0" index="0" bw="8" slack="0"/>
<pin id="550" dir="0" index="1" bw="0" slack="2147483647"/>
<pin id="551" dir="0" index="2" bw="8" slack="0"/>
<pin id="552" dir="0" index="3" bw="0" slack="2147483647"/>
<pin id="553" dir="1" index="4" bw="8" slack="0"/>
</pin_list>
<bind>
<opcode="phi(47) " fcode="phi"/>
<opset="p_0_0_0939_21438_i/2 "/>
</bind>
</comp>

<comp id="554" class="1005" name="p_0_0_0940_21435_i_reg_554">
<pin_list>
<pin id="555" dir="0" index="0" bw="8" slack="2147483647"/>
<pin id="556" dir="1" index="1" bw="8" slack="2147483647"/>
</pin_list>
<bind>
<opset="p_0_0_0940_21435_i (phireg) "/>
</bind>
</comp>

<comp id="557" class="1004" name="p_0_0_0940_21435_i_phi_fu_557">
<pin_list>
<pin id="558" dir="0" index="0" bw="8" slack="0"/>
<pin id="559" dir="0" index="1" bw="0" slack="2147483647"/>
<pin id="560" dir="0" index="2" bw="8" slack="0"/>
<pin id="561" dir="0" index="3" bw="0" slack="2147483647"/>
<pin id="562" dir="1" index="4" bw="8" slack="0"/>
</pin_list>
<bind>
<opcode="phi(47) " fcode="phi"/>
<opset="p_0_0_0940_21435_i/2 "/>
</bind>
</comp>

<comp id="563" class="1005" name="upleft_2_reg_563">
<pin_list>
<pin id="564" dir="0" index="0" bw="8" slack="2147483647"/>
<pin id="565" dir="1" index="1" bw="8" slack="2147483647"/>
</pin_list>
<bind>
<opset="upleft_2 (phireg) "/>
</bind>
</comp>

<comp id="566" class="1004" name="upleft_2_phi_fu_566">
<pin_list>
<pin id="567" dir="0" index="0" bw="8" slack="0"/>
<pin id="568" dir="0" index="1" bw="0" slack="2147483647"/>
<pin id="569" dir="0" index="2" bw="8" slack="0"/>
<pin id="570" dir="0" index="3" bw="0" slack="2147483647"/>
<pin id="571" dir="1" index="4" bw="8" slack="0"/>
</pin_list>
<bind>
<opcode="phi(47) " fcode="phi"/>
<opset="upleft_2/2 "/>
</bind>
</comp>

<comp id="572" class="1005" name="upleft_1_reg_572">
<pin_list>
<pin id="573" dir="0" index="0" bw="8" slack="2147483647"/>
<pin id="574" dir="1" index="1" bw="8" slack="2147483647"/>
</pin_list>
<bind>
<opset="upleft_1 (phireg) "/>
</bind>
</comp>

<comp id="575" class="1004" name="upleft_1_phi_fu_575">
<pin_list>
<pin id="576" dir="0" index="0" bw="8" slack="0"/>
<pin id="577" dir="0" index="1" bw="0" slack="2147483647"/>
<pin id="578" dir="0" index="2" bw="8" slack="0"/>
<pin id="579" dir="0" index="3" bw="0" slack="2147483647"/>
<pin id="580" dir="1" index="4" bw="8" slack="0"/>
</pin_list>
<bind>
<opcode="phi(47) " fcode="phi"/>
<opset="upleft_1/2 "/>
</bind>
</comp>

<comp id="581" class="1005" name="upleft_reg_581">
<pin_list>
<pin id="582" dir="0" index="0" bw="8" slack="2147483647"/>
<pin id="583" dir="1" index="1" bw="8" slack="2147483647"/>
</pin_list>
<bind>
<opset="upleft (phireg) "/>
</bind>
</comp>

<comp id="584" class="1004" name="upleft_phi_fu_584">
<pin_list>
<pin id="585" dir="0" index="0" bw="8" slack="0"/>
<pin id="586" dir="0" index="1" bw="0" slack="2147483647"/>
<pin id="587" dir="0" index="2" bw="8" slack="0"/>
<pin id="588" dir="0" index="3" bw="0" slack="2147483647"/>
<pin id="589" dir="1" index="4" bw="8" slack="0"/>
</pin_list>
<bind>
<opcode="phi(47) " fcode="phi"/>
<opset="upleft/2 "/>
</bind>
</comp>

<comp id="590" class="1005" name="p_0_0_09381411_i_reg_590">
<pin_list>
<pin id="591" dir="0" index="0" bw="8" slack="2147483647"/>
<pin id="592" dir="1" index="1" bw="8" slack="2147483647"/>
</pin_list>
<bind>
<opset="p_0_0_09381411_i (phireg) "/>
</bind>
</comp>

<comp id="593" class="1004" name="p_0_0_09381411_i_phi_fu_593">
<pin_list>
<pin id="594" dir="0" index="0" bw="8" slack="0"/>
<pin id="595" dir="0" index="1" bw="0" slack="2147483647"/>
<pin id="596" dir="0" index="2" bw="8" slack="0"/>
<pin id="597" dir="0" index="3" bw="0" slack="2147483647"/>
<pin id="598" dir="1" index="4" bw="8" slack="0"/>
</pin_list>
<bind>
<opcode="phi(47) " fcode="phi"/>
<opset="p_0_0_09381411_i/2 "/>
</bind>
</comp>

<comp id="599" class="1005" name="p_0_0_09391408_i_reg_599">
<pin_list>
<pin id="600" dir="0" index="0" bw="8" slack="2147483647"/>
<pin id="601" dir="1" index="1" bw="8" slack="2147483647"/>
</pin_list>
<bind>
<opset="p_0_0_09391408_i (phireg) "/>
</bind>
</comp>

<comp id="602" class="1004" name="p_0_0_09391408_i_phi_fu_602">
<pin_list>
<pin id="603" dir="0" index="0" bw="8" slack="0"/>
<pin id="604" dir="0" index="1" bw="0" slack="2147483647"/>
<pin id="605" dir="0" index="2" bw="8" slack="0"/>
<pin id="606" dir="0" index="3" bw="0" slack="2147483647"/>
<pin id="607" dir="1" index="4" bw="8" slack="0"/>
</pin_list>
<bind>
<opcode="phi(47) " fcode="phi"/>
<opset="p_0_0_09391408_i/2 "/>
</bind>
</comp>

<comp id="608" class="1005" name="p_0_0_09401405_i_reg_608">
<pin_list>
<pin id="609" dir="0" index="0" bw="8" slack="2147483647"/>
<pin id="610" dir="1" index="1" bw="8" slack="2147483647"/>
</pin_list>
<bind>
<opset="p_0_0_09401405_i (phireg) "/>
</bind>
</comp>

<comp id="611" class="1004" name="p_0_0_09401405_i_phi_fu_611">
<pin_list>
<pin id="612" dir="0" index="0" bw="8" slack="0"/>
<pin id="613" dir="0" index="1" bw="0" slack="2147483647"/>
<pin id="614" dir="0" index="2" bw="8" slack="0"/>
<pin id="615" dir="0" index="3" bw="0" slack="2147483647"/>
<pin id="616" dir="1" index="4" bw="8" slack="0"/>
</pin_list>
<bind>
<opcode="phi(47) " fcode="phi"/>
<opset="p_0_0_09401405_i/2 "/>
</bind>
</comp>

<comp id="617" class="1005" name="pix_4_reg_617">
<pin_list>
<pin id="618" dir="0" index="0" bw="8" slack="2"/>
<pin id="619" dir="1" index="1" bw="8" slack="2"/>
</pin_list>
<bind>
<opset="pix_4 (phireg) "/>
</bind>
</comp>

<comp id="620" class="1004" name="pix_4_phi_fu_620">
<pin_list>
<pin id="621" dir="0" index="0" bw="8" slack="1"/>
<pin id="622" dir="0" index="1" bw="0" slack="2147483647"/>
<pin id="623" dir="0" index="2" bw="8" slack="1"/>
<pin id="624" dir="0" index="3" bw="0" slack="2147483647"/>
<pin id="625" dir="1" index="4" bw="8" slack="2"/>
</pin_list>
<bind>
<opcode="phi(47) " fcode="phi"/>
<opset="pix_4/3 "/>
</bind>
</comp>

<comp id="627" class="1005" name="pix_3_reg_627">
<pin_list>
<pin id="628" dir="0" index="0" bw="8" slack="2"/>
<pin id="629" dir="1" index="1" bw="8" slack="2"/>
</pin_list>
<bind>
<opset="pix_3 (phireg) "/>
</bind>
</comp>

<comp id="630" class="1004" name="pix_3_phi_fu_630">
<pin_list>
<pin id="631" dir="0" index="0" bw="8" slack="1"/>
<pin id="632" dir="0" index="1" bw="0" slack="2147483647"/>
<pin id="633" dir="0" index="2" bw="8" slack="1"/>
<pin id="634" dir="0" index="3" bw="0" slack="2147483647"/>
<pin id="635" dir="1" index="4" bw="8" slack="0"/>
</pin_list>
<bind>
<opcode="phi(47) " fcode="phi"/>
<opset="pix_3/3 "/>
</bind>
</comp>

<comp id="637" class="1005" name="pix_reg_637">
<pin_list>
<pin id="638" dir="0" index="0" bw="8" slack="2"/>
<pin id="639" dir="1" index="1" bw="8" slack="2"/>
</pin_list>
<bind>
<opset="pix (phireg) "/>
</bind>
</comp>

<comp id="640" class="1004" name="pix_phi_fu_640">
<pin_list>
<pin id="641" dir="0" index="0" bw="8" slack="1"/>
<pin id="642" dir="0" index="1" bw="0" slack="2147483647"/>
<pin id="643" dir="0" index="2" bw="8" slack="1"/>
<pin id="644" dir="0" index="3" bw="0" slack="2147483647"/>
<pin id="645" dir="1" index="4" bw="8" slack="2"/>
</pin_list>
<bind>
<opcode="phi(47) " fcode="phi"/>
<opset="pix/3 "/>
</bind>
</comp>

<comp id="647" class="1005" name="en_rgd_3_reg_647">
<pin_list>
<pin id="648" dir="0" index="0" bw="1" slack="2147483647"/>
<pin id="649" dir="1" index="1" bw="1" slack="2147483647"/>
</pin_list>
<bind>
<opset="en_rgd_3 (phireg) "/>
</bind>
</comp>

<comp id="650" class="1004" name="en_rgd_3_phi_fu_650">
<pin_list>
<pin id="651" dir="0" index="0" bw="1" slack="0"/>
<pin id="652" dir="0" index="1" bw="0" slack="2147483647"/>
<pin id="653" dir="0" index="2" bw="1" slack="0"/>
<pin id="654" dir="0" index="3" bw="0" slack="2147483647"/>
<pin id="655" dir="0" index="4" bw="1" slack="0"/>
<pin id="656" dir="0" index="5" bw="0" slack="2147483647"/>
<pin id="657" dir="0" index="6" bw="1" slack="0"/>
<pin id="658" dir="0" index="7" bw="0" slack="2147483647"/>
<pin id="659" dir="0" index="8" bw="1" slack="0"/>
<pin id="660" dir="0" index="9" bw="0" slack="2147483647"/>
<pin id="661" dir="0" index="10" bw="1" slack="0"/>
<pin id="662" dir="0" index="11" bw="0" slack="2147483647"/>
<pin id="663" dir="0" index="12" bw="1" slack="0"/>
<pin id="664" dir="0" index="13" bw="0" slack="0"/>
<pin id="665" dir="1" index="14" bw="1" slack="0"/>
</pin_list>
<bind>
<opcode="phi(47) " fcode="phi"/>
<opset="en_rgd_3/4 "/>
</bind>
</comp>

<comp id="673" class="1005" name="en_rgd_2_reg_673">
<pin_list>
<pin id="674" dir="0" index="0" bw="1" slack="2147483647"/>
<pin id="675" dir="1" index="1" bw="1" slack="2147483647"/>
</pin_list>
<bind>
<opset="en_rgd_2 (phireg) "/>
</bind>
</comp>

<comp id="676" class="1004" name="en_rgd_2_phi_fu_676">
<pin_list>
<pin id="677" dir="0" index="0" bw="1" slack="0"/>
<pin id="678" dir="0" index="1" bw="0" slack="2147483647"/>
<pin id="679" dir="0" index="2" bw="1" slack="0"/>
<pin id="680" dir="0" index="3" bw="0" slack="2147483647"/>
<pin id="681" dir="0" index="4" bw="1" slack="0"/>
<pin id="682" dir="0" index="5" bw="0" slack="2147483647"/>
<pin id="683" dir="0" index="6" bw="1" slack="0"/>
<pin id="684" dir="0" index="7" bw="0" slack="2147483647"/>
<pin id="685" dir="0" index="8" bw="1" slack="0"/>
<pin id="686" dir="0" index="9" bw="0" slack="2147483647"/>
<pin id="687" dir="0" index="10" bw="1" slack="0"/>
<pin id="688" dir="0" index="11" bw="0" slack="2147483647"/>
<pin id="689" dir="0" index="12" bw="1" slack="0"/>
<pin id="690" dir="0" index="13" bw="0" slack="0"/>
<pin id="691" dir="1" index="14" bw="1" slack="0"/>
</pin_list>
<bind>
<opcode="phi(47) " fcode="phi"/>
<opset="en_rgd_2/4 "/>
</bind>
</comp>

<comp id="699" class="1005" name="en_rgd_1_reg_699">
<pin_list>
<pin id="700" dir="0" index="0" bw="1" slack="2147483647"/>
<pin id="701" dir="1" index="1" bw="1" slack="2147483647"/>
</pin_list>
<bind>
<opset="en_rgd_1 (phireg) "/>
</bind>
</comp>

<comp id="702" class="1004" name="en_rgd_1_phi_fu_702">
<pin_list>
<pin id="703" dir="0" index="0" bw="1" slack="0"/>
<pin id="704" dir="0" index="1" bw="0" slack="2147483647"/>
<pin id="705" dir="0" index="2" bw="1" slack="0"/>
<pin id="706" dir="0" index="3" bw="0" slack="2147483647"/>
<pin id="707" dir="0" index="4" bw="1" slack="0"/>
<pin id="708" dir="0" index="5" bw="0" slack="2147483647"/>
<pin id="709" dir="0" index="6" bw="1" slack="0"/>
<pin id="710" dir="0" index="7" bw="0" slack="2147483647"/>
<pin id="711" dir="0" index="8" bw="1" slack="0"/>
<pin id="712" dir="0" index="9" bw="0" slack="2147483647"/>
<pin id="713" dir="0" index="10" bw="1" slack="0"/>
<pin id="714" dir="0" index="11" bw="0" slack="2147483647"/>
<pin id="715" dir="0" index="12" bw="1" slack="0"/>
<pin id="716" dir="0" index="13" bw="0" slack="0"/>
<pin id="717" dir="1" index="14" bw="1" slack="0"/>
</pin_list>
<bind>
<opcode="phi(47) " fcode="phi"/>
<opset="en_rgd_1/4 "/>
</bind>
</comp>

<comp id="725" class="1005" name="en_rgd_reg_725">
<pin_list>
<pin id="726" dir="0" index="0" bw="1" slack="2147483647"/>
<pin id="727" dir="1" index="1" bw="1" slack="2147483647"/>
</pin_list>
<bind>
<opset="en_rgd (phireg) "/>
</bind>
</comp>

<comp id="728" class="1004" name="en_rgd_phi_fu_728">
<pin_list>
<pin id="729" dir="0" index="0" bw="1" slack="0"/>
<pin id="730" dir="0" index="1" bw="0" slack="2147483647"/>
<pin id="731" dir="0" index="2" bw="1" slack="0"/>
<pin id="732" dir="0" index="3" bw="0" slack="2147483647"/>
<pin id="733" dir="0" index="4" bw="1" slack="0"/>
<pin id="734" dir="0" index="5" bw="0" slack="2147483647"/>
<pin id="735" dir="0" index="6" bw="1" slack="0"/>
<pin id="736" dir="0" index="7" bw="0" slack="2147483647"/>
<pin id="737" dir="0" index="8" bw="1" slack="0"/>
<pin id="738" dir="0" index="9" bw="0" slack="2147483647"/>
<pin id="739" dir="0" index="10" bw="1" slack="0"/>
<pin id="740" dir="0" index="11" bw="0" slack="2147483647"/>
<pin id="741" dir="0" index="12" bw="1" slack="0"/>
<pin id="742" dir="0" index="13" bw="0" slack="0"/>
<pin id="743" dir="1" index="14" bw="1" slack="0"/>
</pin_list>
<bind>
<opcode="phi(47) " fcode="phi"/>
<opset="en_rgd/4 "/>
</bind>
</comp>

<comp id="751" class="1005" name="r_1_reg_751">
<pin_list>
<pin id="752" dir="0" index="0" bw="10" slack="2147483647"/>
<pin id="753" dir="1" index="1" bw="10" slack="2147483647"/>
</pin_list>
<bind>
<opset="r_1 (phireg) "/>
</bind>
</comp>

<comp id="754" class="1004" name="r_1_phi_fu_754">
<pin_list>
<pin id="755" dir="0" index="0" bw="10" slack="0"/>
<pin id="756" dir="0" index="1" bw="0" slack="2147483647"/>
<pin id="757" dir="0" index="2" bw="8" slack="0"/>
<pin id="758" dir="0" index="3" bw="0" slack="2147483647"/>
<pin id="759" dir="1" index="4" bw="10" slack="0"/>
</pin_list>
<bind>
<opcode="phi(47) " fcode="phi"/>
<opset="r_1/5 "/>
</bind>
</comp>

<comp id="760" class="1005" name="b_1_reg_760">
<pin_list>
<pin id="761" dir="0" index="0" bw="10" slack="2147483647"/>
<pin id="762" dir="1" index="1" bw="10" slack="2147483647"/>
</pin_list>
<bind>
<opset="b_1 (phireg) "/>
</bind>
</comp>

<comp id="763" class="1004" name="b_1_phi_fu_763">
<pin_list>
<pin id="764" dir="0" index="0" bw="10" slack="0"/>
<pin id="765" dir="0" index="1" bw="0" slack="2147483647"/>
<pin id="766" dir="0" index="2" bw="8" slack="0"/>
<pin id="767" dir="0" index="3" bw="0" slack="2147483647"/>
<pin id="768" dir="1" index="4" bw="10" slack="0"/>
</pin_list>
<bind>
<opcode="phi(47) " fcode="phi"/>
<opset="b_1/5 "/>
</bind>
</comp>

<comp id="769" class="1004" name="zext_ln772_fu_769">
<pin_list>
<pin id="770" dir="0" index="0" bw="1" slack="0"/>
<pin id="771" dir="1" index="1" bw="15" slack="0"/>
</pin_list>
<bind>
<opcode="zext(34) " fcode="zext"/>
<opset="zext_ln772/1 "/>
</bind>
</comp>

<comp id="773" class="1004" name="red_fu_773">
<pin_list>
<pin id="774" dir="0" index="0" bw="15" slack="0"/>
<pin id="775" dir="0" index="1" bw="15" slack="0"/>
<pin id="776" dir="1" index="2" bw="1" slack="1"/>
</pin_list>
<bind>
<opcode="icmp(45) " fcode="icmp"/>
<opset="red/1 "/>
</bind>
</comp>

<comp id="779" class="1004" name="icmp_ln664_fu_779">
<pin_list>
<pin id="780" dir="0" index="0" bw="11" slack="0"/>
<pin id="781" dir="0" index="1" bw="11" slack="0"/>
<pin id="782" dir="1" index="2" bw="1" slack="1"/>
</pin_list>
<bind>
<opcode="icmp(45) " fcode="icmp"/>
<opset="icmp_ln664/1 "/>
</bind>
</comp>

<comp id="785" class="1004" name="icmp_ln728_fu_785">
<pin_list>
<pin id="786" dir="0" index="0" bw="11" slack="0"/>
<pin id="787" dir="0" index="1" bw="11" slack="0"/>
<pin id="788" dir="1" index="2" bw="1" slack="0"/>
</pin_list>
<bind>
<opcode="icmp(45) " fcode="icmp"/>
<opset="icmp_ln728/1 "/>
</bind>
</comp>

<comp id="791" class="1004" name="store_ln0_store_fu_791">
<pin_list>
<pin id="792" dir="0" index="0" bw="8" slack="0"/>
<pin id="793" dir="0" index="1" bw="8" slack="0"/>
<pin id="794" dir="1" index="2" bw="0" slack="2147483647"/>
</pin_list>
<bind>
<opcode="store(28) " fcode="store"/>
<opset="store_ln0/1 "/>
</bind>
</comp>

<comp id="796" class="1004" name="store_ln0_store_fu_796">
<pin_list>
<pin id="797" dir="0" index="0" bw="8" slack="0"/>
<pin id="798" dir="0" index="1" bw="8" slack="0"/>
<pin id="799" dir="1" index="2" bw="0" slack="2147483647"/>
</pin_list>
<bind>
<opcode="store(28) " fcode="store"/>
<opset="store_ln0/1 "/>
</bind>
</comp>

<comp id="801" class="1004" name="store_ln0_store_fu_801">
<pin_list>
<pin id="802" dir="0" index="0" bw="8" slack="0"/>
<pin id="803" dir="0" index="1" bw="8" slack="0"/>
<pin id="804" dir="1" index="2" bw="0" slack="2147483647"/>
</pin_list>
<bind>
<opcode="store(28) " fcode="store"/>
<opset="store_ln0/1 "/>
</bind>
</comp>

<comp id="806" class="1004" name="store_ln0_store_fu_806">
<pin_list>
<pin id="807" dir="0" index="0" bw="8" slack="0"/>
<pin id="808" dir="0" index="1" bw="8" slack="0"/>
<pin id="809" dir="1" index="2" bw="0" slack="2147483647"/>
</pin_list>
<bind>
<opcode="store(28) " fcode="store"/>
<opset="store_ln0/1 "/>
</bind>
</comp>

<comp id="811" class="1004" name="store_ln0_store_fu_811">
<pin_list>
<pin id="812" dir="0" index="0" bw="8" slack="0"/>
<pin id="813" dir="0" index="1" bw="8" slack="0"/>
<pin id="814" dir="1" index="2" bw="0" slack="2147483647"/>
</pin_list>
<bind>
<opcode="store(28) " fcode="store"/>
<opset="store_ln0/1 "/>
</bind>
</comp>

<comp id="816" class="1004" name="store_ln0_store_fu_816">
<pin_list>
<pin id="817" dir="0" index="0" bw="8" slack="0"/>
<pin id="818" dir="0" index="1" bw="8" slack="0"/>
<pin id="819" dir="1" index="2" bw="0" slack="2147483647"/>
</pin_list>
<bind>
<opcode="store(28) " fcode="store"/>
<opset="store_ln0/1 "/>
</bind>
</comp>

<comp id="821" class="1004" name="store_ln0_store_fu_821">
<pin_list>
<pin id="822" dir="0" index="0" bw="8" slack="0"/>
<pin id="823" dir="0" index="1" bw="8" slack="0"/>
<pin id="824" dir="1" index="2" bw="0" slack="2147483647"/>
</pin_list>
<bind>
<opcode="store(28) " fcode="store"/>
<opset="store_ln0/1 "/>
</bind>
</comp>

<comp id="826" class="1004" name="store_ln0_store_fu_826">
<pin_list>
<pin id="827" dir="0" index="0" bw="8" slack="0"/>
<pin id="828" dir="0" index="1" bw="8" slack="0"/>
<pin id="829" dir="1" index="2" bw="0" slack="2147483647"/>
</pin_list>
<bind>
<opcode="store(28) " fcode="store"/>
<opset="store_ln0/1 "/>
</bind>
</comp>

<comp id="831" class="1004" name="store_ln0_store_fu_831">
<pin_list>
<pin id="832" dir="0" index="0" bw="8" slack="0"/>
<pin id="833" dir="0" index="1" bw="8" slack="0"/>
<pin id="834" dir="1" index="2" bw="0" slack="2147483647"/>
</pin_list>
<bind>
<opcode="store(28) " fcode="store"/>
<opset="store_ln0/1 "/>
</bind>
</comp>

<comp id="836" class="1004" name="store_ln0_store_fu_836">
<pin_list>
<pin id="837" dir="0" index="0" bw="8" slack="0"/>
<pin id="838" dir="0" index="1" bw="8" slack="0"/>
<pin id="839" dir="1" index="2" bw="0" slack="2147483647"/>
</pin_list>
<bind>
<opcode="store(28) " fcode="store"/>
<opset="store_ln0/1 "/>
</bind>
</comp>

<comp id="841" class="1004" name="store_ln0_store_fu_841">
<pin_list>
<pin id="842" dir="0" index="0" bw="8" slack="0"/>
<pin id="843" dir="0" index="1" bw="8" slack="0"/>
<pin id="844" dir="1" index="2" bw="0" slack="2147483647"/>
</pin_list>
<bind>
<opcode="store(28) " fcode="store"/>
<opset="store_ln0/1 "/>
</bind>
</comp>

<comp id="846" class="1004" name="store_ln0_store_fu_846">
<pin_list>
<pin id="847" dir="0" index="0" bw="8" slack="0"/>
<pin id="848" dir="0" index="1" bw="8" slack="0"/>
<pin id="849" dir="1" index="2" bw="0" slack="2147483647"/>
</pin_list>
<bind>
<opcode="store(28) " fcode="store"/>
<opset="store_ln0/1 "/>
</bind>
</comp>

<comp id="851" class="1004" name="store_ln0_store_fu_851">
<pin_list>
<pin id="852" dir="0" index="0" bw="8" slack="0"/>
<pin id="853" dir="0" index="1" bw="8" slack="0"/>
<pin id="854" dir="1" index="2" bw="0" slack="2147483647"/>
</pin_list>
<bind>
<opcode="store(28) " fcode="store"/>
<opset="store_ln0/1 "/>
</bind>
</comp>

<comp id="856" class="1004" name="store_ln0_store_fu_856">
<pin_list>
<pin id="857" dir="0" index="0" bw="8" slack="0"/>
<pin id="858" dir="0" index="1" bw="8" slack="0"/>
<pin id="859" dir="1" index="2" bw="0" slack="2147483647"/>
</pin_list>
<bind>
<opcode="store(28) " fcode="store"/>
<opset="store_ln0/1 "/>
</bind>
</comp>

<comp id="861" class="1004" name="store_ln0_store_fu_861">
<pin_list>
<pin id="862" dir="0" index="0" bw="8" slack="0"/>
<pin id="863" dir="0" index="1" bw="8" slack="0"/>
<pin id="864" dir="1" index="2" bw="0" slack="2147483647"/>
</pin_list>
<bind>
<opcode="store(28) " fcode="store"/>
<opset="store_ln0/1 "/>
</bind>
</comp>

<comp id="866" class="1004" name="store_ln603_store_fu_866">
<pin_list>
<pin id="867" dir="0" index="0" bw="1" slack="0"/>
<pin id="868" dir="0" index="1" bw="11" slack="0"/>
<pin id="869" dir="1" index="2" bw="0" slack="2147483647"/>
</pin_list>
<bind>
<opcode="store(28) " fcode="store"/>
<opset="store_ln603/1 "/>
</bind>
</comp>

<comp id="871" class="1004" name="z_load_fu_871">
<pin_list>
<pin id="872" dir="0" index="0" bw="11" slack="0"/>
<pin id="873" dir="1" index="1" bw="11" slack="0"/>
</pin_list>
<bind>
<opcode="load(27) " fcode="load"/>
<opset="z/1 "/>
</bind>
</comp>

<comp id="874" class="1004" name="icmp_ln633_fu_874">
<pin_list>
<pin id="875" dir="0" index="0" bw="11" slack="0"/>
<pin id="876" dir="0" index="1" bw="11" slack="0"/>
<pin id="877" dir="1" index="2" bw="1" slack="1"/>
</pin_list>
<bind>
<opcode="icmp(45) " fcode="icmp"/>
<opset="icmp_ln633/1 "/>
</bind>
</comp>

<comp id="880" class="1004" name="x_5_fu_880">
<pin_list>
<pin id="881" dir="0" index="0" bw="11" slack="0"/>
<pin id="882" dir="0" index="1" bw="1" slack="0"/>
<pin id="883" dir="1" index="2" bw="11" slack="0"/>
</pin_list>
<bind>
<opcode="add(8) " fcode="add"/>
<opset="x_5/1 "/>
</bind>
</comp>

<comp id="886" class="1004" name="trunc_ln633_fu_886">
<pin_list>
<pin id="887" dir="0" index="0" bw="11" slack="0"/>
<pin id="888" dir="1" index="1" bw="1" slack="0"/>
</pin_list>
<bind>
<opcode="trunc(33) " fcode="trunc"/>
<opset="trunc_ln633/1 "/>
</bind>
</comp>

<comp id="890" class="1004" name="zext_ln633_fu_890">
<pin_list>
<pin id="891" dir="0" index="0" bw="11" slack="0"/>
<pin id="892" dir="1" index="1" bw="64" slack="0"/>
</pin_list>
<bind>
<opcode="zext(34) " fcode="zext"/>
<opset="zext_ln633/1 "/>
</bind>
</comp>

<comp id="896" class="1004" name="icmp_ln643_fu_896">
<pin_list>
<pin id="897" dir="0" index="0" bw="11" slack="0"/>
<pin id="898" dir="0" index="1" bw="11" slack="0"/>
<pin id="899" dir="1" index="2" bw="1" slack="1"/>
</pin_list>
<bind>
<opcode="icmp(45) " fcode="icmp"/>
<opset="icmp_ln643/1 "/>
</bind>
</comp>

<comp id="902" class="1004" name="icmp_ln710_fu_902">
<pin_list>
<pin id="903" dir="0" index="0" bw="11" slack="0"/>
<pin id="904" dir="0" index="1" bw="11" slack="0"/>
<pin id="905" dir="1" index="2" bw="1" slack="1"/>
</pin_list>
<bind>
<opcode="icmp(45) " fcode="icmp"/>
<opset="icmp_ln710/1 "/>
</bind>
</comp>

<comp id="908" class="1004" name="xor_ln772_2_fu_908">
<pin_list>
<pin id="909" dir="0" index="0" bw="1" slack="0"/>
<pin id="910" dir="0" index="1" bw="1" slack="0"/>
<pin id="911" dir="1" index="2" bw="1" slack="0"/>
</pin_list>
<bind>
<opcode="xor(25) " fcode="xor"/>
<opset="xor_ln772_2/1 "/>
</bind>
</comp>

<comp id="914" class="1004" name="xor_ln772_3_fu_914">
<pin_list>
<pin id="915" dir="0" index="0" bw="1" slack="0"/>
<pin id="916" dir="0" index="1" bw="1" slack="0"/>
<pin id="917" dir="1" index="2" bw="1" slack="0"/>
</pin_list>
<bind>
<opcode="xor(25) " fcode="xor"/>
<opset="xor_ln772_3/1 "/>
</bind>
</comp>

<comp id="920" class="1004" name="zext_ln772_1_fu_920">
<pin_list>
<pin id="921" dir="0" index="0" bw="1" slack="0"/>
<pin id="922" dir="1" index="1" bw="15" slack="0"/>
</pin_list>
<bind>
<opcode="zext(34) " fcode="zext"/>
<opset="zext_ln772_1/1 "/>
</bind>
</comp>

<comp id="924" class="1004" name="icmp_ln772_fu_924">
<pin_list>
<pin id="925" dir="0" index="0" bw="15" slack="0"/>
<pin id="926" dir="0" index="1" bw="15" slack="0"/>
<pin id="927" dir="1" index="2" bw="1" slack="1"/>
</pin_list>
<bind>
<opcode="icmp(45) " fcode="icmp"/>
<opset="icmp_ln772/1 "/>
</bind>
</comp>

<comp id="930" class="1004" name="icmp_ln833_fu_930">
<pin_list>
<pin id="931" dir="0" index="0" bw="11" slack="0"/>
<pin id="932" dir="0" index="1" bw="11" slack="0"/>
<pin id="933" dir="1" index="2" bw="1" slack="0"/>
</pin_list>
<bind>
<opcode="icmp(45) " fcode="icmp"/>
<opset="icmp_ln833/1 "/>
</bind>
</comp>

<comp id="936" class="1004" name="and_ln833_fu_936">
<pin_list>
<pin id="937" dir="0" index="0" bw="1" slack="0"/>
<pin id="938" dir="0" index="1" bw="1" slack="0"/>
<pin id="939" dir="1" index="2" bw="1" slack="4"/>
</pin_list>
<bind>
<opcode="and(23) " fcode="and"/>
<opset="and_ln833/1 "/>
</bind>
</comp>

<comp id="942" class="1004" name="store_ln603_store_fu_942">
<pin_list>
<pin id="943" dir="0" index="0" bw="11" slack="0"/>
<pin id="944" dir="0" index="1" bw="11" slack="0"/>
<pin id="945" dir="1" index="2" bw="0" slack="2147483647"/>
</pin_list>
<bind>
<opcode="store(28) " fcode="store"/>
<opset="store_ln603/1 "/>
</bind>
</comp>

<comp id="947" class="1004" name="p_0_0_0_0_09131503_i_load_load_fu_947">
<pin_list>
<pin id="948" dir="0" index="0" bw="8" slack="1"/>
<pin id="949" dir="1" index="1" bw="8" slack="0"/>
</pin_list>
<bind>
<opcode="load(27) " fcode="load"/>
<opset="p_0_0_0_0_09131503_i_load/2 "/>
</bind>
</comp>

<comp id="951" class="1004" name="p_0_1_0_0_09141505_i_load_load_fu_951">
<pin_list>
<pin id="952" dir="0" index="0" bw="8" slack="1"/>
<pin id="953" dir="1" index="1" bw="8" slack="0"/>
</pin_list>
<bind>
<opcode="load(27) " fcode="load"/>
<opset="p_0_1_0_0_09141505_i_load/2 "/>
</bind>
</comp>

<comp id="955" class="1004" name="p_0_2_0_0_09151507_i_load_load_fu_955">
<pin_list>
<pin id="956" dir="0" index="0" bw="8" slack="1"/>
<pin id="957" dir="1" index="1" bw="8" slack="0"/>
</pin_list>
<bind>
<opcode="load(27) " fcode="load"/>
<opset="p_0_2_0_0_09151507_i_load/2 "/>
</bind>
</comp>

<comp id="959" class="1004" name="p_0_0_0940_114971508_i_load_load_fu_959">
<pin_list>
<pin id="960" dir="0" index="0" bw="8" slack="1"/>
<pin id="961" dir="1" index="1" bw="8" slack="0"/>
</pin_list>
<bind>
<opcode="load(27) " fcode="load"/>
<opset="p_0_0_0940_114971508_i_load/2 "/>
</bind>
</comp>

<comp id="962" class="1004" name="p_0_0_0939_114991510_i_load_load_fu_962">
<pin_list>
<pin id="963" dir="0" index="0" bw="8" slack="1"/>
<pin id="964" dir="1" index="1" bw="8" slack="0"/>
</pin_list>
<bind>
<opcode="load(27) " fcode="load"/>
<opset="p_0_0_0939_114991510_i_load/2 "/>
</bind>
</comp>

<comp id="965" class="1004" name="p_0_0_0938_115011512_i_load_load_fu_965">
<pin_list>
<pin id="966" dir="0" index="0" bw="8" slack="1"/>
<pin id="967" dir="1" index="1" bw="8" slack="0"/>
</pin_list>
<bind>
<opcode="load(27) " fcode="load"/>
<opset="p_0_0_0938_115011512_i_load/2 "/>
</bind>
</comp>

<comp id="968" class="1004" name="p_0_0_0_0_09071515_i_load_load_fu_968">
<pin_list>
<pin id="969" dir="0" index="0" bw="8" slack="1"/>
<pin id="970" dir="1" index="1" bw="8" slack="0"/>
</pin_list>
<bind>
<opcode="load(27) " fcode="load"/>
<opset="p_0_0_0_0_09071515_i_load/2 "/>
</bind>
</comp>

<comp id="972" class="1004" name="p_0_1_0_0_09081517_i_load_load_fu_972">
<pin_list>
<pin id="973" dir="0" index="0" bw="8" slack="1"/>
<pin id="974" dir="1" index="1" bw="8" slack="0"/>
</pin_list>
<bind>
<opcode="load(27) " fcode="load"/>
<opset="p_0_1_0_0_09081517_i_load/2 "/>
</bind>
</comp>

<comp id="976" class="1004" name="p_0_2_0_0_09091519_i_load_load_fu_976">
<pin_list>
<pin id="977" dir="0" index="0" bw="8" slack="1"/>
<pin id="978" dir="1" index="1" bw="8" slack="0"/>
</pin_list>
<bind>
<opcode="load(27) " fcode="load"/>
<opset="p_0_2_0_0_09091519_i_load/2 "/>
</bind>
</comp>

<comp id="980" class="1004" name="p_0_0_09401404_i_load_load_fu_980">
<pin_list>
<pin id="981" dir="0" index="0" bw="8" slack="1"/>
<pin id="982" dir="1" index="1" bw="8" slack="0"/>
</pin_list>
<bind>
<opcode="load(27) " fcode="load"/>
<opset="p_0_0_09401404_i_load/2 "/>
</bind>
</comp>

<comp id="984" class="1004" name="p_0_0_09391407_i_load_load_fu_984">
<pin_list>
<pin id="985" dir="0" index="0" bw="8" slack="1"/>
<pin id="986" dir="1" index="1" bw="8" slack="0"/>
</pin_list>
<bind>
<opcode="load(27) " fcode="load"/>
<opset="p_0_0_09391407_i_load/2 "/>
</bind>
</comp>

<comp id="988" class="1004" name="p_0_0_09381410_i_load_load_fu_988">
<pin_list>
<pin id="989" dir="0" index="0" bw="8" slack="1"/>
<pin id="990" dir="1" index="1" bw="8" slack="0"/>
</pin_list>
<bind>
<opcode="load(27) " fcode="load"/>
<opset="p_0_0_09381410_i_load/2 "/>
</bind>
</comp>

<comp id="992" class="1004" name="p_0_0_0940_21434_i_load_load_fu_992">
<pin_list>
<pin id="993" dir="0" index="0" bw="8" slack="1"/>
<pin id="994" dir="1" index="1" bw="8" slack="0"/>
</pin_list>
<bind>
<opcode="load(27) " fcode="load"/>
<opset="p_0_0_0940_21434_i_load/2 "/>
</bind>
</comp>

<comp id="996" class="1004" name="p_0_0_0939_21437_i_load_load_fu_996">
<pin_list>
<pin id="997" dir="0" index="0" bw="8" slack="1"/>
<pin id="998" dir="1" index="1" bw="8" slack="0"/>
</pin_list>
<bind>
<opcode="load(27) " fcode="load"/>
<opset="p_0_0_0939_21437_i_load/2 "/>
</bind>
</comp>

<comp id="1000" class="1004" name="p_0_0_0938_21440_i_load_load_fu_1000">
<pin_list>
<pin id="1001" dir="0" index="0" bw="8" slack="1"/>
<pin id="1002" dir="1" index="1" bw="8" slack="0"/>
</pin_list>
<bind>
<opcode="load(27) " fcode="load"/>
<opset="p_0_0_0938_21440_i_load/2 "/>
</bind>
</comp>

<comp id="1004" class="1004" name="trunc_ln654_fu_1004">
<pin_list>
<pin id="1005" dir="0" index="0" bw="24" slack="0"/>
<pin id="1006" dir="1" index="1" bw="8" slack="0"/>
</pin_list>
<bind>
<opcode="trunc(33) " fcode="trunc"/>
<opset="trunc_ln654/2 "/>
</bind>
</comp>

<comp id="1009" class="1004" name="tmp_4_i_fu_1009">
<pin_list>
<pin id="1010" dir="0" index="0" bw="8" slack="0"/>
<pin id="1011" dir="0" index="1" bw="24" slack="0"/>
<pin id="1012" dir="0" index="2" bw="5" slack="0"/>
<pin id="1013" dir="1" index="3" bw="8" slack="0"/>
</pin_list>
<bind>
<opcode="partselect(1002) " fcode="partselect"/>
<opset="tmp_4_i/2 "/>
</bind>
</comp>

<comp id="1018" class="1004" name="tmp_5_i_fu_1018">
<pin_list>
<pin id="1019" dir="0" index="0" bw="8" slack="0"/>
<pin id="1020" dir="0" index="1" bw="24" slack="0"/>
<pin id="1021" dir="0" index="2" bw="6" slack="0"/>
<pin id="1022" dir="1" index="3" bw="8" slack="0"/>
</pin_list>
<bind>
<opcode="partselect(1002) " fcode="partselect"/>
<opset="tmp_5_i/2 "/>
</bind>
</comp>

<comp id="1027" class="1004" name="trunc_ln654_1_fu_1027">
<pin_list>
<pin id="1028" dir="0" index="0" bw="24" slack="0"/>
<pin id="1029" dir="1" index="1" bw="8" slack="0"/>
</pin_list>
<bind>
<opcode="trunc(33) " fcode="trunc"/>
<opset="trunc_ln654_1/2 "/>
</bind>
</comp>

<comp id="1031" class="1004" name="tmp_7_i_fu_1031">
<pin_list>
<pin id="1032" dir="0" index="0" bw="8" slack="0"/>
<pin id="1033" dir="0" index="1" bw="24" slack="0"/>
<pin id="1034" dir="0" index="2" bw="5" slack="0"/>
<pin id="1035" dir="1" index="3" bw="8" slack="0"/>
</pin_list>
<bind>
<opcode="partselect(1002) " fcode="partselect"/>
<opset="tmp_7_i/2 "/>
</bind>
</comp>

<comp id="1039" class="1004" name="tmp_8_i_fu_1039">
<pin_list>
<pin id="1040" dir="0" index="0" bw="8" slack="0"/>
<pin id="1041" dir="0" index="1" bw="24" slack="0"/>
<pin id="1042" dir="0" index="2" bw="6" slack="0"/>
<pin id="1043" dir="1" index="3" bw="8" slack="0"/>
</pin_list>
<bind>
<opcode="partselect(1002) " fcode="partselect"/>
<opset="tmp_8_i/2 "/>
</bind>
</comp>

<comp id="1047" class="1004" name="trunc_ln666_fu_1047">
<pin_list>
<pin id="1048" dir="0" index="0" bw="24" slack="0"/>
<pin id="1049" dir="1" index="1" bw="8" slack="0"/>
</pin_list>
<bind>
<opcode="trunc(33) " fcode="trunc"/>
<opset="trunc_ln666/2 "/>
</bind>
</comp>

<comp id="1052" class="1004" name="trunc_ln666_2_fu_1052">
<pin_list>
<pin id="1053" dir="0" index="0" bw="8" slack="0"/>
<pin id="1054" dir="0" index="1" bw="24" slack="0"/>
<pin id="1055" dir="0" index="2" bw="5" slack="0"/>
<pin id="1056" dir="0" index="3" bw="5" slack="0"/>
<pin id="1057" dir="1" index="4" bw="8" slack="0"/>
</pin_list>
<bind>
<opcode="partselect(1002) " fcode="partselect"/>
<opset="trunc_ln666_2/2 "/>
</bind>
</comp>

<comp id="1063" class="1004" name="trunc_ln666_3_fu_1063">
<pin_list>
<pin id="1064" dir="0" index="0" bw="8" slack="0"/>
<pin id="1065" dir="0" index="1" bw="24" slack="0"/>
<pin id="1066" dir="0" index="2" bw="6" slack="0"/>
<pin id="1067" dir="0" index="3" bw="6" slack="0"/>
<pin id="1068" dir="1" index="4" bw="8" slack="0"/>
</pin_list>
<bind>
<opcode="partselect(1002) " fcode="partselect"/>
<opset="trunc_ln666_3/2 "/>
</bind>
</comp>

<comp id="1074" class="1004" name="select_ln710_fu_1074">
<pin_list>
<pin id="1075" dir="0" index="0" bw="1" slack="1"/>
<pin id="1076" dir="0" index="1" bw="8" slack="0"/>
<pin id="1077" dir="0" index="2" bw="8" slack="0"/>
<pin id="1078" dir="1" index="3" bw="8" slack="1"/>
</pin_list>
<bind>
<opcode="select(49) " fcode="select"/>
<opset="select_ln710/2 "/>
</bind>
</comp>

<comp id="1081" class="1004" name="select_ln710_1_fu_1081">
<pin_list>
<pin id="1082" dir="0" index="0" bw="1" slack="1"/>
<pin id="1083" dir="0" index="1" bw="8" slack="0"/>
<pin id="1084" dir="0" index="2" bw="8" slack="0"/>
<pin id="1085" dir="1" index="3" bw="8" slack="1"/>
</pin_list>
<bind>
<opcode="select(49) " fcode="select"/>
<opset="select_ln710_1/2 "/>
</bind>
</comp>

<comp id="1088" class="1004" name="select_ln710_2_fu_1088">
<pin_list>
<pin id="1089" dir="0" index="0" bw="1" slack="1"/>
<pin id="1090" dir="0" index="1" bw="8" slack="0"/>
<pin id="1091" dir="0" index="2" bw="8" slack="0"/>
<pin id="1092" dir="1" index="3" bw="8" slack="1"/>
</pin_list>
<bind>
<opcode="select(49) " fcode="select"/>
<opset="select_ln710_2/2 "/>
</bind>
</comp>

<comp id="1095" class="1004" name="select_ln710_3_fu_1095">
<pin_list>
<pin id="1096" dir="0" index="0" bw="1" slack="1"/>
<pin id="1097" dir="0" index="1" bw="8" slack="0"/>
<pin id="1098" dir="0" index="2" bw="8" slack="0"/>
<pin id="1099" dir="1" index="3" bw="8" slack="0"/>
</pin_list>
<bind>
<opcode="select(49) " fcode="select"/>
<opset="select_ln710_3/2 "/>
</bind>
</comp>

<comp id="1103" class="1004" name="select_ln710_4_fu_1103">
<pin_list>
<pin id="1104" dir="0" index="0" bw="1" slack="1"/>
<pin id="1105" dir="0" index="1" bw="8" slack="0"/>
<pin id="1106" dir="0" index="2" bw="8" slack="0"/>
<pin id="1107" dir="1" index="3" bw="8" slack="0"/>
</pin_list>
<bind>
<opcode="select(49) " fcode="select"/>
<opset="select_ln710_4/2 "/>
</bind>
</comp>

<comp id="1111" class="1004" name="select_ln710_5_fu_1111">
<pin_list>
<pin id="1112" dir="0" index="0" bw="1" slack="1"/>
<pin id="1113" dir="0" index="1" bw="8" slack="0"/>
<pin id="1114" dir="0" index="2" bw="8" slack="0"/>
<pin id="1115" dir="1" index="3" bw="8" slack="0"/>
</pin_list>
<bind>
<opcode="select(49) " fcode="select"/>
<opset="select_ln710_5/2 "/>
</bind>
</comp>

<comp id="1119" class="1004" name="select_ln710_6_fu_1119">
<pin_list>
<pin id="1120" dir="0" index="0" bw="1" slack="1"/>
<pin id="1121" dir="0" index="1" bw="8" slack="0"/>
<pin id="1122" dir="0" index="2" bw="8" slack="0"/>
<pin id="1123" dir="1" index="3" bw="8" slack="0"/>
</pin_list>
<bind>
<opcode="select(49) " fcode="select"/>
<opset="select_ln710_6/2 "/>
</bind>
</comp>

<comp id="1127" class="1004" name="select_ln710_7_fu_1127">
<pin_list>
<pin id="1128" dir="0" index="0" bw="1" slack="1"/>
<pin id="1129" dir="0" index="1" bw="8" slack="0"/>
<pin id="1130" dir="0" index="2" bw="8" slack="0"/>
<pin id="1131" dir="1" index="3" bw="8" slack="0"/>
</pin_list>
<bind>
<opcode="select(49) " fcode="select"/>
<opset="select_ln710_7/2 "/>
</bind>
</comp>

<comp id="1135" class="1004" name="select_ln710_8_fu_1135">
<pin_list>
<pin id="1136" dir="0" index="0" bw="1" slack="1"/>
<pin id="1137" dir="0" index="1" bw="8" slack="0"/>
<pin id="1138" dir="0" index="2" bw="8" slack="0"/>
<pin id="1139" dir="1" index="3" bw="8" slack="0"/>
</pin_list>
<bind>
<opcode="select(49) " fcode="select"/>
<opset="select_ln710_8/2 "/>
</bind>
</comp>

<comp id="1143" class="1004" name="select_ln710_9_fu_1143">
<pin_list>
<pin id="1144" dir="0" index="0" bw="1" slack="1"/>
<pin id="1145" dir="0" index="1" bw="8" slack="0"/>
<pin id="1146" dir="0" index="2" bw="8" slack="0"/>
<pin id="1147" dir="1" index="3" bw="8" slack="0"/>
</pin_list>
<bind>
<opcode="select(49) " fcode="select"/>
<opset="select_ln710_9/2 "/>
</bind>
</comp>

<comp id="1151" class="1004" name="select_ln710_10_fu_1151">
<pin_list>
<pin id="1152" dir="0" index="0" bw="1" slack="1"/>
<pin id="1153" dir="0" index="1" bw="8" slack="0"/>
<pin id="1154" dir="0" index="2" bw="8" slack="0"/>
<pin id="1155" dir="1" index="3" bw="8" slack="0"/>
</pin_list>
<bind>
<opcode="select(49) " fcode="select"/>
<opset="select_ln710_10/2 "/>
</bind>
</comp>

<comp id="1159" class="1004" name="select_ln710_11_fu_1159">
<pin_list>
<pin id="1160" dir="0" index="0" bw="1" slack="1"/>
<pin id="1161" dir="0" index="1" bw="8" slack="0"/>
<pin id="1162" dir="0" index="2" bw="8" slack="0"/>
<pin id="1163" dir="1" index="3" bw="8" slack="0"/>
</pin_list>
<bind>
<opcode="select(49) " fcode="select"/>
<opset="select_ln710_11/2 "/>
</bind>
</comp>

<comp id="1167" class="1004" name="select_ln710_12_fu_1167">
<pin_list>
<pin id="1168" dir="0" index="0" bw="1" slack="1"/>
<pin id="1169" dir="0" index="1" bw="8" slack="0"/>
<pin id="1170" dir="0" index="2" bw="8" slack="0"/>
<pin id="1171" dir="1" index="3" bw="8" slack="0"/>
</pin_list>
<bind>
<opcode="select(49) " fcode="select"/>
<opset="select_ln710_12/2 "/>
</bind>
</comp>

<comp id="1175" class="1004" name="select_ln710_13_fu_1175">
<pin_list>
<pin id="1176" dir="0" index="0" bw="1" slack="1"/>
<pin id="1177" dir="0" index="1" bw="8" slack="0"/>
<pin id="1178" dir="0" index="2" bw="8" slack="0"/>
<pin id="1179" dir="1" index="3" bw="8" slack="0"/>
</pin_list>
<bind>
<opcode="select(49) " fcode="select"/>
<opset="select_ln710_13/2 "/>
</bind>
</comp>

<comp id="1183" class="1004" name="select_ln710_14_fu_1183">
<pin_list>
<pin id="1184" dir="0" index="0" bw="1" slack="1"/>
<pin id="1185" dir="0" index="1" bw="8" slack="0"/>
<pin id="1186" dir="0" index="2" bw="8" slack="0"/>
<pin id="1187" dir="1" index="3" bw="8" slack="0"/>
</pin_list>
<bind>
<opcode="select(49) " fcode="select"/>
<opset="select_ln710_14/2 "/>
</bind>
</comp>

<comp id="1191" class="1004" name="select_ln728_fu_1191">
<pin_list>
<pin id="1192" dir="0" index="0" bw="1" slack="1"/>
<pin id="1193" dir="0" index="1" bw="8" slack="0"/>
<pin id="1194" dir="0" index="2" bw="8" slack="0"/>
<pin id="1195" dir="1" index="3" bw="8" slack="0"/>
</pin_list>
<bind>
<opcode="select(49) " fcode="select"/>
<opset="select_ln728/2 "/>
</bind>
</comp>

<comp id="1198" class="1004" name="select_ln728_1_fu_1198">
<pin_list>
<pin id="1199" dir="0" index="0" bw="1" slack="1"/>
<pin id="1200" dir="0" index="1" bw="8" slack="0"/>
<pin id="1201" dir="0" index="2" bw="8" slack="0"/>
<pin id="1202" dir="1" index="3" bw="8" slack="0"/>
</pin_list>
<bind>
<opcode="select(49) " fcode="select"/>
<opset="select_ln728_1/2 "/>
</bind>
</comp>

<comp id="1205" class="1004" name="select_ln728_2_fu_1205">
<pin_list>
<pin id="1206" dir="0" index="0" bw="1" slack="1"/>
<pin id="1207" dir="0" index="1" bw="8" slack="0"/>
<pin id="1208" dir="0" index="2" bw="8" slack="0"/>
<pin id="1209" dir="1" index="3" bw="8" slack="0"/>
</pin_list>
<bind>
<opcode="select(49) " fcode="select"/>
<opset="select_ln728_2/2 "/>
</bind>
</comp>

<comp id="1212" class="1004" name="LineBufVal_2_fu_1212">
<pin_list>
<pin id="1213" dir="0" index="0" bw="24" slack="0"/>
<pin id="1214" dir="0" index="1" bw="8" slack="0"/>
<pin id="1215" dir="0" index="2" bw="8" slack="0"/>
<pin id="1216" dir="0" index="3" bw="8" slack="0"/>
<pin id="1217" dir="1" index="4" bw="24" slack="0"/>
</pin_list>
<bind>
<opcode="bitconcatenate(1004) " fcode="bitconcatenate"/>
<opset="LineBufVal_2/2 "/>
</bind>
</comp>

<comp id="1223" class="1004" name="store_ln666_store_fu_1223">
<pin_list>
<pin id="1224" dir="0" index="0" bw="8" slack="0"/>
<pin id="1225" dir="0" index="1" bw="8" slack="1"/>
<pin id="1226" dir="1" index="2" bw="0" slack="2147483647"/>
</pin_list>
<bind>
<opcode="store(28) " fcode="store"/>
<opset="store_ln666/2 "/>
</bind>
</comp>

<comp id="1228" class="1004" name="store_ln666_store_fu_1228">
<pin_list>
<pin id="1229" dir="0" index="0" bw="8" slack="0"/>
<pin id="1230" dir="0" index="1" bw="8" slack="1"/>
<pin id="1231" dir="1" index="2" bw="0" slack="2147483647"/>
</pin_list>
<bind>
<opcode="store(28) " fcode="store"/>
<opset="store_ln666/2 "/>
</bind>
</comp>

<comp id="1233" class="1004" name="store_ln666_store_fu_1233">
<pin_list>
<pin id="1234" dir="0" index="0" bw="8" slack="0"/>
<pin id="1235" dir="0" index="1" bw="8" slack="1"/>
<pin id="1236" dir="1" index="2" bw="0" slack="2147483647"/>
</pin_list>
<bind>
<opcode="store(28) " fcode="store"/>
<opset="store_ln666/2 "/>
</bind>
</comp>

<comp id="1238" class="1004" name="store_ln654_store_fu_1238">
<pin_list>
<pin id="1239" dir="0" index="0" bw="8" slack="0"/>
<pin id="1240" dir="0" index="1" bw="8" slack="1"/>
<pin id="1241" dir="1" index="2" bw="0" slack="2147483647"/>
</pin_list>
<bind>
<opcode="store(28) " fcode="store"/>
<opset="store_ln654/2 "/>
</bind>
</comp>

<comp id="1243" class="1004" name="store_ln654_store_fu_1243">
<pin_list>
<pin id="1244" dir="0" index="0" bw="8" slack="0"/>
<pin id="1245" dir="0" index="1" bw="8" slack="1"/>
<pin id="1246" dir="1" index="2" bw="0" slack="2147483647"/>
</pin_list>
<bind>
<opcode="store(28) " fcode="store"/>
<opset="store_ln654/2 "/>
</bind>
</comp>

<comp id="1248" class="1004" name="store_ln654_store_fu_1248">
<pin_list>
<pin id="1249" dir="0" index="0" bw="8" slack="0"/>
<pin id="1250" dir="0" index="1" bw="8" slack="1"/>
<pin id="1251" dir="1" index="2" bw="0" slack="2147483647"/>
</pin_list>
<bind>
<opcode="store(28) " fcode="store"/>
<opset="store_ln654/2 "/>
</bind>
</comp>

<comp id="1253" class="1004" name="store_ln654_store_fu_1253">
<pin_list>
<pin id="1254" dir="0" index="0" bw="8" slack="0"/>
<pin id="1255" dir="0" index="1" bw="8" slack="1"/>
<pin id="1256" dir="1" index="2" bw="0" slack="2147483647"/>
</pin_list>
<bind>
<opcode="store(28) " fcode="store"/>
<opset="store_ln654/2 "/>
</bind>
</comp>

<comp id="1258" class="1004" name="store_ln654_store_fu_1258">
<pin_list>
<pin id="1259" dir="0" index="0" bw="8" slack="0"/>
<pin id="1260" dir="0" index="1" bw="8" slack="1"/>
<pin id="1261" dir="1" index="2" bw="0" slack="2147483647"/>
</pin_list>
<bind>
<opcode="store(28) " fcode="store"/>
<opset="store_ln654/2 "/>
</bind>
</comp>

<comp id="1263" class="1004" name="store_ln654_store_fu_1263">
<pin_list>
<pin id="1264" dir="0" index="0" bw="8" slack="0"/>
<pin id="1265" dir="0" index="1" bw="8" slack="1"/>
<pin id="1266" dir="1" index="2" bw="0" slack="2147483647"/>
</pin_list>
<bind>
<opcode="store(28) " fcode="store"/>
<opset="store_ln654/2 "/>
</bind>
</comp>

<comp id="1268" class="1004" name="zext_ln790_1_fu_1268">
<pin_list>
<pin id="1269" dir="0" index="0" bw="8" slack="0"/>
<pin id="1270" dir="1" index="1" bw="9" slack="0"/>
</pin_list>
<bind>
<opcode="zext(34) " fcode="zext"/>
<opset="zext_ln790_1/2 "/>
</bind>
</comp>

<comp id="1272" class="1004" name="zext_ln791_fu_1272">
<pin_list>
<pin id="1273" dir="0" index="0" bw="8" slack="0"/>
<pin id="1274" dir="1" index="1" bw="9" slack="0"/>
</pin_list>
<bind>
<opcode="zext(34) " fcode="zext"/>
<opset="zext_ln791/2 "/>
</bind>
</comp>

<comp id="1276" class="1004" name="select_ln817_fu_1276">
<pin_list>
<pin id="1277" dir="0" index="0" bw="1" slack="1"/>
<pin id="1278" dir="0" index="1" bw="8" slack="0"/>
<pin id="1279" dir="0" index="2" bw="8" slack="0"/>
<pin id="1280" dir="1" index="3" bw="8" slack="0"/>
</pin_list>
<bind>
<opcode="select(49) " fcode="select"/>
<opset="select_ln817/2 "/>
</bind>
</comp>

<comp id="1283" class="1004" name="zext_ln817_fu_1283">
<pin_list>
<pin id="1284" dir="0" index="0" bw="8" slack="0"/>
<pin id="1285" dir="1" index="1" bw="9" slack="0"/>
</pin_list>
<bind>
<opcode="zext(34) " fcode="zext"/>
<opset="zext_ln817/2 "/>
</bind>
</comp>

<comp id="1287" class="1004" name="sub_ln817_fu_1287">
<pin_list>
<pin id="1288" dir="0" index="0" bw="8" slack="0"/>
<pin id="1289" dir="0" index="1" bw="8" slack="0"/>
<pin id="1290" dir="1" index="2" bw="9" slack="2"/>
</pin_list>
<bind>
<opcode="sub(10) " fcode="sub"/>
<opset="sub_ln817/2 "/>
</bind>
</comp>

<comp id="1293" class="1004" name="select_ln818_fu_1293">
<pin_list>
<pin id="1294" dir="0" index="0" bw="1" slack="1"/>
<pin id="1295" dir="0" index="1" bw="8" slack="0"/>
<pin id="1296" dir="0" index="2" bw="8" slack="0"/>
<pin id="1297" dir="1" index="3" bw="8" slack="0"/>
</pin_list>
<bind>
<opcode="select(49) " fcode="select"/>
<opset="select_ln818/2 "/>
</bind>
</comp>

<comp id="1300" class="1004" name="zext_ln818_fu_1300">
<pin_list>
<pin id="1301" dir="0" index="0" bw="8" slack="0"/>
<pin id="1302" dir="1" index="1" bw="9" slack="0"/>
</pin_list>
<bind>
<opcode="zext(34) " fcode="zext"/>
<opset="zext_ln818/2 "/>
</bind>
</comp>

<comp id="1304" class="1004" name="sub_ln818_fu_1304">
<pin_list>
<pin id="1305" dir="0" index="0" bw="8" slack="0"/>
<pin id="1306" dir="0" index="1" bw="8" slack="0"/>
<pin id="1307" dir="1" index="2" bw="9" slack="2"/>
</pin_list>
<bind>
<opcode="sub(10) " fcode="sub"/>
<opset="sub_ln818/2 "/>
</bind>
</comp>

<comp id="1310" class="1004" name="store_ln710_store_fu_1310">
<pin_list>
<pin id="1311" dir="0" index="0" bw="8" slack="0"/>
<pin id="1312" dir="0" index="1" bw="8" slack="1"/>
<pin id="1313" dir="1" index="2" bw="0" slack="2147483647"/>
</pin_list>
<bind>
<opcode="store(28) " fcode="store"/>
<opset="store_ln710/2 "/>
</bind>
</comp>

<comp id="1315" class="1004" name="store_ln710_store_fu_1315">
<pin_list>
<pin id="1316" dir="0" index="0" bw="8" slack="0"/>
<pin id="1317" dir="0" index="1" bw="8" slack="1"/>
<pin id="1318" dir="1" index="2" bw="0" slack="2147483647"/>
</pin_list>
<bind>
<opcode="store(28) " fcode="store"/>
<opset="store_ln710/2 "/>
</bind>
</comp>

<comp id="1320" class="1004" name="store_ln710_store_fu_1320">
<pin_list>
<pin id="1321" dir="0" index="0" bw="8" slack="0"/>
<pin id="1322" dir="0" index="1" bw="8" slack="1"/>
<pin id="1323" dir="1" index="2" bw="0" slack="2147483647"/>
</pin_list>
<bind>
<opcode="store(28) " fcode="store"/>
<opset="store_ln710/2 "/>
</bind>
</comp>

<comp id="1325" class="1004" name="store_ln710_store_fu_1325">
<pin_list>
<pin id="1326" dir="0" index="0" bw="8" slack="0"/>
<pin id="1327" dir="0" index="1" bw="8" slack="1"/>
<pin id="1328" dir="1" index="2" bw="0" slack="2147483647"/>
</pin_list>
<bind>
<opcode="store(28) " fcode="store"/>
<opset="store_ln710/2 "/>
</bind>
</comp>

<comp id="1330" class="1004" name="store_ln710_store_fu_1330">
<pin_list>
<pin id="1331" dir="0" index="0" bw="8" slack="0"/>
<pin id="1332" dir="0" index="1" bw="8" slack="1"/>
<pin id="1333" dir="1" index="2" bw="0" slack="2147483647"/>
</pin_list>
<bind>
<opcode="store(28) " fcode="store"/>
<opset="store_ln710/2 "/>
</bind>
</comp>

<comp id="1335" class="1004" name="store_ln710_store_fu_1335">
<pin_list>
<pin id="1336" dir="0" index="0" bw="8" slack="0"/>
<pin id="1337" dir="0" index="1" bw="8" slack="1"/>
<pin id="1338" dir="1" index="2" bw="0" slack="2147483647"/>
</pin_list>
<bind>
<opcode="store(28) " fcode="store"/>
<opset="store_ln710/2 "/>
</bind>
</comp>

<comp id="1340" class="1004" name="p_0_1_0_0_09141505_i_load_1_load_fu_1340">
<pin_list>
<pin id="1341" dir="0" index="0" bw="8" slack="2"/>
<pin id="1342" dir="1" index="1" bw="8" slack="0"/>
</pin_list>
<bind>
<opcode="load(27) " fcode="load"/>
<opset="p_0_1_0_0_09141505_i_load_1/3 "/>
</bind>
</comp>

<comp id="1343" class="1004" name="p_0_1_0_0_09081517_i_load_1_load_fu_1343">
<pin_list>
<pin id="1344" dir="0" index="0" bw="8" slack="2"/>
<pin id="1345" dir="1" index="1" bw="8" slack="0"/>
</pin_list>
<bind>
<opcode="load(27) " fcode="load"/>
<opset="p_0_1_0_0_09081517_i_load_1/3 "/>
</bind>
</comp>

<comp id="1346" class="1004" name="zext_ln790_fu_1346">
<pin_list>
<pin id="1347" dir="0" index="0" bw="8" slack="0"/>
<pin id="1348" dir="1" index="1" bw="9" slack="0"/>
</pin_list>
<bind>
<opcode="zext(34) " fcode="zext"/>
<opset="zext_ln790/3 "/>
</bind>
</comp>

<comp id="1350" class="1004" name="sub_ln790_fu_1350">
<pin_list>
<pin id="1351" dir="0" index="0" bw="8" slack="0"/>
<pin id="1352" dir="0" index="1" bw="8" slack="1"/>
<pin id="1353" dir="1" index="2" bw="9" slack="0"/>
</pin_list>
<bind>
<opcode="sub(10) " fcode="sub"/>
<opset="sub_ln790/3 "/>
</bind>
</comp>

<comp id="1355" class="1004" name="trunc_ln61_fu_1355">
<pin_list>
<pin id="1356" dir="0" index="0" bw="9" slack="0"/>
<pin id="1357" dir="1" index="1" bw="8" slack="0"/>
</pin_list>
<bind>
<opcode="trunc(33) " fcode="trunc"/>
<opset="trunc_ln61/3 "/>
</bind>
</comp>

<comp id="1359" class="1004" name="tmp_1_fu_1359">
<pin_list>
<pin id="1360" dir="0" index="0" bw="1" slack="0"/>
<pin id="1361" dir="0" index="1" bw="9" slack="0"/>
<pin id="1362" dir="0" index="2" bw="5" slack="0"/>
<pin id="1363" dir="1" index="3" bw="1" slack="0"/>
</pin_list>
<bind>
<opcode="bitselect(1000) " fcode="bitselect"/>
<opset="tmp_1/3 "/>
</bind>
</comp>

<comp id="1367" class="1004" name="sub_ln61_fu_1367">
<pin_list>
<pin id="1368" dir="0" index="0" bw="1" slack="0"/>
<pin id="1369" dir="0" index="1" bw="8" slack="0"/>
<pin id="1370" dir="1" index="2" bw="8" slack="0"/>
</pin_list>
<bind>
<opcode="sub(10) " fcode="sub"/>
<opset="sub_ln61/3 "/>
</bind>
</comp>

<comp id="1373" class="1004" name="agdiff_fu_1373">
<pin_list>
<pin id="1374" dir="0" index="0" bw="1" slack="0"/>
<pin id="1375" dir="0" index="1" bw="8" slack="0"/>
<pin id="1376" dir="0" index="2" bw="8" slack="0"/>
<pin id="1377" dir="1" index="3" bw="8" slack="0"/>
</pin_list>
<bind>
<opcode="select(49) " fcode="select"/>
<opset="agdiff/3 "/>
</bind>
</comp>

<comp id="1381" class="1004" name="sub_ln791_fu_1381">
<pin_list>
<pin id="1382" dir="0" index="0" bw="8" slack="0"/>
<pin id="1383" dir="0" index="1" bw="8" slack="1"/>
<pin id="1384" dir="1" index="2" bw="9" slack="0"/>
</pin_list>
<bind>
<opcode="sub(10) " fcode="sub"/>
<opset="sub_ln791/3 "/>
</bind>
</comp>

<comp id="1386" class="1004" name="trunc_ln61_1_fu_1386">
<pin_list>
<pin id="1387" dir="0" index="0" bw="9" slack="0"/>
<pin id="1388" dir="1" index="1" bw="8" slack="0"/>
</pin_list>
<bind>
<opcode="trunc(33) " fcode="trunc"/>
<opset="trunc_ln61_1/3 "/>
</bind>
</comp>

<comp id="1390" class="1004" name="tmp_2_fu_1390">
<pin_list>
<pin id="1391" dir="0" index="0" bw="1" slack="0"/>
<pin id="1392" dir="0" index="1" bw="9" slack="0"/>
<pin id="1393" dir="0" index="2" bw="5" slack="0"/>
<pin id="1394" dir="1" index="3" bw="1" slack="0"/>
</pin_list>
<bind>
<opcode="bitselect(1000) " fcode="bitselect"/>
<opset="tmp_2/3 "/>
</bind>
</comp>

<comp id="1398" class="1004" name="sub_ln61_1_fu_1398">
<pin_list>
<pin id="1399" dir="0" index="0" bw="1" slack="0"/>
<pin id="1400" dir="0" index="1" bw="8" slack="0"/>
<pin id="1401" dir="1" index="2" bw="8" slack="0"/>
</pin_list>
<bind>
<opcode="sub(10) " fcode="sub"/>
<opset="sub_ln61_1/3 "/>
</bind>
</comp>

<comp id="1404" class="1004" name="agdiff_1_fu_1404">
<pin_list>
<pin id="1405" dir="0" index="0" bw="1" slack="0"/>
<pin id="1406" dir="0" index="1" bw="8" slack="0"/>
<pin id="1407" dir="0" index="2" bw="8" slack="0"/>
<pin id="1408" dir="1" index="3" bw="8" slack="0"/>
</pin_list>
<bind>
<opcode="select(49) " fcode="select"/>
<opset="agdiff_1/3 "/>
</bind>
</comp>

<comp id="1412" class="1004" name="zext_ln792_fu_1412">
<pin_list>
<pin id="1413" dir="0" index="0" bw="8" slack="0"/>
<pin id="1414" dir="1" index="1" bw="9" slack="0"/>
</pin_list>
<bind>
<opcode="zext(34) " fcode="zext"/>
<opset="zext_ln792/3 "/>
</bind>
</comp>

<comp id="1416" class="1004" name="sub_ln792_fu_1416">
<pin_list>
<pin id="1417" dir="0" index="0" bw="8" slack="0"/>
<pin id="1418" dir="0" index="1" bw="8" slack="0"/>
<pin id="1419" dir="1" index="2" bw="9" slack="0"/>
</pin_list>
<bind>
<opcode="sub(10) " fcode="sub"/>
<opset="sub_ln792/3 "/>
</bind>
</comp>

<comp id="1422" class="1004" name="trunc_ln61_2_fu_1422">
<pin_list>
<pin id="1423" dir="0" index="0" bw="9" slack="0"/>
<pin id="1424" dir="1" index="1" bw="8" slack="0"/>
</pin_list>
<bind>
<opcode="trunc(33) " fcode="trunc"/>
<opset="trunc_ln61_2/3 "/>
</bind>
</comp>

<comp id="1426" class="1004" name="tmp_3_fu_1426">
<pin_list>
<pin id="1427" dir="0" index="0" bw="1" slack="0"/>
<pin id="1428" dir="0" index="1" bw="9" slack="0"/>
<pin id="1429" dir="0" index="2" bw="5" slack="0"/>
<pin id="1430" dir="1" index="3" bw="1" slack="0"/>
</pin_list>
<bind>
<opcode="bitselect(1000) " fcode="bitselect"/>
<opset="tmp_3/3 "/>
</bind>
</comp>

<comp id="1434" class="1004" name="sub_ln61_2_fu_1434">
<pin_list>
<pin id="1435" dir="0" index="0" bw="1" slack="0"/>
<pin id="1436" dir="0" index="1" bw="8" slack="0"/>
<pin id="1437" dir="1" index="2" bw="8" slack="0"/>
</pin_list>
<bind>
<opcode="sub(10) " fcode="sub"/>
<opset="sub_ln61_2/3 "/>
</bind>
</comp>

<comp id="1440" class="1004" name="agdiff_2_fu_1440">
<pin_list>
<pin id="1441" dir="0" index="0" bw="1" slack="0"/>
<pin id="1442" dir="0" index="1" bw="8" slack="0"/>
<pin id="1443" dir="0" index="2" bw="8" slack="0"/>
<pin id="1444" dir="1" index="3" bw="8" slack="0"/>
</pin_list>
<bind>
<opcode="select(49) " fcode="select"/>
<opset="agdiff_2/3 "/>
</bind>
</comp>

<comp id="1448" class="1004" name="zext_ln793_fu_1448">
<pin_list>
<pin id="1449" dir="0" index="0" bw="8" slack="0"/>
<pin id="1450" dir="1" index="1" bw="9" slack="0"/>
</pin_list>
<bind>
<opcode="zext(34) " fcode="zext"/>
<opset="zext_ln793/3 "/>
</bind>
</comp>

<comp id="1452" class="1004" name="sub_ln793_fu_1452">
<pin_list>
<pin id="1453" dir="0" index="0" bw="8" slack="0"/>
<pin id="1454" dir="0" index="1" bw="8" slack="0"/>
<pin id="1455" dir="1" index="2" bw="9" slack="0"/>
</pin_list>
<bind>
<opcode="sub(10) " fcode="sub"/>
<opset="sub_ln793/3 "/>
</bind>
</comp>

<comp id="1458" class="1004" name="trunc_ln61_3_fu_1458">
<pin_list>
<pin id="1459" dir="0" index="0" bw="9" slack="0"/>
<pin id="1460" dir="1" index="1" bw="8" slack="0"/>
</pin_list>
<bind>
<opcode="trunc(33) " fcode="trunc"/>
<opset="trunc_ln61_3/3 "/>
</bind>
</comp>

<comp id="1462" class="1004" name="tmp_4_fu_1462">
<pin_list>
<pin id="1463" dir="0" index="0" bw="1" slack="0"/>
<pin id="1464" dir="0" index="1" bw="9" slack="0"/>
<pin id="1465" dir="0" index="2" bw="5" slack="0"/>
<pin id="1466" dir="1" index="3" bw="1" slack="0"/>
</pin_list>
<bind>
<opcode="bitselect(1000) " fcode="bitselect"/>
<opset="tmp_4/3 "/>
</bind>
</comp>

<comp id="1470" class="1004" name="sub_ln61_3_fu_1470">
<pin_list>
<pin id="1471" dir="0" index="0" bw="1" slack="0"/>
<pin id="1472" dir="0" index="1" bw="8" slack="0"/>
<pin id="1473" dir="1" index="2" bw="8" slack="0"/>
</pin_list>
<bind>
<opcode="sub(10) " fcode="sub"/>
<opset="sub_ln61_3/3 "/>
</bind>
</comp>

<comp id="1476" class="1004" name="agdiff_3_fu_1476">
<pin_list>
<pin id="1477" dir="0" index="0" bw="1" slack="0"/>
<pin id="1478" dir="0" index="1" bw="8" slack="0"/>
<pin id="1479" dir="0" index="2" bw="8" slack="0"/>
<pin id="1480" dir="1" index="3" bw="8" slack="0"/>
</pin_list>
<bind>
<opcode="select(49) " fcode="select"/>
<opset="agdiff_3/3 "/>
</bind>
</comp>

<comp id="1484" class="1004" name="enable_fu_1484">
<pin_list>
<pin id="1485" dir="0" index="0" bw="8" slack="0"/>
<pin id="1486" dir="0" index="1" bw="8" slack="0"/>
<pin id="1487" dir="1" index="2" bw="1" slack="0"/>
</pin_list>
<bind>
<opcode="icmp(45) " fcode="icmp"/>
<opset="enable/3 "/>
</bind>
</comp>

<comp id="1490" class="1004" name="zext_ln769_fu_1490">
<pin_list>
<pin id="1491" dir="0" index="0" bw="1" slack="0"/>
<pin id="1492" dir="1" index="1" bw="2" slack="0"/>
</pin_list>
<bind>
<opcode="zext(34) " fcode="zext"/>
<opset="zext_ln769/3 "/>
</bind>
</comp>

<comp id="1494" class="1004" name="icmp_ln796_fu_1494">
<pin_list>
<pin id="1495" dir="0" index="0" bw="8" slack="0"/>
<pin id="1496" dir="0" index="1" bw="8" slack="0"/>
<pin id="1497" dir="1" index="2" bw="1" slack="0"/>
</pin_list>
<bind>
<opcode="icmp(45) " fcode="icmp"/>
<opset="icmp_ln796/3 "/>
</bind>
</comp>

<comp id="1500" class="1004" name="or_ln_fu_1500">
<pin_list>
<pin id="1501" dir="0" index="0" bw="2" slack="0"/>
<pin id="1502" dir="0" index="1" bw="1" slack="0"/>
<pin id="1503" dir="0" index="2" bw="1" slack="0"/>
<pin id="1504" dir="1" index="3" bw="2" slack="0"/>
</pin_list>
<bind>
<opcode="bitconcatenate(1004) " fcode="bitconcatenate"/>
<opset="or_ln/3 "/>
</bind>
</comp>

<comp id="1508" class="1004" name="enable_1_fu_1508">
<pin_list>
<pin id="1509" dir="0" index="0" bw="1" slack="0"/>
<pin id="1510" dir="0" index="1" bw="2" slack="0"/>
<pin id="1511" dir="0" index="2" bw="2" slack="0"/>
<pin id="1512" dir="1" index="3" bw="2" slack="0"/>
</pin_list>
<bind>
<opcode="select(49) " fcode="select"/>
<opset="enable_1/3 "/>
</bind>
</comp>

<comp id="1516" class="1004" name="zext_ln769_1_fu_1516">
<pin_list>
<pin id="1517" dir="0" index="0" bw="2" slack="0"/>
<pin id="1518" dir="1" index="1" bw="3" slack="0"/>
</pin_list>
<bind>
<opcode="zext(34) " fcode="zext"/>
<opset="zext_ln769_1/3 "/>
</bind>
</comp>

<comp id="1520" class="1004" name="icmp_ln797_fu_1520">
<pin_list>
<pin id="1521" dir="0" index="0" bw="8" slack="0"/>
<pin id="1522" dir="0" index="1" bw="8" slack="0"/>
<pin id="1523" dir="1" index="2" bw="1" slack="0"/>
</pin_list>
<bind>
<opcode="icmp(45) " fcode="icmp"/>
<opset="icmp_ln797/3 "/>
</bind>
</comp>

<comp id="1526" class="1004" name="enable_2_fu_1526">
<pin_list>
<pin id="1527" dir="0" index="0" bw="3" slack="0"/>
<pin id="1528" dir="0" index="1" bw="1" slack="0"/>
<pin id="1529" dir="0" index="2" bw="2" slack="0"/>
<pin id="1530" dir="1" index="3" bw="3" slack="0"/>
</pin_list>
<bind>
<opcode="bitconcatenate(1004) " fcode="bitconcatenate"/>
<opset="enable_2/3 "/>
</bind>
</comp>

<comp id="1534" class="1004" name="enable_3_fu_1534">
<pin_list>
<pin id="1535" dir="0" index="0" bw="1" slack="0"/>
<pin id="1536" dir="0" index="1" bw="3" slack="0"/>
<pin id="1537" dir="0" index="2" bw="3" slack="0"/>
<pin id="1538" dir="1" index="3" bw="3" slack="0"/>
</pin_list>
<bind>
<opcode="select(49) " fcode="select"/>
<opset="enable_3/3 "/>
</bind>
</comp>

<comp id="1542" class="1004" name="zext_ln769_2_fu_1542">
<pin_list>
<pin id="1543" dir="0" index="0" bw="3" slack="0"/>
<pin id="1544" dir="1" index="1" bw="4" slack="0"/>
</pin_list>
<bind>
<opcode="zext(34) " fcode="zext"/>
<opset="zext_ln769_2/3 "/>
</bind>
</comp>

<comp id="1546" class="1004" name="icmp_ln798_fu_1546">
<pin_list>
<pin id="1547" dir="0" index="0" bw="8" slack="0"/>
<pin id="1548" dir="0" index="1" bw="8" slack="0"/>
<pin id="1549" dir="1" index="2" bw="1" slack="0"/>
</pin_list>
<bind>
<opcode="icmp(45) " fcode="icmp"/>
<opset="icmp_ln798/3 "/>
</bind>
</comp>

<comp id="1552" class="1004" name="or_ln1_fu_1552">
<pin_list>
<pin id="1553" dir="0" index="0" bw="4" slack="0"/>
<pin id="1554" dir="0" index="1" bw="1" slack="0"/>
<pin id="1555" dir="0" index="2" bw="3" slack="0"/>
<pin id="1556" dir="1" index="3" bw="4" slack="0"/>
</pin_list>
<bind>
<opcode="bitconcatenate(1004) " fcode="bitconcatenate"/>
<opset="or_ln1/3 "/>
</bind>
</comp>

<comp id="1560" class="1004" name="enable_4_fu_1560">
<pin_list>
<pin id="1561" dir="0" index="0" bw="1" slack="0"/>
<pin id="1562" dir="0" index="1" bw="4" slack="0"/>
<pin id="1563" dir="0" index="2" bw="4" slack="0"/>
<pin id="1564" dir="1" index="3" bw="4" slack="0"/>
</pin_list>
<bind>
<opcode="select(49) " fcode="select"/>
<opset="enable_4/3 "/>
</bind>
</comp>

<comp id="1568" class="1004" name="zext_ln769_3_fu_1568">
<pin_list>
<pin id="1569" dir="0" index="0" bw="4" slack="0"/>
<pin id="1570" dir="1" index="1" bw="5" slack="0"/>
</pin_list>
<bind>
<opcode="zext(34) " fcode="zext"/>
<opset="zext_ln769_3/3 "/>
</bind>
</comp>

<comp id="1572" class="1004" name="icmp_ln799_fu_1572">
<pin_list>
<pin id="1573" dir="0" index="0" bw="8" slack="0"/>
<pin id="1574" dir="0" index="1" bw="8" slack="0"/>
<pin id="1575" dir="1" index="2" bw="1" slack="0"/>
</pin_list>
<bind>
<opcode="icmp(45) " fcode="icmp"/>
<opset="icmp_ln799/3 "/>
</bind>
</comp>

<comp id="1578" class="1004" name="enable_5_fu_1578">
<pin_list>
<pin id="1579" dir="0" index="0" bw="5" slack="0"/>
<pin id="1580" dir="0" index="1" bw="1" slack="0"/>
<pin id="1581" dir="0" index="2" bw="4" slack="0"/>
<pin id="1582" dir="1" index="3" bw="5" slack="0"/>
</pin_list>
<bind>
<opcode="bitconcatenate(1004) " fcode="bitconcatenate"/>
<opset="enable_5/3 "/>
</bind>
</comp>

<comp id="1586" class="1004" name="enable_6_fu_1586">
<pin_list>
<pin id="1587" dir="0" index="0" bw="1" slack="0"/>
<pin id="1588" dir="0" index="1" bw="5" slack="0"/>
<pin id="1589" dir="0" index="2" bw="5" slack="0"/>
<pin id="1590" dir="1" index="3" bw="5" slack="1"/>
</pin_list>
<bind>
<opcode="select(49) " fcode="select"/>
<opset="enable_6/3 "/>
</bind>
</comp>

<comp id="1594" class="1004" name="icmp_ln800_fu_1594">
<pin_list>
<pin id="1595" dir="0" index="0" bw="8" slack="0"/>
<pin id="1596" dir="0" index="1" bw="8" slack="0"/>
<pin id="1597" dir="1" index="2" bw="1" slack="1"/>
</pin_list>
<bind>
<opcode="icmp(45) " fcode="icmp"/>
<opset="icmp_ln800/3 "/>
</bind>
</comp>

<comp id="1600" class="1004" name="p_0_0_0_0_09131503_i_load_1_load_fu_1600">
<pin_list>
<pin id="1601" dir="0" index="0" bw="8" slack="2"/>
<pin id="1602" dir="1" index="1" bw="8" slack="0"/>
</pin_list>
<bind>
<opcode="load(27) " fcode="load"/>
<opset="p_0_0_0_0_09131503_i_load_1/3 "/>
</bind>
</comp>

<comp id="1603" class="1004" name="p_0_2_0_0_09151507_i_load_1_load_fu_1603">
<pin_list>
<pin id="1604" dir="0" index="0" bw="8" slack="2"/>
<pin id="1605" dir="1" index="1" bw="8" slack="0"/>
</pin_list>
<bind>
<opcode="load(27) " fcode="load"/>
<opset="p_0_2_0_0_09151507_i_load_1/3 "/>
</bind>
</comp>

<comp id="1606" class="1004" name="p_0_0_0_0_09071515_i_load_1_load_fu_1606">
<pin_list>
<pin id="1607" dir="0" index="0" bw="8" slack="2"/>
<pin id="1608" dir="1" index="1" bw="8" slack="0"/>
</pin_list>
<bind>
<opcode="load(27) " fcode="load"/>
<opset="p_0_0_0_0_09071515_i_load_1/3 "/>
</bind>
</comp>

<comp id="1609" class="1004" name="p_0_2_0_0_09091519_i_load_1_load_fu_1609">
<pin_list>
<pin id="1610" dir="0" index="0" bw="8" slack="2"/>
<pin id="1611" dir="1" index="1" bw="8" slack="0"/>
</pin_list>
<bind>
<opcode="load(27) " fcode="load"/>
<opset="p_0_2_0_0_09091519_i_load_1/3 "/>
</bind>
</comp>

<comp id="1612" class="1004" name="select_ln819_fu_1612">
<pin_list>
<pin id="1613" dir="0" index="0" bw="1" slack="2"/>
<pin id="1614" dir="0" index="1" bw="8" slack="0"/>
<pin id="1615" dir="0" index="2" bw="8" slack="0"/>
<pin id="1616" dir="1" index="3" bw="8" slack="0"/>
</pin_list>
<bind>
<opcode="select(49) " fcode="select"/>
<opset="select_ln819/3 "/>
</bind>
</comp>

<comp id="1619" class="1004" name="zext_ln819_fu_1619">
<pin_list>
<pin id="1620" dir="0" index="0" bw="8" slack="0"/>
<pin id="1621" dir="1" index="1" bw="9" slack="0"/>
</pin_list>
<bind>
<opcode="zext(34) " fcode="zext"/>
<opset="zext_ln819/3 "/>
</bind>
</comp>

<comp id="1623" class="1004" name="sub_ln819_fu_1623">
<pin_list>
<pin id="1624" dir="0" index="0" bw="8" slack="0"/>
<pin id="1625" dir="0" index="1" bw="8" slack="0"/>
<pin id="1626" dir="1" index="2" bw="9" slack="1"/>
</pin_list>
<bind>
<opcode="sub(10) " fcode="sub"/>
<opset="sub_ln819/3 "/>
</bind>
</comp>

<comp id="1629" class="1004" name="select_ln820_fu_1629">
<pin_list>
<pin id="1630" dir="0" index="0" bw="1" slack="2"/>
<pin id="1631" dir="0" index="1" bw="8" slack="0"/>
<pin id="1632" dir="0" index="2" bw="8" slack="0"/>
<pin id="1633" dir="1" index="3" bw="8" slack="0"/>
</pin_list>
<bind>
<opcode="select(49) " fcode="select"/>
<opset="select_ln820/3 "/>
</bind>
</comp>

<comp id="1636" class="1004" name="zext_ln820_fu_1636">
<pin_list>
<pin id="1637" dir="0" index="0" bw="8" slack="0"/>
<pin id="1638" dir="1" index="1" bw="9" slack="0"/>
</pin_list>
<bind>
<opcode="zext(34) " fcode="zext"/>
<opset="zext_ln820/3 "/>
</bind>
</comp>

<comp id="1640" class="1004" name="sub_ln820_fu_1640">
<pin_list>
<pin id="1641" dir="0" index="0" bw="8" slack="0"/>
<pin id="1642" dir="0" index="1" bw="8" slack="0"/>
<pin id="1643" dir="1" index="2" bw="9" slack="1"/>
</pin_list>
<bind>
<opcode="sub(10) " fcode="sub"/>
<opset="sub_ln820/3 "/>
</bind>
</comp>

<comp id="1646" class="1004" name="zext_ln769_4_fu_1646">
<pin_list>
<pin id="1647" dir="0" index="0" bw="5" slack="1"/>
<pin id="1648" dir="1" index="1" bw="6" slack="0"/>
</pin_list>
<bind>
<opcode="zext(34) " fcode="zext"/>
<opset="zext_ln769_4/4 "/>
</bind>
</comp>

<comp id="1649" class="1004" name="or_ln2_fu_1649">
<pin_list>
<pin id="1650" dir="0" index="0" bw="6" slack="0"/>
<pin id="1651" dir="0" index="1" bw="1" slack="0"/>
<pin id="1652" dir="0" index="2" bw="5" slack="1"/>
<pin id="1653" dir="1" index="3" bw="6" slack="0"/>
</pin_list>
<bind>
<opcode="bitconcatenate(1004) " fcode="bitconcatenate"/>
<opset="or_ln2/4 "/>
</bind>
</comp>

<comp id="1656" class="1004" name="enable_7_fu_1656">
<pin_list>
<pin id="1657" dir="0" index="0" bw="1" slack="1"/>
<pin id="1658" dir="0" index="1" bw="6" slack="0"/>
<pin id="1659" dir="0" index="2" bw="6" slack="0"/>
<pin id="1660" dir="1" index="3" bw="6" slack="0"/>
</pin_list>
<bind>
<opcode="select(49) " fcode="select"/>
<opset="enable_7/4 "/>
</bind>
</comp>

<comp id="1663" class="1004" name="switch_ln802_fu_1663">
<pin_list>
<pin id="1664" dir="0" index="0" bw="6" slack="0"/>
<pin id="1665" dir="0" index="1" bw="6" slack="0"/>
<pin id="1666" dir="0" index="2" bw="6" slack="0"/>
<pin id="1667" dir="0" index="3" bw="2" slack="0"/>
<pin id="1668" dir="0" index="4" bw="1" slack="0"/>
<pin id="1669" dir="0" index="5" bw="6" slack="0"/>
<pin id="1670" dir="0" index="6" bw="6" slack="0"/>
<pin id="1671" dir="0" index="7" bw="5" slack="0"/>
<pin id="1672" dir="0" index="8" bw="5" slack="0"/>
<pin id="1673" dir="0" index="9" bw="3" slack="0"/>
<pin id="1674" dir="0" index="10" bw="4" slack="0"/>
<pin id="1675" dir="0" index="11" bw="5" slack="0"/>
<pin id="1676" dir="0" index="12" bw="5" slack="0"/>
<pin id="1677" dir="0" index="13" bw="5" slack="0"/>
<pin id="1678" dir="0" index="14" bw="5" slack="0"/>
<pin id="1679" dir="0" index="15" bw="4" slack="0"/>
<pin id="1680" dir="0" index="16" bw="3" slack="0"/>
<pin id="1681" dir="0" index="17" bw="5" slack="0"/>
<pin id="1682" dir="0" index="18" bw="5" slack="0"/>
<pin id="1683" dir="0" index="19" bw="6" slack="0"/>
<pin id="1684" dir="0" index="20" bw="6" slack="0"/>
<pin id="1685" dir="0" index="21" bw="1" slack="0"/>
<pin id="1686" dir="0" index="22" bw="1" slack="0"/>
<pin id="1687" dir="0" index="23" bw="6" slack="0"/>
<pin id="1688" dir="0" index="24" bw="6" slack="0"/>
<pin id="1689" dir="1" index="25" bw="0" slack="0"/>
</pin_list>
<bind>
<opcode="switch(3) " fcode="switch"/>
<opset="switch_ln802/4 "/>
</bind>
</comp>

<comp id="1719" class="1004" name="select_ln817_1_fu_1719">
<pin_list>
<pin id="1720" dir="0" index="0" bw="1" slack="0"/>
<pin id="1721" dir="0" index="1" bw="9" slack="0"/>
<pin id="1722" dir="0" index="2" bw="9" slack="0"/>
<pin id="1723" dir="1" index="3" bw="9" slack="0"/>
</pin_list>
<bind>
<opcode="select(49) " fcode="select"/>
<opset="select_ln817_1/4 "/>
</bind>
</comp>

<comp id="1727" class="1004" name="and_ln817_fu_1727">
<pin_list>
<pin id="1728" dir="0" index="0" bw="9" slack="2"/>
<pin id="1729" dir="0" index="1" bw="9" slack="0"/>
<pin id="1730" dir="1" index="2" bw="9" slack="0"/>
</pin_list>
<bind>
<opcode="and(23) " fcode="and"/>
<opset="and_ln817/4 "/>
</bind>
</comp>

<comp id="1732" class="1004" name="sext_ln818_fu_1732">
<pin_list>
<pin id="1733" dir="0" index="0" bw="9" slack="0"/>
<pin id="1734" dir="1" index="1" bw="10" slack="0"/>
</pin_list>
<bind>
<opcode="sext(35) " fcode="sext"/>
<opset="sext_ln818/4 "/>
</bind>
</comp>

<comp id="1736" class="1004" name="select_ln818_1_fu_1736">
<pin_list>
<pin id="1737" dir="0" index="0" bw="1" slack="0"/>
<pin id="1738" dir="0" index="1" bw="9" slack="0"/>
<pin id="1739" dir="0" index="2" bw="9" slack="0"/>
<pin id="1740" dir="1" index="3" bw="9" slack="0"/>
</pin_list>
<bind>
<opcode="select(49) " fcode="select"/>
<opset="select_ln818_1/4 "/>
</bind>
</comp>

<comp id="1744" class="1004" name="and_ln818_fu_1744">
<pin_list>
<pin id="1745" dir="0" index="0" bw="9" slack="2"/>
<pin id="1746" dir="0" index="1" bw="9" slack="0"/>
<pin id="1747" dir="1" index="2" bw="9" slack="0"/>
</pin_list>
<bind>
<opcode="and(23) " fcode="and"/>
<opset="and_ln818/4 "/>
</bind>
</comp>

<comp id="1749" class="1004" name="sext_ln817_fu_1749">
<pin_list>
<pin id="1750" dir="0" index="0" bw="9" slack="0"/>
<pin id="1751" dir="1" index="1" bw="10" slack="0"/>
</pin_list>
<bind>
<opcode="sext(35) " fcode="sext"/>
<opset="sext_ln817/4 "/>
</bind>
</comp>

<comp id="1753" class="1004" name="add_ln817_fu_1753">
<pin_list>
<pin id="1754" dir="0" index="0" bw="9" slack="0"/>
<pin id="1755" dir="0" index="1" bw="9" slack="0"/>
<pin id="1756" dir="1" index="2" bw="10" slack="0"/>
</pin_list>
<bind>
<opcode="add(8) " fcode="add"/>
<opset="add_ln817/4 "/>
</bind>
</comp>

<comp id="1759" class="1004" name="select_ln819_1_fu_1759">
<pin_list>
<pin id="1760" dir="0" index="0" bw="1" slack="0"/>
<pin id="1761" dir="0" index="1" bw="9" slack="0"/>
<pin id="1762" dir="0" index="2" bw="9" slack="0"/>
<pin id="1763" dir="1" index="3" bw="9" slack="0"/>
</pin_list>
<bind>
<opcode="select(49) " fcode="select"/>
<opset="select_ln819_1/4 "/>
</bind>
</comp>

<comp id="1767" class="1004" name="and_ln819_fu_1767">
<pin_list>
<pin id="1768" dir="0" index="0" bw="9" slack="1"/>
<pin id="1769" dir="0" index="1" bw="9" slack="0"/>
<pin id="1770" dir="1" index="2" bw="9" slack="0"/>
</pin_list>
<bind>
<opcode="and(23) " fcode="and"/>
<opset="and_ln819/4 "/>
</bind>
</comp>

<comp id="1772" class="1004" name="sext_ln818_1_fu_1772">
<pin_list>
<pin id="1773" dir="0" index="0" bw="10" slack="0"/>
<pin id="1774" dir="1" index="1" bw="11" slack="0"/>
</pin_list>
<bind>
<opcode="sext(35) " fcode="sext"/>
<opset="sext_ln818_1/4 "/>
</bind>
</comp>

<comp id="1776" class="1004" name="sext_ln820_1_fu_1776">
<pin_list>
<pin id="1777" dir="0" index="0" bw="9" slack="0"/>
<pin id="1778" dir="1" index="1" bw="10" slack="0"/>
</pin_list>
<bind>
<opcode="sext(35) " fcode="sext"/>
<opset="sext_ln820_1/4 "/>
</bind>
</comp>

<comp id="1780" class="1004" name="select_ln820_2_fu_1780">
<pin_list>
<pin id="1781" dir="0" index="0" bw="1" slack="0"/>
<pin id="1782" dir="0" index="1" bw="9" slack="0"/>
<pin id="1783" dir="0" index="2" bw="9" slack="0"/>
<pin id="1784" dir="1" index="3" bw="9" slack="0"/>
</pin_list>
<bind>
<opcode="select(49) " fcode="select"/>
<opset="select_ln820_2/4 "/>
</bind>
</comp>

<comp id="1788" class="1004" name="and_ln820_fu_1788">
<pin_list>
<pin id="1789" dir="0" index="0" bw="9" slack="1"/>
<pin id="1790" dir="0" index="1" bw="9" slack="0"/>
<pin id="1791" dir="1" index="2" bw="9" slack="0"/>
</pin_list>
<bind>
<opcode="and(23) " fcode="and"/>
<opset="and_ln820/4 "/>
</bind>
</comp>

<comp id="1793" class="1004" name="sext_ln820_fu_1793">
<pin_list>
<pin id="1794" dir="0" index="0" bw="9" slack="0"/>
<pin id="1795" dir="1" index="1" bw="10" slack="0"/>
</pin_list>
<bind>
<opcode="sext(35) " fcode="sext"/>
<opset="sext_ln820/4 "/>
</bind>
</comp>

<comp id="1797" class="1004" name="add_ln820_1_fu_1797">
<pin_list>
<pin id="1798" dir="0" index="0" bw="9" slack="0"/>
<pin id="1799" dir="0" index="1" bw="9" slack="0"/>
<pin id="1800" dir="1" index="2" bw="10" slack="0"/>
</pin_list>
<bind>
<opcode="add(8) " fcode="add"/>
<opset="add_ln820_1/4 "/>
</bind>
</comp>

<comp id="1803" class="1004" name="sext_ln820_2_fu_1803">
<pin_list>
<pin id="1804" dir="0" index="0" bw="10" slack="0"/>
<pin id="1805" dir="1" index="1" bw="11" slack="0"/>
</pin_list>
<bind>
<opcode="sext(35) " fcode="sext"/>
<opset="sext_ln820_2/4 "/>
</bind>
</comp>

<comp id="1807" class="1004" name="add_ln820_fu_1807">
<pin_list>
<pin id="1808" dir="0" index="0" bw="10" slack="0"/>
<pin id="1809" dir="0" index="1" bw="10" slack="0"/>
<pin id="1810" dir="1" index="2" bw="11" slack="0"/>
</pin_list>
<bind>
<opcode="add(8) " fcode="add"/>
<opset="add_ln820/4 "/>
</bind>
</comp>

<comp id="1813" class="1004" name="sub_ln820_1_fu_1813">
<pin_list>
<pin id="1814" dir="0" index="0" bw="1" slack="0"/>
<pin id="1815" dir="0" index="1" bw="11" slack="0"/>
<pin id="1816" dir="1" index="2" bw="11" slack="0"/>
</pin_list>
<bind>
<opcode="sub(10) " fcode="sub"/>
<opset="sub_ln820_1/4 "/>
</bind>
</comp>

<comp id="1819" class="1004" name="trunc_ln820_1_fu_1819">
<pin_list>
<pin id="1820" dir="0" index="0" bw="10" slack="0"/>
<pin id="1821" dir="0" index="1" bw="11" slack="0"/>
<pin id="1822" dir="0" index="2" bw="1" slack="0"/>
<pin id="1823" dir="0" index="3" bw="5" slack="0"/>
<pin id="1824" dir="1" index="4" bw="10" slack="0"/>
</pin_list>
<bind>
<opcode="partselect(1002) " fcode="partselect"/>
<opset="trunc_ln820_1/4 "/>
</bind>
</comp>

<comp id="1829" class="1004" name="sub_ln820_2_fu_1829">
<pin_list>
<pin id="1830" dir="0" index="0" bw="1" slack="0"/>
<pin id="1831" dir="0" index="1" bw="10" slack="0"/>
<pin id="1832" dir="1" index="2" bw="10" slack="1"/>
</pin_list>
<bind>
<opcode="sub(10) " fcode="sub"/>
<opset="sub_ln820_2/4 "/>
</bind>
</comp>

<comp id="1835" class="1004" name="zext_ln763_fu_1835">
<pin_list>
<pin id="1836" dir="0" index="0" bw="8" slack="2"/>
<pin id="1837" dir="1" index="1" bw="10" slack="0"/>
</pin_list>
<bind>
<opcode="zext(34) " fcode="zext"/>
<opset="zext_ln763/5 "/>
</bind>
</comp>

<comp id="1840" class="1004" name="zext_ln765_fu_1840">
<pin_list>
<pin id="1841" dir="0" index="0" bw="8" slack="2"/>
<pin id="1842" dir="1" index="1" bw="10" slack="0"/>
</pin_list>
<bind>
<opcode="zext(34) " fcode="zext"/>
<opset="zext_ln765/5 "/>
</bind>
</comp>

<comp id="1845" class="1004" name="CH_fu_1845">
<pin_list>
<pin id="1846" dir="0" index="0" bw="1" slack="4"/>
<pin id="1847" dir="0" index="1" bw="8" slack="2"/>
<pin id="1848" dir="0" index="2" bw="8" slack="2"/>
<pin id="1849" dir="1" index="3" bw="8" slack="0"/>
</pin_list>
<bind>
<opcode="select(49) " fcode="select"/>
<opset="CH/5 "/>
</bind>
</comp>

<comp id="1852" class="1004" name="zext_ln788_fu_1852">
<pin_list>
<pin id="1853" dir="0" index="0" bw="8" slack="0"/>
<pin id="1854" dir="1" index="1" bw="10" slack="0"/>
</pin_list>
<bind>
<opcode="zext(34) " fcode="zext"/>
<opset="zext_ln788/5 "/>
</bind>
</comp>

<comp id="1856" class="1004" name="tmp_5_fu_1856">
<pin_list>
<pin id="1857" dir="0" index="0" bw="1" slack="0"/>
<pin id="1858" dir="0" index="1" bw="11" slack="1"/>
<pin id="1859" dir="0" index="2" bw="5" slack="0"/>
<pin id="1860" dir="1" index="3" bw="1" slack="0"/>
</pin_list>
<bind>
<opcode="bitselect(1000) " fcode="bitselect"/>
<opset="tmp_5/5 "/>
</bind>
</comp>

<comp id="1863" class="1004" name="trunc_ln820_2_fu_1863">
<pin_list>
<pin id="1864" dir="0" index="0" bw="10" slack="0"/>
<pin id="1865" dir="0" index="1" bw="11" slack="1"/>
<pin id="1866" dir="0" index="2" bw="1" slack="0"/>
<pin id="1867" dir="0" index="3" bw="5" slack="0"/>
<pin id="1868" dir="1" index="4" bw="10" slack="0"/>
</pin_list>
<bind>
<opcode="partselect(1002) " fcode="partselect"/>
<opset="trunc_ln820_2/5 "/>
</bind>
</comp>

<comp id="1872" class="1004" name="select_ln820_1_fu_1872">
<pin_list>
<pin id="1873" dir="0" index="0" bw="1" slack="0"/>
<pin id="1874" dir="0" index="1" bw="10" slack="1"/>
<pin id="1875" dir="0" index="2" bw="10" slack="0"/>
<pin id="1876" dir="1" index="3" bw="10" slack="0"/>
</pin_list>
<bind>
<opcode="select(49) " fcode="select"/>
<opset="select_ln820_1/5 "/>
</bind>
</comp>

<comp id="1879" class="1004" name="zext_ln817_1_fu_1879">
<pin_list>
<pin id="1880" dir="0" index="0" bw="8" slack="2"/>
<pin id="1881" dir="1" index="1" bw="10" slack="0"/>
</pin_list>
<bind>
<opcode="zext(34) " fcode="zext"/>
<opset="zext_ln817_1/5 "/>
</bind>
</comp>

<comp id="1883" class="1004" name="CV_fu_1883">
<pin_list>
<pin id="1884" dir="0" index="0" bw="8" slack="0"/>
<pin id="1885" dir="0" index="1" bw="10" slack="0"/>
<pin id="1886" dir="1" index="2" bw="10" slack="0"/>
</pin_list>
<bind>
<opcode="sub(10) " fcode="sub"/>
<opset="CV/5 "/>
</bind>
</comp>

<comp id="1889" class="1004" name="r_fu_1889">
<pin_list>
<pin id="1890" dir="0" index="0" bw="1" slack="4"/>
<pin id="1891" dir="0" index="1" bw="10" slack="0"/>
<pin id="1892" dir="0" index="2" bw="10" slack="0"/>
<pin id="1893" dir="1" index="3" bw="10" slack="0"/>
</pin_list>
<bind>
<opcode="select(49) " fcode="select"/>
<opset="r/5 "/>
</bind>
</comp>

<comp id="1897" class="1004" name="b_fu_1897">
<pin_list>
<pin id="1898" dir="0" index="0" bw="1" slack="4"/>
<pin id="1899" dir="0" index="1" bw="10" slack="0"/>
<pin id="1900" dir="0" index="2" bw="10" slack="0"/>
<pin id="1901" dir="1" index="3" bw="10" slack="0"/>
</pin_list>
<bind>
<opcode="select(49) " fcode="select"/>
<opset="b/5 "/>
</bind>
</comp>

<comp id="1905" class="1004" name="tmp_6_fu_1905">
<pin_list>
<pin id="1906" dir="0" index="0" bw="1" slack="0"/>
<pin id="1907" dir="0" index="1" bw="10" slack="0"/>
<pin id="1908" dir="0" index="2" bw="5" slack="0"/>
<pin id="1909" dir="1" index="3" bw="1" slack="0"/>
</pin_list>
<bind>
<opcode="bitselect(1000) " fcode="bitselect"/>
<opset="tmp_6/5 "/>
</bind>
</comp>

<comp id="1913" class="1004" name="tmp_7_fu_1913">
<pin_list>
<pin id="1914" dir="0" index="0" bw="2" slack="0"/>
<pin id="1915" dir="0" index="1" bw="10" slack="0"/>
<pin id="1916" dir="0" index="2" bw="5" slack="0"/>
<pin id="1917" dir="0" index="3" bw="5" slack="0"/>
<pin id="1918" dir="1" index="4" bw="2" slack="0"/>
</pin_list>
<bind>
<opcode="partselect(1002) " fcode="partselect"/>
<opset="tmp_7/5 "/>
</bind>
</comp>

<comp id="1923" class="1004" name="icmp_ln827_fu_1923">
<pin_list>
<pin id="1924" dir="0" index="0" bw="2" slack="0"/>
<pin id="1925" dir="0" index="1" bw="2" slack="0"/>
<pin id="1926" dir="1" index="2" bw="1" slack="0"/>
</pin_list>
<bind>
<opcode="icmp(45) " fcode="icmp"/>
<opset="icmp_ln827/5 "/>
</bind>
</comp>

<comp id="1929" class="1004" name="trunc_ln827_fu_1929">
<pin_list>
<pin id="1930" dir="0" index="0" bw="10" slack="0"/>
<pin id="1931" dir="1" index="1" bw="8" slack="0"/>
</pin_list>
<bind>
<opcode="trunc(33) " fcode="trunc"/>
<opset="trunc_ln827/5 "/>
</bind>
</comp>

<comp id="1933" class="1004" name="xor_ln827_fu_1933">
<pin_list>
<pin id="1934" dir="0" index="0" bw="1" slack="0"/>
<pin id="1935" dir="0" index="1" bw="1" slack="0"/>
<pin id="1936" dir="1" index="2" bw="1" slack="0"/>
</pin_list>
<bind>
<opcode="xor(25) " fcode="xor"/>
<opset="xor_ln827/5 "/>
</bind>
</comp>

<comp id="1939" class="1004" name="select_ln827_1_fu_1939">
<pin_list>
<pin id="1940" dir="0" index="0" bw="1" slack="0"/>
<pin id="1941" dir="0" index="1" bw="8" slack="0"/>
<pin id="1942" dir="0" index="2" bw="8" slack="0"/>
<pin id="1943" dir="1" index="3" bw="8" slack="0"/>
</pin_list>
<bind>
<opcode="select(49) " fcode="select"/>
<opset="select_ln827_1/5 "/>
</bind>
</comp>

<comp id="1947" class="1004" name="or_ln827_fu_1947">
<pin_list>
<pin id="1948" dir="0" index="0" bw="1" slack="0"/>
<pin id="1949" dir="0" index="1" bw="1" slack="0"/>
<pin id="1950" dir="1" index="2" bw="1" slack="0"/>
</pin_list>
<bind>
<opcode="or(24) " fcode="or"/>
<opset="or_ln827/5 "/>
</bind>
</comp>

<comp id="1953" class="1004" name="select_ln827_fu_1953">
<pin_list>
<pin id="1954" dir="0" index="0" bw="1" slack="0"/>
<pin id="1955" dir="0" index="1" bw="8" slack="0"/>
<pin id="1956" dir="0" index="2" bw="8" slack="0"/>
<pin id="1957" dir="1" index="3" bw="8" slack="0"/>
</pin_list>
<bind>
<opcode="select(49) " fcode="select"/>
<opset="select_ln827/5 "/>
</bind>
</comp>

<comp id="1961" class="1004" name="tmp_8_fu_1961">
<pin_list>
<pin id="1962" dir="0" index="0" bw="1" slack="0"/>
<pin id="1963" dir="0" index="1" bw="10" slack="0"/>
<pin id="1964" dir="0" index="2" bw="5" slack="0"/>
<pin id="1965" dir="1" index="3" bw="1" slack="0"/>
</pin_list>
<bind>
<opcode="bitselect(1000) " fcode="bitselect"/>
<opset="tmp_8/5 "/>
</bind>
</comp>

<comp id="1969" class="1004" name="tmp_9_fu_1969">
<pin_list>
<pin id="1970" dir="0" index="0" bw="2" slack="0"/>
<pin id="1971" dir="0" index="1" bw="10" slack="0"/>
<pin id="1972" dir="0" index="2" bw="5" slack="0"/>
<pin id="1973" dir="0" index="3" bw="5" slack="0"/>
<pin id="1974" dir="1" index="4" bw="2" slack="0"/>
</pin_list>
<bind>
<opcode="partselect(1002) " fcode="partselect"/>
<opset="tmp_9/5 "/>
</bind>
</comp>

<comp id="1979" class="1004" name="icmp_ln829_fu_1979">
<pin_list>
<pin id="1980" dir="0" index="0" bw="2" slack="0"/>
<pin id="1981" dir="0" index="1" bw="2" slack="0"/>
<pin id="1982" dir="1" index="2" bw="1" slack="0"/>
</pin_list>
<bind>
<opcode="icmp(45) " fcode="icmp"/>
<opset="icmp_ln829/5 "/>
</bind>
</comp>

<comp id="1985" class="1004" name="trunc_ln829_fu_1985">
<pin_list>
<pin id="1986" dir="0" index="0" bw="10" slack="0"/>
<pin id="1987" dir="1" index="1" bw="8" slack="0"/>
</pin_list>
<bind>
<opcode="trunc(33) " fcode="trunc"/>
<opset="trunc_ln829/5 "/>
</bind>
</comp>

<comp id="1989" class="1004" name="xor_ln829_fu_1989">
<pin_list>
<pin id="1990" dir="0" index="0" bw="1" slack="0"/>
<pin id="1991" dir="0" index="1" bw="1" slack="0"/>
<pin id="1992" dir="1" index="2" bw="1" slack="0"/>
</pin_list>
<bind>
<opcode="xor(25) " fcode="xor"/>
<opset="xor_ln829/5 "/>
</bind>
</comp>

<comp id="1995" class="1004" name="select_ln829_1_fu_1995">
<pin_list>
<pin id="1996" dir="0" index="0" bw="1" slack="0"/>
<pin id="1997" dir="0" index="1" bw="8" slack="0"/>
<pin id="1998" dir="0" index="2" bw="8" slack="0"/>
<pin id="1999" dir="1" index="3" bw="8" slack="0"/>
</pin_list>
<bind>
<opcode="select(49) " fcode="select"/>
<opset="select_ln829_1/5 "/>
</bind>
</comp>

<comp id="2003" class="1004" name="or_ln829_fu_2003">
<pin_list>
<pin id="2004" dir="0" index="0" bw="1" slack="0"/>
<pin id="2005" dir="0" index="1" bw="1" slack="0"/>
<pin id="2006" dir="1" index="2" bw="1" slack="0"/>
</pin_list>
<bind>
<opcode="or(24) " fcode="or"/>
<opset="or_ln829/5 "/>
</bind>
</comp>

<comp id="2009" class="1004" name="select_ln829_fu_2009">
<pin_list>
<pin id="2010" dir="0" index="0" bw="1" slack="0"/>
<pin id="2011" dir="0" index="1" bw="8" slack="0"/>
<pin id="2012" dir="0" index="2" bw="8" slack="0"/>
<pin id="2013" dir="1" index="3" bw="8" slack="0"/>
</pin_list>
<bind>
<opcode="select(49) " fcode="select"/>
<opset="select_ln829/5 "/>
</bind>
</comp>

<comp id="2017" class="1004" name="or_ln835_3_i_fu_2017">
<pin_list>
<pin id="2018" dir="0" index="0" bw="24" slack="0"/>
<pin id="2019" dir="0" index="1" bw="8" slack="0"/>
<pin id="2020" dir="0" index="2" bw="8" slack="2"/>
<pin id="2021" dir="0" index="3" bw="8" slack="0"/>
<pin id="2022" dir="1" index="4" bw="24" slack="0"/>
</pin_list>
<bind>
<opcode="bitconcatenate(1004) " fcode="bitconcatenate"/>
<opset="or_ln835_3_i/5 "/>
</bind>
</comp>

<comp id="2028" class="1004" name="store_ln0_store_fu_2028">
<pin_list>
<pin id="2029" dir="0" index="0" bw="8" slack="2"/>
<pin id="2030" dir="0" index="1" bw="8" slack="0"/>
<pin id="2031" dir="1" index="2" bw="0" slack="2147483647"/>
</pin_list>
<bind>
<opcode="store(28) " fcode="store"/>
<opset="store_ln0/4 "/>
</bind>
</comp>

<comp id="2033" class="1004" name="store_ln0_store_fu_2033">
<pin_list>
<pin id="2034" dir="0" index="0" bw="8" slack="2"/>
<pin id="2035" dir="0" index="1" bw="8" slack="0"/>
<pin id="2036" dir="1" index="2" bw="0" slack="2147483647"/>
</pin_list>
<bind>
<opcode="store(28) " fcode="store"/>
<opset="store_ln0/4 "/>
</bind>
</comp>

<comp id="2038" class="1004" name="store_ln0_store_fu_2038">
<pin_list>
<pin id="2039" dir="0" index="0" bw="8" slack="2"/>
<pin id="2040" dir="0" index="1" bw="8" slack="0"/>
<pin id="2041" dir="1" index="2" bw="0" slack="2147483647"/>
</pin_list>
<bind>
<opcode="store(28) " fcode="store"/>
<opset="store_ln0/4 "/>
</bind>
</comp>

<comp id="2043" class="1004" name="store_ln0_store_fu_2043">
<pin_list>
<pin id="2044" dir="0" index="0" bw="8" slack="2"/>
<pin id="2045" dir="0" index="1" bw="8" slack="0"/>
<pin id="2046" dir="1" index="2" bw="0" slack="2147483647"/>
</pin_list>
<bind>
<opcode="store(28) " fcode="store"/>
<opset="store_ln0/4 "/>
</bind>
</comp>

<comp id="2048" class="1004" name="store_ln0_store_fu_2048">
<pin_list>
<pin id="2049" dir="0" index="0" bw="8" slack="2"/>
<pin id="2050" dir="0" index="1" bw="8" slack="0"/>
<pin id="2051" dir="1" index="2" bw="0" slack="2147483647"/>
</pin_list>
<bind>
<opcode="store(28) " fcode="store"/>
<opset="store_ln0/4 "/>
</bind>
</comp>

<comp id="2053" class="1004" name="store_ln0_store_fu_2053">
<pin_list>
<pin id="2054" dir="0" index="0" bw="8" slack="2"/>
<pin id="2055" dir="0" index="1" bw="8" slack="0"/>
<pin id="2056" dir="1" index="2" bw="0" slack="2147483647"/>
</pin_list>
<bind>
<opcode="store(28) " fcode="store"/>
<opset="store_ln0/4 "/>
</bind>
</comp>

<comp id="2058" class="1004" name="store_ln0_store_fu_2058">
<pin_list>
<pin id="2059" dir="0" index="0" bw="8" slack="2"/>
<pin id="2060" dir="0" index="1" bw="8" slack="0"/>
<pin id="2061" dir="1" index="2" bw="0" slack="2147483647"/>
</pin_list>
<bind>
<opcode="store(28) " fcode="store"/>
<opset="store_ln0/4 "/>
</bind>
</comp>

<comp id="2063" class="1004" name="store_ln0_store_fu_2063">
<pin_list>
<pin id="2064" dir="0" index="0" bw="8" slack="2"/>
<pin id="2065" dir="0" index="1" bw="8" slack="0"/>
<pin id="2066" dir="1" index="2" bw="0" slack="2147483647"/>
</pin_list>
<bind>
<opcode="store(28) " fcode="store"/>
<opset="store_ln0/4 "/>
</bind>
</comp>

<comp id="2068" class="1004" name="store_ln0_store_fu_2068">
<pin_list>
<pin id="2069" dir="0" index="0" bw="8" slack="2"/>
<pin id="2070" dir="0" index="1" bw="8" slack="0"/>
<pin id="2071" dir="1" index="2" bw="0" slack="2147483647"/>
</pin_list>
<bind>
<opcode="store(28) " fcode="store"/>
<opset="store_ln0/4 "/>
</bind>
</comp>

<comp id="2073" class="1004" name="store_ln0_store_fu_2073">
<pin_list>
<pin id="2074" dir="0" index="0" bw="8" slack="2"/>
<pin id="2075" dir="0" index="1" bw="8" slack="0"/>
<pin id="2076" dir="1" index="2" bw="0" slack="2147483647"/>
</pin_list>
<bind>
<opcode="store(28) " fcode="store"/>
<opset="store_ln0/4 "/>
</bind>
</comp>

<comp id="2078" class="1004" name="store_ln0_store_fu_2078">
<pin_list>
<pin id="2079" dir="0" index="0" bw="8" slack="2"/>
<pin id="2080" dir="0" index="1" bw="8" slack="0"/>
<pin id="2081" dir="1" index="2" bw="0" slack="2147483647"/>
</pin_list>
<bind>
<opcode="store(28) " fcode="store"/>
<opset="store_ln0/4 "/>
</bind>
</comp>

<comp id="2083" class="1004" name="store_ln0_store_fu_2083">
<pin_list>
<pin id="2084" dir="0" index="0" bw="8" slack="2"/>
<pin id="2085" dir="0" index="1" bw="8" slack="0"/>
<pin id="2086" dir="1" index="2" bw="0" slack="2147483647"/>
</pin_list>
<bind>
<opcode="store(28) " fcode="store"/>
<opset="store_ln0/4 "/>
</bind>
</comp>

<comp id="2088" class="1004" name="store_ln0_store_fu_2088">
<pin_list>
<pin id="2089" dir="0" index="0" bw="8" slack="2"/>
<pin id="2090" dir="0" index="1" bw="8" slack="0"/>
<pin id="2091" dir="1" index="2" bw="0" slack="2147483647"/>
</pin_list>
<bind>
<opcode="store(28) " fcode="store"/>
<opset="store_ln0/4 "/>
</bind>
</comp>

<comp id="2093" class="1004" name="store_ln0_store_fu_2093">
<pin_list>
<pin id="2094" dir="0" index="0" bw="8" slack="2"/>
<pin id="2095" dir="0" index="1" bw="8" slack="0"/>
<pin id="2096" dir="1" index="2" bw="0" slack="2147483647"/>
</pin_list>
<bind>
<opcode="store(28) " fcode="store"/>
<opset="store_ln0/4 "/>
</bind>
</comp>

<comp id="2098" class="1004" name="store_ln0_store_fu_2098">
<pin_list>
<pin id="2099" dir="0" index="0" bw="8" slack="2"/>
<pin id="2100" dir="0" index="1" bw="8" slack="0"/>
<pin id="2101" dir="1" index="2" bw="0" slack="2147483647"/>
</pin_list>
<bind>
<opcode="store(28) " fcode="store"/>
<opset="store_ln0/4 "/>
</bind>
</comp>

<comp id="2103" class="1005" name="x_reg_2103">
<pin_list>
<pin id="2104" dir="0" index="0" bw="11" slack="0"/>
<pin id="2105" dir="1" index="1" bw="11" slack="0"/>
</pin_list>
<bind>
<opset="x "/>
</bind>
</comp>

<comp id="2110" class="1005" name="p_0_0_0_0_09131503_i_reg_2110">
<pin_list>
<pin id="2111" dir="0" index="0" bw="8" slack="0"/>
<pin id="2112" dir="1" index="1" bw="8" slack="0"/>
</pin_list>
<bind>
<opset="p_0_0_0_0_09131503_i "/>
</bind>
</comp>

<comp id="2118" class="1005" name="p_0_1_0_0_09141505_i_reg_2118">
<pin_list>
<pin id="2119" dir="0" index="0" bw="8" slack="0"/>
<pin id="2120" dir="1" index="1" bw="8" slack="0"/>
</pin_list>
<bind>
<opset="p_0_1_0_0_09141505_i "/>
</bind>
</comp>

<comp id="2126" class="1005" name="p_0_2_0_0_09151507_i_reg_2126">
<pin_list>
<pin id="2127" dir="0" index="0" bw="8" slack="0"/>
<pin id="2128" dir="1" index="1" bw="8" slack="0"/>
</pin_list>
<bind>
<opset="p_0_2_0_0_09151507_i "/>
</bind>
</comp>

<comp id="2134" class="1005" name="p_0_0_0940_114971508_i_reg_2134">
<pin_list>
<pin id="2135" dir="0" index="0" bw="8" slack="0"/>
<pin id="2136" dir="1" index="1" bw="8" slack="0"/>
</pin_list>
<bind>
<opset="p_0_0_0940_114971508_i "/>
</bind>
</comp>

<comp id="2141" class="1005" name="p_0_0_0939_114991510_i_reg_2141">
<pin_list>
<pin id="2142" dir="0" index="0" bw="8" slack="0"/>
<pin id="2143" dir="1" index="1" bw="8" slack="0"/>
</pin_list>
<bind>
<opset="p_0_0_0939_114991510_i "/>
</bind>
</comp>

<comp id="2148" class="1005" name="p_0_0_0938_115011512_i_reg_2148">
<pin_list>
<pin id="2149" dir="0" index="0" bw="8" slack="0"/>
<pin id="2150" dir="1" index="1" bw="8" slack="0"/>
</pin_list>
<bind>
<opset="p_0_0_0938_115011512_i "/>
</bind>
</comp>

<comp id="2155" class="1005" name="p_0_0_0_0_09071515_i_reg_2155">
<pin_list>
<pin id="2156" dir="0" index="0" bw="8" slack="0"/>
<pin id="2157" dir="1" index="1" bw="8" slack="0"/>
</pin_list>
<bind>
<opset="p_0_0_0_0_09071515_i "/>
</bind>
</comp>

<comp id="2163" class="1005" name="p_0_1_0_0_09081517_i_reg_2163">
<pin_list>
<pin id="2164" dir="0" index="0" bw="8" slack="0"/>
<pin id="2165" dir="1" index="1" bw="8" slack="0"/>
</pin_list>
<bind>
<opset="p_0_1_0_0_09081517_i "/>
</bind>
</comp>

<comp id="2171" class="1005" name="p_0_2_0_0_09091519_i_reg_2171">
<pin_list>
<pin id="2172" dir="0" index="0" bw="8" slack="0"/>
<pin id="2173" dir="1" index="1" bw="8" slack="0"/>
</pin_list>
<bind>
<opset="p_0_2_0_0_09091519_i "/>
</bind>
</comp>

<comp id="2179" class="1005" name="p_0_0_09401404_i_reg_2179">
<pin_list>
<pin id="2180" dir="0" index="0" bw="8" slack="0"/>
<pin id="2181" dir="1" index="1" bw="8" slack="0"/>
</pin_list>
<bind>
<opset="p_0_0_09401404_i "/>
</bind>
</comp>

<comp id="2186" class="1005" name="p_0_0_09391407_i_reg_2186">
<pin_list>
<pin id="2187" dir="0" index="0" bw="8" slack="0"/>
<pin id="2188" dir="1" index="1" bw="8" slack="0"/>
</pin_list>
<bind>
<opset="p_0_0_09391407_i "/>
</bind>
</comp>

<comp id="2193" class="1005" name="p_0_0_09381410_i_reg_2193">
<pin_list>
<pin id="2194" dir="0" index="0" bw="8" slack="0"/>
<pin id="2195" dir="1" index="1" bw="8" slack="0"/>
</pin_list>
<bind>
<opset="p_0_0_09381410_i "/>
</bind>
</comp>

<comp id="2200" class="1005" name="p_0_0_0940_21434_i_reg_2200">
<pin_list>
<pin id="2201" dir="0" index="0" bw="8" slack="0"/>
<pin id="2202" dir="1" index="1" bw="8" slack="0"/>
</pin_list>
<bind>
<opset="p_0_0_0940_21434_i "/>
</bind>
</comp>

<comp id="2207" class="1005" name="p_0_0_0939_21437_i_reg_2207">
<pin_list>
<pin id="2208" dir="0" index="0" bw="8" slack="0"/>
<pin id="2209" dir="1" index="1" bw="8" slack="0"/>
</pin_list>
<bind>
<opset="p_0_0_0939_21437_i "/>
</bind>
</comp>

<comp id="2214" class="1005" name="p_0_0_0938_21440_i_reg_2214">
<pin_list>
<pin id="2215" dir="0" index="0" bw="8" slack="0"/>
<pin id="2216" dir="1" index="1" bw="8" slack="0"/>
</pin_list>
<bind>
<opset="p_0_0_0938_21440_i "/>
</bind>
</comp>

<comp id="2221" class="1005" name="red_reg_2221">
<pin_list>
<pin id="2222" dir="0" index="0" bw="1" slack="1"/>
<pin id="2223" dir="1" index="1" bw="1" slack="1"/>
</pin_list>
<bind>
<opset="red "/>
</bind>
</comp>

<comp id="2232" class="1005" name="icmp_ln664_reg_2232">
<pin_list>
<pin id="2233" dir="0" index="0" bw="1" slack="1"/>
<pin id="2234" dir="1" index="1" bw="1" slack="2147483647"/>
</pin_list>
<bind>
<opset="icmp_ln664 "/>
</bind>
</comp>

<comp id="2236" class="1005" name="icmp_ln728_reg_2236">
<pin_list>
<pin id="2237" dir="0" index="0" bw="1" slack="1"/>
<pin id="2238" dir="1" index="1" bw="1" slack="1"/>
</pin_list>
<bind>
<opset="icmp_ln728 "/>
</bind>
</comp>

<comp id="2243" class="1005" name="icmp_ln633_reg_2243">
<pin_list>
<pin id="2244" dir="0" index="0" bw="1" slack="1"/>
<pin id="2245" dir="1" index="1" bw="1" slack="2147483647"/>
</pin_list>
<bind>
<opset="icmp_ln633 "/>
</bind>
</comp>

<comp id="2247" class="1005" name="icmp_ln643_reg_2247">
<pin_list>
<pin id="2248" dir="0" index="0" bw="1" slack="1"/>
<pin id="2249" dir="1" index="1" bw="1" slack="2147483647"/>
</pin_list>
<bind>
<opset="icmp_ln643 "/>
</bind>
</comp>

<comp id="2251" class="1005" name="lineBuffer_addr_reg_2251">
<pin_list>
<pin id="2252" dir="0" index="0" bw="11" slack="1"/>
<pin id="2253" dir="1" index="1" bw="11" slack="1"/>
</pin_list>
<bind>
<opset="lineBuffer_addr "/>
</bind>
</comp>

<comp id="2257" class="1005" name="lineBuffer_1_addr_reg_2257">
<pin_list>
<pin id="2258" dir="0" index="0" bw="11" slack="1"/>
<pin id="2259" dir="1" index="1" bw="11" slack="1"/>
</pin_list>
<bind>
<opset="lineBuffer_1_addr "/>
</bind>
</comp>

<comp id="2263" class="1005" name="icmp_ln710_reg_2263">
<pin_list>
<pin id="2264" dir="0" index="0" bw="1" slack="1"/>
<pin id="2265" dir="1" index="1" bw="1" slack="1"/>
</pin_list>
<bind>
<opset="icmp_ln710 "/>
</bind>
</comp>

<comp id="2282" class="1005" name="icmp_ln772_reg_2282">
<pin_list>
<pin id="2283" dir="0" index="0" bw="1" slack="1"/>
<pin id="2284" dir="1" index="1" bw="1" slack="2147483647"/>
</pin_list>
<bind>
<opset="icmp_ln772 "/>
</bind>
</comp>

<comp id="2286" class="1005" name="and_ln833_reg_2286">
<pin_list>
<pin id="2287" dir="0" index="0" bw="1" slack="4"/>
<pin id="2288" dir="1" index="1" bw="1" slack="2147483647"/>
</pin_list>
<bind>
<opset="and_ln833 "/>
</bind>
</comp>

<comp id="2290" class="1005" name="p_0_0_0_0_09131503_i_load_reg_2290">
<pin_list>
<pin id="2291" dir="0" index="0" bw="8" slack="2"/>
<pin id="2292" dir="1" index="1" bw="8" slack="2"/>
</pin_list>
<bind>
<opset="p_0_0_0_0_09131503_i_load "/>
</bind>
</comp>

<comp id="2295" class="1005" name="p_0_1_0_0_09141505_i_load_reg_2295">
<pin_list>
<pin id="2296" dir="0" index="0" bw="8" slack="2"/>
<pin id="2297" dir="1" index="1" bw="8" slack="2"/>
</pin_list>
<bind>
<opset="p_0_1_0_0_09141505_i_load "/>
</bind>
</comp>

<comp id="2300" class="1005" name="p_0_2_0_0_09151507_i_load_reg_2300">
<pin_list>
<pin id="2301" dir="0" index="0" bw="8" slack="2"/>
<pin id="2302" dir="1" index="1" bw="8" slack="2"/>
</pin_list>
<bind>
<opset="p_0_2_0_0_09151507_i_load "/>
</bind>
</comp>

<comp id="2305" class="1005" name="p_0_0_0940_114971508_i_load_reg_2305">
<pin_list>
<pin id="2306" dir="0" index="0" bw="8" slack="1"/>
<pin id="2307" dir="1" index="1" bw="8" slack="1"/>
</pin_list>
<bind>
<opset="p_0_0_0940_114971508_i_load "/>
</bind>
</comp>

<comp id="2311" class="1005" name="p_0_0_0939_114991510_i_load_reg_2311">
<pin_list>
<pin id="2312" dir="0" index="0" bw="8" slack="1"/>
<pin id="2313" dir="1" index="1" bw="8" slack="1"/>
</pin_list>
<bind>
<opset="p_0_0_0939_114991510_i_load "/>
</bind>
</comp>

<comp id="2317" class="1005" name="p_0_0_0938_115011512_i_load_reg_2317">
<pin_list>
<pin id="2318" dir="0" index="0" bw="8" slack="1"/>
<pin id="2319" dir="1" index="1" bw="8" slack="1"/>
</pin_list>
<bind>
<opset="p_0_0_0938_115011512_i_load "/>
</bind>
</comp>

<comp id="2323" class="1005" name="p_0_0_0_0_09071515_i_load_reg_2323">
<pin_list>
<pin id="2324" dir="0" index="0" bw="8" slack="2"/>
<pin id="2325" dir="1" index="1" bw="8" slack="2"/>
</pin_list>
<bind>
<opset="p_0_0_0_0_09071515_i_load "/>
</bind>
</comp>

<comp id="2328" class="1005" name="p_0_1_0_0_09081517_i_load_reg_2328">
<pin_list>
<pin id="2329" dir="0" index="0" bw="8" slack="2"/>
<pin id="2330" dir="1" index="1" bw="8" slack="2"/>
</pin_list>
<bind>
<opset="p_0_1_0_0_09081517_i_load "/>
</bind>
</comp>

<comp id="2333" class="1005" name="p_0_2_0_0_09091519_i_load_reg_2333">
<pin_list>
<pin id="2334" dir="0" index="0" bw="8" slack="2"/>
<pin id="2335" dir="1" index="1" bw="8" slack="2"/>
</pin_list>
<bind>
<opset="p_0_2_0_0_09091519_i_load "/>
</bind>
</comp>

<comp id="2338" class="1005" name="p_0_0_09401404_i_load_reg_2338">
<pin_list>
<pin id="2339" dir="0" index="0" bw="8" slack="2"/>
<pin id="2340" dir="1" index="1" bw="8" slack="2"/>
</pin_list>
<bind>
<opset="p_0_0_09401404_i_load "/>
</bind>
</comp>

<comp id="2343" class="1005" name="p_0_0_09391407_i_load_reg_2343">
<pin_list>
<pin id="2344" dir="0" index="0" bw="8" slack="2"/>
<pin id="2345" dir="1" index="1" bw="8" slack="2"/>
</pin_list>
<bind>
<opset="p_0_0_09391407_i_load "/>
</bind>
</comp>

<comp id="2348" class="1005" name="p_0_0_09381410_i_load_reg_2348">
<pin_list>
<pin id="2349" dir="0" index="0" bw="8" slack="2"/>
<pin id="2350" dir="1" index="1" bw="8" slack="2"/>
</pin_list>
<bind>
<opset="p_0_0_09381410_i_load "/>
</bind>
</comp>

<comp id="2353" class="1005" name="p_0_0_0940_21434_i_load_reg_2353">
<pin_list>
<pin id="2354" dir="0" index="0" bw="8" slack="2"/>
<pin id="2355" dir="1" index="1" bw="8" slack="2"/>
</pin_list>
<bind>
<opset="p_0_0_0940_21434_i_load "/>
</bind>
</comp>

<comp id="2358" class="1005" name="p_0_0_0939_21437_i_load_reg_2358">
<pin_list>
<pin id="2359" dir="0" index="0" bw="8" slack="2"/>
<pin id="2360" dir="1" index="1" bw="8" slack="2"/>
</pin_list>
<bind>
<opset="p_0_0_0939_21437_i_load "/>
</bind>
</comp>

<comp id="2363" class="1005" name="p_0_0_0938_21440_i_load_reg_2363">
<pin_list>
<pin id="2364" dir="0" index="0" bw="8" slack="2"/>
<pin id="2365" dir="1" index="1" bw="8" slack="2"/>
</pin_list>
<bind>
<opset="p_0_0_0938_21440_i_load "/>
</bind>
</comp>

<comp id="2368" class="1005" name="select_ln710_reg_2368">
<pin_list>
<pin id="2369" dir="0" index="0" bw="8" slack="1"/>
<pin id="2370" dir="1" index="1" bw="8" slack="1"/>
</pin_list>
<bind>
<opset="select_ln710 "/>
</bind>
</comp>

<comp id="2373" class="1005" name="select_ln710_1_reg_2373">
<pin_list>
<pin id="2374" dir="0" index="0" bw="8" slack="1"/>
<pin id="2375" dir="1" index="1" bw="8" slack="1"/>
</pin_list>
<bind>
<opset="select_ln710_1 "/>
</bind>
</comp>

<comp id="2378" class="1005" name="select_ln710_2_reg_2378">
<pin_list>
<pin id="2379" dir="0" index="0" bw="8" slack="1"/>
<pin id="2380" dir="1" index="1" bw="8" slack="1"/>
</pin_list>
<bind>
<opset="select_ln710_2 "/>
</bind>
</comp>

<comp id="2383" class="1005" name="zext_ln790_1_reg_2383">
<pin_list>
<pin id="2384" dir="0" index="0" bw="9" slack="1"/>
<pin id="2385" dir="1" index="1" bw="9" slack="1"/>
</pin_list>
<bind>
<opset="zext_ln790_1 "/>
</bind>
</comp>

<comp id="2388" class="1005" name="zext_ln791_reg_2388">
<pin_list>
<pin id="2389" dir="0" index="0" bw="9" slack="1"/>
<pin id="2390" dir="1" index="1" bw="9" slack="1"/>
</pin_list>
<bind>
<opset="zext_ln791 "/>
</bind>
</comp>

<comp id="2393" class="1005" name="sub_ln817_reg_2393">
<pin_list>
<pin id="2394" dir="0" index="0" bw="9" slack="2"/>
<pin id="2395" dir="1" index="1" bw="9" slack="2"/>
</pin_list>
<bind>
<opset="sub_ln817 "/>
</bind>
</comp>

<comp id="2398" class="1005" name="sub_ln818_reg_2398">
<pin_list>
<pin id="2399" dir="0" index="0" bw="9" slack="2"/>
<pin id="2400" dir="1" index="1" bw="9" slack="2"/>
</pin_list>
<bind>
<opset="sub_ln818 "/>
</bind>
</comp>

<comp id="2403" class="1005" name="enable_6_reg_2403">
<pin_list>
<pin id="2404" dir="0" index="0" bw="5" slack="1"/>
<pin id="2405" dir="1" index="1" bw="5" slack="1"/>
</pin_list>
<bind>
<opset="enable_6 "/>
</bind>
</comp>

<comp id="2409" class="1005" name="icmp_ln800_reg_2409">
<pin_list>
<pin id="2410" dir="0" index="0" bw="1" slack="1"/>
<pin id="2411" dir="1" index="1" bw="1" slack="1"/>
</pin_list>
<bind>
<opset="icmp_ln800 "/>
</bind>
</comp>

<comp id="2414" class="1005" name="sub_ln819_reg_2414">
<pin_list>
<pin id="2415" dir="0" index="0" bw="9" slack="1"/>
<pin id="2416" dir="1" index="1" bw="9" slack="1"/>
</pin_list>
<bind>
<opset="sub_ln819 "/>
</bind>
</comp>

<comp id="2419" class="1005" name="sub_ln820_reg_2419">
<pin_list>
<pin id="2420" dir="0" index="0" bw="9" slack="1"/>
<pin id="2421" dir="1" index="1" bw="9" slack="1"/>
</pin_list>
<bind>
<opset="sub_ln820 "/>
</bind>
</comp>

<comp id="2424" class="1005" name="enable_7_reg_2424">
<pin_list>
<pin id="2425" dir="0" index="0" bw="6" slack="1"/>
<pin id="2426" dir="1" index="1" bw="6" slack="2147483647"/>
</pin_list>
<bind>
<opset="enable_7 "/>
</bind>
</comp>

<comp id="2428" class="1005" name="add_ln820_reg_2428">
<pin_list>
<pin id="2429" dir="0" index="0" bw="11" slack="1"/>
<pin id="2430" dir="1" index="1" bw="11" slack="1"/>
</pin_list>
<bind>
<opset="add_ln820 "/>
</bind>
</comp>

<comp id="2434" class="1005" name="sub_ln820_2_reg_2434">
<pin_list>
<pin id="2435" dir="0" index="0" bw="10" slack="1"/>
<pin id="2436" dir="1" index="1" bw="10" slack="1"/>
</pin_list>
<bind>
<opset="sub_ln820_2 "/>
</bind>
</comp>

</comp_list>

<net_list>
<net id="227"><net_src comp="80" pin="0"/><net_sink comp="224" pin=0"/></net>

<net id="231"><net_src comp="80" pin="0"/><net_sink comp="228" pin=0"/></net>

<net id="235"><net_src comp="80" pin="0"/><net_sink comp="232" pin=0"/></net>

<net id="239"><net_src comp="80" pin="0"/><net_sink comp="236" pin=0"/></net>

<net id="243"><net_src comp="80" pin="0"/><net_sink comp="240" pin=0"/></net>

<net id="247"><net_src comp="80" pin="0"/><net_sink comp="244" pin=0"/></net>

<net id="251"><net_src comp="80" pin="0"/><net_sink comp="248" pin=0"/></net>

<net id="255"><net_src comp="80" pin="0"/><net_sink comp="252" pin=0"/></net>

<net id="259"><net_src comp="80" pin="0"/><net_sink comp="256" pin=0"/></net>

<net id="263"><net_src comp="80" pin="0"/><net_sink comp="260" pin=0"/></net>

<net id="267"><net_src comp="80" pin="0"/><net_sink comp="264" pin=0"/></net>

<net id="271"><net_src comp="80" pin="0"/><net_sink comp="268" pin=0"/></net>

<net id="275"><net_src comp="80" pin="0"/><net_sink comp="272" pin=0"/></net>

<net id="279"><net_src comp="80" pin="0"/><net_sink comp="276" pin=0"/></net>

<net id="283"><net_src comp="80" pin="0"/><net_sink comp="280" pin=0"/></net>

<net id="287"><net_src comp="80" pin="0"/><net_sink comp="284" pin=0"/></net>

<net id="291"><net_src comp="100" pin="0"/><net_sink comp="288" pin=0"/></net>

<net id="295"><net_src comp="100" pin="0"/><net_sink comp="292" pin=0"/></net>

<net id="300"><net_src comp="92" pin="0"/><net_sink comp="296" pin=0"/></net>

<net id="301"><net_src comp="44" pin="0"/><net_sink comp="296" pin=1"/></net>

<net id="306"><net_src comp="94" pin="0"/><net_sink comp="302" pin=0"/></net>

<net id="307"><net_src comp="42" pin="0"/><net_sink comp="302" pin=1"/></net>

<net id="312"><net_src comp="96" pin="0"/><net_sink comp="308" pin=0"/></net>

<net id="313"><net_src comp="40" pin="0"/><net_sink comp="308" pin=1"/></net>

<net id="318"><net_src comp="92" pin="0"/><net_sink comp="314" pin=0"/></net>

<net id="319"><net_src comp="38" pin="0"/><net_sink comp="314" pin=1"/></net>

<net id="324"><net_src comp="92" pin="0"/><net_sink comp="320" pin=0"/></net>

<net id="325"><net_src comp="36" pin="0"/><net_sink comp="320" pin=1"/></net>

<net id="330"><net_src comp="92" pin="0"/><net_sink comp="326" pin=0"/></net>

<net id="331"><net_src comp="34" pin="0"/><net_sink comp="326" pin=1"/></net>

<net id="336"><net_src comp="94" pin="0"/><net_sink comp="332" pin=0"/></net>

<net id="337"><net_src comp="32" pin="0"/><net_sink comp="332" pin=1"/></net>

<net id="342"><net_src comp="96" pin="0"/><net_sink comp="338" pin=0"/></net>

<net id="343"><net_src comp="30" pin="0"/><net_sink comp="338" pin=1"/></net>

<net id="348"><net_src comp="98" pin="0"/><net_sink comp="344" pin=0"/></net>

<net id="349"><net_src comp="28" pin="0"/><net_sink comp="344" pin=1"/></net>

<net id="354"><net_src comp="98" pin="0"/><net_sink comp="350" pin=0"/></net>

<net id="355"><net_src comp="26" pin="0"/><net_sink comp="350" pin=1"/></net>

<net id="360"><net_src comp="98" pin="0"/><net_sink comp="356" pin=0"/></net>

<net id="361"><net_src comp="24" pin="0"/><net_sink comp="356" pin=1"/></net>

<net id="366"><net_src comp="98" pin="0"/><net_sink comp="362" pin=0"/></net>

<net id="367"><net_src comp="22" pin="0"/><net_sink comp="362" pin=1"/></net>

<net id="372"><net_src comp="98" pin="0"/><net_sink comp="368" pin=0"/></net>

<net id="373"><net_src comp="20" pin="0"/><net_sink comp="368" pin=1"/></net>

<net id="378"><net_src comp="98" pin="0"/><net_sink comp="374" pin=0"/></net>

<net id="379"><net_src comp="18" pin="0"/><net_sink comp="374" pin=1"/></net>

<net id="384"><net_src comp="98" pin="0"/><net_sink comp="380" pin=0"/></net>

<net id="385"><net_src comp="16" pin="0"/><net_sink comp="380" pin=1"/></net>

<net id="390"><net_src comp="98" pin="0"/><net_sink comp="386" pin=0"/></net>

<net id="391"><net_src comp="14" pin="0"/><net_sink comp="386" pin=1"/></net>

<net id="396"><net_src comp="98" pin="0"/><net_sink comp="392" pin=0"/></net>

<net id="397"><net_src comp="12" pin="0"/><net_sink comp="392" pin=1"/></net>

<net id="402"><net_src comp="98" pin="0"/><net_sink comp="398" pin=0"/></net>

<net id="403"><net_src comp="10" pin="0"/><net_sink comp="398" pin=1"/></net>

<net id="408"><net_src comp="98" pin="0"/><net_sink comp="404" pin=0"/></net>

<net id="409"><net_src comp="8" pin="0"/><net_sink comp="404" pin=1"/></net>

<net id="414"><net_src comp="98" pin="0"/><net_sink comp="410" pin=0"/></net>

<net id="415"><net_src comp="6" pin="0"/><net_sink comp="410" pin=1"/></net>

<net id="420"><net_src comp="98" pin="0"/><net_sink comp="416" pin=0"/></net>

<net id="421"><net_src comp="4" pin="0"/><net_sink comp="416" pin=1"/></net>

<net id="426"><net_src comp="98" pin="0"/><net_sink comp="422" pin=0"/></net>

<net id="427"><net_src comp="2" pin="0"/><net_sink comp="422" pin=1"/></net>

<net id="432"><net_src comp="98" pin="0"/><net_sink comp="428" pin=0"/></net>

<net id="433"><net_src comp="0" pin="0"/><net_sink comp="428" pin=1"/></net>

<net id="438"><net_src comp="126" pin="0"/><net_sink comp="434" pin=0"/></net>

<net id="439"><net_src comp="46" pin="0"/><net_sink comp="434" pin=1"/></net>

<net id="445"><net_src comp="222" pin="0"/><net_sink comp="440" pin=0"/></net>

<net id="446"><net_src comp="48" pin="0"/><net_sink comp="440" pin=1"/></net>

<net id="452"><net_src comp="292" pin="1"/><net_sink comp="447" pin=0"/></net>

<net id="453"><net_src comp="112" pin="0"/><net_sink comp="447" pin=1"/></net>

<net id="463"><net_src comp="447" pin="3"/><net_sink comp="454" pin=2"/></net>

<net id="469"><net_src comp="288" pin="1"/><net_sink comp="464" pin=0"/></net>

<net id="470"><net_src comp="112" pin="0"/><net_sink comp="464" pin=1"/></net>

<net id="480"><net_src comp="464" pin="3"/><net_sink comp="471" pin=2"/></net>

<net id="481"><net_src comp="434" pin="2"/><net_sink comp="454" pin=1"/></net>

<net id="626"><net_src comp="620" pin="4"/><net_sink comp="617" pin=0"/></net>

<net id="636"><net_src comp="630" pin="4"/><net_sink comp="627" pin=0"/></net>

<net id="646"><net_src comp="640" pin="4"/><net_sink comp="637" pin=0"/></net>

<net id="666"><net_src comp="114" pin="0"/><net_sink comp="650" pin=0"/></net>

<net id="667"><net_src comp="114" pin="0"/><net_sink comp="650" pin=2"/></net>

<net id="668"><net_src comp="198" pin="0"/><net_sink comp="650" pin=4"/></net>

<net id="669"><net_src comp="114" pin="0"/><net_sink comp="650" pin=6"/></net>

<net id="670"><net_src comp="198" pin="0"/><net_sink comp="650" pin=8"/></net>

<net id="671"><net_src comp="198" pin="0"/><net_sink comp="650" pin=10"/></net>

<net id="672"><net_src comp="198" pin="0"/><net_sink comp="650" pin=12"/></net>

<net id="692"><net_src comp="114" pin="0"/><net_sink comp="676" pin=0"/></net>

<net id="693"><net_src comp="198" pin="0"/><net_sink comp="676" pin=2"/></net>

<net id="694"><net_src comp="114" pin="0"/><net_sink comp="676" pin=4"/></net>

<net id="695"><net_src comp="198" pin="0"/><net_sink comp="676" pin=6"/></net>

<net id="696"><net_src comp="114" pin="0"/><net_sink comp="676" pin=8"/></net>

<net id="697"><net_src comp="198" pin="0"/><net_sink comp="676" pin=10"/></net>

<net id="698"><net_src comp="198" pin="0"/><net_sink comp="676" pin=12"/></net>

<net id="718"><net_src comp="198" pin="0"/><net_sink comp="702" pin=0"/></net>

<net id="719"><net_src comp="114" pin="0"/><net_sink comp="702" pin=2"/></net>

<net id="720"><net_src comp="114" pin="0"/><net_sink comp="702" pin=4"/></net>

<net id="721"><net_src comp="198" pin="0"/><net_sink comp="702" pin=6"/></net>

<net id="722"><net_src comp="198" pin="0"/><net_sink comp="702" pin=8"/></net>

<net id="723"><net_src comp="114" pin="0"/><net_sink comp="702" pin=10"/></net>

<net id="724"><net_src comp="198" pin="0"/><net_sink comp="702" pin=12"/></net>

<net id="744"><net_src comp="198" pin="0"/><net_sink comp="728" pin=0"/></net>

<net id="745"><net_src comp="198" pin="0"/><net_sink comp="728" pin=2"/></net>

<net id="746"><net_src comp="198" pin="0"/><net_sink comp="728" pin=4"/></net>

<net id="747"><net_src comp="114" pin="0"/><net_sink comp="728" pin=6"/></net>

<net id="748"><net_src comp="114" pin="0"/><net_sink comp="728" pin=8"/></net>

<net id="749"><net_src comp="114" pin="0"/><net_sink comp="728" pin=10"/></net>

<net id="750"><net_src comp="198" pin="0"/><net_sink comp="728" pin=12"/></net>

<net id="772"><net_src comp="338" pin="2"/><net_sink comp="769" pin=0"/></net>

<net id="777"><net_src comp="769" pin="1"/><net_sink comp="773" pin=0"/></net>

<net id="778"><net_src comp="332" pin="2"/><net_sink comp="773" pin=1"/></net>

<net id="783"><net_src comp="326" pin="2"/><net_sink comp="779" pin=0"/></net>

<net id="784"><net_src comp="320" pin="2"/><net_sink comp="779" pin=1"/></net>

<net id="789"><net_src comp="326" pin="2"/><net_sink comp="785" pin=0"/></net>

<net id="790"><net_src comp="102" pin="0"/><net_sink comp="785" pin=1"/></net>

<net id="795"><net_src comp="374" pin="2"/><net_sink comp="791" pin=0"/></net>

<net id="800"><net_src comp="368" pin="2"/><net_sink comp="796" pin=0"/></net>

<net id="805"><net_src comp="362" pin="2"/><net_sink comp="801" pin=0"/></net>

<net id="810"><net_src comp="356" pin="2"/><net_sink comp="806" pin=0"/></net>

<net id="815"><net_src comp="350" pin="2"/><net_sink comp="811" pin=0"/></net>

<net id="820"><net_src comp="344" pin="2"/><net_sink comp="816" pin=0"/></net>

<net id="825"><net_src comp="428" pin="2"/><net_sink comp="821" pin=0"/></net>

<net id="830"><net_src comp="422" pin="2"/><net_sink comp="826" pin=0"/></net>

<net id="835"><net_src comp="416" pin="2"/><net_sink comp="831" pin=0"/></net>

<net id="840"><net_src comp="410" pin="2"/><net_sink comp="836" pin=0"/></net>

<net id="845"><net_src comp="404" pin="2"/><net_sink comp="841" pin=0"/></net>

<net id="850"><net_src comp="398" pin="2"/><net_sink comp="846" pin=0"/></net>

<net id="855"><net_src comp="392" pin="2"/><net_sink comp="851" pin=0"/></net>

<net id="860"><net_src comp="386" pin="2"/><net_sink comp="856" pin=0"/></net>

<net id="865"><net_src comp="380" pin="2"/><net_sink comp="861" pin=0"/></net>

<net id="870"><net_src comp="102" pin="0"/><net_sink comp="866" pin=0"/></net>

<net id="878"><net_src comp="871" pin="1"/><net_sink comp="874" pin=0"/></net>

<net id="879"><net_src comp="314" pin="2"/><net_sink comp="874" pin=1"/></net>

<net id="884"><net_src comp="871" pin="1"/><net_sink comp="880" pin=0"/></net>

<net id="885"><net_src comp="104" pin="0"/><net_sink comp="880" pin=1"/></net>

<net id="889"><net_src comp="871" pin="1"/><net_sink comp="886" pin=0"/></net>

<net id="893"><net_src comp="880" pin="2"/><net_sink comp="890" pin=0"/></net>

<net id="894"><net_src comp="890" pin="1"/><net_sink comp="447" pin=2"/></net>

<net id="895"><net_src comp="890" pin="1"/><net_sink comp="464" pin=2"/></net>

<net id="900"><net_src comp="871" pin="1"/><net_sink comp="896" pin=0"/></net>

<net id="901"><net_src comp="296" pin="2"/><net_sink comp="896" pin=1"/></net>

<net id="906"><net_src comp="871" pin="1"/><net_sink comp="902" pin=0"/></net>

<net id="907"><net_src comp="102" pin="0"/><net_sink comp="902" pin=1"/></net>

<net id="912"><net_src comp="308" pin="2"/><net_sink comp="908" pin=0"/></net>

<net id="913"><net_src comp="886" pin="1"/><net_sink comp="908" pin=1"/></net>

<net id="918"><net_src comp="908" pin="2"/><net_sink comp="914" pin=0"/></net>

<net id="919"><net_src comp="114" pin="0"/><net_sink comp="914" pin=1"/></net>

<net id="923"><net_src comp="914" pin="2"/><net_sink comp="920" pin=0"/></net>

<net id="928"><net_src comp="302" pin="2"/><net_sink comp="924" pin=0"/></net>

<net id="929"><net_src comp="920" pin="1"/><net_sink comp="924" pin=1"/></net>

<net id="934"><net_src comp="871" pin="1"/><net_sink comp="930" pin=0"/></net>

<net id="935"><net_src comp="102" pin="0"/><net_sink comp="930" pin=1"/></net>

<net id="940"><net_src comp="785" pin="2"/><net_sink comp="936" pin=0"/></net>

<net id="941"><net_src comp="930" pin="2"/><net_sink comp="936" pin=1"/></net>

<net id="946"><net_src comp="880" pin="2"/><net_sink comp="942" pin=0"/></net>

<net id="950"><net_src comp="947" pin="1"/><net_sink comp="611" pin=2"/></net>

<net id="954"><net_src comp="951" pin="1"/><net_sink comp="602" pin=2"/></net>

<net id="958"><net_src comp="955" pin="1"/><net_sink comp="593" pin=2"/></net>

<net id="971"><net_src comp="968" pin="1"/><net_sink comp="557" pin=2"/></net>

<net id="975"><net_src comp="972" pin="1"/><net_sink comp="548" pin=2"/></net>

<net id="979"><net_src comp="976" pin="1"/><net_sink comp="539" pin=2"/></net>

<net id="983"><net_src comp="980" pin="1"/><net_sink comp="584" pin=2"/></net>

<net id="987"><net_src comp="984" pin="1"/><net_sink comp="575" pin=2"/></net>

<net id="991"><net_src comp="988" pin="1"/><net_sink comp="566" pin=2"/></net>

<net id="995"><net_src comp="992" pin="1"/><net_sink comp="530" pin=2"/></net>

<net id="999"><net_src comp="996" pin="1"/><net_sink comp="521" pin=2"/></net>

<net id="1003"><net_src comp="1000" pin="1"/><net_sink comp="512" pin=2"/></net>

<net id="1007"><net_src comp="454" pin="7"/><net_sink comp="1004" pin=0"/></net>

<net id="1008"><net_src comp="1004" pin="1"/><net_sink comp="503" pin=2"/></net>

<net id="1014"><net_src comp="120" pin="0"/><net_sink comp="1009" pin=0"/></net>

<net id="1015"><net_src comp="454" pin="7"/><net_sink comp="1009" pin=1"/></net>

<net id="1016"><net_src comp="122" pin="0"/><net_sink comp="1009" pin=2"/></net>

<net id="1017"><net_src comp="1009" pin="3"/><net_sink comp="494" pin=2"/></net>

<net id="1023"><net_src comp="120" pin="0"/><net_sink comp="1018" pin=0"/></net>

<net id="1024"><net_src comp="454" pin="7"/><net_sink comp="1018" pin=1"/></net>

<net id="1025"><net_src comp="124" pin="0"/><net_sink comp="1018" pin=2"/></net>

<net id="1026"><net_src comp="1018" pin="3"/><net_sink comp="485" pin=2"/></net>

<net id="1030"><net_src comp="471" pin="7"/><net_sink comp="1027" pin=0"/></net>

<net id="1036"><net_src comp="120" pin="0"/><net_sink comp="1031" pin=0"/></net>

<net id="1037"><net_src comp="471" pin="7"/><net_sink comp="1031" pin=1"/></net>

<net id="1038"><net_src comp="122" pin="0"/><net_sink comp="1031" pin=2"/></net>

<net id="1044"><net_src comp="120" pin="0"/><net_sink comp="1039" pin=0"/></net>

<net id="1045"><net_src comp="471" pin="7"/><net_sink comp="1039" pin=1"/></net>

<net id="1046"><net_src comp="124" pin="0"/><net_sink comp="1039" pin=2"/></net>

<net id="1050"><net_src comp="434" pin="2"/><net_sink comp="1047" pin=0"/></net>

<net id="1051"><net_src comp="1047" pin="1"/><net_sink comp="503" pin=0"/></net>

<net id="1058"><net_src comp="128" pin="0"/><net_sink comp="1052" pin=0"/></net>

<net id="1059"><net_src comp="434" pin="2"/><net_sink comp="1052" pin=1"/></net>

<net id="1060"><net_src comp="122" pin="0"/><net_sink comp="1052" pin=2"/></net>

<net id="1061"><net_src comp="130" pin="0"/><net_sink comp="1052" pin=3"/></net>

<net id="1062"><net_src comp="1052" pin="4"/><net_sink comp="494" pin=0"/></net>

<net id="1069"><net_src comp="128" pin="0"/><net_sink comp="1063" pin=0"/></net>

<net id="1070"><net_src comp="434" pin="2"/><net_sink comp="1063" pin=1"/></net>

<net id="1071"><net_src comp="124" pin="0"/><net_sink comp="1063" pin=2"/></net>

<net id="1072"><net_src comp="132" pin="0"/><net_sink comp="1063" pin=3"/></net>

<net id="1073"><net_src comp="1063" pin="4"/><net_sink comp="485" pin=0"/></net>

<net id="1079"><net_src comp="1004" pin="1"/><net_sink comp="1074" pin=1"/></net>

<net id="1080"><net_src comp="959" pin="1"/><net_sink comp="1074" pin=2"/></net>

<net id="1086"><net_src comp="1009" pin="3"/><net_sink comp="1081" pin=1"/></net>

<net id="1087"><net_src comp="962" pin="1"/><net_sink comp="1081" pin=2"/></net>

<net id="1093"><net_src comp="1018" pin="3"/><net_sink comp="1088" pin=1"/></net>

<net id="1094"><net_src comp="965" pin="1"/><net_sink comp="1088" pin=2"/></net>

<net id="1100"><net_src comp="1039" pin="3"/><net_sink comp="1095" pin=1"/></net>

<net id="1101"><net_src comp="988" pin="1"/><net_sink comp="1095" pin=2"/></net>

<net id="1102"><net_src comp="1095" pin="3"/><net_sink comp="566" pin=0"/></net>

<net id="1108"><net_src comp="1031" pin="3"/><net_sink comp="1103" pin=1"/></net>

<net id="1109"><net_src comp="984" pin="1"/><net_sink comp="1103" pin=2"/></net>

<net id="1110"><net_src comp="1103" pin="3"/><net_sink comp="575" pin=0"/></net>

<net id="1116"><net_src comp="1027" pin="1"/><net_sink comp="1111" pin=1"/></net>

<net id="1117"><net_src comp="980" pin="1"/><net_sink comp="1111" pin=2"/></net>

<net id="1118"><net_src comp="1111" pin="3"/><net_sink comp="584" pin=0"/></net>

<net id="1124"><net_src comp="1039" pin="3"/><net_sink comp="1119" pin=1"/></net>

<net id="1125"><net_src comp="955" pin="1"/><net_sink comp="1119" pin=2"/></net>

<net id="1126"><net_src comp="1119" pin="3"/><net_sink comp="593" pin=0"/></net>

<net id="1132"><net_src comp="1031" pin="3"/><net_sink comp="1127" pin=1"/></net>

<net id="1133"><net_src comp="951" pin="1"/><net_sink comp="1127" pin=2"/></net>

<net id="1134"><net_src comp="1127" pin="3"/><net_sink comp="602" pin=0"/></net>

<net id="1140"><net_src comp="1027" pin="1"/><net_sink comp="1135" pin=1"/></net>

<net id="1141"><net_src comp="947" pin="1"/><net_sink comp="1135" pin=2"/></net>

<net id="1142"><net_src comp="1135" pin="3"/><net_sink comp="611" pin=0"/></net>

<net id="1148"><net_src comp="485" pin="4"/><net_sink comp="1143" pin=1"/></net>

<net id="1149"><net_src comp="1000" pin="1"/><net_sink comp="1143" pin=2"/></net>

<net id="1150"><net_src comp="1143" pin="3"/><net_sink comp="512" pin=0"/></net>

<net id="1156"><net_src comp="494" pin="4"/><net_sink comp="1151" pin=1"/></net>

<net id="1157"><net_src comp="996" pin="1"/><net_sink comp="1151" pin=2"/></net>

<net id="1158"><net_src comp="1151" pin="3"/><net_sink comp="521" pin=0"/></net>

<net id="1164"><net_src comp="503" pin="4"/><net_sink comp="1159" pin=1"/></net>

<net id="1165"><net_src comp="992" pin="1"/><net_sink comp="1159" pin=2"/></net>

<net id="1166"><net_src comp="1159" pin="3"/><net_sink comp="530" pin=0"/></net>

<net id="1172"><net_src comp="485" pin="4"/><net_sink comp="1167" pin=1"/></net>

<net id="1173"><net_src comp="976" pin="1"/><net_sink comp="1167" pin=2"/></net>

<net id="1174"><net_src comp="1167" pin="3"/><net_sink comp="539" pin=0"/></net>

<net id="1180"><net_src comp="494" pin="4"/><net_sink comp="1175" pin=1"/></net>

<net id="1181"><net_src comp="972" pin="1"/><net_sink comp="1175" pin=2"/></net>

<net id="1182"><net_src comp="1175" pin="3"/><net_sink comp="548" pin=0"/></net>

<net id="1188"><net_src comp="503" pin="4"/><net_sink comp="1183" pin=1"/></net>

<net id="1189"><net_src comp="968" pin="1"/><net_sink comp="1183" pin=2"/></net>

<net id="1190"><net_src comp="1183" pin="3"/><net_sink comp="557" pin=0"/></net>

<net id="1196"><net_src comp="1004" pin="1"/><net_sink comp="1191" pin=1"/></net>

<net id="1197"><net_src comp="503" pin="4"/><net_sink comp="1191" pin=2"/></net>

<net id="1203"><net_src comp="1009" pin="3"/><net_sink comp="1198" pin=1"/></net>

<net id="1204"><net_src comp="494" pin="4"/><net_sink comp="1198" pin=2"/></net>

<net id="1210"><net_src comp="1018" pin="3"/><net_sink comp="1205" pin=1"/></net>

<net id="1211"><net_src comp="485" pin="4"/><net_sink comp="1205" pin=2"/></net>

<net id="1218"><net_src comp="134" pin="0"/><net_sink comp="1212" pin=0"/></net>

<net id="1219"><net_src comp="1205" pin="3"/><net_sink comp="1212" pin=1"/></net>

<net id="1220"><net_src comp="1198" pin="3"/><net_sink comp="1212" pin=2"/></net>

<net id="1221"><net_src comp="1191" pin="3"/><net_sink comp="1212" pin=3"/></net>

<net id="1222"><net_src comp="1212" pin="4"/><net_sink comp="471" pin=1"/></net>

<net id="1227"><net_src comp="485" pin="4"/><net_sink comp="1223" pin=0"/></net>

<net id="1232"><net_src comp="494" pin="4"/><net_sink comp="1228" pin=0"/></net>

<net id="1237"><net_src comp="503" pin="4"/><net_sink comp="1233" pin=0"/></net>

<net id="1242"><net_src comp="1018" pin="3"/><net_sink comp="1238" pin=0"/></net>

<net id="1247"><net_src comp="1009" pin="3"/><net_sink comp="1243" pin=0"/></net>

<net id="1252"><net_src comp="1004" pin="1"/><net_sink comp="1248" pin=0"/></net>

<net id="1257"><net_src comp="1039" pin="3"/><net_sink comp="1253" pin=0"/></net>

<net id="1262"><net_src comp="1031" pin="3"/><net_sink comp="1258" pin=0"/></net>

<net id="1267"><net_src comp="1027" pin="1"/><net_sink comp="1263" pin=0"/></net>

<net id="1271"><net_src comp="575" pin="4"/><net_sink comp="1268" pin=0"/></net>

<net id="1275"><net_src comp="521" pin="4"/><net_sink comp="1272" pin=0"/></net>

<net id="1281"><net_src comp="566" pin="4"/><net_sink comp="1276" pin=1"/></net>

<net id="1282"><net_src comp="584" pin="4"/><net_sink comp="1276" pin=2"/></net>

<net id="1286"><net_src comp="1276" pin="3"/><net_sink comp="1283" pin=0"/></net>

<net id="1291"><net_src comp="1268" pin="1"/><net_sink comp="1287" pin=0"/></net>

<net id="1292"><net_src comp="1283" pin="1"/><net_sink comp="1287" pin=1"/></net>

<net id="1298"><net_src comp="512" pin="4"/><net_sink comp="1293" pin=1"/></net>

<net id="1299"><net_src comp="530" pin="4"/><net_sink comp="1293" pin=2"/></net>

<net id="1303"><net_src comp="1293" pin="3"/><net_sink comp="1300" pin=0"/></net>

<net id="1308"><net_src comp="1272" pin="1"/><net_sink comp="1304" pin=0"/></net>

<net id="1309"><net_src comp="1300" pin="1"/><net_sink comp="1304" pin=1"/></net>

<net id="1314"><net_src comp="539" pin="4"/><net_sink comp="1310" pin=0"/></net>

<net id="1319"><net_src comp="548" pin="4"/><net_sink comp="1315" pin=0"/></net>

<net id="1324"><net_src comp="557" pin="4"/><net_sink comp="1320" pin=0"/></net>

<net id="1329"><net_src comp="593" pin="4"/><net_sink comp="1325" pin=0"/></net>

<net id="1334"><net_src comp="602" pin="4"/><net_sink comp="1330" pin=0"/></net>

<net id="1339"><net_src comp="611" pin="4"/><net_sink comp="1335" pin=0"/></net>

<net id="1349"><net_src comp="630" pin="4"/><net_sink comp="1346" pin=0"/></net>

<net id="1354"><net_src comp="1346" pin="1"/><net_sink comp="1350" pin=0"/></net>

<net id="1358"><net_src comp="1350" pin="2"/><net_sink comp="1355" pin=0"/></net>

<net id="1364"><net_src comp="136" pin="0"/><net_sink comp="1359" pin=0"/></net>

<net id="1365"><net_src comp="1350" pin="2"/><net_sink comp="1359" pin=1"/></net>

<net id="1366"><net_src comp="122" pin="0"/><net_sink comp="1359" pin=2"/></net>

<net id="1371"><net_src comp="138" pin="0"/><net_sink comp="1367" pin=0"/></net>

<net id="1372"><net_src comp="1355" pin="1"/><net_sink comp="1367" pin=1"/></net>

<net id="1378"><net_src comp="1359" pin="3"/><net_sink comp="1373" pin=0"/></net>

<net id="1379"><net_src comp="1367" pin="2"/><net_sink comp="1373" pin=1"/></net>

<net id="1380"><net_src comp="1355" pin="1"/><net_sink comp="1373" pin=2"/></net>

<net id="1385"><net_src comp="1346" pin="1"/><net_sink comp="1381" pin=0"/></net>

<net id="1389"><net_src comp="1381" pin="2"/><net_sink comp="1386" pin=0"/></net>

<net id="1395"><net_src comp="136" pin="0"/><net_sink comp="1390" pin=0"/></net>

<net id="1396"><net_src comp="1381" pin="2"/><net_sink comp="1390" pin=1"/></net>

<net id="1397"><net_src comp="122" pin="0"/><net_sink comp="1390" pin=2"/></net>

<net id="1402"><net_src comp="138" pin="0"/><net_sink comp="1398" pin=0"/></net>

<net id="1403"><net_src comp="1386" pin="1"/><net_sink comp="1398" pin=1"/></net>

<net id="1409"><net_src comp="1390" pin="3"/><net_sink comp="1404" pin=0"/></net>

<net id="1410"><net_src comp="1398" pin="2"/><net_sink comp="1404" pin=1"/></net>

<net id="1411"><net_src comp="1386" pin="1"/><net_sink comp="1404" pin=2"/></net>

<net id="1415"><net_src comp="1340" pin="1"/><net_sink comp="1412" pin=0"/></net>

<net id="1420"><net_src comp="1346" pin="1"/><net_sink comp="1416" pin=0"/></net>

<net id="1421"><net_src comp="1412" pin="1"/><net_sink comp="1416" pin=1"/></net>

<net id="1425"><net_src comp="1416" pin="2"/><net_sink comp="1422" pin=0"/></net>

<net id="1431"><net_src comp="136" pin="0"/><net_sink comp="1426" pin=0"/></net>

<net id="1432"><net_src comp="1416" pin="2"/><net_sink comp="1426" pin=1"/></net>

<net id="1433"><net_src comp="122" pin="0"/><net_sink comp="1426" pin=2"/></net>

<net id="1438"><net_src comp="138" pin="0"/><net_sink comp="1434" pin=0"/></net>

<net id="1439"><net_src comp="1422" pin="1"/><net_sink comp="1434" pin=1"/></net>

<net id="1445"><net_src comp="1426" pin="3"/><net_sink comp="1440" pin=0"/></net>

<net id="1446"><net_src comp="1434" pin="2"/><net_sink comp="1440" pin=1"/></net>

<net id="1447"><net_src comp="1422" pin="1"/><net_sink comp="1440" pin=2"/></net>

<net id="1451"><net_src comp="1343" pin="1"/><net_sink comp="1448" pin=0"/></net>

<net id="1456"><net_src comp="1346" pin="1"/><net_sink comp="1452" pin=0"/></net>

<net id="1457"><net_src comp="1448" pin="1"/><net_sink comp="1452" pin=1"/></net>

<net id="1461"><net_src comp="1452" pin="2"/><net_sink comp="1458" pin=0"/></net>

<net id="1467"><net_src comp="136" pin="0"/><net_sink comp="1462" pin=0"/></net>

<net id="1468"><net_src comp="1452" pin="2"/><net_sink comp="1462" pin=1"/></net>

<net id="1469"><net_src comp="122" pin="0"/><net_sink comp="1462" pin=2"/></net>

<net id="1474"><net_src comp="138" pin="0"/><net_sink comp="1470" pin=0"/></net>

<net id="1475"><net_src comp="1458" pin="1"/><net_sink comp="1470" pin=1"/></net>

<net id="1481"><net_src comp="1462" pin="3"/><net_sink comp="1476" pin=0"/></net>

<net id="1482"><net_src comp="1470" pin="2"/><net_sink comp="1476" pin=1"/></net>

<net id="1483"><net_src comp="1458" pin="1"/><net_sink comp="1476" pin=2"/></net>

<net id="1488"><net_src comp="1373" pin="3"/><net_sink comp="1484" pin=0"/></net>

<net id="1489"><net_src comp="1404" pin="3"/><net_sink comp="1484" pin=1"/></net>

<net id="1493"><net_src comp="1484" pin="2"/><net_sink comp="1490" pin=0"/></net>

<net id="1498"><net_src comp="1373" pin="3"/><net_sink comp="1494" pin=0"/></net>

<net id="1499"><net_src comp="1440" pin="3"/><net_sink comp="1494" pin=1"/></net>

<net id="1505"><net_src comp="140" pin="0"/><net_sink comp="1500" pin=0"/></net>

<net id="1506"><net_src comp="114" pin="0"/><net_sink comp="1500" pin=1"/></net>

<net id="1507"><net_src comp="1484" pin="2"/><net_sink comp="1500" pin=2"/></net>

<net id="1513"><net_src comp="1494" pin="2"/><net_sink comp="1508" pin=0"/></net>

<net id="1514"><net_src comp="1500" pin="3"/><net_sink comp="1508" pin=1"/></net>

<net id="1515"><net_src comp="1490" pin="1"/><net_sink comp="1508" pin=2"/></net>

<net id="1519"><net_src comp="1508" pin="3"/><net_sink comp="1516" pin=0"/></net>

<net id="1524"><net_src comp="1373" pin="3"/><net_sink comp="1520" pin=0"/></net>

<net id="1525"><net_src comp="1476" pin="3"/><net_sink comp="1520" pin=1"/></net>

<net id="1531"><net_src comp="142" pin="0"/><net_sink comp="1526" pin=0"/></net>

<net id="1532"><net_src comp="114" pin="0"/><net_sink comp="1526" pin=1"/></net>

<net id="1533"><net_src comp="1508" pin="3"/><net_sink comp="1526" pin=2"/></net>

<net id="1539"><net_src comp="1520" pin="2"/><net_sink comp="1534" pin=0"/></net>

<net id="1540"><net_src comp="1526" pin="3"/><net_sink comp="1534" pin=1"/></net>

<net id="1541"><net_src comp="1516" pin="1"/><net_sink comp="1534" pin=2"/></net>

<net id="1545"><net_src comp="1534" pin="3"/><net_sink comp="1542" pin=0"/></net>

<net id="1550"><net_src comp="1404" pin="3"/><net_sink comp="1546" pin=0"/></net>

<net id="1551"><net_src comp="1440" pin="3"/><net_sink comp="1546" pin=1"/></net>

<net id="1557"><net_src comp="144" pin="0"/><net_sink comp="1552" pin=0"/></net>

<net id="1558"><net_src comp="114" pin="0"/><net_sink comp="1552" pin=1"/></net>

<net id="1559"><net_src comp="1534" pin="3"/><net_sink comp="1552" pin=2"/></net>

<net id="1565"><net_src comp="1546" pin="2"/><net_sink comp="1560" pin=0"/></net>

<net id="1566"><net_src comp="1552" pin="3"/><net_sink comp="1560" pin=1"/></net>

<net id="1567"><net_src comp="1542" pin="1"/><net_sink comp="1560" pin=2"/></net>

<net id="1571"><net_src comp="1560" pin="3"/><net_sink comp="1568" pin=0"/></net>

<net id="1576"><net_src comp="1404" pin="3"/><net_sink comp="1572" pin=0"/></net>

<net id="1577"><net_src comp="1476" pin="3"/><net_sink comp="1572" pin=1"/></net>

<net id="1583"><net_src comp="146" pin="0"/><net_sink comp="1578" pin=0"/></net>

<net id="1584"><net_src comp="114" pin="0"/><net_sink comp="1578" pin=1"/></net>

<net id="1585"><net_src comp="1560" pin="3"/><net_sink comp="1578" pin=2"/></net>

<net id="1591"><net_src comp="1572" pin="2"/><net_sink comp="1586" pin=0"/></net>

<net id="1592"><net_src comp="1578" pin="3"/><net_sink comp="1586" pin=1"/></net>

<net id="1593"><net_src comp="1568" pin="1"/><net_sink comp="1586" pin=2"/></net>

<net id="1598"><net_src comp="1440" pin="3"/><net_sink comp="1594" pin=0"/></net>

<net id="1599"><net_src comp="1476" pin="3"/><net_sink comp="1594" pin=1"/></net>

<net id="1617"><net_src comp="1603" pin="1"/><net_sink comp="1612" pin=1"/></net>

<net id="1618"><net_src comp="1600" pin="1"/><net_sink comp="1612" pin=2"/></net>

<net id="1622"><net_src comp="1612" pin="3"/><net_sink comp="1619" pin=0"/></net>

<net id="1627"><net_src comp="1412" pin="1"/><net_sink comp="1623" pin=0"/></net>

<net id="1628"><net_src comp="1619" pin="1"/><net_sink comp="1623" pin=1"/></net>

<net id="1634"><net_src comp="1609" pin="1"/><net_sink comp="1629" pin=1"/></net>

<net id="1635"><net_src comp="1606" pin="1"/><net_sink comp="1629" pin=2"/></net>

<net id="1639"><net_src comp="1629" pin="3"/><net_sink comp="1636" pin=0"/></net>

<net id="1644"><net_src comp="1448" pin="1"/><net_sink comp="1640" pin=0"/></net>

<net id="1645"><net_src comp="1636" pin="1"/><net_sink comp="1640" pin=1"/></net>

<net id="1654"><net_src comp="148" pin="0"/><net_sink comp="1649" pin=0"/></net>

<net id="1655"><net_src comp="114" pin="0"/><net_sink comp="1649" pin=1"/></net>

<net id="1661"><net_src comp="1649" pin="3"/><net_sink comp="1656" pin=1"/></net>

<net id="1662"><net_src comp="1646" pin="1"/><net_sink comp="1656" pin=2"/></net>

<net id="1690"><net_src comp="1656" pin="3"/><net_sink comp="1663" pin=0"/></net>

<net id="1691"><net_src comp="150" pin="0"/><net_sink comp="1663" pin=1"/></net>

<net id="1692"><net_src comp="152" pin="0"/><net_sink comp="1663" pin=2"/></net>

<net id="1693"><net_src comp="154" pin="0"/><net_sink comp="1663" pin=3"/></net>

<net id="1694"><net_src comp="156" pin="0"/><net_sink comp="1663" pin=4"/></net>

<net id="1695"><net_src comp="158" pin="0"/><net_sink comp="1663" pin=5"/></net>

<net id="1696"><net_src comp="160" pin="0"/><net_sink comp="1663" pin=6"/></net>

<net id="1697"><net_src comp="162" pin="0"/><net_sink comp="1663" pin=7"/></net>

<net id="1698"><net_src comp="164" pin="0"/><net_sink comp="1663" pin=8"/></net>

<net id="1699"><net_src comp="166" pin="0"/><net_sink comp="1663" pin=9"/></net>

<net id="1700"><net_src comp="168" pin="0"/><net_sink comp="1663" pin=10"/></net>

<net id="1701"><net_src comp="170" pin="0"/><net_sink comp="1663" pin=11"/></net>

<net id="1702"><net_src comp="172" pin="0"/><net_sink comp="1663" pin=12"/></net>

<net id="1703"><net_src comp="174" pin="0"/><net_sink comp="1663" pin=13"/></net>

<net id="1704"><net_src comp="176" pin="0"/><net_sink comp="1663" pin=14"/></net>

<net id="1705"><net_src comp="178" pin="0"/><net_sink comp="1663" pin=15"/></net>

<net id="1706"><net_src comp="180" pin="0"/><net_sink comp="1663" pin=16"/></net>

<net id="1707"><net_src comp="182" pin="0"/><net_sink comp="1663" pin=17"/></net>

<net id="1708"><net_src comp="184" pin="0"/><net_sink comp="1663" pin=18"/></net>

<net id="1709"><net_src comp="186" pin="0"/><net_sink comp="1663" pin=19"/></net>

<net id="1710"><net_src comp="188" pin="0"/><net_sink comp="1663" pin=20"/></net>

<net id="1711"><net_src comp="190" pin="0"/><net_sink comp="1663" pin=21"/></net>

<net id="1712"><net_src comp="192" pin="0"/><net_sink comp="1663" pin=22"/></net>

<net id="1713"><net_src comp="194" pin="0"/><net_sink comp="1663" pin=23"/></net>

<net id="1714"><net_src comp="196" pin="0"/><net_sink comp="1663" pin=24"/></net>

<net id="1715"><net_src comp="1663" pin="25"/><net_sink comp="650" pin=13"/></net>

<net id="1716"><net_src comp="1663" pin="25"/><net_sink comp="676" pin=13"/></net>

<net id="1717"><net_src comp="1663" pin="25"/><net_sink comp="702" pin=13"/></net>

<net id="1718"><net_src comp="1663" pin="25"/><net_sink comp="728" pin=13"/></net>

<net id="1724"><net_src comp="728" pin="14"/><net_sink comp="1719" pin=0"/></net>

<net id="1725"><net_src comp="200" pin="0"/><net_sink comp="1719" pin=1"/></net>

<net id="1726"><net_src comp="202" pin="0"/><net_sink comp="1719" pin=2"/></net>

<net id="1731"><net_src comp="1719" pin="3"/><net_sink comp="1727" pin=1"/></net>

<net id="1735"><net_src comp="1727" pin="2"/><net_sink comp="1732" pin=0"/></net>

<net id="1741"><net_src comp="702" pin="14"/><net_sink comp="1736" pin=0"/></net>

<net id="1742"><net_src comp="200" pin="0"/><net_sink comp="1736" pin=1"/></net>

<net id="1743"><net_src comp="202" pin="0"/><net_sink comp="1736" pin=2"/></net>

<net id="1748"><net_src comp="1736" pin="3"/><net_sink comp="1744" pin=1"/></net>

<net id="1752"><net_src comp="1744" pin="2"/><net_sink comp="1749" pin=0"/></net>

<net id="1757"><net_src comp="1749" pin="1"/><net_sink comp="1753" pin=0"/></net>

<net id="1758"><net_src comp="1732" pin="1"/><net_sink comp="1753" pin=1"/></net>

<net id="1764"><net_src comp="676" pin="14"/><net_sink comp="1759" pin=0"/></net>

<net id="1765"><net_src comp="200" pin="0"/><net_sink comp="1759" pin=1"/></net>

<net id="1766"><net_src comp="202" pin="0"/><net_sink comp="1759" pin=2"/></net>

<net id="1771"><net_src comp="1759" pin="3"/><net_sink comp="1767" pin=1"/></net>

<net id="1775"><net_src comp="1753" pin="2"/><net_sink comp="1772" pin=0"/></net>

<net id="1779"><net_src comp="1767" pin="2"/><net_sink comp="1776" pin=0"/></net>

<net id="1785"><net_src comp="650" pin="14"/><net_sink comp="1780" pin=0"/></net>

<net id="1786"><net_src comp="200" pin="0"/><net_sink comp="1780" pin=1"/></net>

<net id="1787"><net_src comp="202" pin="0"/><net_sink comp="1780" pin=2"/></net>

<net id="1792"><net_src comp="1780" pin="3"/><net_sink comp="1788" pin=1"/></net>

<net id="1796"><net_src comp="1788" pin="2"/><net_sink comp="1793" pin=0"/></net>

<net id="1801"><net_src comp="1776" pin="1"/><net_sink comp="1797" pin=0"/></net>

<net id="1802"><net_src comp="1793" pin="1"/><net_sink comp="1797" pin=1"/></net>

<net id="1806"><net_src comp="1797" pin="2"/><net_sink comp="1803" pin=0"/></net>

<net id="1811"><net_src comp="1803" pin="1"/><net_sink comp="1807" pin=0"/></net>

<net id="1812"><net_src comp="1772" pin="1"/><net_sink comp="1807" pin=1"/></net>

<net id="1817"><net_src comp="102" pin="0"/><net_sink comp="1813" pin=0"/></net>

<net id="1818"><net_src comp="1807" pin="2"/><net_sink comp="1813" pin=1"/></net>

<net id="1825"><net_src comp="204" pin="0"/><net_sink comp="1819" pin=0"/></net>

<net id="1826"><net_src comp="1813" pin="2"/><net_sink comp="1819" pin=1"/></net>

<net id="1827"><net_src comp="80" pin="0"/><net_sink comp="1819" pin=2"/></net>

<net id="1828"><net_src comp="206" pin="0"/><net_sink comp="1819" pin=3"/></net>

<net id="1833"><net_src comp="208" pin="0"/><net_sink comp="1829" pin=0"/></net>

<net id="1834"><net_src comp="1819" pin="4"/><net_sink comp="1829" pin=1"/></net>

<net id="1838"><net_src comp="637" pin="1"/><net_sink comp="1835" pin=0"/></net>

<net id="1839"><net_src comp="1835" pin="1"/><net_sink comp="754" pin=2"/></net>

<net id="1843"><net_src comp="617" pin="1"/><net_sink comp="1840" pin=0"/></net>

<net id="1844"><net_src comp="1840" pin="1"/><net_sink comp="763" pin=2"/></net>

<net id="1850"><net_src comp="637" pin="1"/><net_sink comp="1845" pin=1"/></net>

<net id="1851"><net_src comp="617" pin="1"/><net_sink comp="1845" pin=2"/></net>

<net id="1855"><net_src comp="1845" pin="3"/><net_sink comp="1852" pin=0"/></net>

<net id="1861"><net_src comp="210" pin="0"/><net_sink comp="1856" pin=0"/></net>

<net id="1862"><net_src comp="206" pin="0"/><net_sink comp="1856" pin=2"/></net>

<net id="1869"><net_src comp="204" pin="0"/><net_sink comp="1863" pin=0"/></net>

<net id="1870"><net_src comp="80" pin="0"/><net_sink comp="1863" pin=2"/></net>

<net id="1871"><net_src comp="206" pin="0"/><net_sink comp="1863" pin=3"/></net>

<net id="1877"><net_src comp="1856" pin="3"/><net_sink comp="1872" pin=0"/></net>

<net id="1878"><net_src comp="1863" pin="4"/><net_sink comp="1872" pin=2"/></net>

<net id="1882"><net_src comp="627" pin="1"/><net_sink comp="1879" pin=0"/></net>

<net id="1887"><net_src comp="1879" pin="1"/><net_sink comp="1883" pin=0"/></net>

<net id="1888"><net_src comp="1872" pin="3"/><net_sink comp="1883" pin=1"/></net>

<net id="1894"><net_src comp="1852" pin="1"/><net_sink comp="1889" pin=1"/></net>

<net id="1895"><net_src comp="1883" pin="2"/><net_sink comp="1889" pin=2"/></net>

<net id="1896"><net_src comp="1889" pin="3"/><net_sink comp="754" pin=0"/></net>

<net id="1902"><net_src comp="1883" pin="2"/><net_sink comp="1897" pin=1"/></net>

<net id="1903"><net_src comp="1852" pin="1"/><net_sink comp="1897" pin=2"/></net>

<net id="1904"><net_src comp="1897" pin="3"/><net_sink comp="763" pin=0"/></net>

<net id="1910"><net_src comp="212" pin="0"/><net_sink comp="1905" pin=0"/></net>

<net id="1911"><net_src comp="754" pin="4"/><net_sink comp="1905" pin=1"/></net>

<net id="1912"><net_src comp="214" pin="0"/><net_sink comp="1905" pin=2"/></net>

<net id="1919"><net_src comp="216" pin="0"/><net_sink comp="1913" pin=0"/></net>

<net id="1920"><net_src comp="754" pin="4"/><net_sink comp="1913" pin=1"/></net>

<net id="1921"><net_src comp="122" pin="0"/><net_sink comp="1913" pin=2"/></net>

<net id="1922"><net_src comp="214" pin="0"/><net_sink comp="1913" pin=3"/></net>

<net id="1927"><net_src comp="1913" pin="4"/><net_sink comp="1923" pin=0"/></net>

<net id="1928"><net_src comp="218" pin="0"/><net_sink comp="1923" pin=1"/></net>

<net id="1932"><net_src comp="754" pin="4"/><net_sink comp="1929" pin=0"/></net>

<net id="1937"><net_src comp="1905" pin="3"/><net_sink comp="1933" pin=0"/></net>

<net id="1938"><net_src comp="114" pin="0"/><net_sink comp="1933" pin=1"/></net>

<net id="1944"><net_src comp="1933" pin="2"/><net_sink comp="1939" pin=0"/></net>

<net id="1945"><net_src comp="220" pin="0"/><net_sink comp="1939" pin=1"/></net>

<net id="1946"><net_src comp="138" pin="0"/><net_sink comp="1939" pin=2"/></net>

<net id="1951"><net_src comp="1905" pin="3"/><net_sink comp="1947" pin=0"/></net>

<net id="1952"><net_src comp="1923" pin="2"/><net_sink comp="1947" pin=1"/></net>

<net id="1958"><net_src comp="1947" pin="2"/><net_sink comp="1953" pin=0"/></net>

<net id="1959"><net_src comp="1939" pin="3"/><net_sink comp="1953" pin=1"/></net>

<net id="1960"><net_src comp="1929" pin="1"/><net_sink comp="1953" pin=2"/></net>

<net id="1966"><net_src comp="212" pin="0"/><net_sink comp="1961" pin=0"/></net>

<net id="1967"><net_src comp="763" pin="4"/><net_sink comp="1961" pin=1"/></net>

<net id="1968"><net_src comp="214" pin="0"/><net_sink comp="1961" pin=2"/></net>

<net id="1975"><net_src comp="216" pin="0"/><net_sink comp="1969" pin=0"/></net>

<net id="1976"><net_src comp="763" pin="4"/><net_sink comp="1969" pin=1"/></net>

<net id="1977"><net_src comp="122" pin="0"/><net_sink comp="1969" pin=2"/></net>

<net id="1978"><net_src comp="214" pin="0"/><net_sink comp="1969" pin=3"/></net>

<net id="1983"><net_src comp="1969" pin="4"/><net_sink comp="1979" pin=0"/></net>

<net id="1984"><net_src comp="218" pin="0"/><net_sink comp="1979" pin=1"/></net>

<net id="1988"><net_src comp="763" pin="4"/><net_sink comp="1985" pin=0"/></net>

<net id="1993"><net_src comp="1961" pin="3"/><net_sink comp="1989" pin=0"/></net>

<net id="1994"><net_src comp="114" pin="0"/><net_sink comp="1989" pin=1"/></net>

<net id="2000"><net_src comp="1989" pin="2"/><net_sink comp="1995" pin=0"/></net>

<net id="2001"><net_src comp="220" pin="0"/><net_sink comp="1995" pin=1"/></net>

<net id="2002"><net_src comp="138" pin="0"/><net_sink comp="1995" pin=2"/></net>

<net id="2007"><net_src comp="1961" pin="3"/><net_sink comp="2003" pin=0"/></net>

<net id="2008"><net_src comp="1979" pin="2"/><net_sink comp="2003" pin=1"/></net>

<net id="2014"><net_src comp="2003" pin="2"/><net_sink comp="2009" pin=0"/></net>

<net id="2015"><net_src comp="1995" pin="3"/><net_sink comp="2009" pin=1"/></net>

<net id="2016"><net_src comp="1985" pin="1"/><net_sink comp="2009" pin=2"/></net>

<net id="2023"><net_src comp="134" pin="0"/><net_sink comp="2017" pin=0"/></net>

<net id="2024"><net_src comp="2009" pin="3"/><net_sink comp="2017" pin=1"/></net>

<net id="2025"><net_src comp="627" pin="1"/><net_sink comp="2017" pin=2"/></net>

<net id="2026"><net_src comp="1953" pin="3"/><net_sink comp="2017" pin=3"/></net>

<net id="2027"><net_src comp="2017" pin="4"/><net_sink comp="440" pin=2"/></net>

<net id="2032"><net_src comp="50" pin="0"/><net_sink comp="2028" pin=1"/></net>

<net id="2037"><net_src comp="52" pin="0"/><net_sink comp="2033" pin=1"/></net>

<net id="2042"><net_src comp="54" pin="0"/><net_sink comp="2038" pin=1"/></net>

<net id="2047"><net_src comp="56" pin="0"/><net_sink comp="2043" pin=1"/></net>

<net id="2052"><net_src comp="58" pin="0"/><net_sink comp="2048" pin=1"/></net>

<net id="2057"><net_src comp="60" pin="0"/><net_sink comp="2053" pin=1"/></net>

<net id="2062"><net_src comp="62" pin="0"/><net_sink comp="2058" pin=1"/></net>

<net id="2067"><net_src comp="64" pin="0"/><net_sink comp="2063" pin=1"/></net>

<net id="2072"><net_src comp="66" pin="0"/><net_sink comp="2068" pin=1"/></net>

<net id="2077"><net_src comp="68" pin="0"/><net_sink comp="2073" pin=1"/></net>

<net id="2082"><net_src comp="70" pin="0"/><net_sink comp="2078" pin=1"/></net>

<net id="2087"><net_src comp="72" pin="0"/><net_sink comp="2083" pin=1"/></net>

<net id="2092"><net_src comp="74" pin="0"/><net_sink comp="2088" pin=1"/></net>

<net id="2097"><net_src comp="76" pin="0"/><net_sink comp="2093" pin=1"/></net>

<net id="2102"><net_src comp="78" pin="0"/><net_sink comp="2098" pin=1"/></net>

<net id="2106"><net_src comp="224" pin="1"/><net_sink comp="2103" pin=0"/></net>

<net id="2107"><net_src comp="2103" pin="1"/><net_sink comp="866" pin=1"/></net>

<net id="2108"><net_src comp="2103" pin="1"/><net_sink comp="871" pin=0"/></net>

<net id="2109"><net_src comp="2103" pin="1"/><net_sink comp="942" pin=1"/></net>

<net id="2113"><net_src comp="228" pin="1"/><net_sink comp="2110" pin=0"/></net>

<net id="2114"><net_src comp="2110" pin="1"/><net_sink comp="861" pin=1"/></net>

<net id="2115"><net_src comp="2110" pin="1"/><net_sink comp="947" pin=0"/></net>

<net id="2116"><net_src comp="2110" pin="1"/><net_sink comp="1263" pin=1"/></net>

<net id="2117"><net_src comp="2110" pin="1"/><net_sink comp="1600" pin=0"/></net>

<net id="2121"><net_src comp="232" pin="1"/><net_sink comp="2118" pin=0"/></net>

<net id="2122"><net_src comp="2118" pin="1"/><net_sink comp="856" pin=1"/></net>

<net id="2123"><net_src comp="2118" pin="1"/><net_sink comp="951" pin=0"/></net>

<net id="2124"><net_src comp="2118" pin="1"/><net_sink comp="1258" pin=1"/></net>

<net id="2125"><net_src comp="2118" pin="1"/><net_sink comp="1340" pin=0"/></net>

<net id="2129"><net_src comp="236" pin="1"/><net_sink comp="2126" pin=0"/></net>

<net id="2130"><net_src comp="2126" pin="1"/><net_sink comp="851" pin=1"/></net>

<net id="2131"><net_src comp="2126" pin="1"/><net_sink comp="955" pin=0"/></net>

<net id="2132"><net_src comp="2126" pin="1"/><net_sink comp="1253" pin=1"/></net>

<net id="2133"><net_src comp="2126" pin="1"/><net_sink comp="1603" pin=0"/></net>

<net id="2137"><net_src comp="240" pin="1"/><net_sink comp="2134" pin=0"/></net>

<net id="2138"><net_src comp="2134" pin="1"/><net_sink comp="846" pin=1"/></net>

<net id="2139"><net_src comp="2134" pin="1"/><net_sink comp="959" pin=0"/></net>

<net id="2140"><net_src comp="2134" pin="1"/><net_sink comp="1248" pin=1"/></net>

<net id="2144"><net_src comp="244" pin="1"/><net_sink comp="2141" pin=0"/></net>

<net id="2145"><net_src comp="2141" pin="1"/><net_sink comp="841" pin=1"/></net>

<net id="2146"><net_src comp="2141" pin="1"/><net_sink comp="962" pin=0"/></net>

<net id="2147"><net_src comp="2141" pin="1"/><net_sink comp="1243" pin=1"/></net>

<net id="2151"><net_src comp="248" pin="1"/><net_sink comp="2148" pin=0"/></net>

<net id="2152"><net_src comp="2148" pin="1"/><net_sink comp="836" pin=1"/></net>

<net id="2153"><net_src comp="2148" pin="1"/><net_sink comp="965" pin=0"/></net>

<net id="2154"><net_src comp="2148" pin="1"/><net_sink comp="1238" pin=1"/></net>

<net id="2158"><net_src comp="252" pin="1"/><net_sink comp="2155" pin=0"/></net>

<net id="2159"><net_src comp="2155" pin="1"/><net_sink comp="831" pin=1"/></net>

<net id="2160"><net_src comp="2155" pin="1"/><net_sink comp="968" pin=0"/></net>

<net id="2161"><net_src comp="2155" pin="1"/><net_sink comp="1233" pin=1"/></net>

<net id="2162"><net_src comp="2155" pin="1"/><net_sink comp="1606" pin=0"/></net>

<net id="2166"><net_src comp="256" pin="1"/><net_sink comp="2163" pin=0"/></net>

<net id="2167"><net_src comp="2163" pin="1"/><net_sink comp="826" pin=1"/></net>

<net id="2168"><net_src comp="2163" pin="1"/><net_sink comp="972" pin=0"/></net>

<net id="2169"><net_src comp="2163" pin="1"/><net_sink comp="1228" pin=1"/></net>

<net id="2170"><net_src comp="2163" pin="1"/><net_sink comp="1343" pin=0"/></net>

<net id="2174"><net_src comp="260" pin="1"/><net_sink comp="2171" pin=0"/></net>

<net id="2175"><net_src comp="2171" pin="1"/><net_sink comp="821" pin=1"/></net>

<net id="2176"><net_src comp="2171" pin="1"/><net_sink comp="976" pin=0"/></net>

<net id="2177"><net_src comp="2171" pin="1"/><net_sink comp="1223" pin=1"/></net>

<net id="2178"><net_src comp="2171" pin="1"/><net_sink comp="1609" pin=0"/></net>

<net id="2182"><net_src comp="264" pin="1"/><net_sink comp="2179" pin=0"/></net>

<net id="2183"><net_src comp="2179" pin="1"/><net_sink comp="816" pin=1"/></net>

<net id="2184"><net_src comp="2179" pin="1"/><net_sink comp="980" pin=0"/></net>

<net id="2185"><net_src comp="2179" pin="1"/><net_sink comp="1335" pin=1"/></net>

<net id="2189"><net_src comp="268" pin="1"/><net_sink comp="2186" pin=0"/></net>

<net id="2190"><net_src comp="2186" pin="1"/><net_sink comp="811" pin=1"/></net>

<net id="2191"><net_src comp="2186" pin="1"/><net_sink comp="984" pin=0"/></net>

<net id="2192"><net_src comp="2186" pin="1"/><net_sink comp="1330" pin=1"/></net>

<net id="2196"><net_src comp="272" pin="1"/><net_sink comp="2193" pin=0"/></net>

<net id="2197"><net_src comp="2193" pin="1"/><net_sink comp="806" pin=1"/></net>

<net id="2198"><net_src comp="2193" pin="1"/><net_sink comp="988" pin=0"/></net>

<net id="2199"><net_src comp="2193" pin="1"/><net_sink comp="1325" pin=1"/></net>

<net id="2203"><net_src comp="276" pin="1"/><net_sink comp="2200" pin=0"/></net>

<net id="2204"><net_src comp="2200" pin="1"/><net_sink comp="801" pin=1"/></net>

<net id="2205"><net_src comp="2200" pin="1"/><net_sink comp="992" pin=0"/></net>

<net id="2206"><net_src comp="2200" pin="1"/><net_sink comp="1320" pin=1"/></net>

<net id="2210"><net_src comp="280" pin="1"/><net_sink comp="2207" pin=0"/></net>

<net id="2211"><net_src comp="2207" pin="1"/><net_sink comp="796" pin=1"/></net>

<net id="2212"><net_src comp="2207" pin="1"/><net_sink comp="996" pin=0"/></net>

<net id="2213"><net_src comp="2207" pin="1"/><net_sink comp="1315" pin=1"/></net>

<net id="2217"><net_src comp="284" pin="1"/><net_sink comp="2214" pin=0"/></net>

<net id="2218"><net_src comp="2214" pin="1"/><net_sink comp="791" pin=1"/></net>

<net id="2219"><net_src comp="2214" pin="1"/><net_sink comp="1000" pin=0"/></net>

<net id="2220"><net_src comp="2214" pin="1"/><net_sink comp="1310" pin=1"/></net>

<net id="2224"><net_src comp="773" pin="2"/><net_sink comp="2221" pin=0"/></net>

<net id="2225"><net_src comp="2221" pin="1"/><net_sink comp="1276" pin=0"/></net>

<net id="2226"><net_src comp="2221" pin="1"/><net_sink comp="1293" pin=0"/></net>

<net id="2227"><net_src comp="2221" pin="1"/><net_sink comp="1612" pin=0"/></net>

<net id="2228"><net_src comp="2221" pin="1"/><net_sink comp="1629" pin=0"/></net>

<net id="2229"><net_src comp="2221" pin="1"/><net_sink comp="1845" pin=0"/></net>

<net id="2230"><net_src comp="2221" pin="1"/><net_sink comp="1889" pin=0"/></net>

<net id="2231"><net_src comp="2221" pin="1"/><net_sink comp="1897" pin=0"/></net>

<net id="2235"><net_src comp="779" pin="2"/><net_sink comp="2232" pin=0"/></net>

<net id="2239"><net_src comp="785" pin="2"/><net_sink comp="2236" pin=0"/></net>

<net id="2240"><net_src comp="2236" pin="1"/><net_sink comp="1191" pin=0"/></net>

<net id="2241"><net_src comp="2236" pin="1"/><net_sink comp="1198" pin=0"/></net>

<net id="2242"><net_src comp="2236" pin="1"/><net_sink comp="1205" pin=0"/></net>

<net id="2246"><net_src comp="874" pin="2"/><net_sink comp="2243" pin=0"/></net>

<net id="2250"><net_src comp="896" pin="2"/><net_sink comp="2247" pin=0"/></net>

<net id="2254"><net_src comp="447" pin="3"/><net_sink comp="2251" pin=0"/></net>

<net id="2255"><net_src comp="2251" pin="1"/><net_sink comp="454" pin=2"/></net>

<net id="2256"><net_src comp="2251" pin="1"/><net_sink comp="454" pin=0"/></net>

<net id="2260"><net_src comp="464" pin="3"/><net_sink comp="2257" pin=0"/></net>

<net id="2261"><net_src comp="2257" pin="1"/><net_sink comp="471" pin=2"/></net>

<net id="2262"><net_src comp="2257" pin="1"/><net_sink comp="471" pin=0"/></net>

<net id="2266"><net_src comp="902" pin="2"/><net_sink comp="2263" pin=0"/></net>

<net id="2267"><net_src comp="2263" pin="1"/><net_sink comp="1074" pin=0"/></net>

<net id="2268"><net_src comp="2263" pin="1"/><net_sink comp="1081" pin=0"/></net>

<net id="2269"><net_src comp="2263" pin="1"/><net_sink comp="1088" pin=0"/></net>

<net id="2270"><net_src comp="2263" pin="1"/><net_sink comp="1095" pin=0"/></net>

<net id="2271"><net_src comp="2263" pin="1"/><net_sink comp="1103" pin=0"/></net>

<net id="2272"><net_src comp="2263" pin="1"/><net_sink comp="1111" pin=0"/></net>

<net id="2273"><net_src comp="2263" pin="1"/><net_sink comp="1119" pin=0"/></net>

<net id="2274"><net_src comp="2263" pin="1"/><net_sink comp="1127" pin=0"/></net>

<net id="2275"><net_src comp="2263" pin="1"/><net_sink comp="1135" pin=0"/></net>

<net id="2276"><net_src comp="2263" pin="1"/><net_sink comp="1143" pin=0"/></net>

<net id="2277"><net_src comp="2263" pin="1"/><net_sink comp="1151" pin=0"/></net>

<net id="2278"><net_src comp="2263" pin="1"/><net_sink comp="1159" pin=0"/></net>

<net id="2279"><net_src comp="2263" pin="1"/><net_sink comp="1167" pin=0"/></net>

<net id="2280"><net_src comp="2263" pin="1"/><net_sink comp="1175" pin=0"/></net>

<net id="2281"><net_src comp="2263" pin="1"/><net_sink comp="1183" pin=0"/></net>

<net id="2285"><net_src comp="924" pin="2"/><net_sink comp="2282" pin=0"/></net>

<net id="2289"><net_src comp="936" pin="2"/><net_sink comp="2286" pin=0"/></net>

<net id="2293"><net_src comp="947" pin="1"/><net_sink comp="2290" pin=0"/></net>

<net id="2294"><net_src comp="2290" pin="1"/><net_sink comp="2068" pin=0"/></net>

<net id="2298"><net_src comp="951" pin="1"/><net_sink comp="2295" pin=0"/></net>

<net id="2299"><net_src comp="2295" pin="1"/><net_sink comp="2063" pin=0"/></net>

<net id="2303"><net_src comp="955" pin="1"/><net_sink comp="2300" pin=0"/></net>

<net id="2304"><net_src comp="2300" pin="1"/><net_sink comp="2058" pin=0"/></net>

<net id="2308"><net_src comp="959" pin="1"/><net_sink comp="2305" pin=0"/></net>

<net id="2309"><net_src comp="2305" pin="1"/><net_sink comp="640" pin=2"/></net>

<net id="2310"><net_src comp="2305" pin="1"/><net_sink comp="2053" pin=0"/></net>

<net id="2314"><net_src comp="962" pin="1"/><net_sink comp="2311" pin=0"/></net>

<net id="2315"><net_src comp="2311" pin="1"/><net_sink comp="630" pin=2"/></net>

<net id="2316"><net_src comp="2311" pin="1"/><net_sink comp="2048" pin=0"/></net>

<net id="2320"><net_src comp="965" pin="1"/><net_sink comp="2317" pin=0"/></net>

<net id="2321"><net_src comp="2317" pin="1"/><net_sink comp="620" pin=2"/></net>

<net id="2322"><net_src comp="2317" pin="1"/><net_sink comp="2043" pin=0"/></net>

<net id="2326"><net_src comp="968" pin="1"/><net_sink comp="2323" pin=0"/></net>

<net id="2327"><net_src comp="2323" pin="1"/><net_sink comp="2038" pin=0"/></net>

<net id="2331"><net_src comp="972" pin="1"/><net_sink comp="2328" pin=0"/></net>

<net id="2332"><net_src comp="2328" pin="1"/><net_sink comp="2033" pin=0"/></net>

<net id="2336"><net_src comp="976" pin="1"/><net_sink comp="2333" pin=0"/></net>

<net id="2337"><net_src comp="2333" pin="1"/><net_sink comp="2028" pin=0"/></net>

<net id="2341"><net_src comp="980" pin="1"/><net_sink comp="2338" pin=0"/></net>

<net id="2342"><net_src comp="2338" pin="1"/><net_sink comp="2098" pin=0"/></net>

<net id="2346"><net_src comp="984" pin="1"/><net_sink comp="2343" pin=0"/></net>

<net id="2347"><net_src comp="2343" pin="1"/><net_sink comp="2093" pin=0"/></net>

<net id="2351"><net_src comp="988" pin="1"/><net_sink comp="2348" pin=0"/></net>

<net id="2352"><net_src comp="2348" pin="1"/><net_sink comp="2088" pin=0"/></net>

<net id="2356"><net_src comp="992" pin="1"/><net_sink comp="2353" pin=0"/></net>

<net id="2357"><net_src comp="2353" pin="1"/><net_sink comp="2083" pin=0"/></net>

<net id="2361"><net_src comp="996" pin="1"/><net_sink comp="2358" pin=0"/></net>

<net id="2362"><net_src comp="2358" pin="1"/><net_sink comp="2078" pin=0"/></net>

<net id="2366"><net_src comp="1000" pin="1"/><net_sink comp="2363" pin=0"/></net>

<net id="2367"><net_src comp="2363" pin="1"/><net_sink comp="2073" pin=0"/></net>

<net id="2371"><net_src comp="1074" pin="3"/><net_sink comp="2368" pin=0"/></net>

<net id="2372"><net_src comp="2368" pin="1"/><net_sink comp="640" pin=0"/></net>

<net id="2376"><net_src comp="1081" pin="3"/><net_sink comp="2373" pin=0"/></net>

<net id="2377"><net_src comp="2373" pin="1"/><net_sink comp="630" pin=0"/></net>

<net id="2381"><net_src comp="1088" pin="3"/><net_sink comp="2378" pin=0"/></net>

<net id="2382"><net_src comp="2378" pin="1"/><net_sink comp="620" pin=0"/></net>

<net id="2386"><net_src comp="1268" pin="1"/><net_sink comp="2383" pin=0"/></net>

<net id="2387"><net_src comp="2383" pin="1"/><net_sink comp="1350" pin=1"/></net>

<net id="2391"><net_src comp="1272" pin="1"/><net_sink comp="2388" pin=0"/></net>

<net id="2392"><net_src comp="2388" pin="1"/><net_sink comp="1381" pin=1"/></net>

<net id="2396"><net_src comp="1287" pin="2"/><net_sink comp="2393" pin=0"/></net>

<net id="2397"><net_src comp="2393" pin="1"/><net_sink comp="1727" pin=0"/></net>

<net id="2401"><net_src comp="1304" pin="2"/><net_sink comp="2398" pin=0"/></net>

<net id="2402"><net_src comp="2398" pin="1"/><net_sink comp="1744" pin=0"/></net>

<net id="2406"><net_src comp="1586" pin="3"/><net_sink comp="2403" pin=0"/></net>

<net id="2407"><net_src comp="2403" pin="1"/><net_sink comp="1646" pin=0"/></net>

<net id="2408"><net_src comp="2403" pin="1"/><net_sink comp="1649" pin=2"/></net>

<net id="2412"><net_src comp="1594" pin="2"/><net_sink comp="2409" pin=0"/></net>

<net id="2413"><net_src comp="2409" pin="1"/><net_sink comp="1656" pin=0"/></net>

<net id="2417"><net_src comp="1623" pin="2"/><net_sink comp="2414" pin=0"/></net>

<net id="2418"><net_src comp="2414" pin="1"/><net_sink comp="1767" pin=0"/></net>

<net id="2422"><net_src comp="1640" pin="2"/><net_sink comp="2419" pin=0"/></net>

<net id="2423"><net_src comp="2419" pin="1"/><net_sink comp="1788" pin=0"/></net>

<net id="2427"><net_src comp="1656" pin="3"/><net_sink comp="2424" pin=0"/></net>

<net id="2431"><net_src comp="1807" pin="2"/><net_sink comp="2428" pin=0"/></net>

<net id="2432"><net_src comp="2428" pin="1"/><net_sink comp="1856" pin=1"/></net>

<net id="2433"><net_src comp="2428" pin="1"/><net_sink comp="1863" pin=1"/></net>

<net id="2437"><net_src comp="1829" pin="2"/><net_sink comp="2434" pin=0"/></net>

<net id="2438"><net_src comp="2434" pin="1"/><net_sink comp="1872" pin=1"/></net>

</net_list>

</model> 
---------------- Datapath Model END ------------------

* FSMD analyzer results:
  - Output states:
	Port: imgG | {}
	Port: imgRB | {5 }
	Port: p_0_2_0_0_09091519_i_out | {4 }
	Port: p_0_1_0_0_09081517_i_out | {4 }
	Port: p_0_0_0_0_09071515_i_out | {4 }
	Port: p_0_0_0938_115011512_i_out | {4 }
	Port: p_0_0_0939_114991510_i_out | {4 }
	Port: p_0_0_0940_114971508_i_out | {4 }
	Port: p_0_2_0_0_09151507_i_out | {4 }
	Port: p_0_1_0_0_09141505_i_out | {4 }
	Port: p_0_0_0_0_09131503_i_out | {4 }
	Port: p_0_0_0938_21440_i_out | {4 }
	Port: p_0_0_0939_21437_i_out | {4 }
	Port: p_0_0_0940_21434_i_out | {4 }
	Port: p_0_0_09381410_i_out | {4 }
	Port: p_0_0_09391407_i_out | {4 }
	Port: p_0_0_09401404_i_out | {4 }
 - Input state : 
	Port: DebayerRatBorBatR_Pipeline_VITIS_LOOP_633_2 : p_0_2_0_0_09091518_lcssa1555_i | {1 }
	Port: DebayerRatBorBatR_Pipeline_VITIS_LOOP_633_2 : p_0_1_0_0_09081516_lcssa1553_i | {1 }
	Port: DebayerRatBorBatR_Pipeline_VITIS_LOOP_633_2 : p_0_0_0_0_09071514_lcssa1551_i | {1 }
	Port: DebayerRatBorBatR_Pipeline_VITIS_LOOP_633_2 : p_0_0_0938_115011513_lcssa1549_i | {1 }
	Port: DebayerRatBorBatR_Pipeline_VITIS_LOOP_633_2 : p_0_0_0939_114991511_lcssa1547_i | {1 }
	Port: DebayerRatBorBatR_Pipeline_VITIS_LOOP_633_2 : p_0_0_0940_114971509_lcssa1545_i | {1 }
	Port: DebayerRatBorBatR_Pipeline_VITIS_LOOP_633_2 : p_0_2_0_0_09151506_lcssa1543_i | {1 }
	Port: DebayerRatBorBatR_Pipeline_VITIS_LOOP_633_2 : p_0_1_0_0_09141504_lcssa1541_i | {1 }
	Port: DebayerRatBorBatR_Pipeline_VITIS_LOOP_633_2 : p_0_0_0_0_09131502_lcssa1539_i | {1 }
	Port: DebayerRatBorBatR_Pipeline_VITIS_LOOP_633_2 : p_0_0_0938_21441_lcssa1473_i | {1 }
	Port: DebayerRatBorBatR_Pipeline_VITIS_LOOP_633_2 : p_0_0_0939_21438_lcssa1471_i | {1 }
	Port: DebayerRatBorBatR_Pipeline_VITIS_LOOP_633_2 : p_0_0_0940_21435_lcssa1469_i | {1 }
	Port: DebayerRatBorBatR_Pipeline_VITIS_LOOP_633_2 : p_0_0_09381411_lcssa1461_i | {1 }
	Port: DebayerRatBorBatR_Pipeline_VITIS_LOOP_633_2 : p_0_0_09391408_lcssa1459_i | {1 }
	Port: DebayerRatBorBatR_Pipeline_VITIS_LOOP_633_2 : p_0_0_09401405_lcssa1457_i | {1 }
	Port: DebayerRatBorBatR_Pipeline_VITIS_LOOP_633_2 : xor_ln772 | {1 }
	Port: DebayerRatBorBatR_Pipeline_VITIS_LOOP_633_2 : trunc_ln | {1 }
	Port: DebayerRatBorBatR_Pipeline_VITIS_LOOP_633_2 : y | {1 }
	Port: DebayerRatBorBatR_Pipeline_VITIS_LOOP_633_2 : height_val4_load | {1 }
	Port: DebayerRatBorBatR_Pipeline_VITIS_LOOP_633_2 : loopWidth | {1 }
	Port: DebayerRatBorBatR_Pipeline_VITIS_LOOP_633_2 : empty | {1 }
	Port: DebayerRatBorBatR_Pipeline_VITIS_LOOP_633_2 : xor_ln772_1 | {1 }
	Port: DebayerRatBorBatR_Pipeline_VITIS_LOOP_633_2 : width_val8_load | {1 }
	Port: DebayerRatBorBatR_Pipeline_VITIS_LOOP_633_2 : imgG | {2 }
	Port: DebayerRatBorBatR_Pipeline_VITIS_LOOP_633_2 : imgRB | {}
  - Chain level:
	State 1
		red : 1
		store_ln603 : 1
		z : 1
		icmp_ln633 : 2
		x_5 : 2
		br_ln633 : 3
		trunc_ln633 : 2
		zext_ln633 : 3
		icmp_ln643 : 2
		br_ln643 : 3
		lineBuffer_addr : 4
		LineBufVal : 5
		lineBuffer_1_addr : 4
		LineBufVal_1 : 5
		br_ln664 : 1
		icmp_ln710 : 2
		xor_ln772_2 : 3
		xor_ln772_3 : 3
		zext_ln772_1 : 3
		icmp_ln772 : 4
		br_ln772 : 5
		icmp_ln833 : 2
		and_ln833 : 3
		br_ln833 : 3
		store_ln603 : 3
	State 2
		trunc_ln654 : 1
		tmp_4_i : 1
		tmp_5_i : 1
		trunc_ln654_1 : 1
		tmp_7_i : 1
		tmp_8_i : 1
		p_0_0_0938_21489_ph_i : 1
		p_0_0_0939_21487_ph_i : 1
		p_0_0_0940_21485_ph_i : 1
		select_ln710 : 2
		select_ln710_1 : 2
		select_ln710_2 : 2
		select_ln710_3 : 2
		select_ln710_4 : 2
		select_ln710_5 : 2
		select_ln710_6 : 2
		select_ln710_7 : 2
		select_ln710_8 : 2
		select_ln710_9 : 2
		select_ln710_10 : 2
		select_ln710_11 : 2
		select_ln710_12 : 2
		select_ln710_13 : 2
		select_ln710_14 : 2
		select_ln728 : 2
		select_ln728_1 : 2
		select_ln728_2 : 2
		LineBufVal_2 : 3
		store_ln740 : 4
		store_ln666 : 2
		store_ln666 : 2
		store_ln666 : 2
		store_ln654 : 2
		store_ln654 : 2
		store_ln654 : 2
		store_ln654 : 2
		store_ln654 : 2
		store_ln654 : 2
		downleft_2 : 3
		downleft_1 : 3
		downleft : 3
		p_0_0_0938_21441_i : 3
		p_0_0_0939_21438_i : 3
		p_0_0_0940_21435_i : 3
		upleft_2 : 3
		upleft_1 : 3
		upleft : 3
		p_0_0_09381411_i : 3
		p_0_0_09391408_i : 3
		p_0_0_09401405_i : 3
		zext_ln790_1 : 4
		zext_ln791 : 4
		select_ln817 : 4
		zext_ln817 : 5
		sub_ln817 : 6
		select_ln818 : 4
		zext_ln818 : 5
		sub_ln818 : 6
		store_ln710 : 4
		store_ln710 : 4
		store_ln710 : 4
		store_ln710 : 4
		store_ln710 : 4
		store_ln710 : 4
	State 3
		zext_ln790 : 1
		sub_ln790 : 2
		trunc_ln61 : 3
		tmp_1 : 3
		sub_ln61 : 4
		agdiff : 5
		sub_ln791 : 2
		trunc_ln61_1 : 3
		tmp_2 : 3
		sub_ln61_1 : 4
		agdiff_1 : 5
		zext_ln792 : 1
		sub_ln792 : 2
		trunc_ln61_2 : 3
		tmp_3 : 3
		sub_ln61_2 : 4
		agdiff_2 : 5
		zext_ln793 : 1
		sub_ln793 : 2
		trunc_ln61_3 : 3
		tmp_4 : 3
		sub_ln61_3 : 4
		agdiff_3 : 5
		enable : 6
		zext_ln769 : 7
		icmp_ln796 : 6
		or_ln : 7
		enable_1 : 8
		zext_ln769_1 : 9
		icmp_ln797 : 6
		enable_2 : 9
		enable_3 : 10
		zext_ln769_2 : 11
		icmp_ln798 : 6
		or_ln1 : 11
		enable_4 : 12
		zext_ln769_3 : 13
		icmp_ln799 : 6
		enable_5 : 13
		enable_6 : 14
		icmp_ln800 : 6
		select_ln819 : 1
		zext_ln819 : 2
		sub_ln819 : 3
		select_ln820 : 1
		zext_ln820 : 2
		sub_ln820 : 3
	State 4
		enable_7 : 1
		switch_ln802 : 2
		en_rgd_3 : 3
		en_rgd_2 : 3
		en_rgd_1 : 3
		en_rgd : 3
		select_ln817_1 : 4
		and_ln817 : 5
		sext_ln818 : 5
		select_ln818_1 : 4
		and_ln818 : 5
		sext_ln817 : 5
		add_ln817 : 6
		select_ln819_1 : 4
		and_ln819 : 5
		sext_ln818_1 : 7
		sext_ln820_1 : 5
		select_ln820_2 : 4
		and_ln820 : 5
		sext_ln820 : 5
		add_ln820_1 : 6
		sext_ln820_2 : 7
		add_ln820 : 8
		sub_ln820_1 : 9
		trunc_ln820_1 : 10
		sub_ln820_2 : 11
	State 5
		zext_ln788 : 1
		select_ln820_1 : 1
		CV : 2
		r : 3
		b : 3
		r_1 : 4
		b_1 : 4
		tmp_6 : 5
		tmp_7 : 5
		icmp_ln827 : 6
		trunc_ln827 : 5
		xor_ln827 : 6
		select_ln827_1 : 6
		or_ln827 : 7
		select_ln827 : 7
		tmp_8 : 5
		tmp_9 : 5
		icmp_ln829 : 6
		trunc_ln829 : 5
		xor_ln829 : 6
		select_ln829_1 : 6
		or_ln829 : 7
		select_ln829 : 7
		or_ln835_3_i : 8
		write_ln835 : 9


============================================================
+ Verbose Summary: Datapath Resource usage 
============================================================

* Functional unit list:
|----------|---------------------------------------------------|---------|---------|
| Operation|                  Functional Unit                  |    FF   |   LUT   |
|----------|---------------------------------------------------|---------|---------|
|          |                select_ln710_fu_1074               |    0    |    8    |
|          |               select_ln710_1_fu_1081              |    0    |    8    |
|          |               select_ln710_2_fu_1088              |    0    |    8    |
|          |               select_ln710_3_fu_1095              |    0    |    8    |
|          |               select_ln710_4_fu_1103              |    0    |    8    |
|          |               select_ln710_5_fu_1111              |    0    |    8    |
|          |               select_ln710_6_fu_1119              |    0    |    8    |
|          |               select_ln710_7_fu_1127              |    0    |    8    |
|          |               select_ln710_8_fu_1135              |    0    |    8    |
|          |               select_ln710_9_fu_1143              |    0    |    8    |
|          |              select_ln710_10_fu_1151              |    0    |    8    |
|          |              select_ln710_11_fu_1159              |    0    |    8    |
|          |              select_ln710_12_fu_1167              |    0    |    8    |
|          |              select_ln710_13_fu_1175              |    0    |    8    |
|          |              select_ln710_14_fu_1183              |    0    |    8    |
|          |                select_ln728_fu_1191               |    0    |    8    |
|          |               select_ln728_1_fu_1198              |    0    |    8    |
|          |               select_ln728_2_fu_1205              |    0    |    8    |
|          |                select_ln817_fu_1276               |    0    |    8    |
|          |                select_ln818_fu_1293               |    0    |    8    |
|          |                   agdiff_fu_1373                  |    0    |    8    |
|  select  |                  agdiff_1_fu_1404                 |    0    |    8    |
|          |                  agdiff_2_fu_1440                 |    0    |    8    |
|          |                  agdiff_3_fu_1476                 |    0    |    8    |
|          |                  enable_1_fu_1508                 |    0    |    2    |
|          |                  enable_3_fu_1534                 |    0    |    3    |
|          |                  enable_4_fu_1560                 |    0    |    4    |
|          |                  enable_6_fu_1586                 |    0    |    5    |
|          |                select_ln819_fu_1612               |    0    |    8    |
|          |                select_ln820_fu_1629               |    0    |    8    |
|          |                  enable_7_fu_1656                 |    0    |    6    |
|          |               select_ln817_1_fu_1719              |    0    |    9    |
|          |               select_ln818_1_fu_1736              |    0    |    9    |
|          |               select_ln819_1_fu_1759              |    0    |    9    |
|          |               select_ln820_2_fu_1780              |    0    |    9    |
|          |                     CH_fu_1845                    |    0    |    8    |
|          |               select_ln820_1_fu_1872              |    0    |    10   |
|          |                     r_fu_1889                     |    0    |    10   |
|          |                     b_fu_1897                     |    0    |    10   |
|          |               select_ln827_1_fu_1939              |    0    |    8    |
|          |                select_ln827_fu_1953               |    0    |    8    |
|          |               select_ln829_1_fu_1995              |    0    |    8    |
|          |                select_ln829_fu_2009               |    0    |    8    |
|----------|---------------------------------------------------|---------|---------|
|          |                     red_fu_773                    |    0    |    22   |
|          |                 icmp_ln664_fu_779                 |    0    |    18   |
|          |                 icmp_ln728_fu_785                 |    0    |    18   |
|          |                 icmp_ln633_fu_874                 |    0    |    18   |
|          |                 icmp_ln643_fu_896                 |    0    |    18   |
|          |                 icmp_ln710_fu_902                 |    0    |    18   |
|          |                 icmp_ln772_fu_924                 |    0    |    22   |
|   icmp   |                 icmp_ln833_fu_930                 |    0    |    18   |
|          |                   enable_fu_1484                  |    0    |    15   |
|          |                 icmp_ln796_fu_1494                |    0    |    15   |
|          |                 icmp_ln797_fu_1520                |    0    |    15   |
|          |                 icmp_ln798_fu_1546                |    0    |    15   |
|          |                 icmp_ln799_fu_1572                |    0    |    15   |
|          |                 icmp_ln800_fu_1594                |    0    |    15   |
|          |                 icmp_ln827_fu_1923                |    0    |    9    |
|          |                 icmp_ln829_fu_1979                |    0    |    9    |
|----------|---------------------------------------------------|---------|---------|
|          |                 sub_ln817_fu_1287                 |    0    |    15   |
|          |                 sub_ln818_fu_1304                 |    0    |    15   |
|          |                 sub_ln790_fu_1350                 |    0    |    15   |
|          |                  sub_ln61_fu_1367                 |    0    |    15   |
|          |                 sub_ln791_fu_1381                 |    0    |    15   |
|          |                 sub_ln61_1_fu_1398                |    0    |    15   |
|          |                 sub_ln792_fu_1416                 |    0    |    15   |
|    sub   |                 sub_ln61_2_fu_1434                |    0    |    15   |
|          |                 sub_ln793_fu_1452                 |    0    |    15   |
|          |                 sub_ln61_3_fu_1470                |    0    |    15   |
|          |                 sub_ln819_fu_1623                 |    0    |    15   |
|          |                 sub_ln820_fu_1640                 |    0    |    15   |
|          |                sub_ln820_1_fu_1813                |    0    |    18   |
|          |                sub_ln820_2_fu_1829                |    0    |    17   |
|          |                     CV_fu_1883                    |    0    |    17   |
|----------|---------------------------------------------------|---------|---------|
|          |                     x_5_fu_880                    |    0    |    18   |
|    add   |                 add_ln817_fu_1753                 |    0    |    16   |
|          |                add_ln820_1_fu_1797                |    0    |    16   |
|          |                 add_ln820_fu_1807                 |    0    |    17   |
|----------|---------------------------------------------------|---------|---------|
|          |                  and_ln833_fu_936                 |    0    |    2    |
|          |                 and_ln817_fu_1727                 |    0    |    9    |
|    and   |                 and_ln818_fu_1744                 |    0    |    9    |
|          |                 and_ln819_fu_1767                 |    0    |    9    |
|          |                 and_ln820_fu_1788                 |    0    |    9    |
|----------|---------------------------------------------------|---------|---------|
|          |                 xor_ln772_2_fu_908                |    0    |    2    |
|    xor   |                 xor_ln772_3_fu_914                |    0    |    2    |
|          |                 xor_ln827_fu_1933                 |    0    |    2    |
|          |                 xor_ln829_fu_1989                 |    0    |    2    |
|----------|---------------------------------------------------|---------|---------|
|    or    |                  or_ln827_fu_1947                 |    0    |    2    |
|          |                  or_ln829_fu_2003                 |    0    |    2    |
|----------|---------------------------------------------------|---------|---------|
|          |          width_val8_load_read_read_fu_296         |    0    |    0    |
|          |            xor_ln772_1_read_read_fu_302           |    0    |    0    |
|          |                  tmp_read_fu_308                  |    0    |    0    |
|          |             loopWidth_read_read_fu_314            |    0    |    0    |
|          |         height_val4_load_read_read_fu_320         |    0    |    0    |
|          |                 y_read_read_fu_326                |    0    |    0    |
|          |             trunc_ln_read_read_fu_332             |    0    |    0    |
|          |             xor_ln772_read_read_fu_338            |    0    |    0    |
|          |    p_0_0_09401405_lcssa1457_i_read_read_fu_344    |    0    |    0    |
|          |    p_0_0_09391408_lcssa1459_i_read_read_fu_350    |    0    |    0    |
|          |    p_0_0_09381411_lcssa1461_i_read_read_fu_356    |    0    |    0    |
|   read   |   p_0_0_0940_21435_lcssa1469_i_read_read_fu_362   |    0    |    0    |
|          |   p_0_0_0939_21438_lcssa1471_i_read_read_fu_368   |    0    |    0    |
|          |   p_0_0_0938_21441_lcssa1473_i_read_read_fu_374   |    0    |    0    |
|          |  p_0_0_0_0_09131502_lcssa1539_i_read_read_fu_380  |    0    |    0    |
|          |  p_0_1_0_0_09141504_lcssa1541_i_read_read_fu_386  |    0    |    0    |
|          |  p_0_2_0_0_09151506_lcssa1543_i_read_read_fu_392  |    0    |    0    |
|          | p_0_0_0940_114971509_lcssa1545_i_read_read_fu_398 |    0    |    0    |
|          | p_0_0_0939_114991511_lcssa1547_i_read_read_fu_404 |    0    |    0    |
|          | p_0_0_0938_115011513_lcssa1549_i_read_read_fu_410 |    0    |    0    |
|          |  p_0_0_0_0_09071514_lcssa1551_i_read_read_fu_416  |    0    |    0    |
|          |  p_0_1_0_0_09081516_lcssa1553_i_read_read_fu_422  |    0    |    0    |
|          |  p_0_2_0_0_09091518_lcssa1555_i_read_read_fu_428  |    0    |    0    |
|          |                 InPix_read_fu_434                 |    0    |    0    |
|----------|---------------------------------------------------|---------|---------|
|   write  |              write_ln835_write_fu_440             |    0    |    0    |
|----------|---------------------------------------------------|---------|---------|
|          |                 zext_ln772_fu_769                 |    0    |    0    |
|          |                 zext_ln633_fu_890                 |    0    |    0    |
|          |                zext_ln772_1_fu_920                |    0    |    0    |
|          |                zext_ln790_1_fu_1268               |    0    |    0    |
|          |                 zext_ln791_fu_1272                |    0    |    0    |
|          |                 zext_ln817_fu_1283                |    0    |    0    |
|          |                 zext_ln818_fu_1300                |    0    |    0    |
|          |                 zext_ln790_fu_1346                |    0    |    0    |
|          |                 zext_ln792_fu_1412                |    0    |    0    |
|          |                 zext_ln793_fu_1448                |    0    |    0    |
|   zext   |                 zext_ln769_fu_1490                |    0    |    0    |
|          |                zext_ln769_1_fu_1516               |    0    |    0    |
|          |                zext_ln769_2_fu_1542               |    0    |    0    |
|          |                zext_ln769_3_fu_1568               |    0    |    0    |
|          |                 zext_ln819_fu_1619                |    0    |    0    |
|          |                 zext_ln820_fu_1636                |    0    |    0    |
|          |                zext_ln769_4_fu_1646               |    0    |    0    |
|          |                 zext_ln763_fu_1835                |    0    |    0    |
|          |                 zext_ln765_fu_1840                |    0    |    0    |
|          |                 zext_ln788_fu_1852                |    0    |    0    |
|          |                zext_ln817_1_fu_1879               |    0    |    0    |
|----------|---------------------------------------------------|---------|---------|
|          |                 trunc_ln633_fu_886                |    0    |    0    |
|          |                trunc_ln654_fu_1004                |    0    |    0    |
|          |               trunc_ln654_1_fu_1027               |    0    |    0    |
|          |                trunc_ln666_fu_1047                |    0    |    0    |
|   trunc  |                 trunc_ln61_fu_1355                |    0    |    0    |
|          |                trunc_ln61_1_fu_1386               |    0    |    0    |
|          |                trunc_ln61_2_fu_1422               |    0    |    0    |
|          |                trunc_ln61_3_fu_1458               |    0    |    0    |
|          |                trunc_ln827_fu_1929                |    0    |    0    |
|          |                trunc_ln829_fu_1985                |    0    |    0    |
|----------|---------------------------------------------------|---------|---------|
|          |                  tmp_4_i_fu_1009                  |    0    |    0    |
|          |                  tmp_5_i_fu_1018                  |    0    |    0    |
|          |                  tmp_7_i_fu_1031                  |    0    |    0    |
|          |                  tmp_8_i_fu_1039                  |    0    |    0    |
|partselect|               trunc_ln666_2_fu_1052               |    0    |    0    |
|          |               trunc_ln666_3_fu_1063               |    0    |    0    |
|          |               trunc_ln820_1_fu_1819               |    0    |    0    |
|          |               trunc_ln820_2_fu_1863               |    0    |    0    |
|          |                   tmp_7_fu_1913                   |    0    |    0    |
|          |                   tmp_9_fu_1969                   |    0    |    0    |
|----------|---------------------------------------------------|---------|---------|
|          |                LineBufVal_2_fu_1212               |    0    |    0    |
|          |                   or_ln_fu_1500                   |    0    |    0    |
|          |                  enable_2_fu_1526                 |    0    |    0    |
|bitconcatenate|                   or_ln1_fu_1552                  |    0    |    0    |
|          |                  enable_5_fu_1578                 |    0    |    0    |
|          |                   or_ln2_fu_1649                  |    0    |    0    |
|          |                or_ln835_3_i_fu_2017               |    0    |    0    |
|----------|---------------------------------------------------|---------|---------|
|          |                   tmp_1_fu_1359                   |    0    |    0    |
|          |                   tmp_2_fu_1390                   |    0    |    0    |
|          |                   tmp_3_fu_1426                   |    0    |    0    |
| bitselect|                   tmp_4_fu_1462                   |    0    |    0    |
|          |                   tmp_5_fu_1856                   |    0    |    0    |
|          |                   tmp_6_fu_1905                   |    0    |    0    |
|          |                   tmp_8_fu_1961                   |    0    |    0    |
|----------|---------------------------------------------------|---------|---------|
|  switch  |                switch_ln802_fu_1663               |    0    |    0    |
|----------|---------------------------------------------------|---------|---------|
|          |                 sext_ln818_fu_1732                |    0    |    0    |
|          |                 sext_ln817_fu_1749                |    0    |    0    |
|   sext   |                sext_ln818_1_fu_1772               |    0    |    0    |
|          |                sext_ln820_1_fu_1776               |    0    |    0    |
|          |                 sext_ln820_fu_1793                |    0    |    0    |
|          |                sext_ln820_2_fu_1803               |    0    |    0    |
|----------|---------------------------------------------------|---------|---------|
|   Total  |                                                   |    0    |   943   |
|----------|---------------------------------------------------|---------|---------|

Memories:
+------------+--------+--------+--------+--------+
|            |  BRAM  |   FF   |   LUT  |  URAM  |
+------------+--------+--------+--------+--------+
| lineBuffer |    3   |    0   |    0   |    0   |
|lineBuffer_1|    3   |    0   |    0   |    0   |
+------------+--------+--------+--------+--------+
|    Total   |    6   |    0   |    0   |    0   |
+------------+--------+--------+--------+--------+

* Register list:
+------------------------------------+--------+
|                                    |   FF   |
+------------------------------------+--------+
|         add_ln820_reg_2428         |   11   |
|         and_ln833_reg_2286         |    1   |
|             b_1_reg_760            |   10   |
|         downleft_1_reg_518         |    8   |
|         downleft_2_reg_509         |    8   |
|          downleft_reg_527          |    8   |
|          en_rgd_1_reg_699          |    1   |
|          en_rgd_2_reg_673          |    1   |
|          en_rgd_3_reg_647          |    1   |
|           en_rgd_reg_725           |    1   |
|          enable_6_reg_2403         |    5   |
|          enable_7_reg_2424         |    6   |
|         icmp_ln633_reg_2243        |    1   |
|         icmp_ln643_reg_2247        |    1   |
|         icmp_ln664_reg_2232        |    1   |
|         icmp_ln710_reg_2263        |    1   |
|         icmp_ln728_reg_2236        |    1   |
|         icmp_ln772_reg_2282        |    1   |
|         icmp_ln800_reg_2409        |    1   |
|     lineBuffer_1_addr_reg_2257     |   11   |
|      lineBuffer_addr_reg_2251      |   11   |
|   p_0_0_09381410_i_load_reg_2348   |    8   |
|      p_0_0_09381410_i_reg_2193     |    8   |
|      p_0_0_09381411_i_reg_590      |    8   |
|p_0_0_0938_115011512_i_load_reg_2317|    8   |
|   p_0_0_0938_115011512_i_reg_2148  |    8   |
|  p_0_0_0938_21440_i_load_reg_2363  |    8   |
|     p_0_0_0938_21440_i_reg_2214    |    8   |
|     p_0_0_0938_21441_i_reg_536     |    8   |
|    p_0_0_0938_21489_ph_i_reg_482   |    8   |
|   p_0_0_09391407_i_load_reg_2343   |    8   |
|      p_0_0_09391407_i_reg_2186     |    8   |
|      p_0_0_09391408_i_reg_599      |    8   |
|p_0_0_0939_114991510_i_load_reg_2311|    8   |
|   p_0_0_0939_114991510_i_reg_2141  |    8   |
|  p_0_0_0939_21437_i_load_reg_2358  |    8   |
|     p_0_0_0939_21437_i_reg_2207    |    8   |
|     p_0_0_0939_21438_i_reg_545     |    8   |
|    p_0_0_0939_21487_ph_i_reg_491   |    8   |
|   p_0_0_09401404_i_load_reg_2338   |    8   |
|      p_0_0_09401404_i_reg_2179     |    8   |
|      p_0_0_09401405_i_reg_608      |    8   |
|p_0_0_0940_114971508_i_load_reg_2305|    8   |
|   p_0_0_0940_114971508_i_reg_2134  |    8   |
|  p_0_0_0940_21434_i_load_reg_2353  |    8   |
|     p_0_0_0940_21434_i_reg_2200    |    8   |
|     p_0_0_0940_21435_i_reg_554     |    8   |
|    p_0_0_0940_21485_ph_i_reg_500   |    8   |
| p_0_0_0_0_09071515_i_load_reg_2323 |    8   |
|    p_0_0_0_0_09071515_i_reg_2155   |    8   |
| p_0_0_0_0_09131503_i_load_reg_2290 |    8   |
|    p_0_0_0_0_09131503_i_reg_2110   |    8   |
| p_0_1_0_0_09081517_i_load_reg_2328 |    8   |
|    p_0_1_0_0_09081517_i_reg_2163   |    8   |
| p_0_1_0_0_09141505_i_load_reg_2295 |    8   |
|    p_0_1_0_0_09141505_i_reg_2118   |    8   |
| p_0_2_0_0_09091519_i_load_reg_2333 |    8   |
|    p_0_2_0_0_09091519_i_reg_2171   |    8   |
| p_0_2_0_0_09151507_i_load_reg_2300 |    8   |
|    p_0_2_0_0_09151507_i_reg_2126   |    8   |
|            pix_3_reg_627           |    8   |
|            pix_4_reg_617           |    8   |
|             pix_reg_637            |    8   |
|             r_1_reg_751            |   10   |
|            red_reg_2221            |    1   |
|       select_ln710_1_reg_2373      |    8   |
|       select_ln710_2_reg_2378      |    8   |
|        select_ln710_reg_2368       |    8   |
|         sub_ln817_reg_2393         |    9   |
|         sub_ln818_reg_2398         |    9   |
|         sub_ln819_reg_2414         |    9   |
|        sub_ln820_2_reg_2434        |   10   |
|         sub_ln820_reg_2419         |    9   |
|          upleft_1_reg_572          |    8   |
|          upleft_2_reg_563          |    8   |
|           upleft_reg_581           |    8   |
|             x_reg_2103             |   11   |
|        zext_ln790_1_reg_2383       |    9   |
|         zext_ln791_reg_2388        |    9   |
+------------------------------------+--------+
|                Total               |   560  |
+------------------------------------+--------+

* Multiplexer (MUX) list: 
|-------------------|------|------|------|--------||---------||---------||---------|
|        Comp       |  Pin | Size |  BW  | S x BW ||  Delay  ||    FF   ||   LUT   |
|-------------------|------|------|------|--------||---------||---------||---------|
| grp_access_fu_454 |  p2  |   2  |   0  |    0   ||    0    ||    9    |
| grp_access_fu_471 |  p2  |   2  |   0  |    0   ||    0    ||    9    |
|-------------------|------|------|------|--------||---------||---------||---------|
|       Total       |      |      |      |    0   ||  0.854  ||    0    ||    18   |
|-------------------|------|------|------|--------||---------||---------||---------|



* Summary:
+-----------+--------+--------+--------+--------+--------+
|           |  BRAM  |  Delay |   FF   |   LUT  |  URAM  |
+-----------+--------+--------+--------+--------+--------+
|  Function |    -   |    -   |    0   |   943  |    -   |
|   Memory  |    6   |    -   |    0   |    0   |    0   |
|Multiplexer|    -   |    0   |    0   |   18   |    -   |
|  Register |    -   |    -   |   560  |    -   |    -   |
+-----------+--------+--------+--------+--------+--------+
|   Total   |    6   |    0   |   560  |   961  |    0   |
+-----------+--------+--------+--------+--------+--------+
