

================================================================
== Vitis HLS Report for 'DebayerRandBatG_Pipeline_VITIS_LOOP_881_2'
================================================================
* Date:           Tue Apr  7 16:03:02 2026

* Version:        2025.2 (Build 6295257 on Nov 12 2025)
* Project:        prj
* Solution:       sol (Vivado IP Flow Target)
* Product family: zynquplus
* Target device:  xczu3eg-sfvc784-2-e


================================================================
== Performance Estimates
================================================================
+ Timing: 
    * Summary: 
    +--------+---------+----------+------------+
    |  Clock |  Target | Estimated| Uncertainty|
    +--------+---------+----------+------------+
    |ap_clk  |  6.73 ns|  4.634 ns|     1.82 ns|
    +--------+---------+----------+------------+

+ Latency: 
    * Summary: 
    +---------+---------+-----------+-----------+-----+-----+-------------------+
    |  Latency (cycles) |   Latency (absolute)  |  Interval |      Pipeline     |
    |   min   |   max   |    min    |    max    | min | max |        Type       |
    +---------+---------+-----------+-----------+-----+-----+-------------------+
    |        5|     1925|  33.670 ns|  12.963 us|    0|    0|  loop pipeline stp|
    +---------+---------+-----------+-----------+-----+-----+-------------------+

    + Detail: 
        * Instance: 
        N/A

        * Loop: 
        +--------------------+---------+---------+----------+-----------+-----------+----------+----------+
        |                    |  Latency (cycles) | Iteration|  Initiation Interval  |   Trip   |          |
        |      Loop Name     |   min   |   max   |  Latency |  achieved |   target  |   Count  | Pipelined|
        +--------------------+---------+---------+----------+-----------+-----------+----------+----------+
        |- VITIS_LOOP_881_2  |        3|     1923|         4|          1|          1|  1 ~ 1921|       yes|
        +--------------------+---------+---------+----------+-----------+-----------+----------+----------+

============================================================
+ Verbose Summary: Synthesis Manager
============================================================
InlineROM: 1
ExposeGlobal: 0
============================================================
+ Verbose Summary: CDFG Model
============================================================
IsTopModel: 0
ResetActiveHigh: 1
IsCombinational: 0
IsDatapathOnly: 0
HasWiredReturn: 1
HasMFsm: 2
HasVarLatency: 1
IsPipeline: 0
IsRtlPipelined: 0
IsInstanceOverlapped: 0
IsDontTouch: 0
HasImplIP: 0
IsGatedGlobalClock: 0

+ Individual pipeline summary: 
  * Pipeline-0: initiation interval (II) = 1, depth = 4


============================================================
+ Verbose Summary: Schedule
============================================================
* Number of FSM states : 4
* Pipeline : 1
  Pipeline-0 : II = 1, D = 4, States = { 1 2 3 4 }
* Dataflow Pipeline: 0

* FSM state transitions: 
1 --> 2 
2 --> 3 
3 --> 4 
4 --> 

* FSM state operations: 

State 1 <SV = 0> <Delay = 2.47>
ST_1 : Operation 7 [1/1] (0.00ns)   --->   "%x = alloca i32 1" [C:/pcam5/prj/sol/.autopilot/db/v_demosaic.cpp:851->C:/pcam5/prj/sol/.autopilot/db/v_demosaic.cpp:1073]   --->   Operation 7 'alloca' 'x' <Predicate = true> <Delay = 0.00>
ST_1 : Operation 8 [1/1] (0.00ns)   --->   "%p_0_0_0116617711782_i = alloca i32 1"   --->   Operation 8 'alloca' 'p_0_0_0116617711782_i' <Predicate = true> <Delay = 0.00>
ST_1 : Operation 9 [1/1] (0.00ns)   --->   "%p_0_0_0116517731784_i = alloca i32 1"   --->   Operation 9 'alloca' 'p_0_0_0116517731784_i' <Predicate = true> <Delay = 0.00>
ST_1 : Operation 10 [1/1] (0.00ns)   --->   "%p_0_0_0116417751786_i = alloca i32 1"   --->   Operation 10 'alloca' 'p_0_0_0116417751786_i' <Predicate = true> <Delay = 0.00>
ST_1 : Operation 11 [1/1] (0.00ns)   --->   "%right = alloca i32 1" [C:/pcam5/prj/sol/.autopilot/db/v_demosaic.cpp:1018->C:/pcam5/prj/sol/.autopilot/db/v_demosaic.cpp:1073]   --->   Operation 11 'alloca' 'right' <Predicate = true> <Delay = 0.00>
ST_1 : Operation 12 [1/1] (0.00ns)   --->   "%right_1 = alloca i32 1" [C:/pcam5/prj/sol/.autopilot/db/v_demosaic.cpp:1018->C:/pcam5/prj/sol/.autopilot/db/v_demosaic.cpp:1073]   --->   Operation 12 'alloca' 'right_1' <Predicate = true> <Delay = 0.00>
ST_1 : Operation 13 [1/1] (0.00ns)   --->   "%right_2 = alloca i32 1" [C:/pcam5/prj/sol/.autopilot/db/v_demosaic.cpp:1018->C:/pcam5/prj/sol/.autopilot/db/v_demosaic.cpp:1073]   --->   Operation 13 'alloca' 'right_2' <Predicate = true> <Delay = 0.00>
ST_1 : Operation 14 [1/1] (0.00ns)   --->   "%p_0_0_01179_217651794_i = alloca i32 1"   --->   Operation 14 'alloca' 'p_0_0_01179_217651794_i' <Predicate = true> <Delay = 0.00>
ST_1 : Operation 15 [1/1] (0.00ns)   --->   "%p_0_0_01178_217671796_i = alloca i32 1"   --->   Operation 15 'alloca' 'p_0_0_01178_217671796_i' <Predicate = true> <Delay = 0.00>
ST_1 : Operation 16 [1/1] (0.00ns)   --->   "%p_0_0_01177_217691798_i = alloca i32 1"   --->   Operation 16 'alloca' 'p_0_0_01177_217691798_i' <Predicate = true> <Delay = 0.00>
ST_1 : Operation 17 [1/1] (0.00ns)   --->   "%p_0_0_0_0_011581695_i = alloca i32 1"   --->   Operation 17 'alloca' 'p_0_0_0_0_011581695_i' <Predicate = true> <Delay = 0.00>
ST_1 : Operation 18 [1/1] (0.00ns)   --->   "%p_0_1_0_0_011591698_i = alloca i32 1"   --->   Operation 18 'alloca' 'p_0_1_0_0_011591698_i' <Predicate = true> <Delay = 0.00>
ST_1 : Operation 19 [1/1] (0.00ns)   --->   "%p_0_2_0_0_011601701_i = alloca i32 1"   --->   Operation 19 'alloca' 'p_0_2_0_0_011601701_i' <Predicate = true> <Delay = 0.00>
ST_1 : Operation 20 [1/1] (0.00ns)   --->   "%specinterface_ln0 = specinterface void @_ssdm_op_SpecInterface, i24 %imgRgb, void @empty_20, i32 0, i32 0, void @empty_14, i32 0, i32 0, void @empty_14, void @empty_14, void @empty_14, i32 0, i32 0, i32 0, i32 0, void @empty_14, void @empty_14, i32 4294967295, i32 0, i32 0, i32 0"   --->   Operation 20 'specinterface' 'specinterface_ln0' <Predicate = true> <Delay = 0.00>
ST_1 : Operation 21 [1/1] (0.00ns)   --->   "%specinterface_ln0 = specinterface void @_ssdm_op_SpecInterface, i24 %imgRB, void @empty_20, i32 0, i32 0, void @empty_14, i32 0, i32 0, void @empty_14, void @empty_14, void @empty_14, i32 0, i32 0, i32 0, i32 0, void @empty_14, void @empty_14, i32 4294967295, i32 0, i32 0, i32 0"   --->   Operation 21 'specinterface' 'specinterface_ln0' <Predicate = true> <Delay = 0.00>
ST_1 : Operation 22 [1/1] (0.00ns)   --->   "%width_val8_load_read = read i11 @_ssdm_op_Read.ap_auto.i11, i11 %width_val8_load"   --->   Operation 22 'read' 'width_val8_load_read' <Predicate = true> <Delay = 0.00>
ST_1 : Operation 23 [1/1] (0.00ns)   --->   "%xor_ln1014_1_read = read i15 @_ssdm_op_Read.ap_auto.i15, i15 %xor_ln1014_1"   --->   Operation 23 'read' 'xor_ln1014_1_read' <Predicate = true> <Delay = 0.00>
ST_1 : Operation 24 [1/1] (0.00ns)   --->   "%tmp = read i1 @_ssdm_op_Read.ap_auto.i1, i1 %empty"   --->   Operation 24 'read' 'tmp' <Predicate = true> <Delay = 0.00>
ST_1 : Operation 25 [1/1] (0.00ns)   --->   "%loopWidth_read = read i11 @_ssdm_op_Read.ap_auto.i11, i11 %loopWidth"   --->   Operation 25 'read' 'loopWidth_read' <Predicate = true> <Delay = 0.00>
ST_1 : Operation 26 [1/1] (0.00ns)   --->   "%height_val4_load_read = read i11 @_ssdm_op_Read.ap_auto.i11, i11 %height_val4_load"   --->   Operation 26 'read' 'height_val4_load_read' <Predicate = true> <Delay = 0.00>
ST_1 : Operation 27 [1/1] (0.00ns)   --->   "%y_read = read i11 @_ssdm_op_Read.ap_auto.i11, i11 %y"   --->   Operation 27 'read' 'y_read' <Predicate = true> <Delay = 0.00>
ST_1 : Operation 28 [1/1] (0.00ns)   --->   "%p_0_0_0_0_011581693_lcssa1737_i_read = read i8 @_ssdm_op_Read.ap_auto.i8, i8 %p_0_0_0_0_011581693_lcssa1737_i"   --->   Operation 28 'read' 'p_0_0_0_0_011581693_lcssa1737_i_read' <Predicate = true> <Delay = 0.00>
ST_1 : Operation 29 [1/1] (0.00ns)   --->   "%p_0_1_0_0_011591696_lcssa1739_i_read = read i8 @_ssdm_op_Read.ap_auto.i8, i8 %p_0_1_0_0_011591696_lcssa1739_i"   --->   Operation 29 'read' 'p_0_1_0_0_011591696_lcssa1739_i_read' <Predicate = true> <Delay = 0.00>
ST_1 : Operation 30 [1/1] (0.00ns)   --->   "%p_0_2_0_0_011601699_lcssa1741_i_read = read i8 @_ssdm_op_Read.ap_auto.i8, i8 %p_0_2_0_0_011601699_lcssa1741_i"   --->   Operation 30 'read' 'p_0_2_0_0_011601699_lcssa1741_i_read' <Predicate = true> <Delay = 0.00>
ST_1 : Operation 31 [1/1] (0.00ns)   --->   "%p_0_0_0116617711783_lcssa1819_i_read = read i8 @_ssdm_op_Read.ap_auto.i8, i8 %p_0_0_0116617711783_lcssa1819_i"   --->   Operation 31 'read' 'p_0_0_0116617711783_lcssa1819_i_read' <Predicate = true> <Delay = 0.00>
ST_1 : Operation 32 [1/1] (0.00ns)   --->   "%p_0_0_0116517731785_lcssa1821_i_read = read i8 @_ssdm_op_Read.ap_auto.i8, i8 %p_0_0_0116517731785_lcssa1821_i"   --->   Operation 32 'read' 'p_0_0_0116517731785_lcssa1821_i_read' <Predicate = true> <Delay = 0.00>
ST_1 : Operation 33 [1/1] (0.00ns)   --->   "%p_0_0_0116417751787_lcssa1823_i_read = read i8 @_ssdm_op_Read.ap_auto.i8, i8 %p_0_0_0116417751787_lcssa1823_i"   --->   Operation 33 'read' 'p_0_0_0116417751787_lcssa1823_i_read' <Predicate = true> <Delay = 0.00>
ST_1 : Operation 34 [1/1] (0.00ns)   --->   "%p_0_0_0_0_011521788_lcssa1825_i_read = read i8 @_ssdm_op_Read.ap_auto.i8, i8 %p_0_0_0_0_011521788_lcssa1825_i"   --->   Operation 34 'read' 'p_0_0_0_0_011521788_lcssa1825_i_read' <Predicate = true> <Delay = 0.00>
ST_1 : Operation 35 [1/1] (0.00ns)   --->   "%p_0_1_0_0_011531790_lcssa1827_i_read = read i8 @_ssdm_op_Read.ap_auto.i8, i8 %p_0_1_0_0_011531790_lcssa1827_i"   --->   Operation 35 'read' 'p_0_1_0_0_011531790_lcssa1827_i_read' <Predicate = true> <Delay = 0.00>
ST_1 : Operation 36 [1/1] (0.00ns)   --->   "%p_0_2_0_0_011541792_lcssa1829_i_read = read i8 @_ssdm_op_Read.ap_auto.i8, i8 %p_0_2_0_0_011541792_lcssa1829_i"   --->   Operation 36 'read' 'p_0_2_0_0_011541792_lcssa1829_i_read' <Predicate = true> <Delay = 0.00>
ST_1 : Operation 37 [1/1] (0.00ns)   --->   "%p_0_0_01179_217651795_lcssa1831_i_read = read i8 @_ssdm_op_Read.ap_auto.i8, i8 %p_0_0_01179_217651795_lcssa1831_i"   --->   Operation 37 'read' 'p_0_0_01179_217651795_lcssa1831_i_read' <Predicate = true> <Delay = 0.00>
ST_1 : Operation 38 [1/1] (0.00ns)   --->   "%p_0_0_01178_217671797_lcssa1833_i_read = read i8 @_ssdm_op_Read.ap_auto.i8, i8 %p_0_0_01178_217671797_lcssa1833_i"   --->   Operation 38 'read' 'p_0_0_01178_217671797_lcssa1833_i_read' <Predicate = true> <Delay = 0.00>
ST_1 : Operation 39 [1/1] (0.00ns)   --->   "%p_0_0_01177_217691799_lcssa1835_i_read = read i8 @_ssdm_op_Read.ap_auto.i8, i8 %p_0_0_01177_217691799_lcssa1835_i"   --->   Operation 39 'read' 'p_0_0_01177_217691799_lcssa1835_i_read' <Predicate = true> <Delay = 0.00>
ST_1 : Operation 40 [1/1] (1.23ns)   --->   "%lineBuffer_2 = alloca i64 1" [C:/pcam5/prj/sol/.autopilot/db/v_demosaic.cpp:862->C:/pcam5/prj/sol/.autopilot/db/v_demosaic.cpp:1073]   --->   Operation 40 'alloca' 'lineBuffer_2' <Predicate = true> <Delay = 1.23> <CoreInst = "RAM">   --->   Core 82 'RAM' <Latency = 1> <II = 1> <Delay = 1.23> <Storage> <Opcode : 'load' 'store'> <Ports = 2> <Width = 24> <Depth = 1921> <RAM>
ST_1 : Operation 41 [1/1] (1.23ns)   --->   "%lineBuffer = alloca i64 1" [C:/pcam5/prj/sol/.autopilot/db/v_demosaic.cpp:862->C:/pcam5/prj/sol/.autopilot/db/v_demosaic.cpp:1073]   --->   Operation 41 'alloca' 'lineBuffer' <Predicate = true> <Delay = 1.23> <CoreInst = "RAM">   --->   Core 82 'RAM' <Latency = 1> <II = 1> <Delay = 1.23> <Storage> <Opcode : 'load' 'store'> <Ports = 2> <Width = 24> <Depth = 1921> <RAM>
ST_1 : Operation 42 [1/1] (0.79ns)   --->   "%icmp_ln911 = icmp_ult  i11 %y_read, i11 %height_val4_load_read" [C:/pcam5/prj/sol/.autopilot/db/v_demosaic.cpp:911->C:/pcam5/prj/sol/.autopilot/db/v_demosaic.cpp:1073]   --->   Operation 42 'icmp' 'icmp_ln911' <Predicate = true> <Delay = 0.79> <CoreInst = "Cmp">   --->   Core 9 'Cmp' <Latency = 0> <II = 1> <Delay = 0.79> <FuncUnit> <Opcode : 'seteq' 'setne' 'setle' 'setge' 'setlt' 'setgt'> <InPorts = 2> <OutPorts = 1>
ST_1 : Operation 43 [1/1] (0.79ns)   --->   "%icmp_ln975 = icmp_ne  i11 %y_read, i11 0" [C:/pcam5/prj/sol/.autopilot/db/v_demosaic.cpp:975->C:/pcam5/prj/sol/.autopilot/db/v_demosaic.cpp:1073]   --->   Operation 43 'icmp' 'icmp_ln975' <Predicate = true> <Delay = 0.79> <CoreInst = "Cmp">   --->   Core 9 'Cmp' <Latency = 0> <II = 1> <Delay = 0.79> <FuncUnit> <Opcode : 'seteq' 'setne' 'setle' 'setge' 'setlt' 'setgt'> <InPorts = 2> <OutPorts = 1>
ST_1 : Operation 44 [1/1] (0.42ns)   --->   "%store_ln0 = store i8 %p_0_2_0_0_011601699_lcssa1741_i_read, i8 %p_0_2_0_0_011601701_i"   --->   Operation 44 'store' 'store_ln0' <Predicate = true> <Delay = 0.42>
ST_1 : Operation 45 [1/1] (0.42ns)   --->   "%store_ln0 = store i8 %p_0_1_0_0_011591696_lcssa1739_i_read, i8 %p_0_1_0_0_011591698_i"   --->   Operation 45 'store' 'store_ln0' <Predicate = true> <Delay = 0.42>
ST_1 : Operation 46 [1/1] (0.42ns)   --->   "%store_ln0 = store i8 %p_0_0_0_0_011581693_lcssa1737_i_read, i8 %p_0_0_0_0_011581695_i"   --->   Operation 46 'store' 'store_ln0' <Predicate = true> <Delay = 0.42>
ST_1 : Operation 47 [1/1] (0.42ns)   --->   "%store_ln0 = store i8 %p_0_0_01177_217691799_lcssa1835_i_read, i8 %p_0_0_01177_217691798_i"   --->   Operation 47 'store' 'store_ln0' <Predicate = true> <Delay = 0.42>
ST_1 : Operation 48 [1/1] (0.42ns)   --->   "%store_ln0 = store i8 %p_0_0_01178_217671797_lcssa1833_i_read, i8 %p_0_0_01178_217671796_i"   --->   Operation 48 'store' 'store_ln0' <Predicate = true> <Delay = 0.42>
ST_1 : Operation 49 [1/1] (0.42ns)   --->   "%store_ln0 = store i8 %p_0_0_01179_217651795_lcssa1831_i_read, i8 %p_0_0_01179_217651794_i"   --->   Operation 49 'store' 'store_ln0' <Predicate = true> <Delay = 0.42>
ST_1 : Operation 50 [1/1] (0.42ns)   --->   "%store_ln1018 = store i8 %p_0_2_0_0_011541792_lcssa1829_i_read, i8 %right_2" [C:/pcam5/prj/sol/.autopilot/db/v_demosaic.cpp:1018->C:/pcam5/prj/sol/.autopilot/db/v_demosaic.cpp:1073]   --->   Operation 50 'store' 'store_ln1018' <Predicate = true> <Delay = 0.42>
ST_1 : Operation 51 [1/1] (0.42ns)   --->   "%store_ln1018 = store i8 %p_0_1_0_0_011531790_lcssa1827_i_read, i8 %right_1" [C:/pcam5/prj/sol/.autopilot/db/v_demosaic.cpp:1018->C:/pcam5/prj/sol/.autopilot/db/v_demosaic.cpp:1073]   --->   Operation 51 'store' 'store_ln1018' <Predicate = true> <Delay = 0.42>
ST_1 : Operation 52 [1/1] (0.42ns)   --->   "%store_ln1018 = store i8 %p_0_0_0_0_011521788_lcssa1825_i_read, i8 %right" [C:/pcam5/prj/sol/.autopilot/db/v_demosaic.cpp:1018->C:/pcam5/prj/sol/.autopilot/db/v_demosaic.cpp:1073]   --->   Operation 52 'store' 'store_ln1018' <Predicate = true> <Delay = 0.42>
ST_1 : Operation 53 [1/1] (0.42ns)   --->   "%store_ln0 = store i8 %p_0_0_0116417751787_lcssa1823_i_read, i8 %p_0_0_0116417751786_i"   --->   Operation 53 'store' 'store_ln0' <Predicate = true> <Delay = 0.42>
ST_1 : Operation 54 [1/1] (0.42ns)   --->   "%store_ln0 = store i8 %p_0_0_0116517731785_lcssa1821_i_read, i8 %p_0_0_0116517731784_i"   --->   Operation 54 'store' 'store_ln0' <Predicate = true> <Delay = 0.42>
ST_1 : Operation 55 [1/1] (0.42ns)   --->   "%store_ln0 = store i8 %p_0_0_0116617711783_lcssa1819_i_read, i8 %p_0_0_0116617711782_i"   --->   Operation 55 'store' 'store_ln0' <Predicate = true> <Delay = 0.42>
ST_1 : Operation 56 [1/1] (0.42ns)   --->   "%store_ln851 = store i11 0, i11 %x" [C:/pcam5/prj/sol/.autopilot/db/v_demosaic.cpp:851->C:/pcam5/prj/sol/.autopilot/db/v_demosaic.cpp:1073]   --->   Operation 56 'store' 'store_ln851' <Predicate = true> <Delay = 0.42>
ST_1 : Operation 57 [1/1] (0.00ns)   --->   "%br_ln881 = br void %for.body14.i" [C:/pcam5/prj/sol/.autopilot/db/v_demosaic.cpp:881->C:/pcam5/prj/sol/.autopilot/db/v_demosaic.cpp:1073]   --->   Operation 57 'br' 'br_ln881' <Predicate = true> <Delay = 0.00>
ST_1 : Operation 58 [1/1] (0.00ns)   --->   "%z = load i11 %x" [C:/pcam5/prj/sol/.autopilot/db/v_demosaic.cpp:886->C:/pcam5/prj/sol/.autopilot/db/v_demosaic.cpp:1073]   --->   Operation 58 'load' 'z' <Predicate = true> <Delay = 0.00>
ST_1 : Operation 59 [1/1] (0.79ns)   --->   "%icmp_ln881 = icmp_eq  i11 %z, i11 %loopWidth_read" [C:/pcam5/prj/sol/.autopilot/db/v_demosaic.cpp:881->C:/pcam5/prj/sol/.autopilot/db/v_demosaic.cpp:1073]   --->   Operation 59 'icmp' 'icmp_ln881' <Predicate = true> <Delay = 0.79> <CoreInst = "Cmp">   --->   Core 9 'Cmp' <Latency = 0> <II = 1> <Delay = 0.79> <FuncUnit> <Opcode : 'seteq' 'setne' 'setle' 'setge' 'setlt' 'setgt'> <InPorts = 2> <OutPorts = 1>
ST_1 : Operation 60 [1/1] (0.79ns)   --->   "%x_8 = add i11 %z, i11 1" [C:/pcam5/prj/sol/.autopilot/db/v_demosaic.cpp:886->C:/pcam5/prj/sol/.autopilot/db/v_demosaic.cpp:1073]   --->   Operation 60 'add' 'x_8' <Predicate = true> <Delay = 0.79> <CoreInst = "Adder">   --->   Core 1 'Adder' <Latency = 0> <II = 1> <Delay = 0.79> <FuncUnit> <Opcode : 'add' 'sub'> <InPorts = 2> <OutPorts = 1>
ST_1 : Operation 61 [1/1] (0.00ns)   --->   "%br_ln881 = br i1 %icmp_ln881, void %for.body14.split.i, void %for.inc486.i.exitStub" [C:/pcam5/prj/sol/.autopilot/db/v_demosaic.cpp:881->C:/pcam5/prj/sol/.autopilot/db/v_demosaic.cpp:1073]   --->   Operation 61 'br' 'br_ln881' <Predicate = true> <Delay = 0.00>
ST_1 : Operation 62 [1/1] (0.00ns)   --->   "%trunc_ln881 = trunc i11 %z" [C:/pcam5/prj/sol/.autopilot/db/v_demosaic.cpp:881->C:/pcam5/prj/sol/.autopilot/db/v_demosaic.cpp:1073]   --->   Operation 62 'trunc' 'trunc_ln881' <Predicate = (!icmp_ln881)> <Delay = 0.00>
ST_1 : Operation 63 [1/1] (0.00ns)   --->   "%specpipeline_ln884 = specpipeline void @_ssdm_op_SpecPipeline, i32 1, i32 0, i32 0, i32 0, i32 4294967295, void @empty_14" [C:/pcam5/prj/sol/.autopilot/db/v_demosaic.cpp:884->C:/pcam5/prj/sol/.autopilot/db/v_demosaic.cpp:1073]   --->   Operation 63 'specpipeline' 'specpipeline_ln884' <Predicate = (!icmp_ln881)> <Delay = 0.00>
ST_1 : Operation 64 [1/1] (0.00ns)   --->   "%specloopname_ln881 = specloopname void @_ssdm_op_SpecLoopName, void @empty_10" [C:/pcam5/prj/sol/.autopilot/db/v_demosaic.cpp:881->C:/pcam5/prj/sol/.autopilot/db/v_demosaic.cpp:1073]   --->   Operation 64 'specloopname' 'specloopname_ln881' <Predicate = (!icmp_ln881)> <Delay = 0.00>
ST_1 : Operation 65 [1/1] (0.00ns)   --->   "%zext_ln881 = zext i11 %x_8" [C:/pcam5/prj/sol/.autopilot/db/v_demosaic.cpp:881->C:/pcam5/prj/sol/.autopilot/db/v_demosaic.cpp:1073]   --->   Operation 65 'zext' 'zext_ln881' <Predicate = (!icmp_ln881)> <Delay = 0.00>
ST_1 : Operation 66 [1/1] (0.79ns)   --->   "%icmp_ln891 = icmp_ult  i11 %z, i11 %width_val8_load_read" [C:/pcam5/prj/sol/.autopilot/db/v_demosaic.cpp:891->C:/pcam5/prj/sol/.autopilot/db/v_demosaic.cpp:1073]   --->   Operation 66 'icmp' 'icmp_ln891' <Predicate = (!icmp_ln881)> <Delay = 0.79> <CoreInst = "Cmp">   --->   Core 9 'Cmp' <Latency = 0> <II = 1> <Delay = 0.79> <FuncUnit> <Opcode : 'seteq' 'setne' 'setle' 'setge' 'setlt' 'setgt'> <InPorts = 2> <OutPorts = 1>
ST_1 : Operation 67 [1/1] (0.42ns)   --->   "%br_ln891 = br i1 %icmp_ln891, void %for.body291.i_ifconv, void %VITIS_LOOP_894_3.i" [C:/pcam5/prj/sol/.autopilot/db/v_demosaic.cpp:891->C:/pcam5/prj/sol/.autopilot/db/v_demosaic.cpp:1073]   --->   Operation 67 'br' 'br_ln891' <Predicate = (!icmp_ln881)> <Delay = 0.42>
ST_1 : Operation 68 [1/1] (0.00ns)   --->   "%lineBuffer_addr = getelementptr i24 %lineBuffer, i64 0, i64 %zext_ln881" [c:/pcam5/pcam5.gen/sources_1/bd/pcam/ip/pcam_v_demosaic_0_0/src/hls/hls_video_mem.h:850->C:/pcam5/prj/sol/.autopilot/db/v_demosaic.cpp:896->C:/pcam5/prj/sol/.autopilot/db/v_demosaic.cpp:1073]   --->   Operation 68 'getelementptr' 'lineBuffer_addr' <Predicate = (!icmp_ln881 & icmp_ln891)> <Delay = 0.00>
ST_1 : Operation 69 [2/2] (1.23ns)   --->   "%LineBufVal = load i11 %lineBuffer_addr" [C:/pcam5/prj/sol/.autopilot/db/v_demosaic.cpp:896->C:/pcam5/prj/sol/.autopilot/db/v_demosaic.cpp:1073]   --->   Operation 69 'load' 'LineBufVal' <Predicate = (!icmp_ln881 & icmp_ln891)> <Delay = 1.23> <CoreInst = "RAM">   --->   Core 82 'RAM' <Latency = 1> <II = 1> <Delay = 1.23> <Storage> <Opcode : 'load' 'store'> <Ports = 2> <Width = 24> <Depth = 1921> <RAM>
ST_1 : Operation 70 [1/1] (0.00ns)   --->   "%lineBuffer_2_addr = getelementptr i24 %lineBuffer_2, i64 0, i64 %zext_ln881" [c:/pcam5/pcam5.gen/sources_1/bd/pcam/ip/pcam_v_demosaic_0_0/src/hls/hls_video_mem.h:850->C:/pcam5/prj/sol/.autopilot/db/v_demosaic.cpp:896->C:/pcam5/prj/sol/.autopilot/db/v_demosaic.cpp:1073]   --->   Operation 70 'getelementptr' 'lineBuffer_2_addr' <Predicate = (!icmp_ln881 & icmp_ln891)> <Delay = 0.00>
ST_1 : Operation 71 [2/2] (1.23ns)   --->   "%LineBufVal_3 = load i11 %lineBuffer_2_addr" [C:/pcam5/prj/sol/.autopilot/db/v_demosaic.cpp:896->C:/pcam5/prj/sol/.autopilot/db/v_demosaic.cpp:1073]   --->   Operation 71 'load' 'LineBufVal_3' <Predicate = (!icmp_ln881 & icmp_ln891)> <Delay = 1.23> <CoreInst = "RAM">   --->   Core 82 'RAM' <Latency = 1> <II = 1> <Delay = 1.23> <Storage> <Opcode : 'load' 'store'> <Ports = 2> <Width = 24> <Depth = 1921> <RAM>
ST_1 : Operation 72 [1/1] (0.42ns)   --->   "%br_ln911 = br i1 %icmp_ln911, void %VITIS_LOOP_940_11.i, void %VITIS_LOOP_914_7.i" [C:/pcam5/prj/sol/.autopilot/db/v_demosaic.cpp:911->C:/pcam5/prj/sol/.autopilot/db/v_demosaic.cpp:1073]   --->   Operation 72 'br' 'br_ln911' <Predicate = (!icmp_ln881 & icmp_ln891)> <Delay = 0.42>
ST_1 : Operation 73 [1/1] (0.42ns)   --->   "%br_ln925 = br void %VITIS_LOOP_940_11.i" [C:/pcam5/prj/sol/.autopilot/db/v_demosaic.cpp:925->C:/pcam5/prj/sol/.autopilot/db/v_demosaic.cpp:1073]   --->   Operation 73 'br' 'br_ln925' <Predicate = (!icmp_ln881 & icmp_ln891 & icmp_ln911)> <Delay = 0.42>
ST_1 : Operation 74 [1/1] (0.79ns)   --->   "%icmp_ln957 = icmp_eq  i11 %z, i11 0" [C:/pcam5/prj/sol/.autopilot/db/v_demosaic.cpp:957->C:/pcam5/prj/sol/.autopilot/db/v_demosaic.cpp:1073]   --->   Operation 74 'icmp' 'icmp_ln957' <Predicate = (!icmp_ln881 & icmp_ln891)> <Delay = 0.79> <CoreInst = "Cmp">   --->   Core 9 'Cmp' <Latency = 0> <II = 1> <Delay = 0.79> <FuncUnit> <Opcode : 'seteq' 'setne' 'setle' 'setge' 'setlt' 'setgt'> <InPorts = 2> <OutPorts = 1>
ST_1 : Operation 75 [1/1] (0.42ns)   --->   "%br_ln989 = br void %for.body291.i_ifconv" [C:/pcam5/prj/sol/.autopilot/db/v_demosaic.cpp:989->C:/pcam5/prj/sol/.autopilot/db/v_demosaic.cpp:1073]   --->   Operation 75 'br' 'br_ln989' <Predicate = (!icmp_ln881 & icmp_ln891)> <Delay = 0.42>
ST_1 : Operation 76 [1/1] (0.00ns) (grouped into LUT with out node icmp_ln1014)   --->   "%xor_ln1014 = xor i1 %tmp, i1 %trunc_ln881" [C:/pcam5/prj/sol/.autopilot/db/v_demosaic.cpp:1014->C:/pcam5/prj/sol/.autopilot/db/v_demosaic.cpp:1073]   --->   Operation 76 'xor' 'xor_ln1014' <Predicate = (!icmp_ln881)> <Delay = 0.00> <CoreInst = "LogicGate">   --->   Core 74 'LogicGate' <Latency = 0> <II = 1> <Delay = 0.28> <FuncUnit> <Opcode : 'and' 'or' 'xor'> <InPorts = 2> <OutPorts = 1>
ST_1 : Operation 77 [1/1] (0.00ns) (grouped into LUT with out node icmp_ln1014)   --->   "%xor_ln1014_2 = xor i1 %xor_ln1014, i1 1" [C:/pcam5/prj/sol/.autopilot/db/v_demosaic.cpp:1014->C:/pcam5/prj/sol/.autopilot/db/v_demosaic.cpp:1073]   --->   Operation 77 'xor' 'xor_ln1014_2' <Predicate = (!icmp_ln881)> <Delay = 0.00> <CoreInst = "LogicGate">   --->   Core 74 'LogicGate' <Latency = 0> <II = 1> <Delay = 0.28> <FuncUnit> <Opcode : 'and' 'or' 'xor'> <InPorts = 2> <OutPorts = 1>
ST_1 : Operation 78 [1/1] (0.00ns) (grouped into LUT with out node icmp_ln1014)   --->   "%zext_ln1014 = zext i1 %xor_ln1014_2" [C:/pcam5/prj/sol/.autopilot/db/v_demosaic.cpp:1014->C:/pcam5/prj/sol/.autopilot/db/v_demosaic.cpp:1073]   --->   Operation 78 'zext' 'zext_ln1014' <Predicate = (!icmp_ln881)> <Delay = 0.00>
ST_1 : Operation 79 [1/1] (0.84ns) (out node of the LUT)   --->   "%icmp_ln1014 = icmp_eq  i15 %xor_ln1014_1_read, i15 %zext_ln1014" [C:/pcam5/prj/sol/.autopilot/db/v_demosaic.cpp:1014->C:/pcam5/prj/sol/.autopilot/db/v_demosaic.cpp:1073]   --->   Operation 79 'icmp' 'icmp_ln1014' <Predicate = (!icmp_ln881)> <Delay = 0.84> <CoreInst = "Cmp">   --->   Core 9 'Cmp' <Latency = 0> <II = 1> <Delay = 0.84> <FuncUnit> <Opcode : 'seteq' 'setne' 'setle' 'setge' 'setlt' 'setgt'> <InPorts = 2> <OutPorts = 1>
ST_1 : Operation 80 [1/1] (0.79ns)   --->   "%icmp_ln1052 = icmp_ne  i11 %z, i11 0" [C:/pcam5/prj/sol/.autopilot/db/v_demosaic.cpp:1052->C:/pcam5/prj/sol/.autopilot/db/v_demosaic.cpp:1073]   --->   Operation 80 'icmp' 'icmp_ln1052' <Predicate = (!icmp_ln881)> <Delay = 0.79> <CoreInst = "Cmp">   --->   Core 9 'Cmp' <Latency = 0> <II = 1> <Delay = 0.79> <FuncUnit> <Opcode : 'seteq' 'setne' 'setle' 'setge' 'setlt' 'setgt'> <InPorts = 2> <OutPorts = 1>
ST_1 : Operation 81 [1/1] (0.28ns)   --->   "%and_ln1052 = and i1 %icmp_ln975, i1 %icmp_ln1052" [C:/pcam5/prj/sol/.autopilot/db/v_demosaic.cpp:1052->C:/pcam5/prj/sol/.autopilot/db/v_demosaic.cpp:1073]   --->   Operation 81 'and' 'and_ln1052' <Predicate = (!icmp_ln881)> <Delay = 0.28> <CoreInst = "LogicGate">   --->   Core 74 'LogicGate' <Latency = 0> <II = 1> <Delay = 0.28> <FuncUnit> <Opcode : 'and' 'or' 'xor'> <InPorts = 2> <OutPorts = 1>
ST_1 : Operation 82 [1/1] (0.00ns)   --->   "%br_ln1052 = br i1 %and_ln1052, void %for.inc483.i, void %if.then481.i" [C:/pcam5/prj/sol/.autopilot/db/v_demosaic.cpp:1052->C:/pcam5/prj/sol/.autopilot/db/v_demosaic.cpp:1073]   --->   Operation 82 'br' 'br_ln1052' <Predicate = (!icmp_ln881)> <Delay = 0.00>
ST_1 : Operation 83 [1/1] (0.42ns)   --->   "%store_ln851 = store i11 %x_8, i11 %x" [C:/pcam5/prj/sol/.autopilot/db/v_demosaic.cpp:851->C:/pcam5/prj/sol/.autopilot/db/v_demosaic.cpp:1073]   --->   Operation 83 'store' 'store_ln851' <Predicate = (!icmp_ln881)> <Delay = 0.42>

State 2 <SV = 1> <Delay = 3.46>
ST_2 : Operation 84 [1/1] (0.00ns)   --->   "%p_0_0_0116617711782_i_load = load i8 %p_0_0_0116617711782_i"   --->   Operation 84 'load' 'p_0_0_0116617711782_i_load' <Predicate = true> <Delay = 0.00>
ST_2 : Operation 85 [1/1] (0.00ns)   --->   "%p_0_0_0116517731784_i_load = load i8 %p_0_0_0116517731784_i"   --->   Operation 85 'load' 'p_0_0_0116517731784_i_load' <Predicate = true> <Delay = 0.00>
ST_2 : Operation 86 [1/1] (0.00ns)   --->   "%p_0_0_0116417751786_i_load = load i8 %p_0_0_0116417751786_i"   --->   Operation 86 'load' 'p_0_0_0116417751786_i_load' <Predicate = true> <Delay = 0.00>
ST_2 : Operation 87 [1/1] (0.00ns)   --->   "%right_3 = load i8 %right"   --->   Operation 87 'load' 'right_3' <Predicate = true> <Delay = 0.00>
ST_2 : Operation 88 [1/1] (0.00ns)   --->   "%right_4 = load i8 %right_1"   --->   Operation 88 'load' 'right_4' <Predicate = true> <Delay = 0.00>
ST_2 : Operation 89 [1/1] (0.00ns)   --->   "%right_5 = load i8 %right_2"   --->   Operation 89 'load' 'right_5' <Predicate = true> <Delay = 0.00>
ST_2 : Operation 90 [1/1] (0.00ns)   --->   "%p_0_0_01179_217651794_i_load = load i8 %p_0_0_01179_217651794_i"   --->   Operation 90 'load' 'p_0_0_01179_217651794_i_load' <Predicate = true> <Delay = 0.00>
ST_2 : Operation 91 [1/1] (0.00ns)   --->   "%p_0_0_01178_217671796_i_load = load i8 %p_0_0_01178_217671796_i"   --->   Operation 91 'load' 'p_0_0_01178_217671796_i_load' <Predicate = true> <Delay = 0.00>
ST_2 : Operation 92 [1/1] (0.00ns)   --->   "%p_0_0_01177_217691798_i_load = load i8 %p_0_0_01177_217691798_i"   --->   Operation 92 'load' 'p_0_0_01177_217691798_i_load' <Predicate = true> <Delay = 0.00>
ST_2 : Operation 93 [1/1] (0.00ns)   --->   "%p_0_0_0_0_011581695_i_load = load i8 %p_0_0_0_0_011581695_i"   --->   Operation 93 'load' 'p_0_0_0_0_011581695_i_load' <Predicate = true> <Delay = 0.00>
ST_2 : Operation 94 [1/1] (0.00ns)   --->   "%p_0_1_0_0_011591698_i_load = load i8 %p_0_1_0_0_011591698_i"   --->   Operation 94 'load' 'p_0_1_0_0_011591698_i_load' <Predicate = true> <Delay = 0.00>
ST_2 : Operation 95 [1/1] (0.00ns)   --->   "%p_0_2_0_0_011601701_i_load = load i8 %p_0_2_0_0_011601701_i"   --->   Operation 95 'load' 'p_0_2_0_0_011601701_i_load' <Predicate = true> <Delay = 0.00>
ST_2 : Operation 96 [1/1] (0.00ns)   --->   "%speclooptripcount_ln0 = speclooptripcount void @_ssdm_op_SpecLoopTripCount, i64 1, i64 1921, i64 0"   --->   Operation 96 'speclooptripcount' 'speclooptripcount_ln0' <Predicate = true> <Delay = 0.00>
ST_2 : Operation 97 [1/2] ( I:1.23ns O:1.23ns )   --->   "%LineBufVal = load i11 %lineBuffer_addr" [C:/pcam5/prj/sol/.autopilot/db/v_demosaic.cpp:896->C:/pcam5/prj/sol/.autopilot/db/v_demosaic.cpp:1073]   --->   Operation 97 'load' 'LineBufVal' <Predicate = (!icmp_ln881 & icmp_ln891)> <Delay = 1.23> <CoreInst = "RAM">   --->   Core 82 'RAM' <Latency = 1> <II = 1> <Delay = 1.23> <Storage> <Opcode : 'load' 'store'> <Ports = 2> <Width = 24> <Depth = 1921> <RAM>
ST_2 : Operation 98 [1/1] (0.00ns)   --->   "%trunc_ln902 = trunc i24 %LineBufVal" [C:/pcam5/prj/sol/.autopilot/db/v_demosaic.cpp:902->C:/pcam5/prj/sol/.autopilot/db/v_demosaic.cpp:1073]   --->   Operation 98 'trunc' 'trunc_ln902' <Predicate = (!icmp_ln881 & icmp_ln891)> <Delay = 0.00>
ST_2 : Operation 99 [1/1] (0.00ns)   --->   "%tmp_i = partselect i8 @_ssdm_op_PartSelect.i8.i24.i32, i24 %LineBufVal, i32 8" [C:/pcam5/prj/sol/.autopilot/db/v_demosaic.cpp:902->C:/pcam5/prj/sol/.autopilot/db/v_demosaic.cpp:1073]   --->   Operation 99 'partselect' 'tmp_i' <Predicate = (!icmp_ln881 & icmp_ln891)> <Delay = 0.00>
ST_2 : Operation 100 [1/1] (0.00ns)   --->   "%tmp_1_i = partselect i8 @_ssdm_op_PartSelect.i8.i24.i32, i24 %LineBufVal, i32 16" [C:/pcam5/prj/sol/.autopilot/db/v_demosaic.cpp:902->C:/pcam5/prj/sol/.autopilot/db/v_demosaic.cpp:1073]   --->   Operation 100 'partselect' 'tmp_1_i' <Predicate = (!icmp_ln881 & icmp_ln891)> <Delay = 0.00>
ST_2 : Operation 101 [1/2] ( I:1.23ns O:1.23ns )   --->   "%LineBufVal_3 = load i11 %lineBuffer_2_addr" [C:/pcam5/prj/sol/.autopilot/db/v_demosaic.cpp:896->C:/pcam5/prj/sol/.autopilot/db/v_demosaic.cpp:1073]   --->   Operation 101 'load' 'LineBufVal_3' <Predicate = (!icmp_ln881 & icmp_ln891)> <Delay = 1.23> <CoreInst = "RAM">   --->   Core 82 'RAM' <Latency = 1> <II = 1> <Delay = 1.23> <Storage> <Opcode : 'load' 'store'> <Ports = 2> <Width = 24> <Depth = 1921> <RAM>
ST_2 : Operation 102 [1/1] (0.00ns)   --->   "%trunc_ln902_1 = trunc i24 %LineBufVal_3" [C:/pcam5/prj/sol/.autopilot/db/v_demosaic.cpp:902->C:/pcam5/prj/sol/.autopilot/db/v_demosaic.cpp:1073]   --->   Operation 102 'trunc' 'trunc_ln902_1' <Predicate = (!icmp_ln881 & icmp_ln891)> <Delay = 0.00>
ST_2 : Operation 103 [1/1] (0.00ns)   --->   "%tmp_3_i = partselect i8 @_ssdm_op_PartSelect.i8.i24.i32, i24 %LineBufVal_3, i32 8" [C:/pcam5/prj/sol/.autopilot/db/v_demosaic.cpp:902->C:/pcam5/prj/sol/.autopilot/db/v_demosaic.cpp:1073]   --->   Operation 103 'partselect' 'tmp_3_i' <Predicate = (!icmp_ln881 & icmp_ln891)> <Delay = 0.00>
ST_2 : Operation 104 [1/1] (0.00ns)   --->   "%tmp_4_i = partselect i8 @_ssdm_op_PartSelect.i8.i24.i32, i24 %LineBufVal_3, i32 16" [C:/pcam5/prj/sol/.autopilot/db/v_demosaic.cpp:902->C:/pcam5/prj/sol/.autopilot/db/v_demosaic.cpp:1073]   --->   Operation 104 'partselect' 'tmp_4_i' <Predicate = (!icmp_ln881 & icmp_ln891)> <Delay = 0.00>
ST_2 : Operation 105 [1/1] ( I:1.83ns O:1.83ns )   --->   "%InPix = read i24 @_ssdm_op_Read.ap_fifo.volatile.i24P0A, i24 %imgRB" [C:/pcam5/prj/sol/.autopilot/db/v_demosaic.cpp:913->C:/pcam5/prj/sol/.autopilot/db/v_demosaic.cpp:1073]   --->   Operation 105 'read' 'InPix' <Predicate = (!icmp_ln881 & icmp_ln891 & icmp_ln911)> <Delay = 1.83> <CoreInst = "FIFO_SRL">   --->   Core 80 'FIFO_SRL' <Latency = 0> <II = 1> <Delay = 1.83> <Storage> <Opcode : 'read' 'write' 'nbread' 'nbwrite'> <Ports = 0> <Width = 24> <Depth = 2> <FIFO>
ST_2 : Operation 106 [1/1] (0.00ns)   --->   "%trunc_ln913 = trunc i24 %InPix" [C:/pcam5/prj/sol/.autopilot/db/v_demosaic.cpp:913->C:/pcam5/prj/sol/.autopilot/db/v_demosaic.cpp:1073]   --->   Operation 106 'trunc' 'trunc_ln913' <Predicate = (!icmp_ln881 & icmp_ln891 & icmp_ln911)> <Delay = 0.00>
ST_2 : Operation 107 [1/1] (0.00ns)   --->   "%trunc_ln913_2 = partselect i8 @_ssdm_op_PartSelect.i8.i24.i32.i32, i24 %InPix, i32 8, i32 15" [C:/pcam5/prj/sol/.autopilot/db/v_demosaic.cpp:913->C:/pcam5/prj/sol/.autopilot/db/v_demosaic.cpp:1073]   --->   Operation 107 'partselect' 'trunc_ln913_2' <Predicate = (!icmp_ln881 & icmp_ln891 & icmp_ln911)> <Delay = 0.00>
ST_2 : Operation 108 [1/1] (0.00ns)   --->   "%trunc_ln913_3 = partselect i8 @_ssdm_op_PartSelect.i8.i24.i32.i32, i24 %InPix, i32 16, i32 23" [C:/pcam5/prj/sol/.autopilot/db/v_demosaic.cpp:913->C:/pcam5/prj/sol/.autopilot/db/v_demosaic.cpp:1073]   --->   Operation 108 'partselect' 'trunc_ln913_3' <Predicate = (!icmp_ln881 & icmp_ln891 & icmp_ln911)> <Delay = 0.00>
ST_2 : Operation 109 [1/1] ( I:1.23ns O:1.23ns )   --->   "%store_ln812 = store i24 %InPix, i11 %lineBuffer_addr" [c:/pcam5/pcam5.gen/sources_1/bd/pcam/ip/pcam_v_demosaic_0_0/src/hls/hls_video_mem.h:812->c:/pcam5/pcam5.gen/sources_1/bd/pcam/ip/pcam_v_demosaic_0_0/src/hls/hls_video_mem.h:888->C:/pcam5/prj/sol/.autopilot/db/v_demosaic.cpp:922->C:/pcam5/prj/sol/.autopilot/db/v_demosaic.cpp:1073]   --->   Operation 109 'store' 'store_ln812' <Predicate = (!icmp_ln881 & icmp_ln891 & icmp_ln911)> <Delay = 1.23> <CoreInst = "RAM">   --->   Core 82 'RAM' <Latency = 1> <II = 1> <Delay = 1.23> <Storage> <Opcode : 'load' 'store'> <Ports = 2> <Width = 24> <Depth = 1921> <RAM>
ST_2 : Operation 110 [1/1] (0.00ns)   --->   "%p_0_0_01177_21769_ph_i = phi i8 %trunc_ln913_3, void %VITIS_LOOP_914_7.i, i8 %tmp_1_i, void %VITIS_LOOP_894_3.i" [C:/pcam5/prj/sol/.autopilot/db/v_demosaic.cpp:913->C:/pcam5/prj/sol/.autopilot/db/v_demosaic.cpp:1073]   --->   Operation 110 'phi' 'p_0_0_01177_21769_ph_i' <Predicate = (!icmp_ln881 & icmp_ln891)> <Delay = 0.00>
ST_2 : Operation 111 [1/1] (0.00ns)   --->   "%p_0_0_01178_21767_ph_i = phi i8 %trunc_ln913_2, void %VITIS_LOOP_914_7.i, i8 %tmp_i, void %VITIS_LOOP_894_3.i" [C:/pcam5/prj/sol/.autopilot/db/v_demosaic.cpp:913->C:/pcam5/prj/sol/.autopilot/db/v_demosaic.cpp:1073]   --->   Operation 111 'phi' 'p_0_0_01178_21767_ph_i' <Predicate = (!icmp_ln881 & icmp_ln891)> <Delay = 0.00>
ST_2 : Operation 112 [1/1] (0.00ns)   --->   "%p_0_0_01179_21765_ph_i = phi i8 %trunc_ln913, void %VITIS_LOOP_914_7.i, i8 %trunc_ln902, void %VITIS_LOOP_894_3.i" [C:/pcam5/prj/sol/.autopilot/db/v_demosaic.cpp:913->C:/pcam5/prj/sol/.autopilot/db/v_demosaic.cpp:1073]   --->   Operation 112 'phi' 'p_0_0_01179_21765_ph_i' <Predicate = (!icmp_ln881 & icmp_ln891)> <Delay = 0.00>
ST_2 : Operation 113 [1/1] (0.39ns)   --->   "%select_ln957 = select i1 %icmp_ln957, i8 %trunc_ln902, i8 %right_3" [C:/pcam5/prj/sol/.autopilot/db/v_demosaic.cpp:957->C:/pcam5/prj/sol/.autopilot/db/v_demosaic.cpp:1073]   --->   Operation 113 'select' 'select_ln957' <Predicate = (!icmp_ln881 & icmp_ln891)> <Delay = 0.39> <CoreInst = "Sel">   --->   Core 73 'Sel' <Latency = 0> <II = 1> <Delay = 0.39> <FuncUnit> <Opcode : 'select'> <InPorts = 3> <OutPorts = 1>
ST_2 : Operation 114 [1/1] (0.39ns)   --->   "%select_ln957_1 = select i1 %icmp_ln957, i8 %tmp_i, i8 %right_4" [C:/pcam5/prj/sol/.autopilot/db/v_demosaic.cpp:957->C:/pcam5/prj/sol/.autopilot/db/v_demosaic.cpp:1073]   --->   Operation 114 'select' 'select_ln957_1' <Predicate = (!icmp_ln881 & icmp_ln891)> <Delay = 0.39> <CoreInst = "Sel">   --->   Core 73 'Sel' <Latency = 0> <II = 1> <Delay = 0.39> <FuncUnit> <Opcode : 'select'> <InPorts = 3> <OutPorts = 1>
ST_2 : Operation 115 [1/1] (0.39ns)   --->   "%select_ln957_2 = select i1 %icmp_ln957, i8 %tmp_1_i, i8 %right_5" [C:/pcam5/prj/sol/.autopilot/db/v_demosaic.cpp:957->C:/pcam5/prj/sol/.autopilot/db/v_demosaic.cpp:1073]   --->   Operation 115 'select' 'select_ln957_2' <Predicate = (!icmp_ln881 & icmp_ln891)> <Delay = 0.39> <CoreInst = "Sel">   --->   Core 73 'Sel' <Latency = 0> <II = 1> <Delay = 0.39> <FuncUnit> <Opcode : 'select'> <InPorts = 3> <OutPorts = 1>
ST_2 : Operation 116 [1/1] (0.39ns)   --->   "%select_ln957_3 = select i1 %icmp_ln957, i8 %trunc_ln902, i8 %p_0_0_0_0_011581695_i_load" [C:/pcam5/prj/sol/.autopilot/db/v_demosaic.cpp:957->C:/pcam5/prj/sol/.autopilot/db/v_demosaic.cpp:1073]   --->   Operation 116 'select' 'select_ln957_3' <Predicate = (!icmp_ln881 & icmp_ln891)> <Delay = 0.39> <CoreInst = "Sel">   --->   Core 73 'Sel' <Latency = 0> <II = 1> <Delay = 0.39> <FuncUnit> <Opcode : 'select'> <InPorts = 3> <OutPorts = 1>
ST_2 : Operation 117 [1/1] (0.39ns)   --->   "%select_ln957_4 = select i1 %icmp_ln957, i8 %tmp_i, i8 %p_0_1_0_0_011591698_i_load" [C:/pcam5/prj/sol/.autopilot/db/v_demosaic.cpp:957->C:/pcam5/prj/sol/.autopilot/db/v_demosaic.cpp:1073]   --->   Operation 117 'select' 'select_ln957_4' <Predicate = (!icmp_ln881 & icmp_ln891)> <Delay = 0.39> <CoreInst = "Sel">   --->   Core 73 'Sel' <Latency = 0> <II = 1> <Delay = 0.39> <FuncUnit> <Opcode : 'select'> <InPorts = 3> <OutPorts = 1>
ST_2 : Operation 118 [1/1] (0.39ns)   --->   "%select_ln957_5 = select i1 %icmp_ln957, i8 %tmp_1_i, i8 %p_0_2_0_0_011601701_i_load" [C:/pcam5/prj/sol/.autopilot/db/v_demosaic.cpp:957->C:/pcam5/prj/sol/.autopilot/db/v_demosaic.cpp:1073]   --->   Operation 118 'select' 'select_ln957_5' <Predicate = (!icmp_ln881 & icmp_ln891)> <Delay = 0.39> <CoreInst = "Sel">   --->   Core 73 'Sel' <Latency = 0> <II = 1> <Delay = 0.39> <FuncUnit> <Opcode : 'select'> <InPorts = 3> <OutPorts = 1>
ST_2 : Operation 119 [1/1] (0.39ns)   --->   "%select_ln957_6 = select i1 %icmp_ln957, i8 %tmp_4_i, i8 %p_0_0_0116417751786_i_load" [C:/pcam5/prj/sol/.autopilot/db/v_demosaic.cpp:957->C:/pcam5/prj/sol/.autopilot/db/v_demosaic.cpp:1073]   --->   Operation 119 'select' 'select_ln957_6' <Predicate = (!icmp_ln881 & icmp_ln891)> <Delay = 0.39> <CoreInst = "Sel">   --->   Core 73 'Sel' <Latency = 0> <II = 1> <Delay = 0.39> <FuncUnit> <Opcode : 'select'> <InPorts = 3> <OutPorts = 1>
ST_2 : Operation 120 [1/1] (0.39ns)   --->   "%select_ln957_7 = select i1 %icmp_ln957, i8 %tmp_3_i, i8 %p_0_0_0116517731784_i_load" [C:/pcam5/prj/sol/.autopilot/db/v_demosaic.cpp:957->C:/pcam5/prj/sol/.autopilot/db/v_demosaic.cpp:1073]   --->   Operation 120 'select' 'select_ln957_7' <Predicate = (!icmp_ln881 & icmp_ln891)> <Delay = 0.39> <CoreInst = "Sel">   --->   Core 73 'Sel' <Latency = 0> <II = 1> <Delay = 0.39> <FuncUnit> <Opcode : 'select'> <InPorts = 3> <OutPorts = 1>
ST_2 : Operation 121 [1/1] (0.39ns)   --->   "%select_ln957_8 = select i1 %icmp_ln957, i8 %trunc_ln902_1, i8 %p_0_0_0116617711782_i_load" [C:/pcam5/prj/sol/.autopilot/db/v_demosaic.cpp:957->C:/pcam5/prj/sol/.autopilot/db/v_demosaic.cpp:1073]   --->   Operation 121 'select' 'select_ln957_8' <Predicate = (!icmp_ln881 & icmp_ln891)> <Delay = 0.39> <CoreInst = "Sel">   --->   Core 73 'Sel' <Latency = 0> <II = 1> <Delay = 0.39> <FuncUnit> <Opcode : 'select'> <InPorts = 3> <OutPorts = 1>
ST_2 : Operation 122 [1/1] (0.39ns)   --->   "%select_ln957_9 = select i1 %icmp_ln957, i8 %p_0_0_01177_21769_ph_i, i8 %p_0_0_01177_217691798_i_load" [C:/pcam5/prj/sol/.autopilot/db/v_demosaic.cpp:957->C:/pcam5/prj/sol/.autopilot/db/v_demosaic.cpp:1073]   --->   Operation 122 'select' 'select_ln957_9' <Predicate = (!icmp_ln881 & icmp_ln891)> <Delay = 0.39> <CoreInst = "Sel">   --->   Core 73 'Sel' <Latency = 0> <II = 1> <Delay = 0.39> <FuncUnit> <Opcode : 'select'> <InPorts = 3> <OutPorts = 1>
ST_2 : Operation 123 [1/1] (0.39ns)   --->   "%select_ln957_10 = select i1 %icmp_ln957, i8 %p_0_0_01178_21767_ph_i, i8 %p_0_0_01178_217671796_i_load" [C:/pcam5/prj/sol/.autopilot/db/v_demosaic.cpp:957->C:/pcam5/prj/sol/.autopilot/db/v_demosaic.cpp:1073]   --->   Operation 123 'select' 'select_ln957_10' <Predicate = (!icmp_ln881 & icmp_ln891)> <Delay = 0.39> <CoreInst = "Sel">   --->   Core 73 'Sel' <Latency = 0> <II = 1> <Delay = 0.39> <FuncUnit> <Opcode : 'select'> <InPorts = 3> <OutPorts = 1>
ST_2 : Operation 124 [1/1] (0.39ns)   --->   "%select_ln957_11 = select i1 %icmp_ln957, i8 %p_0_0_01179_21765_ph_i, i8 %p_0_0_01179_217651794_i_load" [C:/pcam5/prj/sol/.autopilot/db/v_demosaic.cpp:957->C:/pcam5/prj/sol/.autopilot/db/v_demosaic.cpp:1073]   --->   Operation 124 'select' 'select_ln957_11' <Predicate = (!icmp_ln881 & icmp_ln891)> <Delay = 0.39> <CoreInst = "Sel">   --->   Core 73 'Sel' <Latency = 0> <II = 1> <Delay = 0.39> <FuncUnit> <Opcode : 'select'> <InPorts = 3> <OutPorts = 1>
ST_2 : Operation 125 [1/1] (0.39ns)   --->   "%select_ln975 = select i1 %icmp_ln975, i8 %trunc_ln902, i8 %p_0_0_01179_21765_ph_i" [C:/pcam5/prj/sol/.autopilot/db/v_demosaic.cpp:975->C:/pcam5/prj/sol/.autopilot/db/v_demosaic.cpp:1073]   --->   Operation 125 'select' 'select_ln975' <Predicate = (!icmp_ln881 & icmp_ln891)> <Delay = 0.39> <CoreInst = "Sel">   --->   Core 73 'Sel' <Latency = 0> <II = 1> <Delay = 0.39> <FuncUnit> <Opcode : 'select'> <InPorts = 3> <OutPorts = 1>
ST_2 : Operation 126 [1/1] (0.39ns)   --->   "%select_ln975_1 = select i1 %icmp_ln975, i8 %tmp_i, i8 %p_0_0_01178_21767_ph_i" [C:/pcam5/prj/sol/.autopilot/db/v_demosaic.cpp:975->C:/pcam5/prj/sol/.autopilot/db/v_demosaic.cpp:1073]   --->   Operation 126 'select' 'select_ln975_1' <Predicate = (!icmp_ln881 & icmp_ln891)> <Delay = 0.39> <CoreInst = "Sel">   --->   Core 73 'Sel' <Latency = 0> <II = 1> <Delay = 0.39> <FuncUnit> <Opcode : 'select'> <InPorts = 3> <OutPorts = 1>
ST_2 : Operation 127 [1/1] (0.39ns)   --->   "%select_ln975_2 = select i1 %icmp_ln975, i8 %tmp_1_i, i8 %p_0_0_01177_21769_ph_i" [C:/pcam5/prj/sol/.autopilot/db/v_demosaic.cpp:975->C:/pcam5/prj/sol/.autopilot/db/v_demosaic.cpp:1073]   --->   Operation 127 'select' 'select_ln975_2' <Predicate = (!icmp_ln881 & icmp_ln891)> <Delay = 0.39> <CoreInst = "Sel">   --->   Core 73 'Sel' <Latency = 0> <II = 1> <Delay = 0.39> <FuncUnit> <Opcode : 'select'> <InPorts = 3> <OutPorts = 1>
ST_2 : Operation 128 [1/1] (0.00ns)   --->   "%LineBufVal_4 = bitconcatenate i24 @_ssdm_op_BitConcatenate.i24.i8.i8.i8, i8 %select_ln975_2, i8 %select_ln975_1, i8 %select_ln975" [C:/pcam5/prj/sol/.autopilot/db/v_demosaic.cpp:984->C:/pcam5/prj/sol/.autopilot/db/v_demosaic.cpp:1073]   --->   Operation 128 'bitconcatenate' 'LineBufVal_4' <Predicate = (!icmp_ln881 & icmp_ln891)> <Delay = 0.00>
ST_2 : Operation 129 [1/1] ( I:1.23ns O:1.23ns )   --->   "%store_ln987 = store i24 %LineBufVal_4, i11 %lineBuffer_2_addr" [C:/pcam5/prj/sol/.autopilot/db/v_demosaic.cpp:987->C:/pcam5/prj/sol/.autopilot/db/v_demosaic.cpp:1073]   --->   Operation 129 'store' 'store_ln987' <Predicate = (!icmp_ln881 & icmp_ln891)> <Delay = 1.23> <CoreInst = "RAM">   --->   Core 82 'RAM' <Latency = 1> <II = 1> <Delay = 1.23> <Storage> <Opcode : 'load' 'store'> <Ports = 2> <Width = 24> <Depth = 1921> <RAM>
ST_2 : Operation 130 [1/1] (0.42ns)   --->   "%store_ln913 = store i8 %p_0_0_01177_21769_ph_i, i8 %p_0_0_01177_217691798_i" [C:/pcam5/prj/sol/.autopilot/db/v_demosaic.cpp:913->C:/pcam5/prj/sol/.autopilot/db/v_demosaic.cpp:1073]   --->   Operation 130 'store' 'store_ln913' <Predicate = (!icmp_ln881 & icmp_ln891)> <Delay = 0.42>
ST_2 : Operation 131 [1/1] (0.42ns)   --->   "%store_ln913 = store i8 %p_0_0_01178_21767_ph_i, i8 %p_0_0_01178_217671796_i" [C:/pcam5/prj/sol/.autopilot/db/v_demosaic.cpp:913->C:/pcam5/prj/sol/.autopilot/db/v_demosaic.cpp:1073]   --->   Operation 131 'store' 'store_ln913' <Predicate = (!icmp_ln881 & icmp_ln891)> <Delay = 0.42>
ST_2 : Operation 132 [1/1] (0.42ns)   --->   "%store_ln913 = store i8 %p_0_0_01179_21765_ph_i, i8 %p_0_0_01179_217651794_i" [C:/pcam5/prj/sol/.autopilot/db/v_demosaic.cpp:913->C:/pcam5/prj/sol/.autopilot/db/v_demosaic.cpp:1073]   --->   Operation 132 'store' 'store_ln913' <Predicate = (!icmp_ln881 & icmp_ln891)> <Delay = 0.42>
ST_2 : Operation 133 [1/1] (0.42ns)   --->   "%store_ln1018 = store i8 %tmp_1_i, i8 %right_2" [C:/pcam5/prj/sol/.autopilot/db/v_demosaic.cpp:1018->C:/pcam5/prj/sol/.autopilot/db/v_demosaic.cpp:1073]   --->   Operation 133 'store' 'store_ln1018' <Predicate = (!icmp_ln881 & icmp_ln891)> <Delay = 0.42>
ST_2 : Operation 134 [1/1] (0.42ns)   --->   "%store_ln1018 = store i8 %tmp_i, i8 %right_1" [C:/pcam5/prj/sol/.autopilot/db/v_demosaic.cpp:1018->C:/pcam5/prj/sol/.autopilot/db/v_demosaic.cpp:1073]   --->   Operation 134 'store' 'store_ln1018' <Predicate = (!icmp_ln881 & icmp_ln891)> <Delay = 0.42>
ST_2 : Operation 135 [1/1] (0.42ns)   --->   "%store_ln1018 = store i8 %trunc_ln902, i8 %right" [C:/pcam5/prj/sol/.autopilot/db/v_demosaic.cpp:1018->C:/pcam5/prj/sol/.autopilot/db/v_demosaic.cpp:1073]   --->   Operation 135 'store' 'store_ln1018' <Predicate = (!icmp_ln881 & icmp_ln891)> <Delay = 0.42>
ST_2 : Operation 136 [1/1] (0.42ns)   --->   "%store_ln902 = store i8 %tmp_4_i, i8 %p_0_0_0116417751786_i" [C:/pcam5/prj/sol/.autopilot/db/v_demosaic.cpp:902->C:/pcam5/prj/sol/.autopilot/db/v_demosaic.cpp:1073]   --->   Operation 136 'store' 'store_ln902' <Predicate = (!icmp_ln881 & icmp_ln891)> <Delay = 0.42>
ST_2 : Operation 137 [1/1] (0.42ns)   --->   "%store_ln902 = store i8 %tmp_3_i, i8 %p_0_0_0116517731784_i" [C:/pcam5/prj/sol/.autopilot/db/v_demosaic.cpp:902->C:/pcam5/prj/sol/.autopilot/db/v_demosaic.cpp:1073]   --->   Operation 137 'store' 'store_ln902' <Predicate = (!icmp_ln881 & icmp_ln891)> <Delay = 0.42>
ST_2 : Operation 138 [1/1] (0.42ns)   --->   "%store_ln902 = store i8 %trunc_ln902_1, i8 %p_0_0_0116617711782_i" [C:/pcam5/prj/sol/.autopilot/db/v_demosaic.cpp:902->C:/pcam5/prj/sol/.autopilot/db/v_demosaic.cpp:1073]   --->   Operation 138 'store' 'store_ln902' <Predicate = (!icmp_ln881 & icmp_ln891)> <Delay = 0.42>
ST_2 : Operation 139 [1/1] (0.00ns)   --->   "%pix_8 = phi i8 %select_ln957_2, void %VITIS_LOOP_940_11.i, i8 %right_5, void %for.body14.split.i"   --->   Operation 139 'phi' 'pix_8' <Predicate = (!icmp_ln881)> <Delay = 0.00>
ST_2 : Operation 140 [1/1] (0.00ns)   --->   "%pix_7 = phi i8 %select_ln957_1, void %VITIS_LOOP_940_11.i, i8 %right_4, void %for.body14.split.i"   --->   Operation 140 'phi' 'pix_7' <Predicate = (!icmp_ln881)> <Delay = 0.00>
ST_2 : Operation 141 [1/1] (0.00ns)   --->   "%pix = phi i8 %select_ln957, void %VITIS_LOOP_940_11.i, i8 %right_3, void %for.body14.split.i"   --->   Operation 141 'phi' 'pix' <Predicate = (!icmp_ln881)> <Delay = 0.00>
ST_2 : Operation 142 [1/1] (0.42ns)   --->   "%store_ln957 = store i8 %pix_8, i8 %p_0_2_0_0_011601701_i" [C:/pcam5/prj/sol/.autopilot/db/v_demosaic.cpp:957->C:/pcam5/prj/sol/.autopilot/db/v_demosaic.cpp:1073]   --->   Operation 142 'store' 'store_ln957' <Predicate = (!icmp_ln881)> <Delay = 0.42>
ST_2 : Operation 143 [1/1] (0.42ns)   --->   "%store_ln957 = store i8 %pix_7, i8 %p_0_1_0_0_011591698_i" [C:/pcam5/prj/sol/.autopilot/db/v_demosaic.cpp:957->C:/pcam5/prj/sol/.autopilot/db/v_demosaic.cpp:1073]   --->   Operation 143 'store' 'store_ln957' <Predicate = (!icmp_ln881)> <Delay = 0.42>
ST_2 : Operation 144 [1/1] (0.42ns)   --->   "%store_ln957 = store i8 %pix, i8 %p_0_0_0_0_011581695_i" [C:/pcam5/prj/sol/.autopilot/db/v_demosaic.cpp:957->C:/pcam5/prj/sol/.autopilot/db/v_demosaic.cpp:1073]   --->   Operation 144 'store' 'store_ln957' <Predicate = (!icmp_ln881)> <Delay = 0.42>
ST_2 : Operation 145 [1/1] (0.00ns)   --->   "%br_ln881 = br void %for.body14.i" [C:/pcam5/prj/sol/.autopilot/db/v_demosaic.cpp:881->C:/pcam5/prj/sol/.autopilot/db/v_demosaic.cpp:1073]   --->   Operation 145 'br' 'br_ln881' <Predicate = (!icmp_ln881)> <Delay = 0.00>

State 3 <SV = 2> <Delay = 4.63>
ST_3 : Operation 146 [1/1] (0.00ns)   --->   "%down_2 = phi i8 %select_ln957_9, void %VITIS_LOOP_940_11.i, i8 %p_0_0_01177_217691798_i_load, void %for.body14.split.i" [C:/pcam5/prj/sol/.autopilot/db/v_demosaic.cpp:957->C:/pcam5/prj/sol/.autopilot/db/v_demosaic.cpp:1073]   --->   Operation 146 'phi' 'down_2' <Predicate = true> <Delay = 0.00>
ST_3 : Operation 147 [1/1] (0.00ns)   --->   "%down_1 = phi i8 %select_ln957_10, void %VITIS_LOOP_940_11.i, i8 %p_0_0_01178_217671796_i_load, void %for.body14.split.i" [C:/pcam5/prj/sol/.autopilot/db/v_demosaic.cpp:957->C:/pcam5/prj/sol/.autopilot/db/v_demosaic.cpp:1073]   --->   Operation 147 'phi' 'down_1' <Predicate = true> <Delay = 0.00>
ST_3 : Operation 148 [1/1] (0.00ns)   --->   "%down = phi i8 %select_ln957_11, void %VITIS_LOOP_940_11.i, i8 %p_0_0_01179_217651794_i_load, void %for.body14.split.i" [C:/pcam5/prj/sol/.autopilot/db/v_demosaic.cpp:957->C:/pcam5/prj/sol/.autopilot/db/v_demosaic.cpp:1073]   --->   Operation 148 'phi' 'down' <Predicate = true> <Delay = 0.00>
ST_3 : Operation 149 [1/1] (0.00ns)   --->   "%left_2 = phi i8 %select_ln957_5, void %VITIS_LOOP_940_11.i, i8 %p_0_2_0_0_011601701_i_load, void %for.body14.split.i" [C:/pcam5/prj/sol/.autopilot/db/v_demosaic.cpp:957->C:/pcam5/prj/sol/.autopilot/db/v_demosaic.cpp:1073]   --->   Operation 149 'phi' 'left_2' <Predicate = true> <Delay = 0.00>
ST_3 : Operation 150 [1/1] (0.00ns)   --->   "%left_1 = phi i8 %select_ln957_4, void %VITIS_LOOP_940_11.i, i8 %p_0_1_0_0_011591698_i_load, void %for.body14.split.i" [C:/pcam5/prj/sol/.autopilot/db/v_demosaic.cpp:957->C:/pcam5/prj/sol/.autopilot/db/v_demosaic.cpp:1073]   --->   Operation 150 'phi' 'left_1' <Predicate = true> <Delay = 0.00>
ST_3 : Operation 151 [1/1] (0.00ns)   --->   "%left = phi i8 %select_ln957_3, void %VITIS_LOOP_940_11.i, i8 %p_0_0_0_0_011581695_i_load, void %for.body14.split.i" [C:/pcam5/prj/sol/.autopilot/db/v_demosaic.cpp:957->C:/pcam5/prj/sol/.autopilot/db/v_demosaic.cpp:1073]   --->   Operation 151 'phi' 'left' <Predicate = true> <Delay = 0.00>
ST_3 : Operation 152 [1/1] (0.00ns)   --->   "%up_2 = phi i8 %select_ln957_6, void %VITIS_LOOP_940_11.i, i8 %p_0_0_0116417751786_i_load, void %for.body14.split.i" [C:/pcam5/prj/sol/.autopilot/db/v_demosaic.cpp:957->C:/pcam5/prj/sol/.autopilot/db/v_demosaic.cpp:1073]   --->   Operation 152 'phi' 'up_2' <Predicate = true> <Delay = 0.00>
ST_3 : Operation 153 [1/1] (0.00ns)   --->   "%up_1 = phi i8 %select_ln957_7, void %VITIS_LOOP_940_11.i, i8 %p_0_0_0116517731784_i_load, void %for.body14.split.i" [C:/pcam5/prj/sol/.autopilot/db/v_demosaic.cpp:957->C:/pcam5/prj/sol/.autopilot/db/v_demosaic.cpp:1073]   --->   Operation 153 'phi' 'up_1' <Predicate = true> <Delay = 0.00>
ST_3 : Operation 154 [1/1] (0.00ns)   --->   "%up = phi i8 %select_ln957_8, void %VITIS_LOOP_940_11.i, i8 %p_0_0_0116617711782_i_load, void %for.body14.split.i" [C:/pcam5/prj/sol/.autopilot/db/v_demosaic.cpp:957->C:/pcam5/prj/sol/.autopilot/db/v_demosaic.cpp:1073]   --->   Operation 154 'phi' 'up' <Predicate = true> <Delay = 0.00>
ST_3 : Operation 155 [1/1] (0.00ns)   --->   "%right_load_1 = load i8 %right" [C:/pcam5/prj/sol/.autopilot/db/v_demosaic.cpp:1023->C:/pcam5/prj/sol/.autopilot/db/v_demosaic.cpp:1073]   --->   Operation 155 'load' 'right_load_1' <Predicate = true> <Delay = 0.00>
ST_3 : Operation 156 [1/1] (0.00ns)   --->   "%right_1_load_1 = load i8 %right_1" [C:/pcam5/prj/sol/.autopilot/db/v_demosaic.cpp:1025->C:/pcam5/prj/sol/.autopilot/db/v_demosaic.cpp:1073]   --->   Operation 156 'load' 'right_1_load_1' <Predicate = true> <Delay = 0.00>
ST_3 : Operation 157 [1/1] (0.00ns)   --->   "%right_2_load_1 = load i8 %right_2" [C:/pcam5/prj/sol/.autopilot/db/v_demosaic.cpp:1027->C:/pcam5/prj/sol/.autopilot/db/v_demosaic.cpp:1073]   --->   Operation 157 'load' 'right_2_load_1' <Predicate = true> <Delay = 0.00>
ST_3 : Operation 158 [1/1] (0.00ns)   --->   "%zext_ln1023 = zext i8 %left" [C:/pcam5/prj/sol/.autopilot/db/v_demosaic.cpp:1023->C:/pcam5/prj/sol/.autopilot/db/v_demosaic.cpp:1073]   --->   Operation 158 'zext' 'zext_ln1023' <Predicate = true> <Delay = 0.00>
ST_3 : Operation 159 [1/1] (0.00ns)   --->   "%zext_ln1023_1 = zext i8 %right_load_1" [C:/pcam5/prj/sol/.autopilot/db/v_demosaic.cpp:1023->C:/pcam5/prj/sol/.autopilot/db/v_demosaic.cpp:1073]   --->   Operation 159 'zext' 'zext_ln1023_1' <Predicate = true> <Delay = 0.00>
ST_3 : Operation 160 [1/1] (0.76ns)   --->   "%sub_ln1023 = sub i9 %zext_ln1023, i9 %zext_ln1023_1" [C:/pcam5/prj/sol/.autopilot/db/v_demosaic.cpp:1023->C:/pcam5/prj/sol/.autopilot/db/v_demosaic.cpp:1073]   --->   Operation 160 'sub' 'sub_ln1023' <Predicate = true> <Delay = 0.76> <CoreInst = "Adder">   --->   Core 1 'Adder' <Latency = 0> <II = 1> <Delay = 0.76> <FuncUnit> <Opcode : 'add' 'sub'> <InPorts = 2> <OutPorts = 1>
ST_3 : Operation 161 [1/1] (0.00ns)   --->   "%trunc_ln61 = trunc i9 %sub_ln1023" [C:/AMDDesignTools/2025.2/Vitis/tps/mingw/8.3.0/win64.o/nt\lib\gcc\x86_64-w64-mingw32\8.3.0\include\c++\bits/std_abs.h:61->C:/pcam5/prj/sol/.autopilot/db/v_demosaic.cpp:1023->C:/pcam5/prj/sol/.autopilot/db/v_demosaic.cpp:1073]   --->   Operation 161 'trunc' 'trunc_ln61' <Predicate = true> <Delay = 0.00>
ST_3 : Operation 162 [1/1] (0.00ns) (grouped into LUT with out node add_ln1030)   --->   "%tmp_10 = bitselect i1 @_ssdm_op_BitSelect.i1.i9.i32, i9 %sub_ln1023, i32 8" [C:/AMDDesignTools/2025.2/Vitis/tps/mingw/8.3.0/win64.o/nt\lib\gcc\x86_64-w64-mingw32\8.3.0\include\c++\bits/std_abs.h:61->C:/pcam5/prj/sol/.autopilot/db/v_demosaic.cpp:1023->C:/pcam5/prj/sol/.autopilot/db/v_demosaic.cpp:1073]   --->   Operation 162 'bitselect' 'tmp_10' <Predicate = true> <Delay = 0.00>
ST_3 : Operation 163 [1/1] (0.76ns)   --->   "%sub_ln61 = sub i8 0, i8 %trunc_ln61" [C:/AMDDesignTools/2025.2/Vitis/tps/mingw/8.3.0/win64.o/nt\lib\gcc\x86_64-w64-mingw32\8.3.0\include\c++\bits/std_abs.h:61->C:/pcam5/prj/sol/.autopilot/db/v_demosaic.cpp:1023->C:/pcam5/prj/sol/.autopilot/db/v_demosaic.cpp:1073]   --->   Operation 163 'sub' 'sub_ln61' <Predicate = true> <Delay = 0.76> <CoreInst = "Adder">   --->   Core 1 'Adder' <Latency = 0> <II = 1> <Delay = 0.76> <FuncUnit> <Opcode : 'add' 'sub'> <InPorts = 2> <OutPorts = 1>
ST_3 : Operation 164 [1/1] (0.00ns) (grouped into LUT with out node add_ln1030)   --->   "%DRh = select i1 %tmp_10, i8 %sub_ln61, i8 %trunc_ln61" [C:/AMDDesignTools/2025.2/Vitis/tps/mingw/8.3.0/win64.o/nt\lib\gcc\x86_64-w64-mingw32\8.3.0\include\c++\bits/std_abs.h:61->C:/pcam5/prj/sol/.autopilot/db/v_demosaic.cpp:1023->C:/pcam5/prj/sol/.autopilot/db/v_demosaic.cpp:1073]   --->   Operation 164 'select' 'DRh' <Predicate = true> <Delay = 0.00> <CoreInst = "Sel">   --->   Core 73 'Sel' <Latency = 0> <II = 1> <Delay = 0.39> <FuncUnit> <Opcode : 'select'> <InPorts = 3> <OutPorts = 1>
ST_3 : Operation 165 [1/1] (0.00ns)   --->   "%zext_ln1024 = zext i8 %up" [C:/pcam5/prj/sol/.autopilot/db/v_demosaic.cpp:1024->C:/pcam5/prj/sol/.autopilot/db/v_demosaic.cpp:1073]   --->   Operation 165 'zext' 'zext_ln1024' <Predicate = true> <Delay = 0.00>
ST_3 : Operation 166 [1/1] (0.00ns)   --->   "%zext_ln1024_1 = zext i8 %down" [C:/pcam5/prj/sol/.autopilot/db/v_demosaic.cpp:1024->C:/pcam5/prj/sol/.autopilot/db/v_demosaic.cpp:1073]   --->   Operation 166 'zext' 'zext_ln1024_1' <Predicate = true> <Delay = 0.00>
ST_3 : Operation 167 [1/1] (0.76ns)   --->   "%sub_ln1024 = sub i9 %zext_ln1024, i9 %zext_ln1024_1" [C:/pcam5/prj/sol/.autopilot/db/v_demosaic.cpp:1024->C:/pcam5/prj/sol/.autopilot/db/v_demosaic.cpp:1073]   --->   Operation 167 'sub' 'sub_ln1024' <Predicate = true> <Delay = 0.76> <CoreInst = "Adder">   --->   Core 1 'Adder' <Latency = 0> <II = 1> <Delay = 0.76> <FuncUnit> <Opcode : 'add' 'sub'> <InPorts = 2> <OutPorts = 1>
ST_3 : Operation 168 [1/1] (0.00ns)   --->   "%trunc_ln61_4 = trunc i9 %sub_ln1024" [C:/AMDDesignTools/2025.2/Vitis/tps/mingw/8.3.0/win64.o/nt\lib\gcc\x86_64-w64-mingw32\8.3.0\include\c++\bits/std_abs.h:61->C:/pcam5/prj/sol/.autopilot/db/v_demosaic.cpp:1024->C:/pcam5/prj/sol/.autopilot/db/v_demosaic.cpp:1073]   --->   Operation 168 'trunc' 'trunc_ln61_4' <Predicate = true> <Delay = 0.00>
ST_3 : Operation 169 [1/1] (0.00ns) (grouped into LUT with out node add_ln1030_2)   --->   "%tmp_11 = bitselect i1 @_ssdm_op_BitSelect.i1.i9.i32, i9 %sub_ln1024, i32 8" [C:/AMDDesignTools/2025.2/Vitis/tps/mingw/8.3.0/win64.o/nt\lib\gcc\x86_64-w64-mingw32\8.3.0\include\c++\bits/std_abs.h:61->C:/pcam5/prj/sol/.autopilot/db/v_demosaic.cpp:1024->C:/pcam5/prj/sol/.autopilot/db/v_demosaic.cpp:1073]   --->   Operation 169 'bitselect' 'tmp_11' <Predicate = true> <Delay = 0.00>
ST_3 : Operation 170 [1/1] (0.76ns)   --->   "%sub_ln61_4 = sub i8 0, i8 %trunc_ln61_4" [C:/AMDDesignTools/2025.2/Vitis/tps/mingw/8.3.0/win64.o/nt\lib\gcc\x86_64-w64-mingw32\8.3.0\include\c++\bits/std_abs.h:61->C:/pcam5/prj/sol/.autopilot/db/v_demosaic.cpp:1024->C:/pcam5/prj/sol/.autopilot/db/v_demosaic.cpp:1073]   --->   Operation 170 'sub' 'sub_ln61_4' <Predicate = true> <Delay = 0.76> <CoreInst = "Adder">   --->   Core 1 'Adder' <Latency = 0> <II = 1> <Delay = 0.76> <FuncUnit> <Opcode : 'add' 'sub'> <InPorts = 2> <OutPorts = 1>
ST_3 : Operation 171 [1/1] (0.00ns) (grouped into LUT with out node add_ln1030_2)   --->   "%DRv = select i1 %tmp_11, i8 %sub_ln61_4, i8 %trunc_ln61_4" [C:/AMDDesignTools/2025.2/Vitis/tps/mingw/8.3.0/win64.o/nt\lib\gcc\x86_64-w64-mingw32\8.3.0\include\c++\bits/std_abs.h:61->C:/pcam5/prj/sol/.autopilot/db/v_demosaic.cpp:1024->C:/pcam5/prj/sol/.autopilot/db/v_demosaic.cpp:1073]   --->   Operation 171 'select' 'DRv' <Predicate = true> <Delay = 0.00> <CoreInst = "Sel">   --->   Core 73 'Sel' <Latency = 0> <II = 1> <Delay = 0.39> <FuncUnit> <Opcode : 'select'> <InPorts = 3> <OutPorts = 1>
ST_3 : Operation 172 [1/1] (0.00ns)   --->   "%zext_ln1025 = zext i8 %left_1" [C:/pcam5/prj/sol/.autopilot/db/v_demosaic.cpp:1025->C:/pcam5/prj/sol/.autopilot/db/v_demosaic.cpp:1073]   --->   Operation 172 'zext' 'zext_ln1025' <Predicate = true> <Delay = 0.00>
ST_3 : Operation 173 [1/1] (0.00ns)   --->   "%zext_ln1025_1 = zext i8 %right_1_load_1" [C:/pcam5/prj/sol/.autopilot/db/v_demosaic.cpp:1025->C:/pcam5/prj/sol/.autopilot/db/v_demosaic.cpp:1073]   --->   Operation 173 'zext' 'zext_ln1025_1' <Predicate = true> <Delay = 0.00>
ST_3 : Operation 174 [1/1] (0.76ns)   --->   "%sub_ln1025 = sub i9 %zext_ln1025, i9 %zext_ln1025_1" [C:/pcam5/prj/sol/.autopilot/db/v_demosaic.cpp:1025->C:/pcam5/prj/sol/.autopilot/db/v_demosaic.cpp:1073]   --->   Operation 174 'sub' 'sub_ln1025' <Predicate = true> <Delay = 0.76> <CoreInst = "Adder">   --->   Core 1 'Adder' <Latency = 0> <II = 1> <Delay = 0.76> <FuncUnit> <Opcode : 'add' 'sub'> <InPorts = 2> <OutPorts = 1>
ST_3 : Operation 175 [1/1] (0.00ns)   --->   "%trunc_ln61_5 = trunc i9 %sub_ln1025" [C:/AMDDesignTools/2025.2/Vitis/tps/mingw/8.3.0/win64.o/nt\lib\gcc\x86_64-w64-mingw32\8.3.0\include\c++\bits/std_abs.h:61->C:/pcam5/prj/sol/.autopilot/db/v_demosaic.cpp:1025->C:/pcam5/prj/sol/.autopilot/db/v_demosaic.cpp:1073]   --->   Operation 175 'trunc' 'trunc_ln61_5' <Predicate = true> <Delay = 0.00>
ST_3 : Operation 176 [1/1] (0.00ns) (grouped into LUT with out node add_ln1030)   --->   "%tmp_12 = bitselect i1 @_ssdm_op_BitSelect.i1.i9.i32, i9 %sub_ln1025, i32 8" [C:/AMDDesignTools/2025.2/Vitis/tps/mingw/8.3.0/win64.o/nt\lib\gcc\x86_64-w64-mingw32\8.3.0\include\c++\bits/std_abs.h:61->C:/pcam5/prj/sol/.autopilot/db/v_demosaic.cpp:1025->C:/pcam5/prj/sol/.autopilot/db/v_demosaic.cpp:1073]   --->   Operation 176 'bitselect' 'tmp_12' <Predicate = true> <Delay = 0.00>
ST_3 : Operation 177 [1/1] (0.76ns)   --->   "%sub_ln61_5 = sub i8 0, i8 %trunc_ln61_5" [C:/AMDDesignTools/2025.2/Vitis/tps/mingw/8.3.0/win64.o/nt\lib\gcc\x86_64-w64-mingw32\8.3.0\include\c++\bits/std_abs.h:61->C:/pcam5/prj/sol/.autopilot/db/v_demosaic.cpp:1025->C:/pcam5/prj/sol/.autopilot/db/v_demosaic.cpp:1073]   --->   Operation 177 'sub' 'sub_ln61_5' <Predicate = true> <Delay = 0.76> <CoreInst = "Adder">   --->   Core 1 'Adder' <Latency = 0> <II = 1> <Delay = 0.76> <FuncUnit> <Opcode : 'add' 'sub'> <InPorts = 2> <OutPorts = 1>
ST_3 : Operation 178 [1/1] (0.00ns) (grouped into LUT with out node add_ln1030)   --->   "%DGh = select i1 %tmp_12, i8 %sub_ln61_5, i8 %trunc_ln61_5" [C:/AMDDesignTools/2025.2/Vitis/tps/mingw/8.3.0/win64.o/nt\lib\gcc\x86_64-w64-mingw32\8.3.0\include\c++\bits/std_abs.h:61->C:/pcam5/prj/sol/.autopilot/db/v_demosaic.cpp:1025->C:/pcam5/prj/sol/.autopilot/db/v_demosaic.cpp:1073]   --->   Operation 178 'select' 'DGh' <Predicate = true> <Delay = 0.00> <CoreInst = "Sel">   --->   Core 73 'Sel' <Latency = 0> <II = 1> <Delay = 0.39> <FuncUnit> <Opcode : 'select'> <InPorts = 3> <OutPorts = 1>
ST_3 : Operation 179 [1/1] (0.00ns)   --->   "%zext_ln1026 = zext i8 %up_1" [C:/pcam5/prj/sol/.autopilot/db/v_demosaic.cpp:1026->C:/pcam5/prj/sol/.autopilot/db/v_demosaic.cpp:1073]   --->   Operation 179 'zext' 'zext_ln1026' <Predicate = true> <Delay = 0.00>
ST_3 : Operation 180 [1/1] (0.00ns)   --->   "%zext_ln1026_1 = zext i8 %down_1" [C:/pcam5/prj/sol/.autopilot/db/v_demosaic.cpp:1026->C:/pcam5/prj/sol/.autopilot/db/v_demosaic.cpp:1073]   --->   Operation 180 'zext' 'zext_ln1026_1' <Predicate = true> <Delay = 0.00>
ST_3 : Operation 181 [1/1] (0.76ns)   --->   "%sub_ln1026 = sub i9 %zext_ln1026, i9 %zext_ln1026_1" [C:/pcam5/prj/sol/.autopilot/db/v_demosaic.cpp:1026->C:/pcam5/prj/sol/.autopilot/db/v_demosaic.cpp:1073]   --->   Operation 181 'sub' 'sub_ln1026' <Predicate = true> <Delay = 0.76> <CoreInst = "Adder">   --->   Core 1 'Adder' <Latency = 0> <II = 1> <Delay = 0.76> <FuncUnit> <Opcode : 'add' 'sub'> <InPorts = 2> <OutPorts = 1>
ST_3 : Operation 182 [1/1] (0.00ns)   --->   "%trunc_ln61_6 = trunc i9 %sub_ln1026" [C:/AMDDesignTools/2025.2/Vitis/tps/mingw/8.3.0/win64.o/nt\lib\gcc\x86_64-w64-mingw32\8.3.0\include\c++\bits/std_abs.h:61->C:/pcam5/prj/sol/.autopilot/db/v_demosaic.cpp:1026->C:/pcam5/prj/sol/.autopilot/db/v_demosaic.cpp:1073]   --->   Operation 182 'trunc' 'trunc_ln61_6' <Predicate = true> <Delay = 0.00>
ST_3 : Operation 183 [1/1] (0.00ns) (grouped into LUT with out node add_ln1030_2)   --->   "%tmp_13 = bitselect i1 @_ssdm_op_BitSelect.i1.i9.i32, i9 %sub_ln1026, i32 8" [C:/AMDDesignTools/2025.2/Vitis/tps/mingw/8.3.0/win64.o/nt\lib\gcc\x86_64-w64-mingw32\8.3.0\include\c++\bits/std_abs.h:61->C:/pcam5/prj/sol/.autopilot/db/v_demosaic.cpp:1026->C:/pcam5/prj/sol/.autopilot/db/v_demosaic.cpp:1073]   --->   Operation 183 'bitselect' 'tmp_13' <Predicate = true> <Delay = 0.00>
ST_3 : Operation 184 [1/1] (0.76ns)   --->   "%sub_ln61_6 = sub i8 0, i8 %trunc_ln61_6" [C:/AMDDesignTools/2025.2/Vitis/tps/mingw/8.3.0/win64.o/nt\lib\gcc\x86_64-w64-mingw32\8.3.0\include\c++\bits/std_abs.h:61->C:/pcam5/prj/sol/.autopilot/db/v_demosaic.cpp:1026->C:/pcam5/prj/sol/.autopilot/db/v_demosaic.cpp:1073]   --->   Operation 184 'sub' 'sub_ln61_6' <Predicate = true> <Delay = 0.76> <CoreInst = "Adder">   --->   Core 1 'Adder' <Latency = 0> <II = 1> <Delay = 0.76> <FuncUnit> <Opcode : 'add' 'sub'> <InPorts = 2> <OutPorts = 1>
ST_3 : Operation 185 [1/1] (0.00ns) (grouped into LUT with out node add_ln1030_2)   --->   "%DGv = select i1 %tmp_13, i8 %sub_ln61_6, i8 %trunc_ln61_6" [C:/AMDDesignTools/2025.2/Vitis/tps/mingw/8.3.0/win64.o/nt\lib\gcc\x86_64-w64-mingw32\8.3.0\include\c++\bits/std_abs.h:61->C:/pcam5/prj/sol/.autopilot/db/v_demosaic.cpp:1026->C:/pcam5/prj/sol/.autopilot/db/v_demosaic.cpp:1073]   --->   Operation 185 'select' 'DGv' <Predicate = true> <Delay = 0.00> <CoreInst = "Sel">   --->   Core 73 'Sel' <Latency = 0> <II = 1> <Delay = 0.39> <FuncUnit> <Opcode : 'select'> <InPorts = 3> <OutPorts = 1>
ST_3 : Operation 186 [1/1] (0.00ns)   --->   "%zext_ln1027 = zext i8 %left_2" [C:/pcam5/prj/sol/.autopilot/db/v_demosaic.cpp:1027->C:/pcam5/prj/sol/.autopilot/db/v_demosaic.cpp:1073]   --->   Operation 186 'zext' 'zext_ln1027' <Predicate = true> <Delay = 0.00>
ST_3 : Operation 187 [1/1] (0.00ns)   --->   "%zext_ln1027_1 = zext i8 %right_2_load_1" [C:/pcam5/prj/sol/.autopilot/db/v_demosaic.cpp:1027->C:/pcam5/prj/sol/.autopilot/db/v_demosaic.cpp:1073]   --->   Operation 187 'zext' 'zext_ln1027_1' <Predicate = true> <Delay = 0.00>
ST_3 : Operation 188 [1/1] (0.76ns)   --->   "%sub_ln1027 = sub i9 %zext_ln1027, i9 %zext_ln1027_1" [C:/pcam5/prj/sol/.autopilot/db/v_demosaic.cpp:1027->C:/pcam5/prj/sol/.autopilot/db/v_demosaic.cpp:1073]   --->   Operation 188 'sub' 'sub_ln1027' <Predicate = true> <Delay = 0.76> <CoreInst = "Adder">   --->   Core 1 'Adder' <Latency = 0> <II = 1> <Delay = 0.76> <FuncUnit> <Opcode : 'add' 'sub'> <InPorts = 2> <OutPorts = 1>
ST_3 : Operation 189 [1/1] (0.00ns)   --->   "%trunc_ln61_7 = trunc i9 %sub_ln1027" [C:/AMDDesignTools/2025.2/Vitis/tps/mingw/8.3.0/win64.o/nt\lib\gcc\x86_64-w64-mingw32\8.3.0\include\c++\bits/std_abs.h:61->C:/pcam5/prj/sol/.autopilot/db/v_demosaic.cpp:1027->C:/pcam5/prj/sol/.autopilot/db/v_demosaic.cpp:1073]   --->   Operation 189 'trunc' 'trunc_ln61_7' <Predicate = true> <Delay = 0.00>
ST_3 : Operation 190 [1/1] (0.00ns) (grouped into LUT with out node add_ln1030_1)   --->   "%tmp_14 = bitselect i1 @_ssdm_op_BitSelect.i1.i9.i32, i9 %sub_ln1027, i32 8" [C:/AMDDesignTools/2025.2/Vitis/tps/mingw/8.3.0/win64.o/nt\lib\gcc\x86_64-w64-mingw32\8.3.0\include\c++\bits/std_abs.h:61->C:/pcam5/prj/sol/.autopilot/db/v_demosaic.cpp:1027->C:/pcam5/prj/sol/.autopilot/db/v_demosaic.cpp:1073]   --->   Operation 190 'bitselect' 'tmp_14' <Predicate = true> <Delay = 0.00>
ST_3 : Operation 191 [1/1] (0.76ns)   --->   "%sub_ln61_7 = sub i8 0, i8 %trunc_ln61_7" [C:/AMDDesignTools/2025.2/Vitis/tps/mingw/8.3.0/win64.o/nt\lib\gcc\x86_64-w64-mingw32\8.3.0\include\c++\bits/std_abs.h:61->C:/pcam5/prj/sol/.autopilot/db/v_demosaic.cpp:1027->C:/pcam5/prj/sol/.autopilot/db/v_demosaic.cpp:1073]   --->   Operation 191 'sub' 'sub_ln61_7' <Predicate = true> <Delay = 0.76> <CoreInst = "Adder">   --->   Core 1 'Adder' <Latency = 0> <II = 1> <Delay = 0.76> <FuncUnit> <Opcode : 'add' 'sub'> <InPorts = 2> <OutPorts = 1>
ST_3 : Operation 192 [1/1] (0.00ns) (grouped into LUT with out node add_ln1030_1)   --->   "%DBh = select i1 %tmp_14, i8 %sub_ln61_7, i8 %trunc_ln61_7" [C:/AMDDesignTools/2025.2/Vitis/tps/mingw/8.3.0/win64.o/nt\lib\gcc\x86_64-w64-mingw32\8.3.0\include\c++\bits/std_abs.h:61->C:/pcam5/prj/sol/.autopilot/db/v_demosaic.cpp:1027->C:/pcam5/prj/sol/.autopilot/db/v_demosaic.cpp:1073]   --->   Operation 192 'select' 'DBh' <Predicate = true> <Delay = 0.00> <CoreInst = "Sel">   --->   Core 73 'Sel' <Latency = 0> <II = 1> <Delay = 0.39> <FuncUnit> <Opcode : 'select'> <InPorts = 3> <OutPorts = 1>
ST_3 : Operation 193 [1/1] (0.00ns)   --->   "%zext_ln1028 = zext i8 %up_2" [C:/pcam5/prj/sol/.autopilot/db/v_demosaic.cpp:1028->C:/pcam5/prj/sol/.autopilot/db/v_demosaic.cpp:1073]   --->   Operation 193 'zext' 'zext_ln1028' <Predicate = true> <Delay = 0.00>
ST_3 : Operation 194 [1/1] (0.00ns)   --->   "%zext_ln1028_1 = zext i8 %down_2" [C:/pcam5/prj/sol/.autopilot/db/v_demosaic.cpp:1028->C:/pcam5/prj/sol/.autopilot/db/v_demosaic.cpp:1073]   --->   Operation 194 'zext' 'zext_ln1028_1' <Predicate = true> <Delay = 0.00>
ST_3 : Operation 195 [1/1] (0.76ns)   --->   "%sub_ln1028 = sub i9 %zext_ln1028, i9 %zext_ln1028_1" [C:/pcam5/prj/sol/.autopilot/db/v_demosaic.cpp:1028->C:/pcam5/prj/sol/.autopilot/db/v_demosaic.cpp:1073]   --->   Operation 195 'sub' 'sub_ln1028' <Predicate = true> <Delay = 0.76> <CoreInst = "Adder">   --->   Core 1 'Adder' <Latency = 0> <II = 1> <Delay = 0.76> <FuncUnit> <Opcode : 'add' 'sub'> <InPorts = 2> <OutPorts = 1>
ST_3 : Operation 196 [1/1] (0.00ns)   --->   "%trunc_ln61_8 = trunc i9 %sub_ln1028" [C:/AMDDesignTools/2025.2/Vitis/tps/mingw/8.3.0/win64.o/nt\lib\gcc\x86_64-w64-mingw32\8.3.0\include\c++\bits/std_abs.h:61->C:/pcam5/prj/sol/.autopilot/db/v_demosaic.cpp:1028->C:/pcam5/prj/sol/.autopilot/db/v_demosaic.cpp:1073]   --->   Operation 196 'trunc' 'trunc_ln61_8' <Predicate = true> <Delay = 0.00>
ST_3 : Operation 197 [1/1] (0.00ns) (grouped into LUT with out node add_ln1030_3)   --->   "%tmp_15 = bitselect i1 @_ssdm_op_BitSelect.i1.i9.i32, i9 %sub_ln1028, i32 8" [C:/AMDDesignTools/2025.2/Vitis/tps/mingw/8.3.0/win64.o/nt\lib\gcc\x86_64-w64-mingw32\8.3.0\include\c++\bits/std_abs.h:61->C:/pcam5/prj/sol/.autopilot/db/v_demosaic.cpp:1028->C:/pcam5/prj/sol/.autopilot/db/v_demosaic.cpp:1073]   --->   Operation 197 'bitselect' 'tmp_15' <Predicate = true> <Delay = 0.00>
ST_3 : Operation 198 [1/1] (0.76ns)   --->   "%sub_ln61_8 = sub i8 0, i8 %trunc_ln61_8" [C:/AMDDesignTools/2025.2/Vitis/tps/mingw/8.3.0/win64.o/nt\lib\gcc\x86_64-w64-mingw32\8.3.0\include\c++\bits/std_abs.h:61->C:/pcam5/prj/sol/.autopilot/db/v_demosaic.cpp:1028->C:/pcam5/prj/sol/.autopilot/db/v_demosaic.cpp:1073]   --->   Operation 198 'sub' 'sub_ln61_8' <Predicate = true> <Delay = 0.76> <CoreInst = "Adder">   --->   Core 1 'Adder' <Latency = 0> <II = 1> <Delay = 0.76> <FuncUnit> <Opcode : 'add' 'sub'> <InPorts = 2> <OutPorts = 1>
ST_3 : Operation 199 [1/1] (0.00ns) (grouped into LUT with out node add_ln1030_3)   --->   "%DBv = select i1 %tmp_15, i8 %sub_ln61_8, i8 %trunc_ln61_8" [C:/AMDDesignTools/2025.2/Vitis/tps/mingw/8.3.0/win64.o/nt\lib\gcc\x86_64-w64-mingw32\8.3.0\include\c++\bits/std_abs.h:61->C:/pcam5/prj/sol/.autopilot/db/v_demosaic.cpp:1028->C:/pcam5/prj/sol/.autopilot/db/v_demosaic.cpp:1073]   --->   Operation 199 'select' 'DBv' <Predicate = true> <Delay = 0.00> <CoreInst = "Sel">   --->   Core 73 'Sel' <Latency = 0> <II = 1> <Delay = 0.39> <FuncUnit> <Opcode : 'select'> <InPorts = 3> <OutPorts = 1>
ST_3 : Operation 200 [1/1] (0.00ns) (grouped into LUT with out node add_ln1030)   --->   "%zext_ln1030 = zext i8 %DRh" [C:/pcam5/prj/sol/.autopilot/db/v_demosaic.cpp:1030->C:/pcam5/prj/sol/.autopilot/db/v_demosaic.cpp:1073]   --->   Operation 200 'zext' 'zext_ln1030' <Predicate = true> <Delay = 0.00>
ST_3 : Operation 201 [1/1] (0.00ns) (grouped into LUT with out node add_ln1030)   --->   "%zext_ln1030_1 = zext i8 %DGh" [C:/pcam5/prj/sol/.autopilot/db/v_demosaic.cpp:1030->C:/pcam5/prj/sol/.autopilot/db/v_demosaic.cpp:1073]   --->   Operation 201 'zext' 'zext_ln1030_1' <Predicate = true> <Delay = 0.00>
ST_3 : Operation 202 [1/1] (0.76ns) (out node of the LUT)   --->   "%add_ln1030 = add i9 %zext_ln1030, i9 %zext_ln1030_1" [C:/pcam5/prj/sol/.autopilot/db/v_demosaic.cpp:1030->C:/pcam5/prj/sol/.autopilot/db/v_demosaic.cpp:1073]   --->   Operation 202 'add' 'add_ln1030' <Predicate = true> <Delay = 0.76> <CoreInst = "Adder">   --->   Core 1 'Adder' <Latency = 0> <II = 1> <Delay = 0.76> <FuncUnit> <Opcode : 'add' 'sub'> <InPorts = 2> <OutPorts = 1>
ST_3 : Operation 203 [1/1] (0.00ns) (grouped into LUT with out node add_ln1030_1)   --->   "%zext_ln1030_2 = zext i9 %add_ln1030" [C:/pcam5/prj/sol/.autopilot/db/v_demosaic.cpp:1030->C:/pcam5/prj/sol/.autopilot/db/v_demosaic.cpp:1073]   --->   Operation 203 'zext' 'zext_ln1030_2' <Predicate = true> <Delay = 0.00>
ST_3 : Operation 204 [1/1] (0.00ns) (grouped into LUT with out node add_ln1030_1)   --->   "%zext_ln1030_3 = zext i8 %DBh" [C:/pcam5/prj/sol/.autopilot/db/v_demosaic.cpp:1030->C:/pcam5/prj/sol/.autopilot/db/v_demosaic.cpp:1073]   --->   Operation 204 'zext' 'zext_ln1030_3' <Predicate = true> <Delay = 0.00>
ST_3 : Operation 205 [1/1] (0.77ns) (out node of the LUT)   --->   "%add_ln1030_1 = add i10 %zext_ln1030_2, i10 %zext_ln1030_3" [C:/pcam5/prj/sol/.autopilot/db/v_demosaic.cpp:1030->C:/pcam5/prj/sol/.autopilot/db/v_demosaic.cpp:1073]   --->   Operation 205 'add' 'add_ln1030_1' <Predicate = true> <Delay = 0.77> <CoreInst = "Adder">   --->   Core 1 'Adder' <Latency = 0> <II = 1> <Delay = 0.77> <FuncUnit> <Opcode : 'add' 'sub'> <InPorts = 2> <OutPorts = 1>
ST_3 : Operation 206 [1/1] (0.00ns) (grouped into LUT with out node add_ln1030_2)   --->   "%zext_ln1030_4 = zext i8 %DRv" [C:/pcam5/prj/sol/.autopilot/db/v_demosaic.cpp:1030->C:/pcam5/prj/sol/.autopilot/db/v_demosaic.cpp:1073]   --->   Operation 206 'zext' 'zext_ln1030_4' <Predicate = true> <Delay = 0.00>
ST_3 : Operation 207 [1/1] (0.00ns) (grouped into LUT with out node add_ln1030_2)   --->   "%zext_ln1030_5 = zext i8 %DGv" [C:/pcam5/prj/sol/.autopilot/db/v_demosaic.cpp:1030->C:/pcam5/prj/sol/.autopilot/db/v_demosaic.cpp:1073]   --->   Operation 207 'zext' 'zext_ln1030_5' <Predicate = true> <Delay = 0.00>
ST_3 : Operation 208 [1/1] (0.76ns) (out node of the LUT)   --->   "%add_ln1030_2 = add i9 %zext_ln1030_4, i9 %zext_ln1030_5" [C:/pcam5/prj/sol/.autopilot/db/v_demosaic.cpp:1030->C:/pcam5/prj/sol/.autopilot/db/v_demosaic.cpp:1073]   --->   Operation 208 'add' 'add_ln1030_2' <Predicate = true> <Delay = 0.76> <CoreInst = "Adder">   --->   Core 1 'Adder' <Latency = 0> <II = 1> <Delay = 0.76> <FuncUnit> <Opcode : 'add' 'sub'> <InPorts = 2> <OutPorts = 1>
ST_3 : Operation 209 [1/1] (0.00ns) (grouped into LUT with out node add_ln1030_3)   --->   "%zext_ln1030_6 = zext i9 %add_ln1030_2" [C:/pcam5/prj/sol/.autopilot/db/v_demosaic.cpp:1030->C:/pcam5/prj/sol/.autopilot/db/v_demosaic.cpp:1073]   --->   Operation 209 'zext' 'zext_ln1030_6' <Predicate = true> <Delay = 0.00>
ST_3 : Operation 210 [1/1] (0.00ns) (grouped into LUT with out node add_ln1030_3)   --->   "%zext_ln1030_7 = zext i8 %DBv" [C:/pcam5/prj/sol/.autopilot/db/v_demosaic.cpp:1030->C:/pcam5/prj/sol/.autopilot/db/v_demosaic.cpp:1073]   --->   Operation 210 'zext' 'zext_ln1030_7' <Predicate = true> <Delay = 0.00>
ST_3 : Operation 211 [1/1] (0.77ns) (out node of the LUT)   --->   "%add_ln1030_3 = add i10 %zext_ln1030_6, i10 %zext_ln1030_7" [C:/pcam5/prj/sol/.autopilot/db/v_demosaic.cpp:1030->C:/pcam5/prj/sol/.autopilot/db/v_demosaic.cpp:1073]   --->   Operation 211 'add' 'add_ln1030_3' <Predicate = true> <Delay = 0.77> <CoreInst = "Adder">   --->   Core 1 'Adder' <Latency = 0> <II = 1> <Delay = 0.77> <FuncUnit> <Opcode : 'add' 'sub'> <InPorts = 2> <OutPorts = 1>
ST_3 : Operation 212 [1/1] (0.78ns)   --->   "%icmp_ln1030 = icmp_ult  i10 %add_ln1030_1, i10 %add_ln1030_3" [C:/pcam5/prj/sol/.autopilot/db/v_demosaic.cpp:1030->C:/pcam5/prj/sol/.autopilot/db/v_demosaic.cpp:1073]   --->   Operation 212 'icmp' 'icmp_ln1030' <Predicate = true> <Delay = 0.78> <CoreInst = "Cmp">   --->   Core 9 'Cmp' <Latency = 0> <II = 1> <Delay = 0.78> <FuncUnit> <Opcode : 'seteq' 'setne' 'setle' 'setge' 'setlt' 'setgt'> <InPorts = 2> <OutPorts = 1>
ST_3 : Operation 213 [1/1] (0.76ns)   --->   "%sub_ln1033 = sub i9 %zext_ln1025, i9 %zext_ln1023" [C:/pcam5/prj/sol/.autopilot/db/v_demosaic.cpp:1033->C:/pcam5/prj/sol/.autopilot/db/v_demosaic.cpp:1073]   --->   Operation 213 'sub' 'sub_ln1033' <Predicate = (!icmp_ln1014)> <Delay = 0.76> <CoreInst = "Adder">   --->   Core 1 'Adder' <Latency = 0> <II = 1> <Delay = 0.76> <FuncUnit> <Opcode : 'add' 'sub'> <InPorts = 2> <OutPorts = 1>
ST_3 : Operation 214 [1/1] (0.76ns)   --->   "%sub_ln1033_1 = sub i9 %zext_ln1025_1, i9 %zext_ln1023_1" [C:/pcam5/prj/sol/.autopilot/db/v_demosaic.cpp:1033->C:/pcam5/prj/sol/.autopilot/db/v_demosaic.cpp:1073]   --->   Operation 214 'sub' 'sub_ln1033_1' <Predicate = (!icmp_ln1014)> <Delay = 0.76> <CoreInst = "Adder">   --->   Core 1 'Adder' <Latency = 0> <II = 1> <Delay = 0.76> <FuncUnit> <Opcode : 'add' 'sub'> <InPorts = 2> <OutPorts = 1>
ST_3 : Operation 215 [1/1] (0.00ns)   --->   "%sext_ln1033 = sext i9 %sub_ln1033" [C:/pcam5/prj/sol/.autopilot/db/v_demosaic.cpp:1033->C:/pcam5/prj/sol/.autopilot/db/v_demosaic.cpp:1073]   --->   Operation 215 'sext' 'sext_ln1033' <Predicate = (!icmp_ln1014)> <Delay = 0.00>
ST_3 : Operation 216 [1/1] (0.00ns)   --->   "%sext_ln1033_1 = sext i9 %sub_ln1033_1" [C:/pcam5/prj/sol/.autopilot/db/v_demosaic.cpp:1033->C:/pcam5/prj/sol/.autopilot/db/v_demosaic.cpp:1073]   --->   Operation 216 'sext' 'sext_ln1033_1' <Predicate = (!icmp_ln1014)> <Delay = 0.00>
ST_3 : Operation 217 [1/1] (0.77ns)   --->   "%add_ln1033 = add i10 %sext_ln1033, i10 %sext_ln1033_1" [C:/pcam5/prj/sol/.autopilot/db/v_demosaic.cpp:1033->C:/pcam5/prj/sol/.autopilot/db/v_demosaic.cpp:1073]   --->   Operation 217 'add' 'add_ln1033' <Predicate = (!icmp_ln1014)> <Delay = 0.77> <CoreInst = "Adder">   --->   Core 1 'Adder' <Latency = 0> <II = 1> <Delay = 0.77> <FuncUnit> <Opcode : 'add' 'sub'> <InPorts = 2> <OutPorts = 1>
ST_3 : Operation 218 [1/1] (0.00ns)   --->   "%sext_ln1033_2 = sext i10 %add_ln1033" [C:/pcam5/prj/sol/.autopilot/db/v_demosaic.cpp:1033->C:/pcam5/prj/sol/.autopilot/db/v_demosaic.cpp:1073]   --->   Operation 218 'sext' 'sext_ln1033_2' <Predicate = (!icmp_ln1014)> <Delay = 0.00>
ST_3 : Operation 219 [1/1] (0.00ns) (grouped into LUT with out node r_0_in_i)   --->   "%tmp_16 = bitselect i1 @_ssdm_op_BitSelect.i1.i10.i32, i10 %add_ln1033, i32 9" [C:/pcam5/prj/sol/.autopilot/db/v_demosaic.cpp:1033->C:/pcam5/prj/sol/.autopilot/db/v_demosaic.cpp:1073]   --->   Operation 219 'bitselect' 'tmp_16' <Predicate = (!icmp_ln1014)> <Delay = 0.00>
ST_3 : Operation 220 [1/1] (0.78ns)   --->   "%sub_ln1033_2 = sub i11 0, i11 %sext_ln1033_2" [C:/pcam5/prj/sol/.autopilot/db/v_demosaic.cpp:1033->C:/pcam5/prj/sol/.autopilot/db/v_demosaic.cpp:1073]   --->   Operation 220 'sub' 'sub_ln1033_2' <Predicate = (!icmp_ln1014)> <Delay = 0.78> <CoreInst = "Adder">   --->   Core 1 'Adder' <Latency = 0> <II = 1> <Delay = 0.78> <FuncUnit> <Opcode : 'add' 'sub'> <InPorts = 2> <OutPorts = 1>
ST_3 : Operation 221 [1/1] (0.00ns)   --->   "%lshr_ln1033_1_cast = partselect i9 @_ssdm_op_PartSelect.i9.i11.i32.i32, i11 %sub_ln1033_2, i32 1, i32 9" [C:/pcam5/prj/sol/.autopilot/db/v_demosaic.cpp:1033->C:/pcam5/prj/sol/.autopilot/db/v_demosaic.cpp:1073]   --->   Operation 221 'partselect' 'lshr_ln1033_1_cast' <Predicate = (!icmp_ln1014)> <Delay = 0.00>
ST_3 : Operation 222 [1/1] (0.77ns)   --->   "%sub_ln1033_3 = sub i9 0, i9 %lshr_ln1033_1_cast" [C:/pcam5/prj/sol/.autopilot/db/v_demosaic.cpp:1033->C:/pcam5/prj/sol/.autopilot/db/v_demosaic.cpp:1073]   --->   Operation 222 'sub' 'sub_ln1033_3' <Predicate = (!icmp_ln1014)> <Delay = 0.77> <CoreInst = "Adder">   --->   Core 1 'Adder' <Latency = 0> <II = 1> <Delay = 0.77> <FuncUnit> <Opcode : 'add' 'sub'> <InPorts = 2> <OutPorts = 1>
ST_3 : Operation 223 [1/1] (0.00ns) (grouped into LUT with out node r_0_in_i)   --->   "%zext_ln = partselect i9 @_ssdm_op_PartSelect.i9.i10.i32.i32, i10 %add_ln1033, i32 1, i32 9" [C:/pcam5/prj/sol/.autopilot/db/v_demosaic.cpp:1033->C:/pcam5/prj/sol/.autopilot/db/v_demosaic.cpp:1073]   --->   Operation 223 'partselect' 'zext_ln' <Predicate = (!icmp_ln1014)> <Delay = 0.00>
ST_3 : Operation 224 [1/1] (0.00ns) (grouped into LUT with out node r_0_in_i)   --->   "%select_ln1033 = select i1 %tmp_16, i9 %sub_ln1033_3, i9 %zext_ln" [C:/pcam5/prj/sol/.autopilot/db/v_demosaic.cpp:1033->C:/pcam5/prj/sol/.autopilot/db/v_demosaic.cpp:1073]   --->   Operation 224 'select' 'select_ln1033' <Predicate = (!icmp_ln1014)> <Delay = 0.00> <CoreInst = "Sel">   --->   Core 73 'Sel' <Latency = 0> <II = 1> <Delay = 0.39> <FuncUnit> <Opcode : 'select'> <InPorts = 3> <OutPorts = 1>
ST_3 : Operation 225 [1/1] (0.00ns)   --->   "%zext_ln1034_1 = zext i8 %pix_7" [C:/pcam5/prj/sol/.autopilot/db/v_demosaic.cpp:1034->C:/pcam5/prj/sol/.autopilot/db/v_demosaic.cpp:1073]   --->   Operation 225 'zext' 'zext_ln1034_1' <Predicate = true> <Delay = 0.00>
ST_3 : Operation 226 [1/1] (0.76ns)   --->   "%sub_ln1034 = sub i9 %zext_ln1025, i9 %zext_ln1027" [C:/pcam5/prj/sol/.autopilot/db/v_demosaic.cpp:1034->C:/pcam5/prj/sol/.autopilot/db/v_demosaic.cpp:1073]   --->   Operation 226 'sub' 'sub_ln1034' <Predicate = (!icmp_ln1014)> <Delay = 0.76> <CoreInst = "Adder">   --->   Core 1 'Adder' <Latency = 0> <II = 1> <Delay = 0.76> <FuncUnit> <Opcode : 'add' 'sub'> <InPorts = 2> <OutPorts = 1>
ST_3 : Operation 227 [1/1] (0.76ns)   --->   "%sub_ln1034_1 = sub i9 %zext_ln1025_1, i9 %zext_ln1027_1" [C:/pcam5/prj/sol/.autopilot/db/v_demosaic.cpp:1034->C:/pcam5/prj/sol/.autopilot/db/v_demosaic.cpp:1073]   --->   Operation 227 'sub' 'sub_ln1034_1' <Predicate = (!icmp_ln1014)> <Delay = 0.76> <CoreInst = "Adder">   --->   Core 1 'Adder' <Latency = 0> <II = 1> <Delay = 0.76> <FuncUnit> <Opcode : 'add' 'sub'> <InPorts = 2> <OutPorts = 1>
ST_3 : Operation 228 [1/1] (0.00ns)   --->   "%sext_ln1034 = sext i9 %sub_ln1034" [C:/pcam5/prj/sol/.autopilot/db/v_demosaic.cpp:1034->C:/pcam5/prj/sol/.autopilot/db/v_demosaic.cpp:1073]   --->   Operation 228 'sext' 'sext_ln1034' <Predicate = (!icmp_ln1014)> <Delay = 0.00>
ST_3 : Operation 229 [1/1] (0.00ns)   --->   "%sext_ln1034_1 = sext i9 %sub_ln1034_1" [C:/pcam5/prj/sol/.autopilot/db/v_demosaic.cpp:1034->C:/pcam5/prj/sol/.autopilot/db/v_demosaic.cpp:1073]   --->   Operation 229 'sext' 'sext_ln1034_1' <Predicate = (!icmp_ln1014)> <Delay = 0.00>
ST_3 : Operation 230 [1/1] (0.77ns)   --->   "%add_ln1034 = add i10 %sext_ln1034, i10 %sext_ln1034_1" [C:/pcam5/prj/sol/.autopilot/db/v_demosaic.cpp:1034->C:/pcam5/prj/sol/.autopilot/db/v_demosaic.cpp:1073]   --->   Operation 230 'add' 'add_ln1034' <Predicate = (!icmp_ln1014)> <Delay = 0.77> <CoreInst = "Adder">   --->   Core 1 'Adder' <Latency = 0> <II = 1> <Delay = 0.77> <FuncUnit> <Opcode : 'add' 'sub'> <InPorts = 2> <OutPorts = 1>
ST_3 : Operation 231 [1/1] (0.00ns)   --->   "%sext_ln1034_2 = sext i10 %add_ln1034" [C:/pcam5/prj/sol/.autopilot/db/v_demosaic.cpp:1034->C:/pcam5/prj/sol/.autopilot/db/v_demosaic.cpp:1073]   --->   Operation 231 'sext' 'sext_ln1034_2' <Predicate = (!icmp_ln1014)> <Delay = 0.00>
ST_3 : Operation 232 [1/1] (0.00ns) (grouped into LUT with out node b_0_in_i)   --->   "%tmp_17 = bitselect i1 @_ssdm_op_BitSelect.i1.i10.i32, i10 %add_ln1034, i32 9" [C:/pcam5/prj/sol/.autopilot/db/v_demosaic.cpp:1034->C:/pcam5/prj/sol/.autopilot/db/v_demosaic.cpp:1073]   --->   Operation 232 'bitselect' 'tmp_17' <Predicate = (!icmp_ln1014)> <Delay = 0.00>
ST_3 : Operation 233 [1/1] (0.78ns)   --->   "%sub_ln1034_2 = sub i11 0, i11 %sext_ln1034_2" [C:/pcam5/prj/sol/.autopilot/db/v_demosaic.cpp:1034->C:/pcam5/prj/sol/.autopilot/db/v_demosaic.cpp:1073]   --->   Operation 233 'sub' 'sub_ln1034_2' <Predicate = (!icmp_ln1014)> <Delay = 0.78> <CoreInst = "Adder">   --->   Core 1 'Adder' <Latency = 0> <II = 1> <Delay = 0.78> <FuncUnit> <Opcode : 'add' 'sub'> <InPorts = 2> <OutPorts = 1>
ST_3 : Operation 234 [1/1] (0.00ns)   --->   "%lshr_ln1034_1_cast = partselect i9 @_ssdm_op_PartSelect.i9.i11.i32.i32, i11 %sub_ln1034_2, i32 1, i32 9" [C:/pcam5/prj/sol/.autopilot/db/v_demosaic.cpp:1034->C:/pcam5/prj/sol/.autopilot/db/v_demosaic.cpp:1073]   --->   Operation 234 'partselect' 'lshr_ln1034_1_cast' <Predicate = (!icmp_ln1014)> <Delay = 0.00>
ST_3 : Operation 235 [1/1] (0.77ns)   --->   "%sub_ln1034_3 = sub i9 0, i9 %lshr_ln1034_1_cast" [C:/pcam5/prj/sol/.autopilot/db/v_demosaic.cpp:1034->C:/pcam5/prj/sol/.autopilot/db/v_demosaic.cpp:1073]   --->   Operation 235 'sub' 'sub_ln1034_3' <Predicate = (!icmp_ln1014)> <Delay = 0.77> <CoreInst = "Adder">   --->   Core 1 'Adder' <Latency = 0> <II = 1> <Delay = 0.77> <FuncUnit> <Opcode : 'add' 'sub'> <InPorts = 2> <OutPorts = 1>
ST_3 : Operation 236 [1/1] (0.00ns) (grouped into LUT with out node b_0_in_i)   --->   "%zext_ln1 = partselect i9 @_ssdm_op_PartSelect.i9.i10.i32.i32, i10 %add_ln1034, i32 1, i32 9" [C:/pcam5/prj/sol/.autopilot/db/v_demosaic.cpp:1034->C:/pcam5/prj/sol/.autopilot/db/v_demosaic.cpp:1073]   --->   Operation 236 'partselect' 'zext_ln1' <Predicate = (!icmp_ln1014)> <Delay = 0.00>
ST_3 : Operation 237 [1/1] (0.00ns) (grouped into LUT with out node b_0_in_i)   --->   "%select_ln1034 = select i1 %tmp_17, i9 %sub_ln1034_3, i9 %zext_ln1" [C:/pcam5/prj/sol/.autopilot/db/v_demosaic.cpp:1034->C:/pcam5/prj/sol/.autopilot/db/v_demosaic.cpp:1073]   --->   Operation 237 'select' 'select_ln1034' <Predicate = (!icmp_ln1014)> <Delay = 0.00> <CoreInst = "Sel">   --->   Core 73 'Sel' <Latency = 0> <II = 1> <Delay = 0.39> <FuncUnit> <Opcode : 'select'> <InPorts = 3> <OutPorts = 1>
ST_3 : Operation 238 [1/1] (0.76ns)   --->   "%sub_ln1039 = sub i9 %zext_ln1026, i9 %zext_ln1024" [C:/pcam5/prj/sol/.autopilot/db/v_demosaic.cpp:1039->C:/pcam5/prj/sol/.autopilot/db/v_demosaic.cpp:1073]   --->   Operation 238 'sub' 'sub_ln1039' <Predicate = (!icmp_ln1014)> <Delay = 0.76> <CoreInst = "Adder">   --->   Core 1 'Adder' <Latency = 0> <II = 1> <Delay = 0.76> <FuncUnit> <Opcode : 'add' 'sub'> <InPorts = 2> <OutPorts = 1>
ST_3 : Operation 239 [1/1] (0.76ns)   --->   "%sub_ln1039_1 = sub i9 %zext_ln1026_1, i9 %zext_ln1024_1" [C:/pcam5/prj/sol/.autopilot/db/v_demosaic.cpp:1039->C:/pcam5/prj/sol/.autopilot/db/v_demosaic.cpp:1073]   --->   Operation 239 'sub' 'sub_ln1039_1' <Predicate = (!icmp_ln1014)> <Delay = 0.76> <CoreInst = "Adder">   --->   Core 1 'Adder' <Latency = 0> <II = 1> <Delay = 0.76> <FuncUnit> <Opcode : 'add' 'sub'> <InPorts = 2> <OutPorts = 1>
ST_3 : Operation 240 [1/1] (0.00ns)   --->   "%sext_ln1039 = sext i9 %sub_ln1039" [C:/pcam5/prj/sol/.autopilot/db/v_demosaic.cpp:1039->C:/pcam5/prj/sol/.autopilot/db/v_demosaic.cpp:1073]   --->   Operation 240 'sext' 'sext_ln1039' <Predicate = (!icmp_ln1014)> <Delay = 0.00>
ST_3 : Operation 241 [1/1] (0.00ns)   --->   "%sext_ln1039_1 = sext i9 %sub_ln1039_1" [C:/pcam5/prj/sol/.autopilot/db/v_demosaic.cpp:1039->C:/pcam5/prj/sol/.autopilot/db/v_demosaic.cpp:1073]   --->   Operation 241 'sext' 'sext_ln1039_1' <Predicate = (!icmp_ln1014)> <Delay = 0.00>
ST_3 : Operation 242 [1/1] (0.77ns)   --->   "%add_ln1039 = add i10 %sext_ln1039, i10 %sext_ln1039_1" [C:/pcam5/prj/sol/.autopilot/db/v_demosaic.cpp:1039->C:/pcam5/prj/sol/.autopilot/db/v_demosaic.cpp:1073]   --->   Operation 242 'add' 'add_ln1039' <Predicate = (!icmp_ln1014)> <Delay = 0.77> <CoreInst = "Adder">   --->   Core 1 'Adder' <Latency = 0> <II = 1> <Delay = 0.77> <FuncUnit> <Opcode : 'add' 'sub'> <InPorts = 2> <OutPorts = 1>
ST_3 : Operation 243 [1/1] (0.00ns)   --->   "%sext_ln1039_2 = sext i10 %add_ln1039" [C:/pcam5/prj/sol/.autopilot/db/v_demosaic.cpp:1039->C:/pcam5/prj/sol/.autopilot/db/v_demosaic.cpp:1073]   --->   Operation 243 'sext' 'sext_ln1039_2' <Predicate = (!icmp_ln1014)> <Delay = 0.00>
ST_3 : Operation 244 [1/1] (0.00ns) (grouped into LUT with out node select_ln1039)   --->   "%tmp_18 = bitselect i1 @_ssdm_op_BitSelect.i1.i10.i32, i10 %add_ln1039, i32 9" [C:/pcam5/prj/sol/.autopilot/db/v_demosaic.cpp:1039->C:/pcam5/prj/sol/.autopilot/db/v_demosaic.cpp:1073]   --->   Operation 244 'bitselect' 'tmp_18' <Predicate = (!icmp_ln1014)> <Delay = 0.00>
ST_3 : Operation 245 [1/1] (0.78ns)   --->   "%sub_ln1039_2 = sub i11 0, i11 %sext_ln1039_2" [C:/pcam5/prj/sol/.autopilot/db/v_demosaic.cpp:1039->C:/pcam5/prj/sol/.autopilot/db/v_demosaic.cpp:1073]   --->   Operation 245 'sub' 'sub_ln1039_2' <Predicate = (!icmp_ln1014)> <Delay = 0.78> <CoreInst = "Adder">   --->   Core 1 'Adder' <Latency = 0> <II = 1> <Delay = 0.78> <FuncUnit> <Opcode : 'add' 'sub'> <InPorts = 2> <OutPorts = 1>
ST_3 : Operation 246 [1/1] (0.00ns)   --->   "%lshr_ln1039_1_cast = partselect i9 @_ssdm_op_PartSelect.i9.i11.i32.i32, i11 %sub_ln1039_2, i32 1, i32 9" [C:/pcam5/prj/sol/.autopilot/db/v_demosaic.cpp:1039->C:/pcam5/prj/sol/.autopilot/db/v_demosaic.cpp:1073]   --->   Operation 246 'partselect' 'lshr_ln1039_1_cast' <Predicate = (!icmp_ln1014)> <Delay = 0.00>
ST_3 : Operation 247 [1/1] (0.77ns)   --->   "%sub_ln1039_3 = sub i9 0, i9 %lshr_ln1039_1_cast" [C:/pcam5/prj/sol/.autopilot/db/v_demosaic.cpp:1039->C:/pcam5/prj/sol/.autopilot/db/v_demosaic.cpp:1073]   --->   Operation 247 'sub' 'sub_ln1039_3' <Predicate = (!icmp_ln1014)> <Delay = 0.77> <CoreInst = "Adder">   --->   Core 1 'Adder' <Latency = 0> <II = 1> <Delay = 0.77> <FuncUnit> <Opcode : 'add' 'sub'> <InPorts = 2> <OutPorts = 1>
ST_3 : Operation 248 [1/1] (0.00ns) (grouped into LUT with out node select_ln1039)   --->   "%zext_ln2 = partselect i9 @_ssdm_op_PartSelect.i9.i10.i32.i32, i10 %add_ln1039, i32 1, i32 9" [C:/pcam5/prj/sol/.autopilot/db/v_demosaic.cpp:1039->C:/pcam5/prj/sol/.autopilot/db/v_demosaic.cpp:1073]   --->   Operation 248 'partselect' 'zext_ln2' <Predicate = (!icmp_ln1014)> <Delay = 0.00>
ST_3 : Operation 249 [1/1] (0.39ns) (out node of the LUT)   --->   "%select_ln1039 = select i1 %tmp_18, i9 %sub_ln1039_3, i9 %zext_ln2" [C:/pcam5/prj/sol/.autopilot/db/v_demosaic.cpp:1039->C:/pcam5/prj/sol/.autopilot/db/v_demosaic.cpp:1073]   --->   Operation 249 'select' 'select_ln1039' <Predicate = (!icmp_ln1014)> <Delay = 0.39> <CoreInst = "Sel">   --->   Core 73 'Sel' <Latency = 0> <II = 1> <Delay = 0.39> <FuncUnit> <Opcode : 'select'> <InPorts = 3> <OutPorts = 1>
ST_3 : Operation 250 [1/1] (0.76ns)   --->   "%sub_ln1040 = sub i9 %zext_ln1026, i9 %zext_ln1028" [C:/pcam5/prj/sol/.autopilot/db/v_demosaic.cpp:1040->C:/pcam5/prj/sol/.autopilot/db/v_demosaic.cpp:1073]   --->   Operation 250 'sub' 'sub_ln1040' <Predicate = (!icmp_ln1014)> <Delay = 0.76> <CoreInst = "Adder">   --->   Core 1 'Adder' <Latency = 0> <II = 1> <Delay = 0.76> <FuncUnit> <Opcode : 'add' 'sub'> <InPorts = 2> <OutPorts = 1>
ST_3 : Operation 251 [1/1] (0.76ns)   --->   "%sub_ln1040_1 = sub i9 %zext_ln1026_1, i9 %zext_ln1028_1" [C:/pcam5/prj/sol/.autopilot/db/v_demosaic.cpp:1040->C:/pcam5/prj/sol/.autopilot/db/v_demosaic.cpp:1073]   --->   Operation 251 'sub' 'sub_ln1040_1' <Predicate = (!icmp_ln1014)> <Delay = 0.76> <CoreInst = "Adder">   --->   Core 1 'Adder' <Latency = 0> <II = 1> <Delay = 0.76> <FuncUnit> <Opcode : 'add' 'sub'> <InPorts = 2> <OutPorts = 1>
ST_3 : Operation 252 [1/1] (0.00ns)   --->   "%sext_ln1040 = sext i9 %sub_ln1040" [C:/pcam5/prj/sol/.autopilot/db/v_demosaic.cpp:1040->C:/pcam5/prj/sol/.autopilot/db/v_demosaic.cpp:1073]   --->   Operation 252 'sext' 'sext_ln1040' <Predicate = (!icmp_ln1014)> <Delay = 0.00>
ST_3 : Operation 253 [1/1] (0.00ns)   --->   "%sext_ln1040_1 = sext i9 %sub_ln1040_1" [C:/pcam5/prj/sol/.autopilot/db/v_demosaic.cpp:1040->C:/pcam5/prj/sol/.autopilot/db/v_demosaic.cpp:1073]   --->   Operation 253 'sext' 'sext_ln1040_1' <Predicate = (!icmp_ln1014)> <Delay = 0.00>
ST_3 : Operation 254 [1/1] (0.77ns)   --->   "%add_ln1040 = add i10 %sext_ln1040, i10 %sext_ln1040_1" [C:/pcam5/prj/sol/.autopilot/db/v_demosaic.cpp:1040->C:/pcam5/prj/sol/.autopilot/db/v_demosaic.cpp:1073]   --->   Operation 254 'add' 'add_ln1040' <Predicate = (!icmp_ln1014)> <Delay = 0.77> <CoreInst = "Adder">   --->   Core 1 'Adder' <Latency = 0> <II = 1> <Delay = 0.77> <FuncUnit> <Opcode : 'add' 'sub'> <InPorts = 2> <OutPorts = 1>
ST_3 : Operation 255 [1/1] (0.00ns)   --->   "%sext_ln1040_2 = sext i10 %add_ln1040" [C:/pcam5/prj/sol/.autopilot/db/v_demosaic.cpp:1040->C:/pcam5/prj/sol/.autopilot/db/v_demosaic.cpp:1073]   --->   Operation 255 'sext' 'sext_ln1040_2' <Predicate = (!icmp_ln1014)> <Delay = 0.00>
ST_3 : Operation 256 [1/1] (0.00ns) (grouped into LUT with out node select_ln1040)   --->   "%tmp_19 = bitselect i1 @_ssdm_op_BitSelect.i1.i10.i32, i10 %add_ln1040, i32 9" [C:/pcam5/prj/sol/.autopilot/db/v_demosaic.cpp:1040->C:/pcam5/prj/sol/.autopilot/db/v_demosaic.cpp:1073]   --->   Operation 256 'bitselect' 'tmp_19' <Predicate = (!icmp_ln1014)> <Delay = 0.00>
ST_3 : Operation 257 [1/1] (0.78ns)   --->   "%sub_ln1040_2 = sub i11 0, i11 %sext_ln1040_2" [C:/pcam5/prj/sol/.autopilot/db/v_demosaic.cpp:1040->C:/pcam5/prj/sol/.autopilot/db/v_demosaic.cpp:1073]   --->   Operation 257 'sub' 'sub_ln1040_2' <Predicate = (!icmp_ln1014)> <Delay = 0.78> <CoreInst = "Adder">   --->   Core 1 'Adder' <Latency = 0> <II = 1> <Delay = 0.78> <FuncUnit> <Opcode : 'add' 'sub'> <InPorts = 2> <OutPorts = 1>
ST_3 : Operation 258 [1/1] (0.00ns)   --->   "%lshr_ln1040_1_cast = partselect i9 @_ssdm_op_PartSelect.i9.i11.i32.i32, i11 %sub_ln1040_2, i32 1, i32 9" [C:/pcam5/prj/sol/.autopilot/db/v_demosaic.cpp:1040->C:/pcam5/prj/sol/.autopilot/db/v_demosaic.cpp:1073]   --->   Operation 258 'partselect' 'lshr_ln1040_1_cast' <Predicate = (!icmp_ln1014)> <Delay = 0.00>
ST_3 : Operation 259 [1/1] (0.77ns)   --->   "%sub_ln1040_3 = sub i9 0, i9 %lshr_ln1040_1_cast" [C:/pcam5/prj/sol/.autopilot/db/v_demosaic.cpp:1040->C:/pcam5/prj/sol/.autopilot/db/v_demosaic.cpp:1073]   --->   Operation 259 'sub' 'sub_ln1040_3' <Predicate = (!icmp_ln1014)> <Delay = 0.77> <CoreInst = "Adder">   --->   Core 1 'Adder' <Latency = 0> <II = 1> <Delay = 0.77> <FuncUnit> <Opcode : 'add' 'sub'> <InPorts = 2> <OutPorts = 1>
ST_3 : Operation 260 [1/1] (0.00ns) (grouped into LUT with out node select_ln1040)   --->   "%zext_ln3 = partselect i9 @_ssdm_op_PartSelect.i9.i10.i32.i32, i10 %add_ln1040, i32 1, i32 9" [C:/pcam5/prj/sol/.autopilot/db/v_demosaic.cpp:1040->C:/pcam5/prj/sol/.autopilot/db/v_demosaic.cpp:1073]   --->   Operation 260 'partselect' 'zext_ln3' <Predicate = (!icmp_ln1014)> <Delay = 0.00>
ST_3 : Operation 261 [1/1] (0.39ns) (out node of the LUT)   --->   "%select_ln1040 = select i1 %tmp_19, i9 %sub_ln1040_3, i9 %zext_ln3" [C:/pcam5/prj/sol/.autopilot/db/v_demosaic.cpp:1040->C:/pcam5/prj/sol/.autopilot/db/v_demosaic.cpp:1073]   --->   Operation 261 'select' 'select_ln1040' <Predicate = (!icmp_ln1014)> <Delay = 0.39> <CoreInst = "Sel">   --->   Core 73 'Sel' <Latency = 0> <II = 1> <Delay = 0.39> <FuncUnit> <Opcode : 'select'> <InPorts = 3> <OutPorts = 1>
ST_3 : Operation 262 [1/1] (0.00ns) (grouped into LUT with out node r_0_in_i)   --->   "%r_0_in_i_v_v = select i1 %icmp_ln1030, i9 %select_ln1033, i9 %select_ln1039" [C:/pcam5/prj/sol/.autopilot/db/v_demosaic.cpp:1030->C:/pcam5/prj/sol/.autopilot/db/v_demosaic.cpp:1073]   --->   Operation 262 'select' 'r_0_in_i_v_v' <Predicate = (!icmp_ln1014)> <Delay = 0.00> <CoreInst = "Sel">   --->   Core 73 'Sel' <Latency = 0> <II = 1> <Delay = 0.39> <FuncUnit> <Opcode : 'select'> <InPorts = 3> <OutPorts = 1>
ST_3 : Operation 263 [1/1] (0.00ns) (grouped into LUT with out node r_0_in_i)   --->   "%r_0_in_i_v_v_cast = sext i9 %r_0_in_i_v_v" [C:/pcam5/prj/sol/.autopilot/db/v_demosaic.cpp:1030->C:/pcam5/prj/sol/.autopilot/db/v_demosaic.cpp:1073]   --->   Operation 263 'sext' 'r_0_in_i_v_v_cast' <Predicate = (!icmp_ln1014)> <Delay = 0.00>
ST_3 : Operation 264 [1/1] (0.77ns) (out node of the LUT)   --->   "%r_0_in_i = sub i10 %zext_ln1034_1, i10 %r_0_in_i_v_v_cast" [C:/pcam5/prj/sol/.autopilot/db/v_demosaic.cpp:1034->C:/pcam5/prj/sol/.autopilot/db/v_demosaic.cpp:1073]   --->   Operation 264 'sub' 'r_0_in_i' <Predicate = (!icmp_ln1014)> <Delay = 0.77> <CoreInst = "Adder">   --->   Core 1 'Adder' <Latency = 0> <II = 1> <Delay = 0.77> <FuncUnit> <Opcode : 'add' 'sub'> <InPorts = 2> <OutPorts = 1>
ST_3 : Operation 265 [1/1] (0.00ns) (grouped into LUT with out node b_0_in_i)   --->   "%b_0_in_i_v_v = select i1 %icmp_ln1030, i9 %select_ln1034, i9 %select_ln1040" [C:/pcam5/prj/sol/.autopilot/db/v_demosaic.cpp:1030->C:/pcam5/prj/sol/.autopilot/db/v_demosaic.cpp:1073]   --->   Operation 265 'select' 'b_0_in_i_v_v' <Predicate = (!icmp_ln1014)> <Delay = 0.00> <CoreInst = "Sel">   --->   Core 73 'Sel' <Latency = 0> <II = 1> <Delay = 0.39> <FuncUnit> <Opcode : 'select'> <InPorts = 3> <OutPorts = 1>
ST_3 : Operation 266 [1/1] (0.00ns) (grouped into LUT with out node b_0_in_i)   --->   "%b_0_in_i_v_v_cast = sext i9 %b_0_in_i_v_v" [C:/pcam5/prj/sol/.autopilot/db/v_demosaic.cpp:1030->C:/pcam5/prj/sol/.autopilot/db/v_demosaic.cpp:1073]   --->   Operation 266 'sext' 'b_0_in_i_v_v_cast' <Predicate = (!icmp_ln1014)> <Delay = 0.00>
ST_3 : Operation 267 [1/1] (0.77ns) (out node of the LUT)   --->   "%b_0_in_i = sub i10 %zext_ln1034_1, i10 %b_0_in_i_v_v_cast" [C:/pcam5/prj/sol/.autopilot/db/v_demosaic.cpp:1034->C:/pcam5/prj/sol/.autopilot/db/v_demosaic.cpp:1073]   --->   Operation 267 'sub' 'b_0_in_i' <Predicate = (!icmp_ln1014)> <Delay = 0.77> <CoreInst = "Adder">   --->   Core 1 'Adder' <Latency = 0> <II = 1> <Delay = 0.77> <FuncUnit> <Opcode : 'add' 'sub'> <InPorts = 2> <OutPorts = 1>
ST_3 : Operation 268 [1/1] (0.00ns)   --->   "%tmp_21 = partselect i2 @_ssdm_op_PartSelect.i2.i10.i32.i32, i10 %r_0_in_i, i32 8, i32 9" [C:/pcam5/prj/sol/.autopilot/db/v_demosaic.cpp:1042->C:/pcam5/prj/sol/.autopilot/db/v_demosaic.cpp:1073]   --->   Operation 268 'partselect' 'tmp_21' <Predicate = (!icmp_ln1014)> <Delay = 0.00>
ST_3 : Operation 269 [1/1] (0.00ns)   --->   "%tmp_23 = partselect i2 @_ssdm_op_PartSelect.i2.i10.i32.i32, i10 %b_0_in_i, i32 8, i32 9" [C:/pcam5/prj/sol/.autopilot/db/v_demosaic.cpp:1043->C:/pcam5/prj/sol/.autopilot/db/v_demosaic.cpp:1073]   --->   Operation 269 'partselect' 'tmp_23' <Predicate = (!icmp_ln1014)> <Delay = 0.00>
ST_3 : Operation 291 [1/1] (0.00ns)   --->   "%store_ln0 = store i8 %p_0_0_01177_217691798_i_load, i8 %p_0_0_01177_217691798_i_out"   --->   Operation 291 'store' 'store_ln0' <Predicate = (icmp_ln881)> <Delay = 0.00>
ST_3 : Operation 292 [1/1] (0.00ns)   --->   "%store_ln0 = store i8 %p_0_0_01178_217671796_i_load, i8 %p_0_0_01178_217671796_i_out"   --->   Operation 292 'store' 'store_ln0' <Predicate = (icmp_ln881)> <Delay = 0.00>
ST_3 : Operation 293 [1/1] (0.00ns)   --->   "%store_ln0 = store i8 %p_0_0_01179_217651794_i_load, i8 %p_0_0_01179_217651794_i_out"   --->   Operation 293 'store' 'store_ln0' <Predicate = (icmp_ln881)> <Delay = 0.00>
ST_3 : Operation 294 [1/1] (0.00ns)   --->   "%store_ln0 = store i8 %right_5, i8 %right_2_out"   --->   Operation 294 'store' 'store_ln0' <Predicate = (icmp_ln881)> <Delay = 0.00>
ST_3 : Operation 295 [1/1] (0.00ns)   --->   "%store_ln0 = store i8 %right_4, i8 %right_1_out"   --->   Operation 295 'store' 'store_ln0' <Predicate = (icmp_ln881)> <Delay = 0.00>
ST_3 : Operation 296 [1/1] (0.00ns)   --->   "%store_ln0 = store i8 %right_3, i8 %right_out"   --->   Operation 296 'store' 'store_ln0' <Predicate = (icmp_ln881)> <Delay = 0.00>
ST_3 : Operation 297 [1/1] (0.00ns)   --->   "%store_ln0 = store i8 %p_0_0_0116417751786_i_load, i8 %p_0_0_0116417751786_i_out"   --->   Operation 297 'store' 'store_ln0' <Predicate = (icmp_ln881)> <Delay = 0.00>
ST_3 : Operation 298 [1/1] (0.00ns)   --->   "%store_ln0 = store i8 %p_0_0_0116517731784_i_load, i8 %p_0_0_0116517731784_i_out"   --->   Operation 298 'store' 'store_ln0' <Predicate = (icmp_ln881)> <Delay = 0.00>
ST_3 : Operation 299 [1/1] (0.00ns)   --->   "%store_ln0 = store i8 %p_0_0_0116617711782_i_load, i8 %p_0_0_0116617711782_i_out"   --->   Operation 299 'store' 'store_ln0' <Predicate = (icmp_ln881)> <Delay = 0.00>
ST_3 : Operation 300 [1/1] (0.00ns)   --->   "%store_ln0 = store i8 %p_0_2_0_0_011601701_i_load, i8 %p_0_2_0_0_011601701_i_out"   --->   Operation 300 'store' 'store_ln0' <Predicate = (icmp_ln881)> <Delay = 0.00>
ST_3 : Operation 301 [1/1] (0.00ns)   --->   "%store_ln0 = store i8 %p_0_1_0_0_011591698_i_load, i8 %p_0_1_0_0_011591698_i_out"   --->   Operation 301 'store' 'store_ln0' <Predicate = (icmp_ln881)> <Delay = 0.00>
ST_3 : Operation 302 [1/1] (0.00ns)   --->   "%store_ln0 = store i8 %p_0_0_0_0_011581695_i_load, i8 %p_0_0_0_0_011581695_i_out"   --->   Operation 302 'store' 'store_ln0' <Predicate = (icmp_ln881)> <Delay = 0.00>
ST_3 : Operation 303 [1/1] (0.42ns)   --->   "%ret_ln0 = ret"   --->   Operation 303 'ret' 'ret_ln0' <Predicate = (icmp_ln881)> <Delay = 0.42>

State 4 <SV = 3> <Delay = 2.77>
ST_4 : Operation 270 [1/1] (0.00ns)   --->   "%r_0_in_i_cast1 = sext i10 %r_0_in_i" [C:/pcam5/prj/sol/.autopilot/db/v_demosaic.cpp:1034->C:/pcam5/prj/sol/.autopilot/db/v_demosaic.cpp:1073]   --->   Operation 270 'sext' 'r_0_in_i_cast1' <Predicate = (!icmp_ln1014)> <Delay = 0.00>
ST_4 : Operation 271 [1/1] (0.00ns)   --->   "%sext_ln1048 = sext i10 %b_0_in_i" [C:/pcam5/prj/sol/.autopilot/db/v_demosaic.cpp:1048->C:/pcam5/prj/sol/.autopilot/db/v_demosaic.cpp:1073]   --->   Operation 271 'sext' 'sext_ln1048' <Predicate = (!icmp_ln1014)> <Delay = 0.00>
ST_4 : Operation 272 [1/1] (0.00ns) (grouped into LUT with out node phi_ln1048)   --->   "%trunc_ln1048 = trunc i10 %b_0_in_i" [C:/pcam5/prj/sol/.autopilot/db/v_demosaic.cpp:1048->C:/pcam5/prj/sol/.autopilot/db/v_demosaic.cpp:1073]   --->   Operation 272 'trunc' 'trunc_ln1048' <Predicate = (!icmp_ln1014)> <Delay = 0.00>
ST_4 : Operation 273 [1/1] (0.00ns) (grouped into LUT with out node phi_ln1046)   --->   "%trunc_ln1046 = trunc i10 %r_0_in_i" [C:/pcam5/prj/sol/.autopilot/db/v_demosaic.cpp:1046->C:/pcam5/prj/sol/.autopilot/db/v_demosaic.cpp:1073]   --->   Operation 273 'trunc' 'trunc_ln1046' <Predicate = (!icmp_ln1014)> <Delay = 0.00>
ST_4 : Operation 274 [1/1] (0.00ns)   --->   "%tmp_20 = bitselect i1 @_ssdm_op_BitSelect.i1.i12.i32, i12 %r_0_in_i_cast1, i32 11" [C:/pcam5/prj/sol/.autopilot/db/v_demosaic.cpp:1042->C:/pcam5/prj/sol/.autopilot/db/v_demosaic.cpp:1073]   --->   Operation 274 'bitselect' 'tmp_20' <Predicate = (!icmp_ln1014)> <Delay = 0.00>
ST_4 : Operation 275 [1/1] (0.54ns)   --->   "%icmp_ln1042 = icmp_eq  i2 %tmp_21, i2 1" [C:/pcam5/prj/sol/.autopilot/db/v_demosaic.cpp:1042->C:/pcam5/prj/sol/.autopilot/db/v_demosaic.cpp:1073]   --->   Operation 275 'icmp' 'icmp_ln1042' <Predicate = (!icmp_ln1014)> <Delay = 0.54> <CoreInst = "Cmp">   --->   Core 9 'Cmp' <Latency = 0> <II = 1> <Delay = 0.54> <FuncUnit> <Opcode : 'seteq' 'setne' 'setle' 'setge' 'setlt' 'setgt'> <InPorts = 2> <OutPorts = 1>
ST_4 : Operation 276 [1/1] (0.00ns) (grouped into LUT with out node phi_ln1046)   --->   "%xor_ln1046 = xor i1 %tmp_20, i1 1" [C:/pcam5/prj/sol/.autopilot/db/v_demosaic.cpp:1046->C:/pcam5/prj/sol/.autopilot/db/v_demosaic.cpp:1073]   --->   Operation 276 'xor' 'xor_ln1046' <Predicate = (!icmp_ln1014)> <Delay = 0.00> <CoreInst = "LogicGate">   --->   Core 74 'LogicGate' <Latency = 0> <II = 1> <Delay = 0.28> <FuncUnit> <Opcode : 'and' 'or' 'xor'> <InPorts = 2> <OutPorts = 1>
ST_4 : Operation 277 [1/1] (0.00ns) (grouped into LUT with out node phi_ln1046)   --->   "%select_ln1042 = select i1 %xor_ln1046, i8 255, i8 0" [C:/pcam5/prj/sol/.autopilot/db/v_demosaic.cpp:1042->C:/pcam5/prj/sol/.autopilot/db/v_demosaic.cpp:1073]   --->   Operation 277 'select' 'select_ln1042' <Predicate = (!icmp_ln1014)> <Delay = 0.00> <CoreInst = "Sel">   --->   Core 73 'Sel' <Latency = 0> <II = 1> <Delay = 0.17> <FuncUnit> <Opcode : 'select'> <InPorts = 3> <OutPorts = 1>
ST_4 : Operation 278 [1/1] (0.00ns) (grouped into LUT with out node phi_ln1046)   --->   "%or_ln1042 = or i1 %tmp_20, i1 %icmp_ln1042" [C:/pcam5/prj/sol/.autopilot/db/v_demosaic.cpp:1042->C:/pcam5/prj/sol/.autopilot/db/v_demosaic.cpp:1073]   --->   Operation 278 'or' 'or_ln1042' <Predicate = (!icmp_ln1014)> <Delay = 0.00> <CoreInst = "LogicGate">   --->   Core 74 'LogicGate' <Latency = 0> <II = 1> <Delay = 0.28> <FuncUnit> <Opcode : 'and' 'or' 'xor'> <InPorts = 2> <OutPorts = 1>
ST_4 : Operation 279 [1/1] (0.00ns) (grouped into LUT with out node phi_ln1046)   --->   "%select_ln1046 = select i1 %or_ln1042, i8 %select_ln1042, i8 %trunc_ln1046" [C:/pcam5/prj/sol/.autopilot/db/v_demosaic.cpp:1046->C:/pcam5/prj/sol/.autopilot/db/v_demosaic.cpp:1073]   --->   Operation 279 'select' 'select_ln1046' <Predicate = (!icmp_ln1014)> <Delay = 0.00> <CoreInst = "Sel">   --->   Core 73 'Sel' <Latency = 0> <II = 1> <Delay = 0.39> <FuncUnit> <Opcode : 'select'> <InPorts = 3> <OutPorts = 1>
ST_4 : Operation 280 [1/1] (0.00ns)   --->   "%tmp_22 = bitselect i1 @_ssdm_op_BitSelect.i1.i12.i32, i12 %sext_ln1048, i32 11" [C:/pcam5/prj/sol/.autopilot/db/v_demosaic.cpp:1043->C:/pcam5/prj/sol/.autopilot/db/v_demosaic.cpp:1073]   --->   Operation 280 'bitselect' 'tmp_22' <Predicate = (!icmp_ln1014)> <Delay = 0.00>
ST_4 : Operation 281 [1/1] (0.54ns)   --->   "%icmp_ln1043 = icmp_eq  i2 %tmp_23, i2 1" [C:/pcam5/prj/sol/.autopilot/db/v_demosaic.cpp:1043->C:/pcam5/prj/sol/.autopilot/db/v_demosaic.cpp:1073]   --->   Operation 281 'icmp' 'icmp_ln1043' <Predicate = (!icmp_ln1014)> <Delay = 0.54> <CoreInst = "Cmp">   --->   Core 9 'Cmp' <Latency = 0> <II = 1> <Delay = 0.54> <FuncUnit> <Opcode : 'seteq' 'setne' 'setle' 'setge' 'setlt' 'setgt'> <InPorts = 2> <OutPorts = 1>
ST_4 : Operation 282 [1/1] (0.00ns) (grouped into LUT with out node phi_ln1048)   --->   "%xor_ln1048 = xor i1 %tmp_22, i1 1" [C:/pcam5/prj/sol/.autopilot/db/v_demosaic.cpp:1048->C:/pcam5/prj/sol/.autopilot/db/v_demosaic.cpp:1073]   --->   Operation 282 'xor' 'xor_ln1048' <Predicate = (!icmp_ln1014)> <Delay = 0.00> <CoreInst = "LogicGate">   --->   Core 74 'LogicGate' <Latency = 0> <II = 1> <Delay = 0.28> <FuncUnit> <Opcode : 'and' 'or' 'xor'> <InPorts = 2> <OutPorts = 1>
ST_4 : Operation 283 [1/1] (0.00ns) (grouped into LUT with out node phi_ln1048)   --->   "%select_ln1043 = select i1 %xor_ln1048, i8 255, i8 0" [C:/pcam5/prj/sol/.autopilot/db/v_demosaic.cpp:1043->C:/pcam5/prj/sol/.autopilot/db/v_demosaic.cpp:1073]   --->   Operation 283 'select' 'select_ln1043' <Predicate = (!icmp_ln1014)> <Delay = 0.00> <CoreInst = "Sel">   --->   Core 73 'Sel' <Latency = 0> <II = 1> <Delay = 0.17> <FuncUnit> <Opcode : 'select'> <InPorts = 3> <OutPorts = 1>
ST_4 : Operation 284 [1/1] (0.00ns) (grouped into LUT with out node phi_ln1048)   --->   "%or_ln1043 = or i1 %tmp_22, i1 %icmp_ln1043" [C:/pcam5/prj/sol/.autopilot/db/v_demosaic.cpp:1043->C:/pcam5/prj/sol/.autopilot/db/v_demosaic.cpp:1073]   --->   Operation 284 'or' 'or_ln1043' <Predicate = (!icmp_ln1014)> <Delay = 0.00> <CoreInst = "LogicGate">   --->   Core 74 'LogicGate' <Latency = 0> <II = 1> <Delay = 0.28> <FuncUnit> <Opcode : 'and' 'or' 'xor'> <InPorts = 2> <OutPorts = 1>
ST_4 : Operation 285 [1/1] (0.00ns) (grouped into LUT with out node phi_ln1048)   --->   "%select_ln1048 = select i1 %or_ln1043, i8 %select_ln1043, i8 %trunc_ln1048" [C:/pcam5/prj/sol/.autopilot/db/v_demosaic.cpp:1048->C:/pcam5/prj/sol/.autopilot/db/v_demosaic.cpp:1073]   --->   Operation 285 'select' 'select_ln1048' <Predicate = (!icmp_ln1014)> <Delay = 0.00> <CoreInst = "Sel">   --->   Core 73 'Sel' <Latency = 0> <II = 1> <Delay = 0.39> <FuncUnit> <Opcode : 'select'> <InPorts = 3> <OutPorts = 1>
ST_4 : Operation 286 [1/1] (0.39ns) (out node of the LUT)   --->   "%phi_ln1046 = select i1 %icmp_ln1014, i8 %pix, i8 %select_ln1046" [C:/pcam5/prj/sol/.autopilot/db/v_demosaic.cpp:1014->C:/pcam5/prj/sol/.autopilot/db/v_demosaic.cpp:1073]   --->   Operation 286 'select' 'phi_ln1046' <Predicate = true> <Delay = 0.39> <CoreInst = "Sel">   --->   Core 73 'Sel' <Latency = 0> <II = 1> <Delay = 0.39> <FuncUnit> <Opcode : 'select'> <InPorts = 3> <OutPorts = 1>
ST_4 : Operation 287 [1/1] (0.39ns) (out node of the LUT)   --->   "%phi_ln1048 = select i1 %icmp_ln1014, i8 %pix_8, i8 %select_ln1048" [C:/pcam5/prj/sol/.autopilot/db/v_demosaic.cpp:1014->C:/pcam5/prj/sol/.autopilot/db/v_demosaic.cpp:1073]   --->   Operation 287 'select' 'phi_ln1048' <Predicate = true> <Delay = 0.39> <CoreInst = "Sel">   --->   Core 73 'Sel' <Latency = 0> <II = 1> <Delay = 0.39> <FuncUnit> <Opcode : 'select'> <InPorts = 3> <OutPorts = 1>
ST_4 : Operation 288 [1/1] (0.00ns)   --->   "%or_ln1054_3_i = bitconcatenate i24 @_ssdm_op_BitConcatenate.i24.i8.i8.i8, i8 %phi_ln1046, i8 %phi_ln1048, i8 %pix_7" [C:/pcam5/prj/sol/.autopilot/db/v_demosaic.cpp:1054->C:/pcam5/prj/sol/.autopilot/db/v_demosaic.cpp:1073]   --->   Operation 288 'bitconcatenate' 'or_ln1054_3_i' <Predicate = (and_ln1052)> <Delay = 0.00>
ST_4 : Operation 289 [1/1] ( I:1.83ns O:1.83ns )   --->   "%write_ln1054 = write void @_ssdm_op_Write.ap_fifo.volatile.i24P0A, i24 %imgRgb, i24 %or_ln1054_3_i" [C:/pcam5/prj/sol/.autopilot/db/v_demosaic.cpp:1054->C:/pcam5/prj/sol/.autopilot/db/v_demosaic.cpp:1073]   --->   Operation 289 'write' 'write_ln1054' <Predicate = (and_ln1052)> <Delay = 1.83> <CoreInst = "FIFO_SRL">   --->   Core 80 'FIFO_SRL' <Latency = 0> <II = 1> <Delay = 1.83> <Storage> <Opcode : 'read' 'write' 'nbread' 'nbwrite'> <Ports = 0> <Width = 24> <Depth = 2> <FIFO>
ST_4 : Operation 290 [1/1] (0.00ns)   --->   "%br_ln1055 = br void %for.inc483.i" [C:/pcam5/prj/sol/.autopilot/db/v_demosaic.cpp:1055->C:/pcam5/prj/sol/.autopilot/db/v_demosaic.cpp:1073]   --->   Operation 290 'br' 'br_ln1055' <Predicate = (and_ln1052)> <Delay = 0.00>


============================================================
+ Verbose Summary: Binding
============================================================
STG Binding: 
---------------- STG Properties BEGIN ----------------
- Is combinational: 0
- Is one-state seq: 0
- Is datapath-only: 0
- Is pipelined: 0
- Is top level: 0
Port [ Return ] is wired: 1; IO mode=ap_ctrl_hs:ce=0
Port [ p_0_0_01177_217691799_lcssa1835_i]:  wired=1; compound=0; hidden=0; nouse=0; global=0; static=0; extern=0; dir=0; type=0; pingpong=0; private_global=0; IO mode=ap_none:ce=0
Port [ p_0_0_01178_217671797_lcssa1833_i]:  wired=1; compound=0; hidden=0; nouse=0; global=0; static=0; extern=0; dir=0; type=0; pingpong=0; private_global=0; IO mode=ap_none:ce=0
Port [ p_0_0_01179_217651795_lcssa1831_i]:  wired=1; compound=0; hidden=0; nouse=0; global=0; static=0; extern=0; dir=0; type=0; pingpong=0; private_global=0; IO mode=ap_none:ce=0
Port [ p_0_2_0_0_011541792_lcssa1829_i]:  wired=1; compound=0; hidden=0; nouse=0; global=0; static=0; extern=0; dir=0; type=0; pingpong=0; private_global=0; IO mode=ap_none:ce=0
Port [ p_0_1_0_0_011531790_lcssa1827_i]:  wired=1; compound=0; hidden=0; nouse=0; global=0; static=0; extern=0; dir=0; type=0; pingpong=0; private_global=0; IO mode=ap_none:ce=0
Port [ p_0_0_0_0_011521788_lcssa1825_i]:  wired=1; compound=0; hidden=0; nouse=0; global=0; static=0; extern=0; dir=0; type=0; pingpong=0; private_global=0; IO mode=ap_none:ce=0
Port [ p_0_0_0116417751787_lcssa1823_i]:  wired=1; compound=0; hidden=0; nouse=0; global=0; static=0; extern=0; dir=0; type=0; pingpong=0; private_global=0; IO mode=ap_none:ce=0
Port [ p_0_0_0116517731785_lcssa1821_i]:  wired=1; compound=0; hidden=0; nouse=0; global=0; static=0; extern=0; dir=0; type=0; pingpong=0; private_global=0; IO mode=ap_none:ce=0
Port [ p_0_0_0116617711783_lcssa1819_i]:  wired=1; compound=0; hidden=0; nouse=0; global=0; static=0; extern=0; dir=0; type=0; pingpong=0; private_global=0; IO mode=ap_none:ce=0
Port [ p_0_2_0_0_011601699_lcssa1741_i]:  wired=1; compound=0; hidden=0; nouse=0; global=0; static=0; extern=0; dir=0; type=0; pingpong=0; private_global=0; IO mode=ap_none:ce=0
Port [ p_0_1_0_0_011591696_lcssa1739_i]:  wired=1; compound=0; hidden=0; nouse=0; global=0; static=0; extern=0; dir=0; type=0; pingpong=0; private_global=0; IO mode=ap_none:ce=0
Port [ p_0_0_0_0_011581693_lcssa1737_i]:  wired=1; compound=0; hidden=0; nouse=0; global=0; static=0; extern=0; dir=0; type=0; pingpong=0; private_global=0; IO mode=ap_none:ce=0
Port [ y]:  wired=1; compound=0; hidden=0; nouse=0; global=0; static=0; extern=0; dir=0; type=0; pingpong=0; private_global=0; IO mode=ap_none:ce=0
Port [ height_val4_load]:  wired=1; compound=0; hidden=0; nouse=0; global=0; static=0; extern=0; dir=0; type=0; pingpong=0; private_global=0; IO mode=ap_none:ce=0
Port [ loopWidth]:  wired=1; compound=0; hidden=0; nouse=0; global=0; static=0; extern=0; dir=0; type=0; pingpong=0; private_global=0; IO mode=ap_none:ce=0
Port [ empty]:  wired=1; compound=0; hidden=0; nouse=0; global=0; static=0; extern=0; dir=0; type=0; pingpong=0; private_global=0; IO mode=ap_none:ce=0
Port [ xor_ln1014_1]:  wired=1; compound=0; hidden=0; nouse=0; global=0; static=0; extern=0; dir=0; type=0; pingpong=0; private_global=0; IO mode=ap_none:ce=0
Port [ width_val8_load]:  wired=1; compound=0; hidden=0; nouse=0; global=0; static=0; extern=0; dir=0; type=0; pingpong=0; private_global=0; IO mode=ap_none:ce=0
Port [ imgRB]:  wired=1; compound=1; hidden=0; nouse=0; global=0; static=0; extern=0; dir=0; type=3; pingpong=0; private_global=0; IO mode=ap_fifo:ce=0
Port [ imgRgb]:  wired=1; compound=1; hidden=0; nouse=0; global=0; static=0; extern=0; dir=1; type=3; pingpong=0; private_global=0; IO mode=ap_fifo:ce=0
Port [ p_0_0_01177_217691798_i_out]:  wired=1; compound=0; hidden=0; nouse=0; global=0; static=0; extern=0; dir=1; type=0; pingpong=0; private_global=0; IO mode=ap_vld:ce=0
Port [ p_0_0_01178_217671796_i_out]:  wired=1; compound=0; hidden=0; nouse=0; global=0; static=0; extern=0; dir=1; type=0; pingpong=0; private_global=0; IO mode=ap_vld:ce=0
Port [ p_0_0_01179_217651794_i_out]:  wired=1; compound=0; hidden=0; nouse=0; global=0; static=0; extern=0; dir=1; type=0; pingpong=0; private_global=0; IO mode=ap_vld:ce=0
Port [ right_2_out]:  wired=1; compound=0; hidden=0; nouse=0; global=0; static=0; extern=0; dir=1; type=0; pingpong=0; private_global=0; IO mode=ap_vld:ce=0
Port [ right_1_out]:  wired=1; compound=0; hidden=0; nouse=0; global=0; static=0; extern=0; dir=1; type=0; pingpong=0; private_global=0; IO mode=ap_vld:ce=0
Port [ right_out]:  wired=1; compound=0; hidden=0; nouse=0; global=0; static=0; extern=0; dir=1; type=0; pingpong=0; private_global=0; IO mode=ap_vld:ce=0
Port [ p_0_0_0116417751786_i_out]:  wired=1; compound=0; hidden=0; nouse=0; global=0; static=0; extern=0; dir=1; type=0; pingpong=0; private_global=0; IO mode=ap_vld:ce=0
Port [ p_0_0_0116517731784_i_out]:  wired=1; compound=0; hidden=0; nouse=0; global=0; static=0; extern=0; dir=1; type=0; pingpong=0; private_global=0; IO mode=ap_vld:ce=0
Port [ p_0_0_0116617711782_i_out]:  wired=1; compound=0; hidden=0; nouse=0; global=0; static=0; extern=0; dir=1; type=0; pingpong=0; private_global=0; IO mode=ap_vld:ce=0
Port [ p_0_2_0_0_011601701_i_out]:  wired=1; compound=0; hidden=0; nouse=0; global=0; static=0; extern=0; dir=1; type=0; pingpong=0; private_global=0; IO mode=ap_vld:ce=0
Port [ p_0_1_0_0_011591698_i_out]:  wired=1; compound=0; hidden=0; nouse=0; global=0; static=0; extern=0; dir=1; type=0; pingpong=0; private_global=0; IO mode=ap_vld:ce=0
Port [ p_0_0_0_0_011581695_i_out]:  wired=1; compound=0; hidden=0; nouse=0; global=0; static=0; extern=0; dir=1; type=0; pingpong=0; private_global=0; IO mode=ap_vld:ce=0
---------------- STG Properties END ------------------

---------------- Datapath Model BEGIN ----------------

<LifeTime>
<method=bitvector/>
x                                      (alloca           ) [ 01000]
p_0_0_0116617711782_i                  (alloca           ) [ 01100]
p_0_0_0116517731784_i                  (alloca           ) [ 01100]
p_0_0_0116417751786_i                  (alloca           ) [ 01100]
right                                  (alloca           ) [ 01110]
right_1                                (alloca           ) [ 01110]
right_2                                (alloca           ) [ 01110]
p_0_0_01179_217651794_i                (alloca           ) [ 01100]
p_0_0_01178_217671796_i                (alloca           ) [ 01100]
p_0_0_01177_217691798_i                (alloca           ) [ 01100]
p_0_0_0_0_011581695_i                  (alloca           ) [ 01100]
p_0_1_0_0_011591698_i                  (alloca           ) [ 01100]
p_0_2_0_0_011601701_i                  (alloca           ) [ 01100]
specinterface_ln0                      (specinterface    ) [ 00000]
specinterface_ln0                      (specinterface    ) [ 00000]
width_val8_load_read                   (read             ) [ 00000]
xor_ln1014_1_read                      (read             ) [ 00000]
tmp                                    (read             ) [ 00000]
loopWidth_read                         (read             ) [ 00000]
height_val4_load_read                  (read             ) [ 00000]
y_read                                 (read             ) [ 00000]
p_0_0_0_0_011581693_lcssa1737_i_read   (read             ) [ 00000]
p_0_1_0_0_011591696_lcssa1739_i_read   (read             ) [ 00000]
p_0_2_0_0_011601699_lcssa1741_i_read   (read             ) [ 00000]
p_0_0_0116617711783_lcssa1819_i_read   (read             ) [ 00000]
p_0_0_0116517731785_lcssa1821_i_read   (read             ) [ 00000]
p_0_0_0116417751787_lcssa1823_i_read   (read             ) [ 00000]
p_0_0_0_0_011521788_lcssa1825_i_read   (read             ) [ 00000]
p_0_1_0_0_011531790_lcssa1827_i_read   (read             ) [ 00000]
p_0_2_0_0_011541792_lcssa1829_i_read   (read             ) [ 00000]
p_0_0_01179_217651795_lcssa1831_i_read (read             ) [ 00000]
p_0_0_01178_217671797_lcssa1833_i_read (read             ) [ 00000]
p_0_0_01177_217691799_lcssa1835_i_read (read             ) [ 00000]
lineBuffer_2                           (alloca           ) [ 00000]
lineBuffer                             (alloca           ) [ 00000]
icmp_ln911                             (icmp             ) [ 01111]
icmp_ln975                             (icmp             ) [ 01100]
store_ln0                              (store            ) [ 00000]
store_ln0                              (store            ) [ 00000]
store_ln0                              (store            ) [ 00000]
store_ln0                              (store            ) [ 00000]
store_ln0                              (store            ) [ 00000]
store_ln0                              (store            ) [ 00000]
store_ln1018                           (store            ) [ 00000]
store_ln1018                           (store            ) [ 00000]
store_ln1018                           (store            ) [ 00000]
store_ln0                              (store            ) [ 00000]
store_ln0                              (store            ) [ 00000]
store_ln0                              (store            ) [ 00000]
store_ln851                            (store            ) [ 00000]
br_ln881                               (br               ) [ 00000]
z                                      (load             ) [ 00000]
icmp_ln881                             (icmp             ) [ 01111]
x_8                                    (add              ) [ 00000]
br_ln881                               (br               ) [ 00000]
trunc_ln881                            (trunc            ) [ 00000]
specpipeline_ln884                     (specpipeline     ) [ 00000]
specloopname_ln881                     (specloopname     ) [ 00000]
zext_ln881                             (zext             ) [ 00000]
icmp_ln891                             (icmp             ) [ 01111]
br_ln891                               (br               ) [ 01110]
lineBuffer_addr                        (getelementptr    ) [ 01100]
lineBuffer_2_addr                      (getelementptr    ) [ 01100]
br_ln911                               (br               ) [ 01100]
br_ln925                               (br               ) [ 01100]
icmp_ln957                             (icmp             ) [ 01100]
br_ln989                               (br               ) [ 01110]
xor_ln1014                             (xor              ) [ 00000]
xor_ln1014_2                           (xor              ) [ 00000]
zext_ln1014                            (zext             ) [ 00000]
icmp_ln1014                            (icmp             ) [ 01111]
icmp_ln1052                            (icmp             ) [ 00000]
and_ln1052                             (and              ) [ 01111]
br_ln1052                              (br               ) [ 00000]
store_ln851                            (store            ) [ 00000]
p_0_0_0116617711782_i_load             (load             ) [ 01010]
p_0_0_0116517731784_i_load             (load             ) [ 01010]
p_0_0_0116417751786_i_load             (load             ) [ 01010]
right_3                                (load             ) [ 01010]
right_4                                (load             ) [ 01010]
right_5                                (load             ) [ 01010]
p_0_0_01179_217651794_i_load           (load             ) [ 01010]
p_0_0_01178_217671796_i_load           (load             ) [ 01010]
p_0_0_01177_217691798_i_load           (load             ) [ 01010]
p_0_0_0_0_011581695_i_load             (load             ) [ 01010]
p_0_1_0_0_011591698_i_load             (load             ) [ 01010]
p_0_2_0_0_011601701_i_load             (load             ) [ 01010]
speclooptripcount_ln0                  (speclooptripcount) [ 00000]
LineBufVal                             (load             ) [ 00000]
trunc_ln902                            (trunc            ) [ 00000]
tmp_i                                  (partselect       ) [ 00000]
tmp_1_i                                (partselect       ) [ 00000]
LineBufVal_3                           (load             ) [ 00000]
trunc_ln902_1                          (trunc            ) [ 00000]
tmp_3_i                                (partselect       ) [ 00000]
tmp_4_i                                (partselect       ) [ 00000]
InPix                                  (read             ) [ 00000]
trunc_ln913                            (trunc            ) [ 00000]
trunc_ln913_2                          (partselect       ) [ 00000]
trunc_ln913_3                          (partselect       ) [ 00000]
store_ln812                            (store            ) [ 00000]
p_0_0_01177_21769_ph_i                 (phi              ) [ 01100]
p_0_0_01178_21767_ph_i                 (phi              ) [ 01100]
p_0_0_01179_21765_ph_i                 (phi              ) [ 01100]
select_ln957                           (select           ) [ 00000]
select_ln957_1                         (select           ) [ 00000]
select_ln957_2                         (select           ) [ 00000]
select_ln957_3                         (select           ) [ 01010]
select_ln957_4                         (select           ) [ 01010]
select_ln957_5                         (select           ) [ 01010]
select_ln957_6                         (select           ) [ 01010]
select_ln957_7                         (select           ) [ 01010]
select_ln957_8                         (select           ) [ 01010]
select_ln957_9                         (select           ) [ 01010]
select_ln957_10                        (select           ) [ 01010]
select_ln957_11                        (select           ) [ 01010]
select_ln975                           (select           ) [ 00000]
select_ln975_1                         (select           ) [ 00000]
select_ln975_2                         (select           ) [ 00000]
LineBufVal_4                           (bitconcatenate   ) [ 00000]
store_ln987                            (store            ) [ 00000]
store_ln913                            (store            ) [ 00000]
store_ln913                            (store            ) [ 00000]
store_ln913                            (store            ) [ 00000]
store_ln1018                           (store            ) [ 00000]
store_ln1018                           (store            ) [ 00000]
store_ln1018                           (store            ) [ 00000]
store_ln902                            (store            ) [ 00000]
store_ln902                            (store            ) [ 00000]
store_ln902                            (store            ) [ 00000]
pix_8                                  (phi              ) [ 01111]
pix_7                                  (phi              ) [ 01111]
pix                                    (phi              ) [ 01111]
store_ln957                            (store            ) [ 00000]
store_ln957                            (store            ) [ 00000]
store_ln957                            (store            ) [ 00000]
br_ln881                               (br               ) [ 00000]
down_2                                 (phi              ) [ 01010]
down_1                                 (phi              ) [ 01010]
down                                   (phi              ) [ 01010]
left_2                                 (phi              ) [ 01010]
left_1                                 (phi              ) [ 01010]
left                                   (phi              ) [ 01010]
up_2                                   (phi              ) [ 01010]
up_1                                   (phi              ) [ 01010]
up                                     (phi              ) [ 01010]
right_load_1                           (load             ) [ 00000]
right_1_load_1                         (load             ) [ 00000]
right_2_load_1                         (load             ) [ 00000]
zext_ln1023                            (zext             ) [ 00000]
zext_ln1023_1                          (zext             ) [ 00000]
sub_ln1023                             (sub              ) [ 00000]
trunc_ln61                             (trunc            ) [ 00000]
tmp_10                                 (bitselect        ) [ 00000]
sub_ln61                               (sub              ) [ 00000]
DRh                                    (select           ) [ 00000]
zext_ln1024                            (zext             ) [ 00000]
zext_ln1024_1                          (zext             ) [ 00000]
sub_ln1024                             (sub              ) [ 00000]
trunc_ln61_4                           (trunc            ) [ 00000]
tmp_11                                 (bitselect        ) [ 00000]
sub_ln61_4                             (sub              ) [ 00000]
DRv                                    (select           ) [ 00000]
zext_ln1025                            (zext             ) [ 00000]
zext_ln1025_1                          (zext             ) [ 00000]
sub_ln1025                             (sub              ) [ 00000]
trunc_ln61_5                           (trunc            ) [ 00000]
tmp_12                                 (bitselect        ) [ 00000]
sub_ln61_5                             (sub              ) [ 00000]
DGh                                    (select           ) [ 00000]
zext_ln1026                            (zext             ) [ 00000]
zext_ln1026_1                          (zext             ) [ 00000]
sub_ln1026                             (sub              ) [ 00000]
trunc_ln61_6                           (trunc            ) [ 00000]
tmp_13                                 (bitselect        ) [ 00000]
sub_ln61_6                             (sub              ) [ 00000]
DGv                                    (select           ) [ 00000]
zext_ln1027                            (zext             ) [ 00000]
zext_ln1027_1                          (zext             ) [ 00000]
sub_ln1027                             (sub              ) [ 00000]
trunc_ln61_7                           (trunc            ) [ 00000]
tmp_14                                 (bitselect        ) [ 00000]
sub_ln61_7                             (sub              ) [ 00000]
DBh                                    (select           ) [ 00000]
zext_ln1028                            (zext             ) [ 00000]
zext_ln1028_1                          (zext             ) [ 00000]
sub_ln1028                             (sub              ) [ 00000]
trunc_ln61_8                           (trunc            ) [ 00000]
tmp_15                                 (bitselect        ) [ 00000]
sub_ln61_8                             (sub              ) [ 00000]
DBv                                    (select           ) [ 00000]
zext_ln1030                            (zext             ) [ 00000]
zext_ln1030_1                          (zext             ) [ 00000]
add_ln1030                             (add              ) [ 00000]
zext_ln1030_2                          (zext             ) [ 00000]
zext_ln1030_3                          (zext             ) [ 00000]
add_ln1030_1                           (add              ) [ 00000]
zext_ln1030_4                          (zext             ) [ 00000]
zext_ln1030_5                          (zext             ) [ 00000]
add_ln1030_2                           (add              ) [ 00000]
zext_ln1030_6                          (zext             ) [ 00000]
zext_ln1030_7                          (zext             ) [ 00000]
add_ln1030_3                           (add              ) [ 00000]
icmp_ln1030                            (icmp             ) [ 00000]
sub_ln1033                             (sub              ) [ 00000]
sub_ln1033_1                           (sub              ) [ 00000]
sext_ln1033                            (sext             ) [ 00000]
sext_ln1033_1                          (sext             ) [ 00000]
add_ln1033                             (add              ) [ 00000]
sext_ln1033_2                          (sext             ) [ 00000]
tmp_16                                 (bitselect        ) [ 00000]
sub_ln1033_2                           (sub              ) [ 00000]
lshr_ln1033_1_cast                     (partselect       ) [ 00000]
sub_ln1033_3                           (sub              ) [ 00000]
zext_ln                                (partselect       ) [ 00000]
select_ln1033                          (select           ) [ 00000]
zext_ln1034_1                          (zext             ) [ 00000]
sub_ln1034                             (sub              ) [ 00000]
sub_ln1034_1                           (sub              ) [ 00000]
sext_ln1034                            (sext             ) [ 00000]
sext_ln1034_1                          (sext             ) [ 00000]
add_ln1034                             (add              ) [ 00000]
sext_ln1034_2                          (sext             ) [ 00000]
tmp_17                                 (bitselect        ) [ 00000]
sub_ln1034_2                           (sub              ) [ 00000]
lshr_ln1034_1_cast                     (partselect       ) [ 00000]
sub_ln1034_3                           (sub              ) [ 00000]
zext_ln1                               (partselect       ) [ 00000]
select_ln1034                          (select           ) [ 00000]
sub_ln1039                             (sub              ) [ 00000]
sub_ln1039_1                           (sub              ) [ 00000]
sext_ln1039                            (sext             ) [ 00000]
sext_ln1039_1                          (sext             ) [ 00000]
add_ln1039                             (add              ) [ 00000]
sext_ln1039_2                          (sext             ) [ 00000]
tmp_18                                 (bitselect        ) [ 00000]
sub_ln1039_2                           (sub              ) [ 00000]
lshr_ln1039_1_cast                     (partselect       ) [ 00000]
sub_ln1039_3                           (sub              ) [ 00000]
zext_ln2                               (partselect       ) [ 00000]
select_ln1039                          (select           ) [ 00000]
sub_ln1040                             (sub              ) [ 00000]
sub_ln1040_1                           (sub              ) [ 00000]
sext_ln1040                            (sext             ) [ 00000]
sext_ln1040_1                          (sext             ) [ 00000]
add_ln1040                             (add              ) [ 00000]
sext_ln1040_2                          (sext             ) [ 00000]
tmp_19                                 (bitselect        ) [ 00000]
sub_ln1040_2                           (sub              ) [ 00000]
lshr_ln1040_1_cast                     (partselect       ) [ 00000]
sub_ln1040_3                           (sub              ) [ 00000]
zext_ln3                               (partselect       ) [ 00000]
select_ln1040                          (select           ) [ 00000]
r_0_in_i_v_v                           (select           ) [ 00000]
r_0_in_i_v_v_cast                      (sext             ) [ 00000]
r_0_in_i                               (sub              ) [ 01001]
b_0_in_i_v_v                           (select           ) [ 00000]
b_0_in_i_v_v_cast                      (sext             ) [ 00000]
b_0_in_i                               (sub              ) [ 01001]
tmp_21                                 (partselect       ) [ 01001]
tmp_23                                 (partselect       ) [ 01001]
r_0_in_i_cast1                         (sext             ) [ 00000]
sext_ln1048                            (sext             ) [ 00000]
trunc_ln1048                           (trunc            ) [ 00000]
trunc_ln1046                           (trunc            ) [ 00000]
tmp_20                                 (bitselect        ) [ 00000]
icmp_ln1042                            (icmp             ) [ 00000]
xor_ln1046                             (xor              ) [ 00000]
select_ln1042                          (select           ) [ 00000]
or_ln1042                              (or               ) [ 00000]
select_ln1046                          (select           ) [ 00000]
tmp_22                                 (bitselect        ) [ 00000]
icmp_ln1043                            (icmp             ) [ 00000]
xor_ln1048                             (xor              ) [ 00000]
select_ln1043                          (select           ) [ 00000]
or_ln1043                              (or               ) [ 00000]
select_ln1048                          (select           ) [ 00000]
phi_ln1046                             (select           ) [ 00000]
phi_ln1048                             (select           ) [ 00000]
or_ln1054_3_i                          (bitconcatenate   ) [ 00000]
write_ln1054                           (write            ) [ 00000]
br_ln1055                              (br               ) [ 00000]
store_ln0                              (store            ) [ 00000]
store_ln0                              (store            ) [ 00000]
store_ln0                              (store            ) [ 00000]
store_ln0                              (store            ) [ 00000]
store_ln0                              (store            ) [ 00000]
store_ln0                              (store            ) [ 00000]
store_ln0                              (store            ) [ 00000]
store_ln0                              (store            ) [ 00000]
store_ln0                              (store            ) [ 00000]
store_ln0                              (store            ) [ 00000]
store_ln0                              (store            ) [ 00000]
store_ln0                              (store            ) [ 00000]
ret_ln0                                (ret              ) [ 00000]
</LifeTime>

<model>

<comp_list>
<comp id="0" class="1000" name="p_0_0_01177_217691799_lcssa1835_i">
<pin_list>
<pin id="1" dir="1" index="0" bw="1" slack="0"/>
</pin_list>
<bind>
<StgValue><ssdm name="p_0_0_01177_217691799_lcssa1835_i"/></StgValue>
</bind>
</comp>

<comp id="2" class="1000" name="p_0_0_01178_217671797_lcssa1833_i">
<pin_list>
<pin id="3" dir="1" index="0" bw="1" slack="0"/>
</pin_list>
<bind>
<StgValue><ssdm name="p_0_0_01178_217671797_lcssa1833_i"/></StgValue>
</bind>
</comp>

<comp id="4" class="1000" name="p_0_0_01179_217651795_lcssa1831_i">
<pin_list>
<pin id="5" dir="1" index="0" bw="1" slack="0"/>
</pin_list>
<bind>
<StgValue><ssdm name="p_0_0_01179_217651795_lcssa1831_i"/></StgValue>
</bind>
</comp>

<comp id="6" class="1000" name="p_0_2_0_0_011541792_lcssa1829_i">
<pin_list>
<pin id="7" dir="1" index="0" bw="1" slack="0"/>
</pin_list>
<bind>
<StgValue><ssdm name="p_0_2_0_0_011541792_lcssa1829_i"/></StgValue>
</bind>
</comp>

<comp id="8" class="1000" name="p_0_1_0_0_011531790_lcssa1827_i">
<pin_list>
<pin id="9" dir="1" index="0" bw="1" slack="0"/>
</pin_list>
<bind>
<StgValue><ssdm name="p_0_1_0_0_011531790_lcssa1827_i"/></StgValue>
</bind>
</comp>

<comp id="10" class="1000" name="p_0_0_0_0_011521788_lcssa1825_i">
<pin_list>
<pin id="11" dir="1" index="0" bw="1" slack="0"/>
</pin_list>
<bind>
<StgValue><ssdm name="p_0_0_0_0_011521788_lcssa1825_i"/></StgValue>
</bind>
</comp>

<comp id="12" class="1000" name="p_0_0_0116417751787_lcssa1823_i">
<pin_list>
<pin id="13" dir="1" index="0" bw="1" slack="0"/>
</pin_list>
<bind>
<StgValue><ssdm name="p_0_0_0116417751787_lcssa1823_i"/></StgValue>
</bind>
</comp>

<comp id="14" class="1000" name="p_0_0_0116517731785_lcssa1821_i">
<pin_list>
<pin id="15" dir="1" index="0" bw="1" slack="0"/>
</pin_list>
<bind>
<StgValue><ssdm name="p_0_0_0116517731785_lcssa1821_i"/></StgValue>
</bind>
</comp>

<comp id="16" class="1000" name="p_0_0_0116617711783_lcssa1819_i">
<pin_list>
<pin id="17" dir="1" index="0" bw="1" slack="0"/>
</pin_list>
<bind>
<StgValue><ssdm name="p_0_0_0116617711783_lcssa1819_i"/></StgValue>
</bind>
</comp>

<comp id="18" class="1000" name="p_0_2_0_0_011601699_lcssa1741_i">
<pin_list>
<pin id="19" dir="1" index="0" bw="1" slack="0"/>
</pin_list>
<bind>
<StgValue><ssdm name="p_0_2_0_0_011601699_lcssa1741_i"/></StgValue>
</bind>
</comp>

<comp id="20" class="1000" name="p_0_1_0_0_011591696_lcssa1739_i">
<pin_list>
<pin id="21" dir="1" index="0" bw="1" slack="0"/>
</pin_list>
<bind>
<StgValue><ssdm name="p_0_1_0_0_011591696_lcssa1739_i"/></StgValue>
</bind>
</comp>

<comp id="22" class="1000" name="p_0_0_0_0_011581693_lcssa1737_i">
<pin_list>
<pin id="23" dir="1" index="0" bw="1" slack="0"/>
</pin_list>
<bind>
<StgValue><ssdm name="p_0_0_0_0_011581693_lcssa1737_i"/></StgValue>
</bind>
</comp>

<comp id="24" class="1000" name="y">
<pin_list>
<pin id="25" dir="1" index="0" bw="1" slack="0"/>
</pin_list>
<bind>
<StgValue><ssdm name="y"/></StgValue>
</bind>
</comp>

<comp id="26" class="1000" name="height_val4_load">
<pin_list>
<pin id="27" dir="1" index="0" bw="1" slack="0"/>
</pin_list>
<bind>
<StgValue><ssdm name="height_val4_load"/></StgValue>
</bind>
</comp>

<comp id="28" class="1000" name="loopWidth">
<pin_list>
<pin id="29" dir="1" index="0" bw="1" slack="0"/>
</pin_list>
<bind>
<StgValue><ssdm name="loopWidth"/></StgValue>
</bind>
</comp>

<comp id="30" class="1000" name="empty">
<pin_list>
<pin id="31" dir="1" index="0" bw="1" slack="0"/>
</pin_list>
<bind>
<StgValue><ssdm name="empty"/></StgValue>
</bind>
</comp>

<comp id="32" class="1000" name="xor_ln1014_1">
<pin_list>
<pin id="33" dir="1" index="0" bw="1" slack="0"/>
</pin_list>
<bind>
<StgValue><ssdm name="xor_ln1014_1"/></StgValue>
</bind>
</comp>

<comp id="34" class="1000" name="width_val8_load">
<pin_list>
<pin id="35" dir="1" index="0" bw="1" slack="0"/>
</pin_list>
<bind>
<StgValue><ssdm name="width_val8_load"/></StgValue>
</bind>
</comp>

<comp id="36" class="1000" name="imgRB">
<pin_list>
<pin id="37" dir="1" index="0" bw="1" slack="0"/>
</pin_list>
<bind>
<StgValue><ssdm name="imgRB"/></StgValue>
</bind>
</comp>

<comp id="38" class="1000" name="imgRgb">
<pin_list>
<pin id="39" dir="1" index="0" bw="1" slack="0"/>
</pin_list>
<bind>
<StgValue><ssdm name="imgRgb"/></StgValue>
</bind>
</comp>

<comp id="40" class="1000" name="p_0_0_01177_217691798_i_out">
<pin_list>
<pin id="41" dir="1" index="0" bw="1" slack="0"/>
</pin_list>
<bind>
<StgValue><ssdm name="p_0_0_01177_217691798_i_out"/></StgValue>
</bind>
</comp>

<comp id="42" class="1000" name="p_0_0_01178_217671796_i_out">
<pin_list>
<pin id="43" dir="1" index="0" bw="1" slack="0"/>
</pin_list>
<bind>
<StgValue><ssdm name="p_0_0_01178_217671796_i_out"/></StgValue>
</bind>
</comp>

<comp id="44" class="1000" name="p_0_0_01179_217651794_i_out">
<pin_list>
<pin id="45" dir="1" index="0" bw="1" slack="0"/>
</pin_list>
<bind>
<StgValue><ssdm name="p_0_0_01179_217651794_i_out"/></StgValue>
</bind>
</comp>

<comp id="46" class="1000" name="right_2_out">
<pin_list>
<pin id="47" dir="1" index="0" bw="1" slack="0"/>
</pin_list>
<bind>
<StgValue><ssdm name="right_2_out"/></StgValue>
</bind>
</comp>

<comp id="48" class="1000" name="right_1_out">
<pin_list>
<pin id="49" dir="1" index="0" bw="1" slack="0"/>
</pin_list>
<bind>
<StgValue><ssdm name="right_1_out"/></StgValue>
</bind>
</comp>

<comp id="50" class="1000" name="right_out">
<pin_list>
<pin id="51" dir="1" index="0" bw="1" slack="0"/>
</pin_list>
<bind>
<StgValue><ssdm name="right_out"/></StgValue>
</bind>
</comp>

<comp id="52" class="1000" name="p_0_0_0116417751786_i_out">
<pin_list>
<pin id="53" dir="1" index="0" bw="1" slack="0"/>
</pin_list>
<bind>
<StgValue><ssdm name="p_0_0_0116417751786_i_out"/></StgValue>
</bind>
</comp>

<comp id="54" class="1000" name="p_0_0_0116517731784_i_out">
<pin_list>
<pin id="55" dir="1" index="0" bw="1" slack="0"/>
</pin_list>
<bind>
<StgValue><ssdm name="p_0_0_0116517731784_i_out"/></StgValue>
</bind>
</comp>

<comp id="56" class="1000" name="p_0_0_0116617711782_i_out">
<pin_list>
<pin id="57" dir="1" index="0" bw="1" slack="0"/>
</pin_list>
<bind>
<StgValue><ssdm name="p_0_0_0116617711782_i_out"/></StgValue>
</bind>
</comp>

<comp id="58" class="1000" name="p_0_2_0_0_011601701_i_out">
<pin_list>
<pin id="59" dir="1" index="0" bw="1" slack="0"/>
</pin_list>
<bind>
<StgValue><ssdm name="p_0_2_0_0_011601701_i_out"/></StgValue>
</bind>
</comp>

<comp id="60" class="1000" name="p_0_1_0_0_011591698_i_out">
<pin_list>
<pin id="61" dir="1" index="0" bw="1" slack="0"/>
</pin_list>
<bind>
<StgValue><ssdm name="p_0_1_0_0_011591698_i_out"/></StgValue>
</bind>
</comp>

<comp id="62" class="1000" name="p_0_0_0_0_011581695_i_out">
<pin_list>
<pin id="63" dir="1" index="0" bw="1" slack="0"/>
</pin_list>
<bind>
<StgValue><ssdm name="p_0_0_0_0_011581695_i_out"/></StgValue>
</bind>
</comp>

<comp id="64" class="1001" name="const_64">
<pin_list>
<pin id="65" dir="1" index="0" bw="1" slack="0"/>
</pin_list>
<bind>
<StgValue><ssdm name=""/></StgValue>
</bind>
</comp>

<comp id="66" class="1001" name="const_66">
<pin_list>
<pin id="67" dir="1" index="0" bw="1" slack="2147483647"/>
</pin_list>
<bind>
<StgValue><ssdm name="_ssdm_op_SpecInterface"/></StgValue>
</bind>
</comp>

<comp id="68" class="1001" name="const_68">
<pin_list>
<pin id="69" dir="1" index="0" bw="1" slack="2147483647"/>
</pin_list>
<bind>
<StgValue><ssdm name="empty_20"/></StgValue>
</bind>
</comp>

<comp id="70" class="1001" name="const_70">
<pin_list>
<pin id="71" dir="1" index="0" bw="1" slack="2147483647"/>
</pin_list>
<bind>
<StgValue><ssdm name=""/></StgValue>
</bind>
</comp>

<comp id="72" class="1001" name="const_72">
<pin_list>
<pin id="73" dir="1" index="0" bw="1" slack="2147483647"/>
</pin_list>
<bind>
<StgValue><ssdm name="empty_14"/></StgValue>
</bind>
</comp>

<comp id="74" class="1001" name="const_74">
<pin_list>
<pin id="75" dir="1" index="0" bw="1" slack="2147483647"/>
</pin_list>
<bind>
<StgValue><ssdm name=""/></StgValue>
</bind>
</comp>

<comp id="76" class="1001" name="const_76">
<pin_list>
<pin id="77" dir="1" index="0" bw="1" slack="0"/>
</pin_list>
<bind>
<StgValue><ssdm name="_ssdm_op_Read.ap_auto.i11"/></StgValue>
</bind>
</comp>

<comp id="78" class="1001" name="const_78">
<pin_list>
<pin id="79" dir="1" index="0" bw="1" slack="0"/>
</pin_list>
<bind>
<StgValue><ssdm name="_ssdm_op_Read.ap_auto.i15"/></StgValue>
</bind>
</comp>

<comp id="80" class="1001" name="const_80">
<pin_list>
<pin id="81" dir="1" index="0" bw="1" slack="0"/>
</pin_list>
<bind>
<StgValue><ssdm name="_ssdm_op_Read.ap_auto.i1"/></StgValue>
</bind>
</comp>

<comp id="82" class="1001" name="const_82">
<pin_list>
<pin id="83" dir="1" index="0" bw="1" slack="0"/>
</pin_list>
<bind>
<StgValue><ssdm name="_ssdm_op_Read.ap_auto.i8"/></StgValue>
</bind>
</comp>

<comp id="84" class="1001" name="const_84">
<pin_list>
<pin id="85" dir="1" index="0" bw="1" slack="0"/>
</pin_list>
<bind>
<StgValue><ssdm name=""/></StgValue>
</bind>
</comp>

<comp id="86" class="1001" name="const_86">
<pin_list>
<pin id="87" dir="1" index="0" bw="1" slack="0"/>
</pin_list>
<bind>
<StgValue><ssdm name=""/></StgValue>
</bind>
</comp>

<comp id="88" class="1001" name="const_88">
<pin_list>
<pin id="89" dir="1" index="0" bw="1" slack="0"/>
</pin_list>
<bind>
<StgValue><ssdm name=""/></StgValue>
</bind>
</comp>

<comp id="90" class="1001" name="const_90">
<pin_list>
<pin id="91" dir="1" index="0" bw="1" slack="2147483647"/>
</pin_list>
<bind>
<StgValue><ssdm name="_ssdm_op_SpecPipeline"/></StgValue>
</bind>
</comp>

<comp id="92" class="1001" name="const_92">
<pin_list>
<pin id="93" dir="1" index="0" bw="1" slack="2147483647"/>
</pin_list>
<bind>
<StgValue><ssdm name="_ssdm_op_SpecLoopName"/></StgValue>
</bind>
</comp>

<comp id="94" class="1001" name="const_94">
<pin_list>
<pin id="95" dir="1" index="0" bw="1" slack="2147483647"/>
</pin_list>
<bind>
<StgValue><ssdm name="empty_10"/></StgValue>
</bind>
</comp>

<comp id="96" class="1001" name="const_96">
<pin_list>
<pin id="97" dir="1" index="0" bw="1" slack="0"/>
</pin_list>
<bind>
<StgValue><ssdm name=""/></StgValue>
</bind>
</comp>

<comp id="98" class="1001" name="const_98">
<pin_list>
<pin id="99" dir="1" index="0" bw="1" slack="0"/>
</pin_list>
<bind>
<StgValue><ssdm name=""/></StgValue>
</bind>
</comp>

<comp id="100" class="1001" name="const_100">
<pin_list>
<pin id="101" dir="1" index="0" bw="1" slack="2147483647"/>
</pin_list>
<bind>
<StgValue><ssdm name="_ssdm_op_SpecLoopTripCount"/></StgValue>
</bind>
</comp>

<comp id="102" class="1001" name="const_102">
<pin_list>
<pin id="103" dir="1" index="0" bw="1" slack="2147483647"/>
</pin_list>
<bind>
<StgValue><ssdm name=""/></StgValue>
</bind>
</comp>

<comp id="104" class="1001" name="const_104">
<pin_list>
<pin id="105" dir="1" index="0" bw="1" slack="0"/>
</pin_list>
<bind>
<StgValue><ssdm name="_ssdm_op_PartSelect.i8.i24.i32"/></StgValue>
</bind>
</comp>

<comp id="106" class="1001" name="const_106">
<pin_list>
<pin id="107" dir="1" index="0" bw="1" slack="0"/>
</pin_list>
<bind>
<StgValue><ssdm name=""/></StgValue>
</bind>
</comp>

<comp id="108" class="1001" name="const_108">
<pin_list>
<pin id="109" dir="1" index="0" bw="1" slack="0"/>
</pin_list>
<bind>
<StgValue><ssdm name=""/></StgValue>
</bind>
</comp>

<comp id="110" class="1001" name="const_110">
<pin_list>
<pin id="111" dir="1" index="0" bw="1" slack="0"/>
</pin_list>
<bind>
<StgValue><ssdm name="_ssdm_op_Read.ap_fifo.volatile.i24P0A"/></StgValue>
</bind>
</comp>

<comp id="112" class="1001" name="const_112">
<pin_list>
<pin id="113" dir="1" index="0" bw="1" slack="0"/>
</pin_list>
<bind>
<StgValue><ssdm name="_ssdm_op_PartSelect.i8.i24.i32.i32"/></StgValue>
</bind>
</comp>

<comp id="114" class="1001" name="const_114">
<pin_list>
<pin id="115" dir="1" index="0" bw="1" slack="0"/>
</pin_list>
<bind>
<StgValue><ssdm name=""/></StgValue>
</bind>
</comp>

<comp id="116" class="1001" name="const_116">
<pin_list>
<pin id="117" dir="1" index="0" bw="1" slack="0"/>
</pin_list>
<bind>
<StgValue><ssdm name=""/></StgValue>
</bind>
</comp>

<comp id="118" class="1001" name="const_118">
<pin_list>
<pin id="119" dir="1" index="0" bw="1" slack="0"/>
</pin_list>
<bind>
<StgValue><ssdm name="_ssdm_op_BitConcatenate.i24.i8.i8.i8"/></StgValue>
</bind>
</comp>

<comp id="120" class="1001" name="const_120">
<pin_list>
<pin id="121" dir="1" index="0" bw="1" slack="0"/>
</pin_list>
<bind>
<StgValue><ssdm name="_ssdm_op_BitSelect.i1.i9.i32"/></StgValue>
</bind>
</comp>

<comp id="122" class="1001" name="const_122">
<pin_list>
<pin id="123" dir="1" index="0" bw="1" slack="0"/>
</pin_list>
<bind>
<StgValue><ssdm name=""/></StgValue>
</bind>
</comp>

<comp id="124" class="1001" name="const_124">
<pin_list>
<pin id="125" dir="1" index="0" bw="1" slack="0"/>
</pin_list>
<bind>
<StgValue><ssdm name="_ssdm_op_BitSelect.i1.i10.i32"/></StgValue>
</bind>
</comp>

<comp id="126" class="1001" name="const_126">
<pin_list>
<pin id="127" dir="1" index="0" bw="1" slack="0"/>
</pin_list>
<bind>
<StgValue><ssdm name=""/></StgValue>
</bind>
</comp>

<comp id="128" class="1001" name="const_128">
<pin_list>
<pin id="129" dir="1" index="0" bw="1" slack="0"/>
</pin_list>
<bind>
<StgValue><ssdm name="_ssdm_op_PartSelect.i9.i11.i32.i32"/></StgValue>
</bind>
</comp>

<comp id="130" class="1001" name="const_130">
<pin_list>
<pin id="131" dir="1" index="0" bw="1" slack="0"/>
</pin_list>
<bind>
<StgValue><ssdm name=""/></StgValue>
</bind>
</comp>

<comp id="132" class="1001" name="const_132">
<pin_list>
<pin id="133" dir="1" index="0" bw="1" slack="0"/>
</pin_list>
<bind>
<StgValue><ssdm name="_ssdm_op_PartSelect.i9.i10.i32.i32"/></StgValue>
</bind>
</comp>

<comp id="134" class="1001" name="const_134">
<pin_list>
<pin id="135" dir="1" index="0" bw="1" slack="0"/>
</pin_list>
<bind>
<StgValue><ssdm name="_ssdm_op_PartSelect.i2.i10.i32.i32"/></StgValue>
</bind>
</comp>

<comp id="136" class="1001" name="const_136">
<pin_list>
<pin id="137" dir="1" index="0" bw="1" slack="0"/>
</pin_list>
<bind>
<StgValue><ssdm name="_ssdm_op_BitSelect.i1.i12.i32"/></StgValue>
</bind>
</comp>

<comp id="138" class="1001" name="const_138">
<pin_list>
<pin id="139" dir="1" index="0" bw="1" slack="0"/>
</pin_list>
<bind>
<StgValue><ssdm name=""/></StgValue>
</bind>
</comp>

<comp id="140" class="1001" name="const_140">
<pin_list>
<pin id="141" dir="1" index="0" bw="1" slack="0"/>
</pin_list>
<bind>
<StgValue><ssdm name=""/></StgValue>
</bind>
</comp>

<comp id="142" class="1001" name="const_142">
<pin_list>
<pin id="143" dir="1" index="0" bw="1" slack="0"/>
</pin_list>
<bind>
<StgValue><ssdm name=""/></StgValue>
</bind>
</comp>

<comp id="144" class="1001" name="const_144">
<pin_list>
<pin id="145" dir="1" index="0" bw="1" slack="0"/>
</pin_list>
<bind>
<StgValue><ssdm name="_ssdm_op_Write.ap_fifo.volatile.i24P0A"/></StgValue>
</bind>
</comp>

<comp id="146" class="1004" name="x_fu_146">
<pin_list>
<pin id="147" dir="0" index="0" bw="1" slack="0"/>
<pin id="148" dir="1" index="1" bw="11" slack="0"/>
</pin_list>
<bind>
<opcode="alloca(26) " fcode="alloca"/>
<opset="x/1 "/>
</bind>
</comp>

<comp id="150" class="1004" name="p_0_0_0116617711782_i_fu_150">
<pin_list>
<pin id="151" dir="0" index="0" bw="1" slack="0"/>
<pin id="152" dir="1" index="1" bw="8" slack="0"/>
</pin_list>
<bind>
<opcode="alloca(26) " fcode="alloca"/>
<opset="p_0_0_0116617711782_i/1 "/>
</bind>
</comp>

<comp id="154" class="1004" name="p_0_0_0116517731784_i_fu_154">
<pin_list>
<pin id="155" dir="0" index="0" bw="1" slack="0"/>
<pin id="156" dir="1" index="1" bw="8" slack="0"/>
</pin_list>
<bind>
<opcode="alloca(26) " fcode="alloca"/>
<opset="p_0_0_0116517731784_i/1 "/>
</bind>
</comp>

<comp id="158" class="1004" name="p_0_0_0116417751786_i_fu_158">
<pin_list>
<pin id="159" dir="0" index="0" bw="1" slack="0"/>
<pin id="160" dir="1" index="1" bw="8" slack="0"/>
</pin_list>
<bind>
<opcode="alloca(26) " fcode="alloca"/>
<opset="p_0_0_0116417751786_i/1 "/>
</bind>
</comp>

<comp id="162" class="1004" name="right_fu_162">
<pin_list>
<pin id="163" dir="0" index="0" bw="1" slack="0"/>
<pin id="164" dir="1" index="1" bw="8" slack="0"/>
</pin_list>
<bind>
<opcode="alloca(26) " fcode="alloca"/>
<opset="right/1 "/>
</bind>
</comp>

<comp id="166" class="1004" name="right_1_fu_166">
<pin_list>
<pin id="167" dir="0" index="0" bw="1" slack="0"/>
<pin id="168" dir="1" index="1" bw="8" slack="0"/>
</pin_list>
<bind>
<opcode="alloca(26) " fcode="alloca"/>
<opset="right_1/1 "/>
</bind>
</comp>

<comp id="170" class="1004" name="right_2_fu_170">
<pin_list>
<pin id="171" dir="0" index="0" bw="1" slack="0"/>
<pin id="172" dir="1" index="1" bw="8" slack="0"/>
</pin_list>
<bind>
<opcode="alloca(26) " fcode="alloca"/>
<opset="right_2/1 "/>
</bind>
</comp>

<comp id="174" class="1004" name="p_0_0_01179_217651794_i_fu_174">
<pin_list>
<pin id="175" dir="0" index="0" bw="1" slack="0"/>
<pin id="176" dir="1" index="1" bw="8" slack="0"/>
</pin_list>
<bind>
<opcode="alloca(26) " fcode="alloca"/>
<opset="p_0_0_01179_217651794_i/1 "/>
</bind>
</comp>

<comp id="178" class="1004" name="p_0_0_01178_217671796_i_fu_178">
<pin_list>
<pin id="179" dir="0" index="0" bw="1" slack="0"/>
<pin id="180" dir="1" index="1" bw="8" slack="0"/>
</pin_list>
<bind>
<opcode="alloca(26) " fcode="alloca"/>
<opset="p_0_0_01178_217671796_i/1 "/>
</bind>
</comp>

<comp id="182" class="1004" name="p_0_0_01177_217691798_i_fu_182">
<pin_list>
<pin id="183" dir="0" index="0" bw="1" slack="0"/>
<pin id="184" dir="1" index="1" bw="8" slack="0"/>
</pin_list>
<bind>
<opcode="alloca(26) " fcode="alloca"/>
<opset="p_0_0_01177_217691798_i/1 "/>
</bind>
</comp>

<comp id="186" class="1004" name="p_0_0_0_0_011581695_i_fu_186">
<pin_list>
<pin id="187" dir="0" index="0" bw="1" slack="0"/>
<pin id="188" dir="1" index="1" bw="8" slack="0"/>
</pin_list>
<bind>
<opcode="alloca(26) " fcode="alloca"/>
<opset="p_0_0_0_0_011581695_i/1 "/>
</bind>
</comp>

<comp id="190" class="1004" name="p_0_1_0_0_011591698_i_fu_190">
<pin_list>
<pin id="191" dir="0" index="0" bw="1" slack="0"/>
<pin id="192" dir="1" index="1" bw="8" slack="0"/>
</pin_list>
<bind>
<opcode="alloca(26) " fcode="alloca"/>
<opset="p_0_1_0_0_011591698_i/1 "/>
</bind>
</comp>

<comp id="194" class="1004" name="p_0_2_0_0_011601701_i_fu_194">
<pin_list>
<pin id="195" dir="0" index="0" bw="1" slack="0"/>
<pin id="196" dir="1" index="1" bw="8" slack="0"/>
</pin_list>
<bind>
<opcode="alloca(26) " fcode="alloca"/>
<opset="p_0_2_0_0_011601701_i/1 "/>
</bind>
</comp>

<comp id="198" class="1004" name="lineBuffer_2_alloca_fu_198">
<pin_list>
<pin id="199" dir="0" index="0" bw="1" slack="0"/>
<pin id="200" dir="1" index="1" bw="24" slack="0"/>
</pin_list>
<bind>
<opcode="alloca(26) " fcode="alloca"/>
<opset="lineBuffer_2/1 "/>
</bind>
</comp>

<comp id="202" class="1004" name="lineBuffer_alloca_fu_202">
<pin_list>
<pin id="203" dir="0" index="0" bw="1" slack="0"/>
<pin id="204" dir="1" index="1" bw="24" slack="0"/>
</pin_list>
<bind>
<opcode="alloca(26) " fcode="alloca"/>
<opset="lineBuffer/1 "/>
</bind>
</comp>

<comp id="206" class="1004" name="width_val8_load_read_read_fu_206">
<pin_list>
<pin id="207" dir="0" index="0" bw="11" slack="0"/>
<pin id="208" dir="0" index="1" bw="11" slack="0"/>
<pin id="209" dir="1" index="2" bw="11" slack="0"/>
</pin_list>
<bind>
<opcode="read(1150) " fcode="read"/>
<opset="width_val8_load_read/1 "/>
</bind>
</comp>

<comp id="212" class="1004" name="xor_ln1014_1_read_read_fu_212">
<pin_list>
<pin id="213" dir="0" index="0" bw="15" slack="0"/>
<pin id="214" dir="0" index="1" bw="15" slack="0"/>
<pin id="215" dir="1" index="2" bw="15" slack="0"/>
</pin_list>
<bind>
<opcode="read(1150) " fcode="read"/>
<opset="xor_ln1014_1_read/1 "/>
</bind>
</comp>

<comp id="218" class="1004" name="tmp_read_fu_218">
<pin_list>
<pin id="219" dir="0" index="0" bw="1" slack="0"/>
<pin id="220" dir="0" index="1" bw="1" slack="0"/>
<pin id="221" dir="1" index="2" bw="1" slack="0"/>
</pin_list>
<bind>
<opcode="read(1150) " fcode="read"/>
<opset="tmp/1 "/>
</bind>
</comp>

<comp id="224" class="1004" name="loopWidth_read_read_fu_224">
<pin_list>
<pin id="225" dir="0" index="0" bw="11" slack="0"/>
<pin id="226" dir="0" index="1" bw="11" slack="0"/>
<pin id="227" dir="1" index="2" bw="11" slack="0"/>
</pin_list>
<bind>
<opcode="read(1150) " fcode="read"/>
<opset="loopWidth_read/1 "/>
</bind>
</comp>

<comp id="230" class="1004" name="height_val4_load_read_read_fu_230">
<pin_list>
<pin id="231" dir="0" index="0" bw="11" slack="0"/>
<pin id="232" dir="0" index="1" bw="11" slack="0"/>
<pin id="233" dir="1" index="2" bw="11" slack="0"/>
</pin_list>
<bind>
<opcode="read(1150) " fcode="read"/>
<opset="height_val4_load_read/1 "/>
</bind>
</comp>

<comp id="236" class="1004" name="y_read_read_fu_236">
<pin_list>
<pin id="237" dir="0" index="0" bw="11" slack="0"/>
<pin id="238" dir="0" index="1" bw="11" slack="0"/>
<pin id="239" dir="1" index="2" bw="11" slack="0"/>
</pin_list>
<bind>
<opcode="read(1150) " fcode="read"/>
<opset="y_read/1 "/>
</bind>
</comp>

<comp id="242" class="1004" name="p_0_0_0_0_011581693_lcssa1737_i_read_read_fu_242">
<pin_list>
<pin id="243" dir="0" index="0" bw="8" slack="0"/>
<pin id="244" dir="0" index="1" bw="8" slack="0"/>
<pin id="245" dir="1" index="2" bw="8" slack="0"/>
</pin_list>
<bind>
<opcode="read(1150) " fcode="read"/>
<opset="p_0_0_0_0_011581693_lcssa1737_i_read/1 "/>
</bind>
</comp>

<comp id="248" class="1004" name="p_0_1_0_0_011591696_lcssa1739_i_read_read_fu_248">
<pin_list>
<pin id="249" dir="0" index="0" bw="8" slack="0"/>
<pin id="250" dir="0" index="1" bw="8" slack="0"/>
<pin id="251" dir="1" index="2" bw="8" slack="0"/>
</pin_list>
<bind>
<opcode="read(1150) " fcode="read"/>
<opset="p_0_1_0_0_011591696_lcssa1739_i_read/1 "/>
</bind>
</comp>

<comp id="254" class="1004" name="p_0_2_0_0_011601699_lcssa1741_i_read_read_fu_254">
<pin_list>
<pin id="255" dir="0" index="0" bw="8" slack="0"/>
<pin id="256" dir="0" index="1" bw="8" slack="0"/>
<pin id="257" dir="1" index="2" bw="8" slack="0"/>
</pin_list>
<bind>
<opcode="read(1150) " fcode="read"/>
<opset="p_0_2_0_0_011601699_lcssa1741_i_read/1 "/>
</bind>
</comp>

<comp id="260" class="1004" name="p_0_0_0116617711783_lcssa1819_i_read_read_fu_260">
<pin_list>
<pin id="261" dir="0" index="0" bw="8" slack="0"/>
<pin id="262" dir="0" index="1" bw="8" slack="0"/>
<pin id="263" dir="1" index="2" bw="8" slack="0"/>
</pin_list>
<bind>
<opcode="read(1150) " fcode="read"/>
<opset="p_0_0_0116617711783_lcssa1819_i_read/1 "/>
</bind>
</comp>

<comp id="266" class="1004" name="p_0_0_0116517731785_lcssa1821_i_read_read_fu_266">
<pin_list>
<pin id="267" dir="0" index="0" bw="8" slack="0"/>
<pin id="268" dir="0" index="1" bw="8" slack="0"/>
<pin id="269" dir="1" index="2" bw="8" slack="0"/>
</pin_list>
<bind>
<opcode="read(1150) " fcode="read"/>
<opset="p_0_0_0116517731785_lcssa1821_i_read/1 "/>
</bind>
</comp>

<comp id="272" class="1004" name="p_0_0_0116417751787_lcssa1823_i_read_read_fu_272">
<pin_list>
<pin id="273" dir="0" index="0" bw="8" slack="0"/>
<pin id="274" dir="0" index="1" bw="8" slack="0"/>
<pin id="275" dir="1" index="2" bw="8" slack="0"/>
</pin_list>
<bind>
<opcode="read(1150) " fcode="read"/>
<opset="p_0_0_0116417751787_lcssa1823_i_read/1 "/>
</bind>
</comp>

<comp id="278" class="1004" name="p_0_0_0_0_011521788_lcssa1825_i_read_read_fu_278">
<pin_list>
<pin id="279" dir="0" index="0" bw="8" slack="0"/>
<pin id="280" dir="0" index="1" bw="8" slack="0"/>
<pin id="281" dir="1" index="2" bw="8" slack="0"/>
</pin_list>
<bind>
<opcode="read(1150) " fcode="read"/>
<opset="p_0_0_0_0_011521788_lcssa1825_i_read/1 "/>
</bind>
</comp>

<comp id="284" class="1004" name="p_0_1_0_0_011531790_lcssa1827_i_read_read_fu_284">
<pin_list>
<pin id="285" dir="0" index="0" bw="8" slack="0"/>
<pin id="286" dir="0" index="1" bw="8" slack="0"/>
<pin id="287" dir="1" index="2" bw="8" slack="0"/>
</pin_list>
<bind>
<opcode="read(1150) " fcode="read"/>
<opset="p_0_1_0_0_011531790_lcssa1827_i_read/1 "/>
</bind>
</comp>

<comp id="290" class="1004" name="p_0_2_0_0_011541792_lcssa1829_i_read_read_fu_290">
<pin_list>
<pin id="291" dir="0" index="0" bw="8" slack="0"/>
<pin id="292" dir="0" index="1" bw="8" slack="0"/>
<pin id="293" dir="1" index="2" bw="8" slack="0"/>
</pin_list>
<bind>
<opcode="read(1150) " fcode="read"/>
<opset="p_0_2_0_0_011541792_lcssa1829_i_read/1 "/>
</bind>
</comp>

<comp id="296" class="1004" name="p_0_0_01179_217651795_lcssa1831_i_read_read_fu_296">
<pin_list>
<pin id="297" dir="0" index="0" bw="8" slack="0"/>
<pin id="298" dir="0" index="1" bw="8" slack="0"/>
<pin id="299" dir="1" index="2" bw="8" slack="0"/>
</pin_list>
<bind>
<opcode="read(1150) " fcode="read"/>
<opset="p_0_0_01179_217651795_lcssa1831_i_read/1 "/>
</bind>
</comp>

<comp id="302" class="1004" name="p_0_0_01178_217671797_lcssa1833_i_read_read_fu_302">
<pin_list>
<pin id="303" dir="0" index="0" bw="8" slack="0"/>
<pin id="304" dir="0" index="1" bw="8" slack="0"/>
<pin id="305" dir="1" index="2" bw="8" slack="0"/>
</pin_list>
<bind>
<opcode="read(1150) " fcode="read"/>
<opset="p_0_0_01178_217671797_lcssa1833_i_read/1 "/>
</bind>
</comp>

<comp id="308" class="1004" name="p_0_0_01177_217691799_lcssa1835_i_read_read_fu_308">
<pin_list>
<pin id="309" dir="0" index="0" bw="8" slack="0"/>
<pin id="310" dir="0" index="1" bw="8" slack="0"/>
<pin id="311" dir="1" index="2" bw="8" slack="0"/>
</pin_list>
<bind>
<opcode="read(1150) " fcode="read"/>
<opset="p_0_0_01177_217691799_lcssa1835_i_read/1 "/>
</bind>
</comp>

<comp id="314" class="1004" name="InPix_read_fu_314">
<pin_list>
<pin id="315" dir="0" index="0" bw="24" slack="0"/>
<pin id="316" dir="0" index="1" bw="24" slack="0"/>
<pin id="317" dir="1" index="2" bw="24" slack="0"/>
</pin_list>
<bind>
<opcode="read(1150) " fcode="read"/>
<opset="InPix/2 "/>
</bind>
</comp>

<comp id="320" class="1004" name="write_ln1054_write_fu_320">
<pin_list>
<pin id="321" dir="0" index="0" bw="0" slack="0"/>
<pin id="322" dir="0" index="1" bw="24" slack="0"/>
<pin id="323" dir="0" index="2" bw="24" slack="0"/>
<pin id="324" dir="1" index="3" bw="0" slack="2147483647"/>
</pin_list>
<bind>
<opcode="write(1151) " fcode="write"/>
<opset="write_ln1054/4 "/>
</bind>
</comp>

<comp id="327" class="1004" name="lineBuffer_addr_gep_fu_327">
<pin_list>
<pin id="328" dir="0" index="0" bw="24" slack="0"/>
<pin id="329" dir="0" index="1" bw="1" slack="0"/>
<pin id="330" dir="0" index="2" bw="11" slack="0"/>
<pin id="331" dir="1" index="3" bw="11" slack="0"/>
</pin_list>
<bind>
<opcode="getelementptr(29) " fcode="getelementptr"/>
<opset="lineBuffer_addr/1 "/>
</bind>
</comp>

<comp id="334" class="1004" name="grp_access_fu_334">
<pin_list>
<pin id="335" dir="0" index="0" bw="11" slack="1"/>
<pin id="336" dir="0" index="1" bw="24" slack="0"/>
<pin id="337" dir="0" index="2" bw="0" slack="0"/>
<pin id="339" dir="0" index="4" bw="11" slack="2147483647"/>
<pin id="340" dir="0" index="5" bw="24" slack="2147483647"/>
<pin id="341" dir="0" index="6" bw="0" slack="2147483647"/>
<pin id="338" dir="1" index="3" bw="24" slack="2147483647"/>
<pin id="342" dir="1" index="7" bw="24" slack="0"/>
</pin_list>
<bind>
<opcode="load(27) store(28) " fcode="store"/>
<opset="LineBufVal/1 store_ln812/2 "/>
</bind>
</comp>

<comp id="344" class="1004" name="lineBuffer_2_addr_gep_fu_344">
<pin_list>
<pin id="345" dir="0" index="0" bw="24" slack="0"/>
<pin id="346" dir="0" index="1" bw="1" slack="0"/>
<pin id="347" dir="0" index="2" bw="11" slack="0"/>
<pin id="348" dir="1" index="3" bw="11" slack="0"/>
</pin_list>
<bind>
<opcode="getelementptr(29) " fcode="getelementptr"/>
<opset="lineBuffer_2_addr/1 "/>
</bind>
</comp>

<comp id="351" class="1004" name="grp_access_fu_351">
<pin_list>
<pin id="352" dir="0" index="0" bw="11" slack="1"/>
<pin id="353" dir="0" index="1" bw="24" slack="0"/>
<pin id="354" dir="0" index="2" bw="0" slack="0"/>
<pin id="356" dir="0" index="4" bw="11" slack="2147483647"/>
<pin id="357" dir="0" index="5" bw="24" slack="2147483647"/>
<pin id="358" dir="0" index="6" bw="0" slack="2147483647"/>
<pin id="355" dir="1" index="3" bw="24" slack="2147483647"/>
<pin id="359" dir="1" index="7" bw="24" slack="0"/>
</pin_list>
<bind>
<opcode="load(27) store(28) " fcode="store"/>
<opset="LineBufVal_3/1 store_ln987/2 "/>
</bind>
</comp>

<comp id="362" class="1005" name="p_0_0_01177_21769_ph_i_reg_362">
<pin_list>
<pin id="363" dir="0" index="0" bw="8" slack="2147483647"/>
<pin id="364" dir="1" index="1" bw="8" slack="2147483647"/>
</pin_list>
<bind>
<opset="p_0_0_01177_21769_ph_i (phireg) "/>
</bind>
</comp>

<comp id="365" class="1004" name="p_0_0_01177_21769_ph_i_phi_fu_365">
<pin_list>
<pin id="366" dir="0" index="0" bw="8" slack="0"/>
<pin id="367" dir="0" index="1" bw="0" slack="2147483647"/>
<pin id="368" dir="0" index="2" bw="8" slack="0"/>
<pin id="369" dir="0" index="3" bw="0" slack="2147483647"/>
<pin id="370" dir="1" index="4" bw="8" slack="0"/>
</pin_list>
<bind>
<opcode="phi(47) " fcode="phi"/>
<opset="p_0_0_01177_21769_ph_i/2 "/>
</bind>
</comp>

<comp id="371" class="1005" name="p_0_0_01178_21767_ph_i_reg_371">
<pin_list>
<pin id="372" dir="0" index="0" bw="8" slack="2147483647"/>
<pin id="373" dir="1" index="1" bw="8" slack="2147483647"/>
</pin_list>
<bind>
<opset="p_0_0_01178_21767_ph_i (phireg) "/>
</bind>
</comp>

<comp id="374" class="1004" name="p_0_0_01178_21767_ph_i_phi_fu_374">
<pin_list>
<pin id="375" dir="0" index="0" bw="8" slack="0"/>
<pin id="376" dir="0" index="1" bw="0" slack="2147483647"/>
<pin id="377" dir="0" index="2" bw="8" slack="0"/>
<pin id="378" dir="0" index="3" bw="0" slack="2147483647"/>
<pin id="379" dir="1" index="4" bw="8" slack="0"/>
</pin_list>
<bind>
<opcode="phi(47) " fcode="phi"/>
<opset="p_0_0_01178_21767_ph_i/2 "/>
</bind>
</comp>

<comp id="380" class="1005" name="p_0_0_01179_21765_ph_i_reg_380">
<pin_list>
<pin id="381" dir="0" index="0" bw="8" slack="2147483647"/>
<pin id="382" dir="1" index="1" bw="8" slack="2147483647"/>
</pin_list>
<bind>
<opset="p_0_0_01179_21765_ph_i (phireg) "/>
</bind>
</comp>

<comp id="383" class="1004" name="p_0_0_01179_21765_ph_i_phi_fu_383">
<pin_list>
<pin id="384" dir="0" index="0" bw="8" slack="0"/>
<pin id="385" dir="0" index="1" bw="0" slack="2147483647"/>
<pin id="386" dir="0" index="2" bw="8" slack="0"/>
<pin id="387" dir="0" index="3" bw="0" slack="2147483647"/>
<pin id="388" dir="1" index="4" bw="8" slack="0"/>
</pin_list>
<bind>
<opcode="phi(47) " fcode="phi"/>
<opset="p_0_0_01179_21765_ph_i/2 "/>
</bind>
</comp>

<comp id="389" class="1005" name="pix_8_reg_389">
<pin_list>
<pin id="390" dir="0" index="0" bw="8" slack="2"/>
<pin id="391" dir="1" index="1" bw="8" slack="2"/>
</pin_list>
<bind>
<opset="pix_8 (phireg) "/>
</bind>
</comp>

<comp id="392" class="1004" name="pix_8_phi_fu_392">
<pin_list>
<pin id="393" dir="0" index="0" bw="8" slack="0"/>
<pin id="394" dir="0" index="1" bw="0" slack="2147483647"/>
<pin id="395" dir="0" index="2" bw="8" slack="0"/>
<pin id="396" dir="0" index="3" bw="0" slack="2147483647"/>
<pin id="397" dir="1" index="4" bw="8" slack="0"/>
</pin_list>
<bind>
<opcode="phi(47) " fcode="phi"/>
<opset="pix_8/2 "/>
</bind>
</comp>

<comp id="399" class="1005" name="pix_7_reg_399">
<pin_list>
<pin id="400" dir="0" index="0" bw="8" slack="1"/>
<pin id="401" dir="1" index="1" bw="8" slack="1"/>
</pin_list>
<bind>
<opset="pix_7 (phireg) "/>
</bind>
</comp>

<comp id="402" class="1004" name="pix_7_phi_fu_402">
<pin_list>
<pin id="403" dir="0" index="0" bw="8" slack="0"/>
<pin id="404" dir="0" index="1" bw="0" slack="2147483647"/>
<pin id="405" dir="0" index="2" bw="8" slack="0"/>
<pin id="406" dir="0" index="3" bw="0" slack="2147483647"/>
<pin id="407" dir="1" index="4" bw="8" slack="0"/>
</pin_list>
<bind>
<opcode="phi(47) " fcode="phi"/>
<opset="pix_7/2 "/>
</bind>
</comp>

<comp id="409" class="1005" name="pix_reg_409">
<pin_list>
<pin id="410" dir="0" index="0" bw="8" slack="2"/>
<pin id="411" dir="1" index="1" bw="8" slack="2"/>
</pin_list>
<bind>
<opset="pix (phireg) "/>
</bind>
</comp>

<comp id="412" class="1004" name="pix_phi_fu_412">
<pin_list>
<pin id="413" dir="0" index="0" bw="8" slack="0"/>
<pin id="414" dir="0" index="1" bw="0" slack="2147483647"/>
<pin id="415" dir="0" index="2" bw="8" slack="0"/>
<pin id="416" dir="0" index="3" bw="0" slack="2147483647"/>
<pin id="417" dir="1" index="4" bw="8" slack="0"/>
</pin_list>
<bind>
<opcode="phi(47) " fcode="phi"/>
<opset="pix/2 "/>
</bind>
</comp>

<comp id="419" class="1005" name="down_2_reg_419">
<pin_list>
<pin id="420" dir="0" index="0" bw="8" slack="2147483647"/>
<pin id="421" dir="1" index="1" bw="8" slack="2147483647"/>
</pin_list>
<bind>
<opset="down_2 (phireg) "/>
</bind>
</comp>

<comp id="422" class="1004" name="down_2_phi_fu_422">
<pin_list>
<pin id="423" dir="0" index="0" bw="8" slack="1"/>
<pin id="424" dir="0" index="1" bw="0" slack="2147483647"/>
<pin id="425" dir="0" index="2" bw="8" slack="1"/>
<pin id="426" dir="0" index="3" bw="0" slack="2147483647"/>
<pin id="427" dir="1" index="4" bw="8" slack="0"/>
</pin_list>
<bind>
<opcode="phi(47) " fcode="phi"/>
<opset="down_2/3 "/>
</bind>
</comp>

<comp id="428" class="1005" name="down_1_reg_428">
<pin_list>
<pin id="429" dir="0" index="0" bw="8" slack="2147483647"/>
<pin id="430" dir="1" index="1" bw="8" slack="2147483647"/>
</pin_list>
<bind>
<opset="down_1 (phireg) "/>
</bind>
</comp>

<comp id="431" class="1004" name="down_1_phi_fu_431">
<pin_list>
<pin id="432" dir="0" index="0" bw="8" slack="1"/>
<pin id="433" dir="0" index="1" bw="0" slack="2147483647"/>
<pin id="434" dir="0" index="2" bw="8" slack="1"/>
<pin id="435" dir="0" index="3" bw="0" slack="2147483647"/>
<pin id="436" dir="1" index="4" bw="8" slack="0"/>
</pin_list>
<bind>
<opcode="phi(47) " fcode="phi"/>
<opset="down_1/3 "/>
</bind>
</comp>

<comp id="437" class="1005" name="down_reg_437">
<pin_list>
<pin id="438" dir="0" index="0" bw="8" slack="2147483647"/>
<pin id="439" dir="1" index="1" bw="8" slack="2147483647"/>
</pin_list>
<bind>
<opset="down (phireg) "/>
</bind>
</comp>

<comp id="440" class="1004" name="down_phi_fu_440">
<pin_list>
<pin id="441" dir="0" index="0" bw="8" slack="1"/>
<pin id="442" dir="0" index="1" bw="0" slack="2147483647"/>
<pin id="443" dir="0" index="2" bw="8" slack="1"/>
<pin id="444" dir="0" index="3" bw="0" slack="2147483647"/>
<pin id="445" dir="1" index="4" bw="8" slack="0"/>
</pin_list>
<bind>
<opcode="phi(47) " fcode="phi"/>
<opset="down/3 "/>
</bind>
</comp>

<comp id="446" class="1005" name="left_2_reg_446">
<pin_list>
<pin id="447" dir="0" index="0" bw="8" slack="2147483647"/>
<pin id="448" dir="1" index="1" bw="8" slack="2147483647"/>
</pin_list>
<bind>
<opset="left_2 (phireg) "/>
</bind>
</comp>

<comp id="449" class="1004" name="left_2_phi_fu_449">
<pin_list>
<pin id="450" dir="0" index="0" bw="8" slack="1"/>
<pin id="451" dir="0" index="1" bw="0" slack="2147483647"/>
<pin id="452" dir="0" index="2" bw="8" slack="1"/>
<pin id="453" dir="0" index="3" bw="0" slack="2147483647"/>
<pin id="454" dir="1" index="4" bw="8" slack="0"/>
</pin_list>
<bind>
<opcode="phi(47) " fcode="phi"/>
<opset="left_2/3 "/>
</bind>
</comp>

<comp id="455" class="1005" name="left_1_reg_455">
<pin_list>
<pin id="456" dir="0" index="0" bw="8" slack="2147483647"/>
<pin id="457" dir="1" index="1" bw="8" slack="2147483647"/>
</pin_list>
<bind>
<opset="left_1 (phireg) "/>
</bind>
</comp>

<comp id="458" class="1004" name="left_1_phi_fu_458">
<pin_list>
<pin id="459" dir="0" index="0" bw="8" slack="1"/>
<pin id="460" dir="0" index="1" bw="0" slack="2147483647"/>
<pin id="461" dir="0" index="2" bw="8" slack="1"/>
<pin id="462" dir="0" index="3" bw="0" slack="2147483647"/>
<pin id="463" dir="1" index="4" bw="8" slack="0"/>
</pin_list>
<bind>
<opcode="phi(47) " fcode="phi"/>
<opset="left_1/3 "/>
</bind>
</comp>

<comp id="464" class="1005" name="left_reg_464">
<pin_list>
<pin id="465" dir="0" index="0" bw="8" slack="2147483647"/>
<pin id="466" dir="1" index="1" bw="8" slack="2147483647"/>
</pin_list>
<bind>
<opset="left (phireg) "/>
</bind>
</comp>

<comp id="467" class="1004" name="left_phi_fu_467">
<pin_list>
<pin id="468" dir="0" index="0" bw="8" slack="1"/>
<pin id="469" dir="0" index="1" bw="0" slack="2147483647"/>
<pin id="470" dir="0" index="2" bw="8" slack="1"/>
<pin id="471" dir="0" index="3" bw="0" slack="2147483647"/>
<pin id="472" dir="1" index="4" bw="8" slack="0"/>
</pin_list>
<bind>
<opcode="phi(47) " fcode="phi"/>
<opset="left/3 "/>
</bind>
</comp>

<comp id="473" class="1005" name="up_2_reg_473">
<pin_list>
<pin id="474" dir="0" index="0" bw="8" slack="2147483647"/>
<pin id="475" dir="1" index="1" bw="8" slack="2147483647"/>
</pin_list>
<bind>
<opset="up_2 (phireg) "/>
</bind>
</comp>

<comp id="476" class="1004" name="up_2_phi_fu_476">
<pin_list>
<pin id="477" dir="0" index="0" bw="8" slack="1"/>
<pin id="478" dir="0" index="1" bw="0" slack="2147483647"/>
<pin id="479" dir="0" index="2" bw="8" slack="1"/>
<pin id="480" dir="0" index="3" bw="0" slack="2147483647"/>
<pin id="481" dir="1" index="4" bw="8" slack="0"/>
</pin_list>
<bind>
<opcode="phi(47) " fcode="phi"/>
<opset="up_2/3 "/>
</bind>
</comp>

<comp id="482" class="1005" name="up_1_reg_482">
<pin_list>
<pin id="483" dir="0" index="0" bw="8" slack="2147483647"/>
<pin id="484" dir="1" index="1" bw="8" slack="2147483647"/>
</pin_list>
<bind>
<opset="up_1 (phireg) "/>
</bind>
</comp>

<comp id="485" class="1004" name="up_1_phi_fu_485">
<pin_list>
<pin id="486" dir="0" index="0" bw="8" slack="1"/>
<pin id="487" dir="0" index="1" bw="0" slack="2147483647"/>
<pin id="488" dir="0" index="2" bw="8" slack="1"/>
<pin id="489" dir="0" index="3" bw="0" slack="2147483647"/>
<pin id="490" dir="1" index="4" bw="8" slack="0"/>
</pin_list>
<bind>
<opcode="phi(47) " fcode="phi"/>
<opset="up_1/3 "/>
</bind>
</comp>

<comp id="491" class="1005" name="up_reg_491">
<pin_list>
<pin id="492" dir="0" index="0" bw="8" slack="2147483647"/>
<pin id="493" dir="1" index="1" bw="8" slack="2147483647"/>
</pin_list>
<bind>
<opset="up (phireg) "/>
</bind>
</comp>

<comp id="494" class="1004" name="up_phi_fu_494">
<pin_list>
<pin id="495" dir="0" index="0" bw="8" slack="1"/>
<pin id="496" dir="0" index="1" bw="0" slack="2147483647"/>
<pin id="497" dir="0" index="2" bw="8" slack="1"/>
<pin id="498" dir="0" index="3" bw="0" slack="2147483647"/>
<pin id="499" dir="1" index="4" bw="8" slack="0"/>
</pin_list>
<bind>
<opcode="phi(47) " fcode="phi"/>
<opset="up/3 "/>
</bind>
</comp>

<comp id="500" class="1004" name="icmp_ln911_fu_500">
<pin_list>
<pin id="501" dir="0" index="0" bw="11" slack="0"/>
<pin id="502" dir="0" index="1" bw="11" slack="0"/>
<pin id="503" dir="1" index="2" bw="1" slack="1"/>
</pin_list>
<bind>
<opcode="icmp(45) " fcode="icmp"/>
<opset="icmp_ln911/1 "/>
</bind>
</comp>

<comp id="506" class="1004" name="icmp_ln975_fu_506">
<pin_list>
<pin id="507" dir="0" index="0" bw="11" slack="0"/>
<pin id="508" dir="0" index="1" bw="1" slack="0"/>
<pin id="509" dir="1" index="2" bw="1" slack="0"/>
</pin_list>
<bind>
<opcode="icmp(45) " fcode="icmp"/>
<opset="icmp_ln975/1 "/>
</bind>
</comp>

<comp id="512" class="1004" name="store_ln0_store_fu_512">
<pin_list>
<pin id="513" dir="0" index="0" bw="8" slack="0"/>
<pin id="514" dir="0" index="1" bw="8" slack="0"/>
<pin id="515" dir="1" index="2" bw="0" slack="2147483647"/>
</pin_list>
<bind>
<opcode="store(28) " fcode="store"/>
<opset="store_ln0/1 "/>
</bind>
</comp>

<comp id="517" class="1004" name="store_ln0_store_fu_517">
<pin_list>
<pin id="518" dir="0" index="0" bw="8" slack="0"/>
<pin id="519" dir="0" index="1" bw="8" slack="0"/>
<pin id="520" dir="1" index="2" bw="0" slack="2147483647"/>
</pin_list>
<bind>
<opcode="store(28) " fcode="store"/>
<opset="store_ln0/1 "/>
</bind>
</comp>

<comp id="522" class="1004" name="store_ln0_store_fu_522">
<pin_list>
<pin id="523" dir="0" index="0" bw="8" slack="0"/>
<pin id="524" dir="0" index="1" bw="8" slack="0"/>
<pin id="525" dir="1" index="2" bw="0" slack="2147483647"/>
</pin_list>
<bind>
<opcode="store(28) " fcode="store"/>
<opset="store_ln0/1 "/>
</bind>
</comp>

<comp id="527" class="1004" name="store_ln0_store_fu_527">
<pin_list>
<pin id="528" dir="0" index="0" bw="8" slack="0"/>
<pin id="529" dir="0" index="1" bw="8" slack="0"/>
<pin id="530" dir="1" index="2" bw="0" slack="2147483647"/>
</pin_list>
<bind>
<opcode="store(28) " fcode="store"/>
<opset="store_ln0/1 "/>
</bind>
</comp>

<comp id="532" class="1004" name="store_ln0_store_fu_532">
<pin_list>
<pin id="533" dir="0" index="0" bw="8" slack="0"/>
<pin id="534" dir="0" index="1" bw="8" slack="0"/>
<pin id="535" dir="1" index="2" bw="0" slack="2147483647"/>
</pin_list>
<bind>
<opcode="store(28) " fcode="store"/>
<opset="store_ln0/1 "/>
</bind>
</comp>

<comp id="537" class="1004" name="store_ln0_store_fu_537">
<pin_list>
<pin id="538" dir="0" index="0" bw="8" slack="0"/>
<pin id="539" dir="0" index="1" bw="8" slack="0"/>
<pin id="540" dir="1" index="2" bw="0" slack="2147483647"/>
</pin_list>
<bind>
<opcode="store(28) " fcode="store"/>
<opset="store_ln0/1 "/>
</bind>
</comp>

<comp id="542" class="1004" name="store_ln1018_store_fu_542">
<pin_list>
<pin id="543" dir="0" index="0" bw="8" slack="0"/>
<pin id="544" dir="0" index="1" bw="8" slack="0"/>
<pin id="545" dir="1" index="2" bw="0" slack="2147483647"/>
</pin_list>
<bind>
<opcode="store(28) " fcode="store"/>
<opset="store_ln1018/1 "/>
</bind>
</comp>

<comp id="547" class="1004" name="store_ln1018_store_fu_547">
<pin_list>
<pin id="548" dir="0" index="0" bw="8" slack="0"/>
<pin id="549" dir="0" index="1" bw="8" slack="0"/>
<pin id="550" dir="1" index="2" bw="0" slack="2147483647"/>
</pin_list>
<bind>
<opcode="store(28) " fcode="store"/>
<opset="store_ln1018/1 "/>
</bind>
</comp>

<comp id="552" class="1004" name="store_ln1018_store_fu_552">
<pin_list>
<pin id="553" dir="0" index="0" bw="8" slack="0"/>
<pin id="554" dir="0" index="1" bw="8" slack="0"/>
<pin id="555" dir="1" index="2" bw="0" slack="2147483647"/>
</pin_list>
<bind>
<opcode="store(28) " fcode="store"/>
<opset="store_ln1018/1 "/>
</bind>
</comp>

<comp id="557" class="1004" name="store_ln0_store_fu_557">
<pin_list>
<pin id="558" dir="0" index="0" bw="8" slack="0"/>
<pin id="559" dir="0" index="1" bw="8" slack="0"/>
<pin id="560" dir="1" index="2" bw="0" slack="2147483647"/>
</pin_list>
<bind>
<opcode="store(28) " fcode="store"/>
<opset="store_ln0/1 "/>
</bind>
</comp>

<comp id="562" class="1004" name="store_ln0_store_fu_562">
<pin_list>
<pin id="563" dir="0" index="0" bw="8" slack="0"/>
<pin id="564" dir="0" index="1" bw="8" slack="0"/>
<pin id="565" dir="1" index="2" bw="0" slack="2147483647"/>
</pin_list>
<bind>
<opcode="store(28) " fcode="store"/>
<opset="store_ln0/1 "/>
</bind>
</comp>

<comp id="567" class="1004" name="store_ln0_store_fu_567">
<pin_list>
<pin id="568" dir="0" index="0" bw="8" slack="0"/>
<pin id="569" dir="0" index="1" bw="8" slack="0"/>
<pin id="570" dir="1" index="2" bw="0" slack="2147483647"/>
</pin_list>
<bind>
<opcode="store(28) " fcode="store"/>
<opset="store_ln0/1 "/>
</bind>
</comp>

<comp id="572" class="1004" name="store_ln851_store_fu_572">
<pin_list>
<pin id="573" dir="0" index="0" bw="1" slack="0"/>
<pin id="574" dir="0" index="1" bw="11" slack="0"/>
<pin id="575" dir="1" index="2" bw="0" slack="2147483647"/>
</pin_list>
<bind>
<opcode="store(28) " fcode="store"/>
<opset="store_ln851/1 "/>
</bind>
</comp>

<comp id="577" class="1004" name="z_load_fu_577">
<pin_list>
<pin id="578" dir="0" index="0" bw="11" slack="0"/>
<pin id="579" dir="1" index="1" bw="11" slack="0"/>
</pin_list>
<bind>
<opcode="load(27) " fcode="load"/>
<opset="z/1 "/>
</bind>
</comp>

<comp id="580" class="1004" name="icmp_ln881_fu_580">
<pin_list>
<pin id="581" dir="0" index="0" bw="11" slack="0"/>
<pin id="582" dir="0" index="1" bw="11" slack="0"/>
<pin id="583" dir="1" index="2" bw="1" slack="1"/>
</pin_list>
<bind>
<opcode="icmp(45) " fcode="icmp"/>
<opset="icmp_ln881/1 "/>
</bind>
</comp>

<comp id="586" class="1004" name="x_8_fu_586">
<pin_list>
<pin id="587" dir="0" index="0" bw="11" slack="0"/>
<pin id="588" dir="0" index="1" bw="1" slack="0"/>
<pin id="589" dir="1" index="2" bw="11" slack="0"/>
</pin_list>
<bind>
<opcode="add(8) " fcode="add"/>
<opset="x_8/1 "/>
</bind>
</comp>

<comp id="592" class="1004" name="trunc_ln881_fu_592">
<pin_list>
<pin id="593" dir="0" index="0" bw="11" slack="0"/>
<pin id="594" dir="1" index="1" bw="1" slack="0"/>
</pin_list>
<bind>
<opcode="trunc(33) " fcode="trunc"/>
<opset="trunc_ln881/1 "/>
</bind>
</comp>

<comp id="596" class="1004" name="zext_ln881_fu_596">
<pin_list>
<pin id="597" dir="0" index="0" bw="11" slack="0"/>
<pin id="598" dir="1" index="1" bw="64" slack="0"/>
</pin_list>
<bind>
<opcode="zext(34) " fcode="zext"/>
<opset="zext_ln881/1 "/>
</bind>
</comp>

<comp id="602" class="1004" name="icmp_ln891_fu_602">
<pin_list>
<pin id="603" dir="0" index="0" bw="11" slack="0"/>
<pin id="604" dir="0" index="1" bw="11" slack="0"/>
<pin id="605" dir="1" index="2" bw="1" slack="1"/>
</pin_list>
<bind>
<opcode="icmp(45) " fcode="icmp"/>
<opset="icmp_ln891/1 "/>
</bind>
</comp>

<comp id="608" class="1004" name="icmp_ln957_fu_608">
<pin_list>
<pin id="609" dir="0" index="0" bw="11" slack="0"/>
<pin id="610" dir="0" index="1" bw="1" slack="0"/>
<pin id="611" dir="1" index="2" bw="1" slack="1"/>
</pin_list>
<bind>
<opcode="icmp(45) " fcode="icmp"/>
<opset="icmp_ln957/1 "/>
</bind>
</comp>

<comp id="614" class="1004" name="xor_ln1014_fu_614">
<pin_list>
<pin id="615" dir="0" index="0" bw="1" slack="0"/>
<pin id="616" dir="0" index="1" bw="1" slack="0"/>
<pin id="617" dir="1" index="2" bw="1" slack="0"/>
</pin_list>
<bind>
<opcode="xor(25) " fcode="xor"/>
<opset="xor_ln1014/1 "/>
</bind>
</comp>

<comp id="620" class="1004" name="xor_ln1014_2_fu_620">
<pin_list>
<pin id="621" dir="0" index="0" bw="1" slack="0"/>
<pin id="622" dir="0" index="1" bw="1" slack="0"/>
<pin id="623" dir="1" index="2" bw="1" slack="0"/>
</pin_list>
<bind>
<opcode="xor(25) " fcode="xor"/>
<opset="xor_ln1014_2/1 "/>
</bind>
</comp>

<comp id="626" class="1004" name="zext_ln1014_fu_626">
<pin_list>
<pin id="627" dir="0" index="0" bw="1" slack="0"/>
<pin id="628" dir="1" index="1" bw="15" slack="0"/>
</pin_list>
<bind>
<opcode="zext(34) " fcode="zext"/>
<opset="zext_ln1014/1 "/>
</bind>
</comp>

<comp id="630" class="1004" name="icmp_ln1014_fu_630">
<pin_list>
<pin id="631" dir="0" index="0" bw="15" slack="0"/>
<pin id="632" dir="0" index="1" bw="1" slack="0"/>
<pin id="633" dir="1" index="2" bw="1" slack="2"/>
</pin_list>
<bind>
<opcode="icmp(45) " fcode="icmp"/>
<opset="icmp_ln1014/1 "/>
</bind>
</comp>

<comp id="636" class="1004" name="icmp_ln1052_fu_636">
<pin_list>
<pin id="637" dir="0" index="0" bw="11" slack="0"/>
<pin id="638" dir="0" index="1" bw="1" slack="0"/>
<pin id="639" dir="1" index="2" bw="1" slack="0"/>
</pin_list>
<bind>
<opcode="icmp(45) " fcode="icmp"/>
<opset="icmp_ln1052/1 "/>
</bind>
</comp>

<comp id="642" class="1004" name="and_ln1052_fu_642">
<pin_list>
<pin id="643" dir="0" index="0" bw="1" slack="0"/>
<pin id="644" dir="0" index="1" bw="1" slack="0"/>
<pin id="645" dir="1" index="2" bw="1" slack="3"/>
</pin_list>
<bind>
<opcode="and(23) " fcode="and"/>
<opset="and_ln1052/1 "/>
</bind>
</comp>

<comp id="648" class="1004" name="store_ln851_store_fu_648">
<pin_list>
<pin id="649" dir="0" index="0" bw="11" slack="0"/>
<pin id="650" dir="0" index="1" bw="11" slack="0"/>
<pin id="651" dir="1" index="2" bw="0" slack="2147483647"/>
</pin_list>
<bind>
<opcode="store(28) " fcode="store"/>
<opset="store_ln851/1 "/>
</bind>
</comp>

<comp id="653" class="1004" name="p_0_0_0116617711782_i_load_load_fu_653">
<pin_list>
<pin id="654" dir="0" index="0" bw="8" slack="1"/>
<pin id="655" dir="1" index="1" bw="8" slack="0"/>
</pin_list>
<bind>
<opcode="load(27) " fcode="load"/>
<opset="p_0_0_0116617711782_i_load/2 "/>
</bind>
</comp>

<comp id="656" class="1004" name="p_0_0_0116517731784_i_load_load_fu_656">
<pin_list>
<pin id="657" dir="0" index="0" bw="8" slack="1"/>
<pin id="658" dir="1" index="1" bw="8" slack="0"/>
</pin_list>
<bind>
<opcode="load(27) " fcode="load"/>
<opset="p_0_0_0116517731784_i_load/2 "/>
</bind>
</comp>

<comp id="659" class="1004" name="p_0_0_0116417751786_i_load_load_fu_659">
<pin_list>
<pin id="660" dir="0" index="0" bw="8" slack="1"/>
<pin id="661" dir="1" index="1" bw="8" slack="0"/>
</pin_list>
<bind>
<opcode="load(27) " fcode="load"/>
<opset="p_0_0_0116417751786_i_load/2 "/>
</bind>
</comp>

<comp id="662" class="1004" name="right_3_load_fu_662">
<pin_list>
<pin id="663" dir="0" index="0" bw="8" slack="1"/>
<pin id="664" dir="1" index="1" bw="8" slack="0"/>
</pin_list>
<bind>
<opcode="load(27) " fcode="load"/>
<opset="right_3/2 "/>
</bind>
</comp>

<comp id="666" class="1004" name="right_4_load_fu_666">
<pin_list>
<pin id="667" dir="0" index="0" bw="8" slack="1"/>
<pin id="668" dir="1" index="1" bw="8" slack="0"/>
</pin_list>
<bind>
<opcode="load(27) " fcode="load"/>
<opset="right_4/2 "/>
</bind>
</comp>

<comp id="670" class="1004" name="right_5_load_fu_670">
<pin_list>
<pin id="671" dir="0" index="0" bw="8" slack="1"/>
<pin id="672" dir="1" index="1" bw="8" slack="0"/>
</pin_list>
<bind>
<opcode="load(27) " fcode="load"/>
<opset="right_5/2 "/>
</bind>
</comp>

<comp id="674" class="1004" name="p_0_0_01179_217651794_i_load_load_fu_674">
<pin_list>
<pin id="675" dir="0" index="0" bw="8" slack="1"/>
<pin id="676" dir="1" index="1" bw="8" slack="0"/>
</pin_list>
<bind>
<opcode="load(27) " fcode="load"/>
<opset="p_0_0_01179_217651794_i_load/2 "/>
</bind>
</comp>

<comp id="677" class="1004" name="p_0_0_01178_217671796_i_load_load_fu_677">
<pin_list>
<pin id="678" dir="0" index="0" bw="8" slack="1"/>
<pin id="679" dir="1" index="1" bw="8" slack="0"/>
</pin_list>
<bind>
<opcode="load(27) " fcode="load"/>
<opset="p_0_0_01178_217671796_i_load/2 "/>
</bind>
</comp>

<comp id="680" class="1004" name="p_0_0_01177_217691798_i_load_load_fu_680">
<pin_list>
<pin id="681" dir="0" index="0" bw="8" slack="1"/>
<pin id="682" dir="1" index="1" bw="8" slack="0"/>
</pin_list>
<bind>
<opcode="load(27) " fcode="load"/>
<opset="p_0_0_01177_217691798_i_load/2 "/>
</bind>
</comp>

<comp id="683" class="1004" name="p_0_0_0_0_011581695_i_load_load_fu_683">
<pin_list>
<pin id="684" dir="0" index="0" bw="8" slack="1"/>
<pin id="685" dir="1" index="1" bw="8" slack="0"/>
</pin_list>
<bind>
<opcode="load(27) " fcode="load"/>
<opset="p_0_0_0_0_011581695_i_load/2 "/>
</bind>
</comp>

<comp id="686" class="1004" name="p_0_1_0_0_011591698_i_load_load_fu_686">
<pin_list>
<pin id="687" dir="0" index="0" bw="8" slack="1"/>
<pin id="688" dir="1" index="1" bw="8" slack="0"/>
</pin_list>
<bind>
<opcode="load(27) " fcode="load"/>
<opset="p_0_1_0_0_011591698_i_load/2 "/>
</bind>
</comp>

<comp id="689" class="1004" name="p_0_2_0_0_011601701_i_load_load_fu_689">
<pin_list>
<pin id="690" dir="0" index="0" bw="8" slack="1"/>
<pin id="691" dir="1" index="1" bw="8" slack="0"/>
</pin_list>
<bind>
<opcode="load(27) " fcode="load"/>
<opset="p_0_2_0_0_011601701_i_load/2 "/>
</bind>
</comp>

<comp id="692" class="1004" name="trunc_ln902_fu_692">
<pin_list>
<pin id="693" dir="0" index="0" bw="24" slack="0"/>
<pin id="694" dir="1" index="1" bw="8" slack="0"/>
</pin_list>
<bind>
<opcode="trunc(33) " fcode="trunc"/>
<opset="trunc_ln902/2 "/>
</bind>
</comp>

<comp id="697" class="1004" name="tmp_i_fu_697">
<pin_list>
<pin id="698" dir="0" index="0" bw="8" slack="0"/>
<pin id="699" dir="0" index="1" bw="24" slack="0"/>
<pin id="700" dir="0" index="2" bw="5" slack="0"/>
<pin id="701" dir="1" index="3" bw="8" slack="0"/>
</pin_list>
<bind>
<opcode="partselect(1002) " fcode="partselect"/>
<opset="tmp_i/2 "/>
</bind>
</comp>

<comp id="706" class="1004" name="tmp_1_i_fu_706">
<pin_list>
<pin id="707" dir="0" index="0" bw="8" slack="0"/>
<pin id="708" dir="0" index="1" bw="24" slack="0"/>
<pin id="709" dir="0" index="2" bw="6" slack="0"/>
<pin id="710" dir="1" index="3" bw="8" slack="0"/>
</pin_list>
<bind>
<opcode="partselect(1002) " fcode="partselect"/>
<opset="tmp_1_i/2 "/>
</bind>
</comp>

<comp id="715" class="1004" name="trunc_ln902_1_fu_715">
<pin_list>
<pin id="716" dir="0" index="0" bw="24" slack="0"/>
<pin id="717" dir="1" index="1" bw="8" slack="0"/>
</pin_list>
<bind>
<opcode="trunc(33) " fcode="trunc"/>
<opset="trunc_ln902_1/2 "/>
</bind>
</comp>

<comp id="719" class="1004" name="tmp_3_i_fu_719">
<pin_list>
<pin id="720" dir="0" index="0" bw="8" slack="0"/>
<pin id="721" dir="0" index="1" bw="24" slack="0"/>
<pin id="722" dir="0" index="2" bw="5" slack="0"/>
<pin id="723" dir="1" index="3" bw="8" slack="0"/>
</pin_list>
<bind>
<opcode="partselect(1002) " fcode="partselect"/>
<opset="tmp_3_i/2 "/>
</bind>
</comp>

<comp id="727" class="1004" name="tmp_4_i_fu_727">
<pin_list>
<pin id="728" dir="0" index="0" bw="8" slack="0"/>
<pin id="729" dir="0" index="1" bw="24" slack="0"/>
<pin id="730" dir="0" index="2" bw="6" slack="0"/>
<pin id="731" dir="1" index="3" bw="8" slack="0"/>
</pin_list>
<bind>
<opcode="partselect(1002) " fcode="partselect"/>
<opset="tmp_4_i/2 "/>
</bind>
</comp>

<comp id="735" class="1004" name="trunc_ln913_fu_735">
<pin_list>
<pin id="736" dir="0" index="0" bw="24" slack="0"/>
<pin id="737" dir="1" index="1" bw="8" slack="0"/>
</pin_list>
<bind>
<opcode="trunc(33) " fcode="trunc"/>
<opset="trunc_ln913/2 "/>
</bind>
</comp>

<comp id="740" class="1004" name="trunc_ln913_2_fu_740">
<pin_list>
<pin id="741" dir="0" index="0" bw="8" slack="0"/>
<pin id="742" dir="0" index="1" bw="24" slack="0"/>
<pin id="743" dir="0" index="2" bw="5" slack="0"/>
<pin id="744" dir="0" index="3" bw="5" slack="0"/>
<pin id="745" dir="1" index="4" bw="8" slack="0"/>
</pin_list>
<bind>
<opcode="partselect(1002) " fcode="partselect"/>
<opset="trunc_ln913_2/2 "/>
</bind>
</comp>

<comp id="751" class="1004" name="trunc_ln913_3_fu_751">
<pin_list>
<pin id="752" dir="0" index="0" bw="8" slack="0"/>
<pin id="753" dir="0" index="1" bw="24" slack="0"/>
<pin id="754" dir="0" index="2" bw="6" slack="0"/>
<pin id="755" dir="0" index="3" bw="6" slack="0"/>
<pin id="756" dir="1" index="4" bw="8" slack="0"/>
</pin_list>
<bind>
<opcode="partselect(1002) " fcode="partselect"/>
<opset="trunc_ln913_3/2 "/>
</bind>
</comp>

<comp id="762" class="1004" name="select_ln957_fu_762">
<pin_list>
<pin id="763" dir="0" index="0" bw="1" slack="1"/>
<pin id="764" dir="0" index="1" bw="8" slack="0"/>
<pin id="765" dir="0" index="2" bw="8" slack="0"/>
<pin id="766" dir="1" index="3" bw="8" slack="0"/>
</pin_list>
<bind>
<opcode="select(49) " fcode="select"/>
<opset="select_ln957/2 "/>
</bind>
</comp>

<comp id="770" class="1004" name="select_ln957_1_fu_770">
<pin_list>
<pin id="771" dir="0" index="0" bw="1" slack="1"/>
<pin id="772" dir="0" index="1" bw="8" slack="0"/>
<pin id="773" dir="0" index="2" bw="8" slack="0"/>
<pin id="774" dir="1" index="3" bw="8" slack="0"/>
</pin_list>
<bind>
<opcode="select(49) " fcode="select"/>
<opset="select_ln957_1/2 "/>
</bind>
</comp>

<comp id="778" class="1004" name="select_ln957_2_fu_778">
<pin_list>
<pin id="779" dir="0" index="0" bw="1" slack="1"/>
<pin id="780" dir="0" index="1" bw="8" slack="0"/>
<pin id="781" dir="0" index="2" bw="8" slack="0"/>
<pin id="782" dir="1" index="3" bw="8" slack="0"/>
</pin_list>
<bind>
<opcode="select(49) " fcode="select"/>
<opset="select_ln957_2/2 "/>
</bind>
</comp>

<comp id="786" class="1004" name="select_ln957_3_fu_786">
<pin_list>
<pin id="787" dir="0" index="0" bw="1" slack="1"/>
<pin id="788" dir="0" index="1" bw="8" slack="0"/>
<pin id="789" dir="0" index="2" bw="8" slack="0"/>
<pin id="790" dir="1" index="3" bw="8" slack="1"/>
</pin_list>
<bind>
<opcode="select(49) " fcode="select"/>
<opset="select_ln957_3/2 "/>
</bind>
</comp>

<comp id="793" class="1004" name="select_ln957_4_fu_793">
<pin_list>
<pin id="794" dir="0" index="0" bw="1" slack="1"/>
<pin id="795" dir="0" index="1" bw="8" slack="0"/>
<pin id="796" dir="0" index="2" bw="8" slack="0"/>
<pin id="797" dir="1" index="3" bw="8" slack="1"/>
</pin_list>
<bind>
<opcode="select(49) " fcode="select"/>
<opset="select_ln957_4/2 "/>
</bind>
</comp>

<comp id="800" class="1004" name="select_ln957_5_fu_800">
<pin_list>
<pin id="801" dir="0" index="0" bw="1" slack="1"/>
<pin id="802" dir="0" index="1" bw="8" slack="0"/>
<pin id="803" dir="0" index="2" bw="8" slack="0"/>
<pin id="804" dir="1" index="3" bw="8" slack="1"/>
</pin_list>
<bind>
<opcode="select(49) " fcode="select"/>
<opset="select_ln957_5/2 "/>
</bind>
</comp>

<comp id="807" class="1004" name="select_ln957_6_fu_807">
<pin_list>
<pin id="808" dir="0" index="0" bw="1" slack="1"/>
<pin id="809" dir="0" index="1" bw="8" slack="0"/>
<pin id="810" dir="0" index="2" bw="8" slack="0"/>
<pin id="811" dir="1" index="3" bw="8" slack="1"/>
</pin_list>
<bind>
<opcode="select(49) " fcode="select"/>
<opset="select_ln957_6/2 "/>
</bind>
</comp>

<comp id="814" class="1004" name="select_ln957_7_fu_814">
<pin_list>
<pin id="815" dir="0" index="0" bw="1" slack="1"/>
<pin id="816" dir="0" index="1" bw="8" slack="0"/>
<pin id="817" dir="0" index="2" bw="8" slack="0"/>
<pin id="818" dir="1" index="3" bw="8" slack="1"/>
</pin_list>
<bind>
<opcode="select(49) " fcode="select"/>
<opset="select_ln957_7/2 "/>
</bind>
</comp>

<comp id="821" class="1004" name="select_ln957_8_fu_821">
<pin_list>
<pin id="822" dir="0" index="0" bw="1" slack="1"/>
<pin id="823" dir="0" index="1" bw="8" slack="0"/>
<pin id="824" dir="0" index="2" bw="8" slack="0"/>
<pin id="825" dir="1" index="3" bw="8" slack="1"/>
</pin_list>
<bind>
<opcode="select(49) " fcode="select"/>
<opset="select_ln957_8/2 "/>
</bind>
</comp>

<comp id="828" class="1004" name="select_ln957_9_fu_828">
<pin_list>
<pin id="829" dir="0" index="0" bw="1" slack="1"/>
<pin id="830" dir="0" index="1" bw="8" slack="0"/>
<pin id="831" dir="0" index="2" bw="8" slack="0"/>
<pin id="832" dir="1" index="3" bw="8" slack="1"/>
</pin_list>
<bind>
<opcode="select(49) " fcode="select"/>
<opset="select_ln957_9/2 "/>
</bind>
</comp>

<comp id="835" class="1004" name="select_ln957_10_fu_835">
<pin_list>
<pin id="836" dir="0" index="0" bw="1" slack="1"/>
<pin id="837" dir="0" index="1" bw="8" slack="0"/>
<pin id="838" dir="0" index="2" bw="8" slack="0"/>
<pin id="839" dir="1" index="3" bw="8" slack="1"/>
</pin_list>
<bind>
<opcode="select(49) " fcode="select"/>
<opset="select_ln957_10/2 "/>
</bind>
</comp>

<comp id="842" class="1004" name="select_ln957_11_fu_842">
<pin_list>
<pin id="843" dir="0" index="0" bw="1" slack="1"/>
<pin id="844" dir="0" index="1" bw="8" slack="0"/>
<pin id="845" dir="0" index="2" bw="8" slack="0"/>
<pin id="846" dir="1" index="3" bw="8" slack="1"/>
</pin_list>
<bind>
<opcode="select(49) " fcode="select"/>
<opset="select_ln957_11/2 "/>
</bind>
</comp>

<comp id="849" class="1004" name="select_ln975_fu_849">
<pin_list>
<pin id="850" dir="0" index="0" bw="1" slack="1"/>
<pin id="851" dir="0" index="1" bw="8" slack="0"/>
<pin id="852" dir="0" index="2" bw="8" slack="0"/>
<pin id="853" dir="1" index="3" bw="8" slack="0"/>
</pin_list>
<bind>
<opcode="select(49) " fcode="select"/>
<opset="select_ln975/2 "/>
</bind>
</comp>

<comp id="856" class="1004" name="select_ln975_1_fu_856">
<pin_list>
<pin id="857" dir="0" index="0" bw="1" slack="1"/>
<pin id="858" dir="0" index="1" bw="8" slack="0"/>
<pin id="859" dir="0" index="2" bw="8" slack="0"/>
<pin id="860" dir="1" index="3" bw="8" slack="0"/>
</pin_list>
<bind>
<opcode="select(49) " fcode="select"/>
<opset="select_ln975_1/2 "/>
</bind>
</comp>

<comp id="863" class="1004" name="select_ln975_2_fu_863">
<pin_list>
<pin id="864" dir="0" index="0" bw="1" slack="1"/>
<pin id="865" dir="0" index="1" bw="8" slack="0"/>
<pin id="866" dir="0" index="2" bw="8" slack="0"/>
<pin id="867" dir="1" index="3" bw="8" slack="0"/>
</pin_list>
<bind>
<opcode="select(49) " fcode="select"/>
<opset="select_ln975_2/2 "/>
</bind>
</comp>

<comp id="870" class="1004" name="LineBufVal_4_fu_870">
<pin_list>
<pin id="871" dir="0" index="0" bw="24" slack="0"/>
<pin id="872" dir="0" index="1" bw="8" slack="0"/>
<pin id="873" dir="0" index="2" bw="8" slack="0"/>
<pin id="874" dir="0" index="3" bw="8" slack="0"/>
<pin id="875" dir="1" index="4" bw="24" slack="0"/>
</pin_list>
<bind>
<opcode="bitconcatenate(1004) " fcode="bitconcatenate"/>
<opset="LineBufVal_4/2 "/>
</bind>
</comp>

<comp id="881" class="1004" name="store_ln913_store_fu_881">
<pin_list>
<pin id="882" dir="0" index="0" bw="8" slack="0"/>
<pin id="883" dir="0" index="1" bw="8" slack="1"/>
<pin id="884" dir="1" index="2" bw="0" slack="2147483647"/>
</pin_list>
<bind>
<opcode="store(28) " fcode="store"/>
<opset="store_ln913/2 "/>
</bind>
</comp>

<comp id="886" class="1004" name="store_ln913_store_fu_886">
<pin_list>
<pin id="887" dir="0" index="0" bw="8" slack="0"/>
<pin id="888" dir="0" index="1" bw="8" slack="1"/>
<pin id="889" dir="1" index="2" bw="0" slack="2147483647"/>
</pin_list>
<bind>
<opcode="store(28) " fcode="store"/>
<opset="store_ln913/2 "/>
</bind>
</comp>

<comp id="891" class="1004" name="store_ln913_store_fu_891">
<pin_list>
<pin id="892" dir="0" index="0" bw="8" slack="0"/>
<pin id="893" dir="0" index="1" bw="8" slack="1"/>
<pin id="894" dir="1" index="2" bw="0" slack="2147483647"/>
</pin_list>
<bind>
<opcode="store(28) " fcode="store"/>
<opset="store_ln913/2 "/>
</bind>
</comp>

<comp id="896" class="1004" name="store_ln1018_store_fu_896">
<pin_list>
<pin id="897" dir="0" index="0" bw="8" slack="0"/>
<pin id="898" dir="0" index="1" bw="8" slack="1"/>
<pin id="899" dir="1" index="2" bw="0" slack="2147483647"/>
</pin_list>
<bind>
<opcode="store(28) " fcode="store"/>
<opset="store_ln1018/2 "/>
</bind>
</comp>

<comp id="901" class="1004" name="store_ln1018_store_fu_901">
<pin_list>
<pin id="902" dir="0" index="0" bw="8" slack="0"/>
<pin id="903" dir="0" index="1" bw="8" slack="1"/>
<pin id="904" dir="1" index="2" bw="0" slack="2147483647"/>
</pin_list>
<bind>
<opcode="store(28) " fcode="store"/>
<opset="store_ln1018/2 "/>
</bind>
</comp>

<comp id="906" class="1004" name="store_ln1018_store_fu_906">
<pin_list>
<pin id="907" dir="0" index="0" bw="8" slack="0"/>
<pin id="908" dir="0" index="1" bw="8" slack="1"/>
<pin id="909" dir="1" index="2" bw="0" slack="2147483647"/>
</pin_list>
<bind>
<opcode="store(28) " fcode="store"/>
<opset="store_ln1018/2 "/>
</bind>
</comp>

<comp id="911" class="1004" name="store_ln902_store_fu_911">
<pin_list>
<pin id="912" dir="0" index="0" bw="8" slack="0"/>
<pin id="913" dir="0" index="1" bw="8" slack="1"/>
<pin id="914" dir="1" index="2" bw="0" slack="2147483647"/>
</pin_list>
<bind>
<opcode="store(28) " fcode="store"/>
<opset="store_ln902/2 "/>
</bind>
</comp>

<comp id="916" class="1004" name="store_ln902_store_fu_916">
<pin_list>
<pin id="917" dir="0" index="0" bw="8" slack="0"/>
<pin id="918" dir="0" index="1" bw="8" slack="1"/>
<pin id="919" dir="1" index="2" bw="0" slack="2147483647"/>
</pin_list>
<bind>
<opcode="store(28) " fcode="store"/>
<opset="store_ln902/2 "/>
</bind>
</comp>

<comp id="921" class="1004" name="store_ln902_store_fu_921">
<pin_list>
<pin id="922" dir="0" index="0" bw="8" slack="0"/>
<pin id="923" dir="0" index="1" bw="8" slack="1"/>
<pin id="924" dir="1" index="2" bw="0" slack="2147483647"/>
</pin_list>
<bind>
<opcode="store(28) " fcode="store"/>
<opset="store_ln902/2 "/>
</bind>
</comp>

<comp id="926" class="1004" name="store_ln957_store_fu_926">
<pin_list>
<pin id="927" dir="0" index="0" bw="8" slack="0"/>
<pin id="928" dir="0" index="1" bw="8" slack="1"/>
<pin id="929" dir="1" index="2" bw="0" slack="2147483647"/>
</pin_list>
<bind>
<opcode="store(28) " fcode="store"/>
<opset="store_ln957/2 "/>
</bind>
</comp>

<comp id="931" class="1004" name="store_ln957_store_fu_931">
<pin_list>
<pin id="932" dir="0" index="0" bw="8" slack="0"/>
<pin id="933" dir="0" index="1" bw="8" slack="1"/>
<pin id="934" dir="1" index="2" bw="0" slack="2147483647"/>
</pin_list>
<bind>
<opcode="store(28) " fcode="store"/>
<opset="store_ln957/2 "/>
</bind>
</comp>

<comp id="936" class="1004" name="store_ln957_store_fu_936">
<pin_list>
<pin id="937" dir="0" index="0" bw="8" slack="0"/>
<pin id="938" dir="0" index="1" bw="8" slack="1"/>
<pin id="939" dir="1" index="2" bw="0" slack="2147483647"/>
</pin_list>
<bind>
<opcode="store(28) " fcode="store"/>
<opset="store_ln957/2 "/>
</bind>
</comp>

<comp id="941" class="1004" name="right_load_1_load_fu_941">
<pin_list>
<pin id="942" dir="0" index="0" bw="8" slack="2"/>
<pin id="943" dir="1" index="1" bw="8" slack="0"/>
</pin_list>
<bind>
<opcode="load(27) " fcode="load"/>
<opset="right_load_1/3 "/>
</bind>
</comp>

<comp id="944" class="1004" name="right_1_load_1_load_fu_944">
<pin_list>
<pin id="945" dir="0" index="0" bw="8" slack="2"/>
<pin id="946" dir="1" index="1" bw="8" slack="0"/>
</pin_list>
<bind>
<opcode="load(27) " fcode="load"/>
<opset="right_1_load_1/3 "/>
</bind>
</comp>

<comp id="947" class="1004" name="right_2_load_1_load_fu_947">
<pin_list>
<pin id="948" dir="0" index="0" bw="8" slack="2"/>
<pin id="949" dir="1" index="1" bw="8" slack="0"/>
</pin_list>
<bind>
<opcode="load(27) " fcode="load"/>
<opset="right_2_load_1/3 "/>
</bind>
</comp>

<comp id="950" class="1004" name="zext_ln1023_fu_950">
<pin_list>
<pin id="951" dir="0" index="0" bw="8" slack="0"/>
<pin id="952" dir="1" index="1" bw="9" slack="0"/>
</pin_list>
<bind>
<opcode="zext(34) " fcode="zext"/>
<opset="zext_ln1023/3 "/>
</bind>
</comp>

<comp id="954" class="1004" name="zext_ln1023_1_fu_954">
<pin_list>
<pin id="955" dir="0" index="0" bw="8" slack="0"/>
<pin id="956" dir="1" index="1" bw="9" slack="0"/>
</pin_list>
<bind>
<opcode="zext(34) " fcode="zext"/>
<opset="zext_ln1023_1/3 "/>
</bind>
</comp>

<comp id="958" class="1004" name="sub_ln1023_fu_958">
<pin_list>
<pin id="959" dir="0" index="0" bw="8" slack="0"/>
<pin id="960" dir="0" index="1" bw="8" slack="0"/>
<pin id="961" dir="1" index="2" bw="9" slack="0"/>
</pin_list>
<bind>
<opcode="sub(10) " fcode="sub"/>
<opset="sub_ln1023/3 "/>
</bind>
</comp>

<comp id="964" class="1004" name="trunc_ln61_fu_964">
<pin_list>
<pin id="965" dir="0" index="0" bw="9" slack="0"/>
<pin id="966" dir="1" index="1" bw="8" slack="0"/>
</pin_list>
<bind>
<opcode="trunc(33) " fcode="trunc"/>
<opset="trunc_ln61/3 "/>
</bind>
</comp>

<comp id="968" class="1004" name="tmp_10_fu_968">
<pin_list>
<pin id="969" dir="0" index="0" bw="1" slack="0"/>
<pin id="970" dir="0" index="1" bw="9" slack="0"/>
<pin id="971" dir="0" index="2" bw="5" slack="0"/>
<pin id="972" dir="1" index="3" bw="1" slack="0"/>
</pin_list>
<bind>
<opcode="bitselect(1000) " fcode="bitselect"/>
<opset="tmp_10/3 "/>
</bind>
</comp>

<comp id="976" class="1004" name="sub_ln61_fu_976">
<pin_list>
<pin id="977" dir="0" index="0" bw="1" slack="0"/>
<pin id="978" dir="0" index="1" bw="8" slack="0"/>
<pin id="979" dir="1" index="2" bw="8" slack="0"/>
</pin_list>
<bind>
<opcode="sub(10) " fcode="sub"/>
<opset="sub_ln61/3 "/>
</bind>
</comp>

<comp id="982" class="1004" name="DRh_fu_982">
<pin_list>
<pin id="983" dir="0" index="0" bw="1" slack="0"/>
<pin id="984" dir="0" index="1" bw="8" slack="0"/>
<pin id="985" dir="0" index="2" bw="8" slack="0"/>
<pin id="986" dir="1" index="3" bw="8" slack="0"/>
</pin_list>
<bind>
<opcode="select(49) " fcode="select"/>
<opset="DRh/3 "/>
</bind>
</comp>

<comp id="990" class="1004" name="zext_ln1024_fu_990">
<pin_list>
<pin id="991" dir="0" index="0" bw="8" slack="0"/>
<pin id="992" dir="1" index="1" bw="9" slack="0"/>
</pin_list>
<bind>
<opcode="zext(34) " fcode="zext"/>
<opset="zext_ln1024/3 "/>
</bind>
</comp>

<comp id="994" class="1004" name="zext_ln1024_1_fu_994">
<pin_list>
<pin id="995" dir="0" index="0" bw="8" slack="0"/>
<pin id="996" dir="1" index="1" bw="9" slack="0"/>
</pin_list>
<bind>
<opcode="zext(34) " fcode="zext"/>
<opset="zext_ln1024_1/3 "/>
</bind>
</comp>

<comp id="998" class="1004" name="sub_ln1024_fu_998">
<pin_list>
<pin id="999" dir="0" index="0" bw="8" slack="0"/>
<pin id="1000" dir="0" index="1" bw="8" slack="0"/>
<pin id="1001" dir="1" index="2" bw="9" slack="0"/>
</pin_list>
<bind>
<opcode="sub(10) " fcode="sub"/>
<opset="sub_ln1024/3 "/>
</bind>
</comp>

<comp id="1004" class="1004" name="trunc_ln61_4_fu_1004">
<pin_list>
<pin id="1005" dir="0" index="0" bw="9" slack="0"/>
<pin id="1006" dir="1" index="1" bw="8" slack="0"/>
</pin_list>
<bind>
<opcode="trunc(33) " fcode="trunc"/>
<opset="trunc_ln61_4/3 "/>
</bind>
</comp>

<comp id="1008" class="1004" name="tmp_11_fu_1008">
<pin_list>
<pin id="1009" dir="0" index="0" bw="1" slack="0"/>
<pin id="1010" dir="0" index="1" bw="9" slack="0"/>
<pin id="1011" dir="0" index="2" bw="5" slack="0"/>
<pin id="1012" dir="1" index="3" bw="1" slack="0"/>
</pin_list>
<bind>
<opcode="bitselect(1000) " fcode="bitselect"/>
<opset="tmp_11/3 "/>
</bind>
</comp>

<comp id="1016" class="1004" name="sub_ln61_4_fu_1016">
<pin_list>
<pin id="1017" dir="0" index="0" bw="1" slack="0"/>
<pin id="1018" dir="0" index="1" bw="8" slack="0"/>
<pin id="1019" dir="1" index="2" bw="8" slack="0"/>
</pin_list>
<bind>
<opcode="sub(10) " fcode="sub"/>
<opset="sub_ln61_4/3 "/>
</bind>
</comp>

<comp id="1022" class="1004" name="DRv_fu_1022">
<pin_list>
<pin id="1023" dir="0" index="0" bw="1" slack="0"/>
<pin id="1024" dir="0" index="1" bw="8" slack="0"/>
<pin id="1025" dir="0" index="2" bw="8" slack="0"/>
<pin id="1026" dir="1" index="3" bw="8" slack="0"/>
</pin_list>
<bind>
<opcode="select(49) " fcode="select"/>
<opset="DRv/3 "/>
</bind>
</comp>

<comp id="1030" class="1004" name="zext_ln1025_fu_1030">
<pin_list>
<pin id="1031" dir="0" index="0" bw="8" slack="0"/>
<pin id="1032" dir="1" index="1" bw="9" slack="0"/>
</pin_list>
<bind>
<opcode="zext(34) " fcode="zext"/>
<opset="zext_ln1025/3 "/>
</bind>
</comp>

<comp id="1034" class="1004" name="zext_ln1025_1_fu_1034">
<pin_list>
<pin id="1035" dir="0" index="0" bw="8" slack="0"/>
<pin id="1036" dir="1" index="1" bw="9" slack="0"/>
</pin_list>
<bind>
<opcode="zext(34) " fcode="zext"/>
<opset="zext_ln1025_1/3 "/>
</bind>
</comp>

<comp id="1038" class="1004" name="sub_ln1025_fu_1038">
<pin_list>
<pin id="1039" dir="0" index="0" bw="8" slack="0"/>
<pin id="1040" dir="0" index="1" bw="8" slack="0"/>
<pin id="1041" dir="1" index="2" bw="9" slack="0"/>
</pin_list>
<bind>
<opcode="sub(10) " fcode="sub"/>
<opset="sub_ln1025/3 "/>
</bind>
</comp>

<comp id="1044" class="1004" name="trunc_ln61_5_fu_1044">
<pin_list>
<pin id="1045" dir="0" index="0" bw="9" slack="0"/>
<pin id="1046" dir="1" index="1" bw="8" slack="0"/>
</pin_list>
<bind>
<opcode="trunc(33) " fcode="trunc"/>
<opset="trunc_ln61_5/3 "/>
</bind>
</comp>

<comp id="1048" class="1004" name="tmp_12_fu_1048">
<pin_list>
<pin id="1049" dir="0" index="0" bw="1" slack="0"/>
<pin id="1050" dir="0" index="1" bw="9" slack="0"/>
<pin id="1051" dir="0" index="2" bw="5" slack="0"/>
<pin id="1052" dir="1" index="3" bw="1" slack="0"/>
</pin_list>
<bind>
<opcode="bitselect(1000) " fcode="bitselect"/>
<opset="tmp_12/3 "/>
</bind>
</comp>

<comp id="1056" class="1004" name="sub_ln61_5_fu_1056">
<pin_list>
<pin id="1057" dir="0" index="0" bw="1" slack="0"/>
<pin id="1058" dir="0" index="1" bw="8" slack="0"/>
<pin id="1059" dir="1" index="2" bw="8" slack="0"/>
</pin_list>
<bind>
<opcode="sub(10) " fcode="sub"/>
<opset="sub_ln61_5/3 "/>
</bind>
</comp>

<comp id="1062" class="1004" name="DGh_fu_1062">
<pin_list>
<pin id="1063" dir="0" index="0" bw="1" slack="0"/>
<pin id="1064" dir="0" index="1" bw="8" slack="0"/>
<pin id="1065" dir="0" index="2" bw="8" slack="0"/>
<pin id="1066" dir="1" index="3" bw="8" slack="0"/>
</pin_list>
<bind>
<opcode="select(49) " fcode="select"/>
<opset="DGh/3 "/>
</bind>
</comp>

<comp id="1070" class="1004" name="zext_ln1026_fu_1070">
<pin_list>
<pin id="1071" dir="0" index="0" bw="8" slack="0"/>
<pin id="1072" dir="1" index="1" bw="9" slack="0"/>
</pin_list>
<bind>
<opcode="zext(34) " fcode="zext"/>
<opset="zext_ln1026/3 "/>
</bind>
</comp>

<comp id="1074" class="1004" name="zext_ln1026_1_fu_1074">
<pin_list>
<pin id="1075" dir="0" index="0" bw="8" slack="0"/>
<pin id="1076" dir="1" index="1" bw="9" slack="0"/>
</pin_list>
<bind>
<opcode="zext(34) " fcode="zext"/>
<opset="zext_ln1026_1/3 "/>
</bind>
</comp>

<comp id="1078" class="1004" name="sub_ln1026_fu_1078">
<pin_list>
<pin id="1079" dir="0" index="0" bw="8" slack="0"/>
<pin id="1080" dir="0" index="1" bw="8" slack="0"/>
<pin id="1081" dir="1" index="2" bw="9" slack="0"/>
</pin_list>
<bind>
<opcode="sub(10) " fcode="sub"/>
<opset="sub_ln1026/3 "/>
</bind>
</comp>

<comp id="1084" class="1004" name="trunc_ln61_6_fu_1084">
<pin_list>
<pin id="1085" dir="0" index="0" bw="9" slack="0"/>
<pin id="1086" dir="1" index="1" bw="8" slack="0"/>
</pin_list>
<bind>
<opcode="trunc(33) " fcode="trunc"/>
<opset="trunc_ln61_6/3 "/>
</bind>
</comp>

<comp id="1088" class="1004" name="tmp_13_fu_1088">
<pin_list>
<pin id="1089" dir="0" index="0" bw="1" slack="0"/>
<pin id="1090" dir="0" index="1" bw="9" slack="0"/>
<pin id="1091" dir="0" index="2" bw="5" slack="0"/>
<pin id="1092" dir="1" index="3" bw="1" slack="0"/>
</pin_list>
<bind>
<opcode="bitselect(1000) " fcode="bitselect"/>
<opset="tmp_13/3 "/>
</bind>
</comp>

<comp id="1096" class="1004" name="sub_ln61_6_fu_1096">
<pin_list>
<pin id="1097" dir="0" index="0" bw="1" slack="0"/>
<pin id="1098" dir="0" index="1" bw="8" slack="0"/>
<pin id="1099" dir="1" index="2" bw="8" slack="0"/>
</pin_list>
<bind>
<opcode="sub(10) " fcode="sub"/>
<opset="sub_ln61_6/3 "/>
</bind>
</comp>

<comp id="1102" class="1004" name="DGv_fu_1102">
<pin_list>
<pin id="1103" dir="0" index="0" bw="1" slack="0"/>
<pin id="1104" dir="0" index="1" bw="8" slack="0"/>
<pin id="1105" dir="0" index="2" bw="8" slack="0"/>
<pin id="1106" dir="1" index="3" bw="8" slack="0"/>
</pin_list>
<bind>
<opcode="select(49) " fcode="select"/>
<opset="DGv/3 "/>
</bind>
</comp>

<comp id="1110" class="1004" name="zext_ln1027_fu_1110">
<pin_list>
<pin id="1111" dir="0" index="0" bw="8" slack="0"/>
<pin id="1112" dir="1" index="1" bw="9" slack="0"/>
</pin_list>
<bind>
<opcode="zext(34) " fcode="zext"/>
<opset="zext_ln1027/3 "/>
</bind>
</comp>

<comp id="1114" class="1004" name="zext_ln1027_1_fu_1114">
<pin_list>
<pin id="1115" dir="0" index="0" bw="8" slack="0"/>
<pin id="1116" dir="1" index="1" bw="9" slack="0"/>
</pin_list>
<bind>
<opcode="zext(34) " fcode="zext"/>
<opset="zext_ln1027_1/3 "/>
</bind>
</comp>

<comp id="1118" class="1004" name="sub_ln1027_fu_1118">
<pin_list>
<pin id="1119" dir="0" index="0" bw="8" slack="0"/>
<pin id="1120" dir="0" index="1" bw="8" slack="0"/>
<pin id="1121" dir="1" index="2" bw="9" slack="0"/>
</pin_list>
<bind>
<opcode="sub(10) " fcode="sub"/>
<opset="sub_ln1027/3 "/>
</bind>
</comp>

<comp id="1124" class="1004" name="trunc_ln61_7_fu_1124">
<pin_list>
<pin id="1125" dir="0" index="0" bw="9" slack="0"/>
<pin id="1126" dir="1" index="1" bw="8" slack="0"/>
</pin_list>
<bind>
<opcode="trunc(33) " fcode="trunc"/>
<opset="trunc_ln61_7/3 "/>
</bind>
</comp>

<comp id="1128" class="1004" name="tmp_14_fu_1128">
<pin_list>
<pin id="1129" dir="0" index="0" bw="1" slack="0"/>
<pin id="1130" dir="0" index="1" bw="9" slack="0"/>
<pin id="1131" dir="0" index="2" bw="5" slack="0"/>
<pin id="1132" dir="1" index="3" bw="1" slack="0"/>
</pin_list>
<bind>
<opcode="bitselect(1000) " fcode="bitselect"/>
<opset="tmp_14/3 "/>
</bind>
</comp>

<comp id="1136" class="1004" name="sub_ln61_7_fu_1136">
<pin_list>
<pin id="1137" dir="0" index="0" bw="1" slack="0"/>
<pin id="1138" dir="0" index="1" bw="8" slack="0"/>
<pin id="1139" dir="1" index="2" bw="8" slack="0"/>
</pin_list>
<bind>
<opcode="sub(10) " fcode="sub"/>
<opset="sub_ln61_7/3 "/>
</bind>
</comp>

<comp id="1142" class="1004" name="DBh_fu_1142">
<pin_list>
<pin id="1143" dir="0" index="0" bw="1" slack="0"/>
<pin id="1144" dir="0" index="1" bw="8" slack="0"/>
<pin id="1145" dir="0" index="2" bw="8" slack="0"/>
<pin id="1146" dir="1" index="3" bw="8" slack="0"/>
</pin_list>
<bind>
<opcode="select(49) " fcode="select"/>
<opset="DBh/3 "/>
</bind>
</comp>

<comp id="1150" class="1004" name="zext_ln1028_fu_1150">
<pin_list>
<pin id="1151" dir="0" index="0" bw="8" slack="0"/>
<pin id="1152" dir="1" index="1" bw="9" slack="0"/>
</pin_list>
<bind>
<opcode="zext(34) " fcode="zext"/>
<opset="zext_ln1028/3 "/>
</bind>
</comp>

<comp id="1154" class="1004" name="zext_ln1028_1_fu_1154">
<pin_list>
<pin id="1155" dir="0" index="0" bw="8" slack="0"/>
<pin id="1156" dir="1" index="1" bw="9" slack="0"/>
</pin_list>
<bind>
<opcode="zext(34) " fcode="zext"/>
<opset="zext_ln1028_1/3 "/>
</bind>
</comp>

<comp id="1158" class="1004" name="sub_ln1028_fu_1158">
<pin_list>
<pin id="1159" dir="0" index="0" bw="8" slack="0"/>
<pin id="1160" dir="0" index="1" bw="8" slack="0"/>
<pin id="1161" dir="1" index="2" bw="9" slack="0"/>
</pin_list>
<bind>
<opcode="sub(10) " fcode="sub"/>
<opset="sub_ln1028/3 "/>
</bind>
</comp>

<comp id="1164" class="1004" name="trunc_ln61_8_fu_1164">
<pin_list>
<pin id="1165" dir="0" index="0" bw="9" slack="0"/>
<pin id="1166" dir="1" index="1" bw="8" slack="0"/>
</pin_list>
<bind>
<opcode="trunc(33) " fcode="trunc"/>
<opset="trunc_ln61_8/3 "/>
</bind>
</comp>

<comp id="1168" class="1004" name="tmp_15_fu_1168">
<pin_list>
<pin id="1169" dir="0" index="0" bw="1" slack="0"/>
<pin id="1170" dir="0" index="1" bw="9" slack="0"/>
<pin id="1171" dir="0" index="2" bw="5" slack="0"/>
<pin id="1172" dir="1" index="3" bw="1" slack="0"/>
</pin_list>
<bind>
<opcode="bitselect(1000) " fcode="bitselect"/>
<opset="tmp_15/3 "/>
</bind>
</comp>

<comp id="1176" class="1004" name="sub_ln61_8_fu_1176">
<pin_list>
<pin id="1177" dir="0" index="0" bw="1" slack="0"/>
<pin id="1178" dir="0" index="1" bw="8" slack="0"/>
<pin id="1179" dir="1" index="2" bw="8" slack="0"/>
</pin_list>
<bind>
<opcode="sub(10) " fcode="sub"/>
<opset="sub_ln61_8/3 "/>
</bind>
</comp>

<comp id="1182" class="1004" name="DBv_fu_1182">
<pin_list>
<pin id="1183" dir="0" index="0" bw="1" slack="0"/>
<pin id="1184" dir="0" index="1" bw="8" slack="0"/>
<pin id="1185" dir="0" index="2" bw="8" slack="0"/>
<pin id="1186" dir="1" index="3" bw="8" slack="0"/>
</pin_list>
<bind>
<opcode="select(49) " fcode="select"/>
<opset="DBv/3 "/>
</bind>
</comp>

<comp id="1190" class="1004" name="zext_ln1030_fu_1190">
<pin_list>
<pin id="1191" dir="0" index="0" bw="8" slack="0"/>
<pin id="1192" dir="1" index="1" bw="9" slack="0"/>
</pin_list>
<bind>
<opcode="zext(34) " fcode="zext"/>
<opset="zext_ln1030/3 "/>
</bind>
</comp>

<comp id="1194" class="1004" name="zext_ln1030_1_fu_1194">
<pin_list>
<pin id="1195" dir="0" index="0" bw="8" slack="0"/>
<pin id="1196" dir="1" index="1" bw="9" slack="0"/>
</pin_list>
<bind>
<opcode="zext(34) " fcode="zext"/>
<opset="zext_ln1030_1/3 "/>
</bind>
</comp>

<comp id="1198" class="1004" name="add_ln1030_fu_1198">
<pin_list>
<pin id="1199" dir="0" index="0" bw="8" slack="0"/>
<pin id="1200" dir="0" index="1" bw="8" slack="0"/>
<pin id="1201" dir="1" index="2" bw="9" slack="0"/>
</pin_list>
<bind>
<opcode="add(8) " fcode="add"/>
<opset="add_ln1030/3 "/>
</bind>
</comp>

<comp id="1204" class="1004" name="zext_ln1030_2_fu_1204">
<pin_list>
<pin id="1205" dir="0" index="0" bw="9" slack="0"/>
<pin id="1206" dir="1" index="1" bw="10" slack="0"/>
</pin_list>
<bind>
<opcode="zext(34) " fcode="zext"/>
<opset="zext_ln1030_2/3 "/>
</bind>
</comp>

<comp id="1208" class="1004" name="zext_ln1030_3_fu_1208">
<pin_list>
<pin id="1209" dir="0" index="0" bw="8" slack="0"/>
<pin id="1210" dir="1" index="1" bw="10" slack="0"/>
</pin_list>
<bind>
<opcode="zext(34) " fcode="zext"/>
<opset="zext_ln1030_3/3 "/>
</bind>
</comp>

<comp id="1212" class="1004" name="add_ln1030_1_fu_1212">
<pin_list>
<pin id="1213" dir="0" index="0" bw="9" slack="0"/>
<pin id="1214" dir="0" index="1" bw="8" slack="0"/>
<pin id="1215" dir="1" index="2" bw="10" slack="0"/>
</pin_list>
<bind>
<opcode="add(8) " fcode="add"/>
<opset="add_ln1030_1/3 "/>
</bind>
</comp>

<comp id="1218" class="1004" name="zext_ln1030_4_fu_1218">
<pin_list>
<pin id="1219" dir="0" index="0" bw="8" slack="0"/>
<pin id="1220" dir="1" index="1" bw="9" slack="0"/>
</pin_list>
<bind>
<opcode="zext(34) " fcode="zext"/>
<opset="zext_ln1030_4/3 "/>
</bind>
</comp>

<comp id="1222" class="1004" name="zext_ln1030_5_fu_1222">
<pin_list>
<pin id="1223" dir="0" index="0" bw="8" slack="0"/>
<pin id="1224" dir="1" index="1" bw="9" slack="0"/>
</pin_list>
<bind>
<opcode="zext(34) " fcode="zext"/>
<opset="zext_ln1030_5/3 "/>
</bind>
</comp>

<comp id="1226" class="1004" name="add_ln1030_2_fu_1226">
<pin_list>
<pin id="1227" dir="0" index="0" bw="8" slack="0"/>
<pin id="1228" dir="0" index="1" bw="8" slack="0"/>
<pin id="1229" dir="1" index="2" bw="9" slack="0"/>
</pin_list>
<bind>
<opcode="add(8) " fcode="add"/>
<opset="add_ln1030_2/3 "/>
</bind>
</comp>

<comp id="1232" class="1004" name="zext_ln1030_6_fu_1232">
<pin_list>
<pin id="1233" dir="0" index="0" bw="9" slack="0"/>
<pin id="1234" dir="1" index="1" bw="10" slack="0"/>
</pin_list>
<bind>
<opcode="zext(34) " fcode="zext"/>
<opset="zext_ln1030_6/3 "/>
</bind>
</comp>

<comp id="1236" class="1004" name="zext_ln1030_7_fu_1236">
<pin_list>
<pin id="1237" dir="0" index="0" bw="8" slack="0"/>
<pin id="1238" dir="1" index="1" bw="10" slack="0"/>
</pin_list>
<bind>
<opcode="zext(34) " fcode="zext"/>
<opset="zext_ln1030_7/3 "/>
</bind>
</comp>

<comp id="1240" class="1004" name="add_ln1030_3_fu_1240">
<pin_list>
<pin id="1241" dir="0" index="0" bw="9" slack="0"/>
<pin id="1242" dir="0" index="1" bw="8" slack="0"/>
<pin id="1243" dir="1" index="2" bw="10" slack="0"/>
</pin_list>
<bind>
<opcode="add(8) " fcode="add"/>
<opset="add_ln1030_3/3 "/>
</bind>
</comp>

<comp id="1246" class="1004" name="icmp_ln1030_fu_1246">
<pin_list>
<pin id="1247" dir="0" index="0" bw="10" slack="0"/>
<pin id="1248" dir="0" index="1" bw="10" slack="0"/>
<pin id="1249" dir="1" index="2" bw="1" slack="0"/>
</pin_list>
<bind>
<opcode="icmp(45) " fcode="icmp"/>
<opset="icmp_ln1030/3 "/>
</bind>
</comp>

<comp id="1252" class="1004" name="sub_ln1033_fu_1252">
<pin_list>
<pin id="1253" dir="0" index="0" bw="8" slack="0"/>
<pin id="1254" dir="0" index="1" bw="8" slack="0"/>
<pin id="1255" dir="1" index="2" bw="9" slack="0"/>
</pin_list>
<bind>
<opcode="sub(10) " fcode="sub"/>
<opset="sub_ln1033/3 "/>
</bind>
</comp>

<comp id="1258" class="1004" name="sub_ln1033_1_fu_1258">
<pin_list>
<pin id="1259" dir="0" index="0" bw="8" slack="0"/>
<pin id="1260" dir="0" index="1" bw="8" slack="0"/>
<pin id="1261" dir="1" index="2" bw="9" slack="0"/>
</pin_list>
<bind>
<opcode="sub(10) " fcode="sub"/>
<opset="sub_ln1033_1/3 "/>
</bind>
</comp>

<comp id="1264" class="1004" name="sext_ln1033_fu_1264">
<pin_list>
<pin id="1265" dir="0" index="0" bw="9" slack="0"/>
<pin id="1266" dir="1" index="1" bw="10" slack="0"/>
</pin_list>
<bind>
<opcode="sext(35) " fcode="sext"/>
<opset="sext_ln1033/3 "/>
</bind>
</comp>

<comp id="1268" class="1004" name="sext_ln1033_1_fu_1268">
<pin_list>
<pin id="1269" dir="0" index="0" bw="9" slack="0"/>
<pin id="1270" dir="1" index="1" bw="10" slack="0"/>
</pin_list>
<bind>
<opcode="sext(35) " fcode="sext"/>
<opset="sext_ln1033_1/3 "/>
</bind>
</comp>

<comp id="1272" class="1004" name="add_ln1033_fu_1272">
<pin_list>
<pin id="1273" dir="0" index="0" bw="9" slack="0"/>
<pin id="1274" dir="0" index="1" bw="9" slack="0"/>
<pin id="1275" dir="1" index="2" bw="10" slack="0"/>
</pin_list>
<bind>
<opcode="add(8) " fcode="add"/>
<opset="add_ln1033/3 "/>
</bind>
</comp>

<comp id="1278" class="1004" name="sext_ln1033_2_fu_1278">
<pin_list>
<pin id="1279" dir="0" index="0" bw="10" slack="0"/>
<pin id="1280" dir="1" index="1" bw="11" slack="0"/>
</pin_list>
<bind>
<opcode="sext(35) " fcode="sext"/>
<opset="sext_ln1033_2/3 "/>
</bind>
</comp>

<comp id="1282" class="1004" name="tmp_16_fu_1282">
<pin_list>
<pin id="1283" dir="0" index="0" bw="1" slack="0"/>
<pin id="1284" dir="0" index="1" bw="10" slack="0"/>
<pin id="1285" dir="0" index="2" bw="5" slack="0"/>
<pin id="1286" dir="1" index="3" bw="1" slack="0"/>
</pin_list>
<bind>
<opcode="bitselect(1000) " fcode="bitselect"/>
<opset="tmp_16/3 "/>
</bind>
</comp>

<comp id="1290" class="1004" name="sub_ln1033_2_fu_1290">
<pin_list>
<pin id="1291" dir="0" index="0" bw="1" slack="0"/>
<pin id="1292" dir="0" index="1" bw="10" slack="0"/>
<pin id="1293" dir="1" index="2" bw="11" slack="0"/>
</pin_list>
<bind>
<opcode="sub(10) " fcode="sub"/>
<opset="sub_ln1033_2/3 "/>
</bind>
</comp>

<comp id="1296" class="1004" name="lshr_ln1033_1_cast_fu_1296">
<pin_list>
<pin id="1297" dir="0" index="0" bw="9" slack="0"/>
<pin id="1298" dir="0" index="1" bw="11" slack="0"/>
<pin id="1299" dir="0" index="2" bw="1" slack="0"/>
<pin id="1300" dir="0" index="3" bw="5" slack="0"/>
<pin id="1301" dir="1" index="4" bw="9" slack="0"/>
</pin_list>
<bind>
<opcode="partselect(1002) " fcode="partselect"/>
<opset="lshr_ln1033_1_cast/3 "/>
</bind>
</comp>

<comp id="1306" class="1004" name="sub_ln1033_3_fu_1306">
<pin_list>
<pin id="1307" dir="0" index="0" bw="1" slack="0"/>
<pin id="1308" dir="0" index="1" bw="9" slack="0"/>
<pin id="1309" dir="1" index="2" bw="9" slack="0"/>
</pin_list>
<bind>
<opcode="sub(10) " fcode="sub"/>
<opset="sub_ln1033_3/3 "/>
</bind>
</comp>

<comp id="1312" class="1004" name="zext_ln_fu_1312">
<pin_list>
<pin id="1313" dir="0" index="0" bw="9" slack="0"/>
<pin id="1314" dir="0" index="1" bw="10" slack="0"/>
<pin id="1315" dir="0" index="2" bw="1" slack="0"/>
<pin id="1316" dir="0" index="3" bw="5" slack="0"/>
<pin id="1317" dir="1" index="4" bw="9" slack="0"/>
</pin_list>
<bind>
<opcode="partselect(1002) " fcode="partselect"/>
<opset="zext_ln/3 "/>
</bind>
</comp>

<comp id="1322" class="1004" name="select_ln1033_fu_1322">
<pin_list>
<pin id="1323" dir="0" index="0" bw="1" slack="0"/>
<pin id="1324" dir="0" index="1" bw="9" slack="0"/>
<pin id="1325" dir="0" index="2" bw="9" slack="0"/>
<pin id="1326" dir="1" index="3" bw="9" slack="0"/>
</pin_list>
<bind>
<opcode="select(49) " fcode="select"/>
<opset="select_ln1033/3 "/>
</bind>
</comp>

<comp id="1330" class="1004" name="zext_ln1034_1_fu_1330">
<pin_list>
<pin id="1331" dir="0" index="0" bw="8" slack="1"/>
<pin id="1332" dir="1" index="1" bw="10" slack="0"/>
</pin_list>
<bind>
<opcode="zext(34) " fcode="zext"/>
<opset="zext_ln1034_1/3 "/>
</bind>
</comp>

<comp id="1334" class="1004" name="sub_ln1034_fu_1334">
<pin_list>
<pin id="1335" dir="0" index="0" bw="8" slack="0"/>
<pin id="1336" dir="0" index="1" bw="8" slack="0"/>
<pin id="1337" dir="1" index="2" bw="9" slack="0"/>
</pin_list>
<bind>
<opcode="sub(10) " fcode="sub"/>
<opset="sub_ln1034/3 "/>
</bind>
</comp>

<comp id="1340" class="1004" name="sub_ln1034_1_fu_1340">
<pin_list>
<pin id="1341" dir="0" index="0" bw="8" slack="0"/>
<pin id="1342" dir="0" index="1" bw="8" slack="0"/>
<pin id="1343" dir="1" index="2" bw="9" slack="0"/>
</pin_list>
<bind>
<opcode="sub(10) " fcode="sub"/>
<opset="sub_ln1034_1/3 "/>
</bind>
</comp>

<comp id="1346" class="1004" name="sext_ln1034_fu_1346">
<pin_list>
<pin id="1347" dir="0" index="0" bw="9" slack="0"/>
<pin id="1348" dir="1" index="1" bw="10" slack="0"/>
</pin_list>
<bind>
<opcode="sext(35) " fcode="sext"/>
<opset="sext_ln1034/3 "/>
</bind>
</comp>

<comp id="1350" class="1004" name="sext_ln1034_1_fu_1350">
<pin_list>
<pin id="1351" dir="0" index="0" bw="9" slack="0"/>
<pin id="1352" dir="1" index="1" bw="10" slack="0"/>
</pin_list>
<bind>
<opcode="sext(35) " fcode="sext"/>
<opset="sext_ln1034_1/3 "/>
</bind>
</comp>

<comp id="1354" class="1004" name="add_ln1034_fu_1354">
<pin_list>
<pin id="1355" dir="0" index="0" bw="9" slack="0"/>
<pin id="1356" dir="0" index="1" bw="9" slack="0"/>
<pin id="1357" dir="1" index="2" bw="10" slack="0"/>
</pin_list>
<bind>
<opcode="add(8) " fcode="add"/>
<opset="add_ln1034/3 "/>
</bind>
</comp>

<comp id="1360" class="1004" name="sext_ln1034_2_fu_1360">
<pin_list>
<pin id="1361" dir="0" index="0" bw="10" slack="0"/>
<pin id="1362" dir="1" index="1" bw="11" slack="0"/>
</pin_list>
<bind>
<opcode="sext(35) " fcode="sext"/>
<opset="sext_ln1034_2/3 "/>
</bind>
</comp>

<comp id="1364" class="1004" name="tmp_17_fu_1364">
<pin_list>
<pin id="1365" dir="0" index="0" bw="1" slack="0"/>
<pin id="1366" dir="0" index="1" bw="10" slack="0"/>
<pin id="1367" dir="0" index="2" bw="5" slack="0"/>
<pin id="1368" dir="1" index="3" bw="1" slack="0"/>
</pin_list>
<bind>
<opcode="bitselect(1000) " fcode="bitselect"/>
<opset="tmp_17/3 "/>
</bind>
</comp>

<comp id="1372" class="1004" name="sub_ln1034_2_fu_1372">
<pin_list>
<pin id="1373" dir="0" index="0" bw="1" slack="0"/>
<pin id="1374" dir="0" index="1" bw="10" slack="0"/>
<pin id="1375" dir="1" index="2" bw="11" slack="0"/>
</pin_list>
<bind>
<opcode="sub(10) " fcode="sub"/>
<opset="sub_ln1034_2/3 "/>
</bind>
</comp>

<comp id="1378" class="1004" name="lshr_ln1034_1_cast_fu_1378">
<pin_list>
<pin id="1379" dir="0" index="0" bw="9" slack="0"/>
<pin id="1380" dir="0" index="1" bw="11" slack="0"/>
<pin id="1381" dir="0" index="2" bw="1" slack="0"/>
<pin id="1382" dir="0" index="3" bw="5" slack="0"/>
<pin id="1383" dir="1" index="4" bw="9" slack="0"/>
</pin_list>
<bind>
<opcode="partselect(1002) " fcode="partselect"/>
<opset="lshr_ln1034_1_cast/3 "/>
</bind>
</comp>

<comp id="1388" class="1004" name="sub_ln1034_3_fu_1388">
<pin_list>
<pin id="1389" dir="0" index="0" bw="1" slack="0"/>
<pin id="1390" dir="0" index="1" bw="9" slack="0"/>
<pin id="1391" dir="1" index="2" bw="9" slack="0"/>
</pin_list>
<bind>
<opcode="sub(10) " fcode="sub"/>
<opset="sub_ln1034_3/3 "/>
</bind>
</comp>

<comp id="1394" class="1004" name="zext_ln1_fu_1394">
<pin_list>
<pin id="1395" dir="0" index="0" bw="9" slack="0"/>
<pin id="1396" dir="0" index="1" bw="10" slack="0"/>
<pin id="1397" dir="0" index="2" bw="1" slack="0"/>
<pin id="1398" dir="0" index="3" bw="5" slack="0"/>
<pin id="1399" dir="1" index="4" bw="9" slack="0"/>
</pin_list>
<bind>
<opcode="partselect(1002) " fcode="partselect"/>
<opset="zext_ln1/3 "/>
</bind>
</comp>

<comp id="1404" class="1004" name="select_ln1034_fu_1404">
<pin_list>
<pin id="1405" dir="0" index="0" bw="1" slack="0"/>
<pin id="1406" dir="0" index="1" bw="9" slack="0"/>
<pin id="1407" dir="0" index="2" bw="9" slack="0"/>
<pin id="1408" dir="1" index="3" bw="9" slack="0"/>
</pin_list>
<bind>
<opcode="select(49) " fcode="select"/>
<opset="select_ln1034/3 "/>
</bind>
</comp>

<comp id="1412" class="1004" name="sub_ln1039_fu_1412">
<pin_list>
<pin id="1413" dir="0" index="0" bw="8" slack="0"/>
<pin id="1414" dir="0" index="1" bw="8" slack="0"/>
<pin id="1415" dir="1" index="2" bw="9" slack="0"/>
</pin_list>
<bind>
<opcode="sub(10) " fcode="sub"/>
<opset="sub_ln1039/3 "/>
</bind>
</comp>

<comp id="1418" class="1004" name="sub_ln1039_1_fu_1418">
<pin_list>
<pin id="1419" dir="0" index="0" bw="8" slack="0"/>
<pin id="1420" dir="0" index="1" bw="8" slack="0"/>
<pin id="1421" dir="1" index="2" bw="9" slack="0"/>
</pin_list>
<bind>
<opcode="sub(10) " fcode="sub"/>
<opset="sub_ln1039_1/3 "/>
</bind>
</comp>

<comp id="1424" class="1004" name="sext_ln1039_fu_1424">
<pin_list>
<pin id="1425" dir="0" index="0" bw="9" slack="0"/>
<pin id="1426" dir="1" index="1" bw="10" slack="0"/>
</pin_list>
<bind>
<opcode="sext(35) " fcode="sext"/>
<opset="sext_ln1039/3 "/>
</bind>
</comp>

<comp id="1428" class="1004" name="sext_ln1039_1_fu_1428">
<pin_list>
<pin id="1429" dir="0" index="0" bw="9" slack="0"/>
<pin id="1430" dir="1" index="1" bw="10" slack="0"/>
</pin_list>
<bind>
<opcode="sext(35) " fcode="sext"/>
<opset="sext_ln1039_1/3 "/>
</bind>
</comp>

<comp id="1432" class="1004" name="add_ln1039_fu_1432">
<pin_list>
<pin id="1433" dir="0" index="0" bw="9" slack="0"/>
<pin id="1434" dir="0" index="1" bw="9" slack="0"/>
<pin id="1435" dir="1" index="2" bw="10" slack="0"/>
</pin_list>
<bind>
<opcode="add(8) " fcode="add"/>
<opset="add_ln1039/3 "/>
</bind>
</comp>

<comp id="1438" class="1004" name="sext_ln1039_2_fu_1438">
<pin_list>
<pin id="1439" dir="0" index="0" bw="10" slack="0"/>
<pin id="1440" dir="1" index="1" bw="11" slack="0"/>
</pin_list>
<bind>
<opcode="sext(35) " fcode="sext"/>
<opset="sext_ln1039_2/3 "/>
</bind>
</comp>

<comp id="1442" class="1004" name="tmp_18_fu_1442">
<pin_list>
<pin id="1443" dir="0" index="0" bw="1" slack="0"/>
<pin id="1444" dir="0" index="1" bw="10" slack="0"/>
<pin id="1445" dir="0" index="2" bw="5" slack="0"/>
<pin id="1446" dir="1" index="3" bw="1" slack="0"/>
</pin_list>
<bind>
<opcode="bitselect(1000) " fcode="bitselect"/>
<opset="tmp_18/3 "/>
</bind>
</comp>

<comp id="1450" class="1004" name="sub_ln1039_2_fu_1450">
<pin_list>
<pin id="1451" dir="0" index="0" bw="1" slack="0"/>
<pin id="1452" dir="0" index="1" bw="10" slack="0"/>
<pin id="1453" dir="1" index="2" bw="11" slack="0"/>
</pin_list>
<bind>
<opcode="sub(10) " fcode="sub"/>
<opset="sub_ln1039_2/3 "/>
</bind>
</comp>

<comp id="1456" class="1004" name="lshr_ln1039_1_cast_fu_1456">
<pin_list>
<pin id="1457" dir="0" index="0" bw="9" slack="0"/>
<pin id="1458" dir="0" index="1" bw="11" slack="0"/>
<pin id="1459" dir="0" index="2" bw="1" slack="0"/>
<pin id="1460" dir="0" index="3" bw="5" slack="0"/>
<pin id="1461" dir="1" index="4" bw="9" slack="0"/>
</pin_list>
<bind>
<opcode="partselect(1002) " fcode="partselect"/>
<opset="lshr_ln1039_1_cast/3 "/>
</bind>
</comp>

<comp id="1466" class="1004" name="sub_ln1039_3_fu_1466">
<pin_list>
<pin id="1467" dir="0" index="0" bw="1" slack="0"/>
<pin id="1468" dir="0" index="1" bw="9" slack="0"/>
<pin id="1469" dir="1" index="2" bw="9" slack="0"/>
</pin_list>
<bind>
<opcode="sub(10) " fcode="sub"/>
<opset="sub_ln1039_3/3 "/>
</bind>
</comp>

<comp id="1472" class="1004" name="zext_ln2_fu_1472">
<pin_list>
<pin id="1473" dir="0" index="0" bw="9" slack="0"/>
<pin id="1474" dir="0" index="1" bw="10" slack="0"/>
<pin id="1475" dir="0" index="2" bw="1" slack="0"/>
<pin id="1476" dir="0" index="3" bw="5" slack="0"/>
<pin id="1477" dir="1" index="4" bw="9" slack="0"/>
</pin_list>
<bind>
<opcode="partselect(1002) " fcode="partselect"/>
<opset="zext_ln2/3 "/>
</bind>
</comp>

<comp id="1482" class="1004" name="select_ln1039_fu_1482">
<pin_list>
<pin id="1483" dir="0" index="0" bw="1" slack="0"/>
<pin id="1484" dir="0" index="1" bw="9" slack="0"/>
<pin id="1485" dir="0" index="2" bw="9" slack="0"/>
<pin id="1486" dir="1" index="3" bw="9" slack="0"/>
</pin_list>
<bind>
<opcode="select(49) " fcode="select"/>
<opset="select_ln1039/3 "/>
</bind>
</comp>

<comp id="1490" class="1004" name="sub_ln1040_fu_1490">
<pin_list>
<pin id="1491" dir="0" index="0" bw="8" slack="0"/>
<pin id="1492" dir="0" index="1" bw="8" slack="0"/>
<pin id="1493" dir="1" index="2" bw="9" slack="0"/>
</pin_list>
<bind>
<opcode="sub(10) " fcode="sub"/>
<opset="sub_ln1040/3 "/>
</bind>
</comp>

<comp id="1496" class="1004" name="sub_ln1040_1_fu_1496">
<pin_list>
<pin id="1497" dir="0" index="0" bw="8" slack="0"/>
<pin id="1498" dir="0" index="1" bw="8" slack="0"/>
<pin id="1499" dir="1" index="2" bw="9" slack="0"/>
</pin_list>
<bind>
<opcode="sub(10) " fcode="sub"/>
<opset="sub_ln1040_1/3 "/>
</bind>
</comp>

<comp id="1502" class="1004" name="sext_ln1040_fu_1502">
<pin_list>
<pin id="1503" dir="0" index="0" bw="9" slack="0"/>
<pin id="1504" dir="1" index="1" bw="10" slack="0"/>
</pin_list>
<bind>
<opcode="sext(35) " fcode="sext"/>
<opset="sext_ln1040/3 "/>
</bind>
</comp>

<comp id="1506" class="1004" name="sext_ln1040_1_fu_1506">
<pin_list>
<pin id="1507" dir="0" index="0" bw="9" slack="0"/>
<pin id="1508" dir="1" index="1" bw="10" slack="0"/>
</pin_list>
<bind>
<opcode="sext(35) " fcode="sext"/>
<opset="sext_ln1040_1/3 "/>
</bind>
</comp>

<comp id="1510" class="1004" name="add_ln1040_fu_1510">
<pin_list>
<pin id="1511" dir="0" index="0" bw="9" slack="0"/>
<pin id="1512" dir="0" index="1" bw="9" slack="0"/>
<pin id="1513" dir="1" index="2" bw="10" slack="0"/>
</pin_list>
<bind>
<opcode="add(8) " fcode="add"/>
<opset="add_ln1040/3 "/>
</bind>
</comp>

<comp id="1516" class="1004" name="sext_ln1040_2_fu_1516">
<pin_list>
<pin id="1517" dir="0" index="0" bw="10" slack="0"/>
<pin id="1518" dir="1" index="1" bw="11" slack="0"/>
</pin_list>
<bind>
<opcode="sext(35) " fcode="sext"/>
<opset="sext_ln1040_2/3 "/>
</bind>
</comp>

<comp id="1520" class="1004" name="tmp_19_fu_1520">
<pin_list>
<pin id="1521" dir="0" index="0" bw="1" slack="0"/>
<pin id="1522" dir="0" index="1" bw="10" slack="0"/>
<pin id="1523" dir="0" index="2" bw="5" slack="0"/>
<pin id="1524" dir="1" index="3" bw="1" slack="0"/>
</pin_list>
<bind>
<opcode="bitselect(1000) " fcode="bitselect"/>
<opset="tmp_19/3 "/>
</bind>
</comp>

<comp id="1528" class="1004" name="sub_ln1040_2_fu_1528">
<pin_list>
<pin id="1529" dir="0" index="0" bw="1" slack="0"/>
<pin id="1530" dir="0" index="1" bw="10" slack="0"/>
<pin id="1531" dir="1" index="2" bw="11" slack="0"/>
</pin_list>
<bind>
<opcode="sub(10) " fcode="sub"/>
<opset="sub_ln1040_2/3 "/>
</bind>
</comp>

<comp id="1534" class="1004" name="lshr_ln1040_1_cast_fu_1534">
<pin_list>
<pin id="1535" dir="0" index="0" bw="9" slack="0"/>
<pin id="1536" dir="0" index="1" bw="11" slack="0"/>
<pin id="1537" dir="0" index="2" bw="1" slack="0"/>
<pin id="1538" dir="0" index="3" bw="5" slack="0"/>
<pin id="1539" dir="1" index="4" bw="9" slack="0"/>
</pin_list>
<bind>
<opcode="partselect(1002) " fcode="partselect"/>
<opset="lshr_ln1040_1_cast/3 "/>
</bind>
</comp>

<comp id="1544" class="1004" name="sub_ln1040_3_fu_1544">
<pin_list>
<pin id="1545" dir="0" index="0" bw="1" slack="0"/>
<pin id="1546" dir="0" index="1" bw="9" slack="0"/>
<pin id="1547" dir="1" index="2" bw="9" slack="0"/>
</pin_list>
<bind>
<opcode="sub(10) " fcode="sub"/>
<opset="sub_ln1040_3/3 "/>
</bind>
</comp>

<comp id="1550" class="1004" name="zext_ln3_fu_1550">
<pin_list>
<pin id="1551" dir="0" index="0" bw="9" slack="0"/>
<pin id="1552" dir="0" index="1" bw="10" slack="0"/>
<pin id="1553" dir="0" index="2" bw="1" slack="0"/>
<pin id="1554" dir="0" index="3" bw="5" slack="0"/>
<pin id="1555" dir="1" index="4" bw="9" slack="0"/>
</pin_list>
<bind>
<opcode="partselect(1002) " fcode="partselect"/>
<opset="zext_ln3/3 "/>
</bind>
</comp>

<comp id="1560" class="1004" name="select_ln1040_fu_1560">
<pin_list>
<pin id="1561" dir="0" index="0" bw="1" slack="0"/>
<pin id="1562" dir="0" index="1" bw="9" slack="0"/>
<pin id="1563" dir="0" index="2" bw="9" slack="0"/>
<pin id="1564" dir="1" index="3" bw="9" slack="0"/>
</pin_list>
<bind>
<opcode="select(49) " fcode="select"/>
<opset="select_ln1040/3 "/>
</bind>
</comp>

<comp id="1568" class="1004" name="r_0_in_i_v_v_fu_1568">
<pin_list>
<pin id="1569" dir="0" index="0" bw="1" slack="0"/>
<pin id="1570" dir="0" index="1" bw="9" slack="0"/>
<pin id="1571" dir="0" index="2" bw="9" slack="0"/>
<pin id="1572" dir="1" index="3" bw="9" slack="0"/>
</pin_list>
<bind>
<opcode="select(49) " fcode="select"/>
<opset="r_0_in_i_v_v/3 "/>
</bind>
</comp>

<comp id="1576" class="1004" name="r_0_in_i_v_v_cast_fu_1576">
<pin_list>
<pin id="1577" dir="0" index="0" bw="9" slack="0"/>
<pin id="1578" dir="1" index="1" bw="10" slack="0"/>
</pin_list>
<bind>
<opcode="sext(35) " fcode="sext"/>
<opset="r_0_in_i_v_v_cast/3 "/>
</bind>
</comp>

<comp id="1580" class="1004" name="r_0_in_i_fu_1580">
<pin_list>
<pin id="1581" dir="0" index="0" bw="8" slack="0"/>
<pin id="1582" dir="0" index="1" bw="9" slack="0"/>
<pin id="1583" dir="1" index="2" bw="10" slack="0"/>
</pin_list>
<bind>
<opcode="sub(10) " fcode="sub"/>
<opset="r_0_in_i/3 "/>
</bind>
</comp>

<comp id="1586" class="1004" name="b_0_in_i_v_v_fu_1586">
<pin_list>
<pin id="1587" dir="0" index="0" bw="1" slack="0"/>
<pin id="1588" dir="0" index="1" bw="9" slack="0"/>
<pin id="1589" dir="0" index="2" bw="9" slack="0"/>
<pin id="1590" dir="1" index="3" bw="9" slack="0"/>
</pin_list>
<bind>
<opcode="select(49) " fcode="select"/>
<opset="b_0_in_i_v_v/3 "/>
</bind>
</comp>

<comp id="1594" class="1004" name="b_0_in_i_v_v_cast_fu_1594">
<pin_list>
<pin id="1595" dir="0" index="0" bw="9" slack="0"/>
<pin id="1596" dir="1" index="1" bw="10" slack="0"/>
</pin_list>
<bind>
<opcode="sext(35) " fcode="sext"/>
<opset="b_0_in_i_v_v_cast/3 "/>
</bind>
</comp>

<comp id="1598" class="1004" name="b_0_in_i_fu_1598">
<pin_list>
<pin id="1599" dir="0" index="0" bw="8" slack="0"/>
<pin id="1600" dir="0" index="1" bw="9" slack="0"/>
<pin id="1601" dir="1" index="2" bw="10" slack="0"/>
</pin_list>
<bind>
<opcode="sub(10) " fcode="sub"/>
<opset="b_0_in_i/3 "/>
</bind>
</comp>

<comp id="1604" class="1004" name="tmp_21_fu_1604">
<pin_list>
<pin id="1605" dir="0" index="0" bw="2" slack="0"/>
<pin id="1606" dir="0" index="1" bw="10" slack="0"/>
<pin id="1607" dir="0" index="2" bw="5" slack="0"/>
<pin id="1608" dir="0" index="3" bw="5" slack="0"/>
<pin id="1609" dir="1" index="4" bw="2" slack="1"/>
</pin_list>
<bind>
<opcode="partselect(1002) " fcode="partselect"/>
<opset="tmp_21/3 "/>
</bind>
</comp>

<comp id="1614" class="1004" name="tmp_23_fu_1614">
<pin_list>
<pin id="1615" dir="0" index="0" bw="2" slack="0"/>
<pin id="1616" dir="0" index="1" bw="10" slack="0"/>
<pin id="1617" dir="0" index="2" bw="5" slack="0"/>
<pin id="1618" dir="0" index="3" bw="5" slack="0"/>
<pin id="1619" dir="1" index="4" bw="2" slack="1"/>
</pin_list>
<bind>
<opcode="partselect(1002) " fcode="partselect"/>
<opset="tmp_23/3 "/>
</bind>
</comp>

<comp id="1624" class="1004" name="r_0_in_i_cast1_fu_1624">
<pin_list>
<pin id="1625" dir="0" index="0" bw="10" slack="1"/>
<pin id="1626" dir="1" index="1" bw="12" slack="0"/>
</pin_list>
<bind>
<opcode="sext(35) " fcode="sext"/>
<opset="r_0_in_i_cast1/4 "/>
</bind>
</comp>

<comp id="1627" class="1004" name="sext_ln1048_fu_1627">
<pin_list>
<pin id="1628" dir="0" index="0" bw="10" slack="1"/>
<pin id="1629" dir="1" index="1" bw="12" slack="0"/>
</pin_list>
<bind>
<opcode="sext(35) " fcode="sext"/>
<opset="sext_ln1048/4 "/>
</bind>
</comp>

<comp id="1630" class="1004" name="trunc_ln1048_fu_1630">
<pin_list>
<pin id="1631" dir="0" index="0" bw="10" slack="1"/>
<pin id="1632" dir="1" index="1" bw="8" slack="0"/>
</pin_list>
<bind>
<opcode="trunc(33) " fcode="trunc"/>
<opset="trunc_ln1048/4 "/>
</bind>
</comp>

<comp id="1633" class="1004" name="trunc_ln1046_fu_1633">
<pin_list>
<pin id="1634" dir="0" index="0" bw="10" slack="1"/>
<pin id="1635" dir="1" index="1" bw="8" slack="0"/>
</pin_list>
<bind>
<opcode="trunc(33) " fcode="trunc"/>
<opset="trunc_ln1046/4 "/>
</bind>
</comp>

<comp id="1636" class="1004" name="tmp_20_fu_1636">
<pin_list>
<pin id="1637" dir="0" index="0" bw="1" slack="0"/>
<pin id="1638" dir="0" index="1" bw="10" slack="0"/>
<pin id="1639" dir="0" index="2" bw="5" slack="0"/>
<pin id="1640" dir="1" index="3" bw="1" slack="0"/>
</pin_list>
<bind>
<opcode="bitselect(1000) " fcode="bitselect"/>
<opset="tmp_20/4 "/>
</bind>
</comp>

<comp id="1644" class="1004" name="icmp_ln1042_fu_1644">
<pin_list>
<pin id="1645" dir="0" index="0" bw="2" slack="1"/>
<pin id="1646" dir="0" index="1" bw="1" slack="0"/>
<pin id="1647" dir="1" index="2" bw="1" slack="0"/>
</pin_list>
<bind>
<opcode="icmp(45) " fcode="icmp"/>
<opset="icmp_ln1042/4 "/>
</bind>
</comp>

<comp id="1649" class="1004" name="xor_ln1046_fu_1649">
<pin_list>
<pin id="1650" dir="0" index="0" bw="1" slack="0"/>
<pin id="1651" dir="0" index="1" bw="1" slack="0"/>
<pin id="1652" dir="1" index="2" bw="1" slack="0"/>
</pin_list>
<bind>
<opcode="xor(25) " fcode="xor"/>
<opset="xor_ln1046/4 "/>
</bind>
</comp>

<comp id="1655" class="1004" name="select_ln1042_fu_1655">
<pin_list>
<pin id="1656" dir="0" index="0" bw="1" slack="0"/>
<pin id="1657" dir="0" index="1" bw="1" slack="0"/>
<pin id="1658" dir="0" index="2" bw="1" slack="0"/>
<pin id="1659" dir="1" index="3" bw="8" slack="0"/>
</pin_list>
<bind>
<opcode="select(49) " fcode="select"/>
<opset="select_ln1042/4 "/>
</bind>
</comp>

<comp id="1663" class="1004" name="or_ln1042_fu_1663">
<pin_list>
<pin id="1664" dir="0" index="0" bw="1" slack="0"/>
<pin id="1665" dir="0" index="1" bw="1" slack="0"/>
<pin id="1666" dir="1" index="2" bw="1" slack="0"/>
</pin_list>
<bind>
<opcode="or(24) " fcode="or"/>
<opset="or_ln1042/4 "/>
</bind>
</comp>

<comp id="1669" class="1004" name="select_ln1046_fu_1669">
<pin_list>
<pin id="1670" dir="0" index="0" bw="1" slack="0"/>
<pin id="1671" dir="0" index="1" bw="8" slack="0"/>
<pin id="1672" dir="0" index="2" bw="8" slack="0"/>
<pin id="1673" dir="1" index="3" bw="8" slack="0"/>
</pin_list>
<bind>
<opcode="select(49) " fcode="select"/>
<opset="select_ln1046/4 "/>
</bind>
</comp>

<comp id="1677" class="1004" name="tmp_22_fu_1677">
<pin_list>
<pin id="1678" dir="0" index="0" bw="1" slack="0"/>
<pin id="1679" dir="0" index="1" bw="10" slack="0"/>
<pin id="1680" dir="0" index="2" bw="5" slack="0"/>
<pin id="1681" dir="1" index="3" bw="1" slack="0"/>
</pin_list>
<bind>
<opcode="bitselect(1000) " fcode="bitselect"/>
<opset="tmp_22/4 "/>
</bind>
</comp>

<comp id="1685" class="1004" name="icmp_ln1043_fu_1685">
<pin_list>
<pin id="1686" dir="0" index="0" bw="2" slack="1"/>
<pin id="1687" dir="0" index="1" bw="1" slack="0"/>
<pin id="1688" dir="1" index="2" bw="1" slack="0"/>
</pin_list>
<bind>
<opcode="icmp(45) " fcode="icmp"/>
<opset="icmp_ln1043/4 "/>
</bind>
</comp>

<comp id="1690" class="1004" name="xor_ln1048_fu_1690">
<pin_list>
<pin id="1691" dir="0" index="0" bw="1" slack="0"/>
<pin id="1692" dir="0" index="1" bw="1" slack="0"/>
<pin id="1693" dir="1" index="2" bw="1" slack="0"/>
</pin_list>
<bind>
<opcode="xor(25) " fcode="xor"/>
<opset="xor_ln1048/4 "/>
</bind>
</comp>

<comp id="1696" class="1004" name="select_ln1043_fu_1696">
<pin_list>
<pin id="1697" dir="0" index="0" bw="1" slack="0"/>
<pin id="1698" dir="0" index="1" bw="1" slack="0"/>
<pin id="1699" dir="0" index="2" bw="1" slack="0"/>
<pin id="1700" dir="1" index="3" bw="8" slack="0"/>
</pin_list>
<bind>
<opcode="select(49) " fcode="select"/>
<opset="select_ln1043/4 "/>
</bind>
</comp>

<comp id="1704" class="1004" name="or_ln1043_fu_1704">
<pin_list>
<pin id="1705" dir="0" index="0" bw="1" slack="0"/>
<pin id="1706" dir="0" index="1" bw="1" slack="0"/>
<pin id="1707" dir="1" index="2" bw="1" slack="0"/>
</pin_list>
<bind>
<opcode="or(24) " fcode="or"/>
<opset="or_ln1043/4 "/>
</bind>
</comp>

<comp id="1710" class="1004" name="select_ln1048_fu_1710">
<pin_list>
<pin id="1711" dir="0" index="0" bw="1" slack="0"/>
<pin id="1712" dir="0" index="1" bw="8" slack="0"/>
<pin id="1713" dir="0" index="2" bw="8" slack="0"/>
<pin id="1714" dir="1" index="3" bw="8" slack="0"/>
</pin_list>
<bind>
<opcode="select(49) " fcode="select"/>
<opset="select_ln1048/4 "/>
</bind>
</comp>

<comp id="1718" class="1004" name="phi_ln1046_fu_1718">
<pin_list>
<pin id="1719" dir="0" index="0" bw="1" slack="3"/>
<pin id="1720" dir="0" index="1" bw="8" slack="2"/>
<pin id="1721" dir="0" index="2" bw="8" slack="0"/>
<pin id="1722" dir="1" index="3" bw="8" slack="0"/>
</pin_list>
<bind>
<opcode="select(49) " fcode="select"/>
<opset="phi_ln1046/4 "/>
</bind>
</comp>

<comp id="1725" class="1004" name="phi_ln1048_fu_1725">
<pin_list>
<pin id="1726" dir="0" index="0" bw="1" slack="3"/>
<pin id="1727" dir="0" index="1" bw="8" slack="2"/>
<pin id="1728" dir="0" index="2" bw="8" slack="0"/>
<pin id="1729" dir="1" index="3" bw="8" slack="0"/>
</pin_list>
<bind>
<opcode="select(49) " fcode="select"/>
<opset="phi_ln1048/4 "/>
</bind>
</comp>

<comp id="1732" class="1004" name="or_ln1054_3_i_fu_1732">
<pin_list>
<pin id="1733" dir="0" index="0" bw="24" slack="0"/>
<pin id="1734" dir="0" index="1" bw="8" slack="0"/>
<pin id="1735" dir="0" index="2" bw="8" slack="0"/>
<pin id="1736" dir="0" index="3" bw="8" slack="2"/>
<pin id="1737" dir="1" index="4" bw="24" slack="0"/>
</pin_list>
<bind>
<opcode="bitconcatenate(1004) " fcode="bitconcatenate"/>
<opset="or_ln1054_3_i/4 "/>
</bind>
</comp>

<comp id="1743" class="1004" name="store_ln0_store_fu_1743">
<pin_list>
<pin id="1744" dir="0" index="0" bw="8" slack="1"/>
<pin id="1745" dir="0" index="1" bw="8" slack="0"/>
<pin id="1746" dir="1" index="2" bw="0" slack="2147483647"/>
</pin_list>
<bind>
<opcode="store(28) " fcode="store"/>
<opset="store_ln0/3 "/>
</bind>
</comp>

<comp id="1748" class="1004" name="store_ln0_store_fu_1748">
<pin_list>
<pin id="1749" dir="0" index="0" bw="8" slack="1"/>
<pin id="1750" dir="0" index="1" bw="8" slack="0"/>
<pin id="1751" dir="1" index="2" bw="0" slack="2147483647"/>
</pin_list>
<bind>
<opcode="store(28) " fcode="store"/>
<opset="store_ln0/3 "/>
</bind>
</comp>

<comp id="1753" class="1004" name="store_ln0_store_fu_1753">
<pin_list>
<pin id="1754" dir="0" index="0" bw="8" slack="1"/>
<pin id="1755" dir="0" index="1" bw="8" slack="0"/>
<pin id="1756" dir="1" index="2" bw="0" slack="2147483647"/>
</pin_list>
<bind>
<opcode="store(28) " fcode="store"/>
<opset="store_ln0/3 "/>
</bind>
</comp>

<comp id="1758" class="1004" name="store_ln0_store_fu_1758">
<pin_list>
<pin id="1759" dir="0" index="0" bw="8" slack="1"/>
<pin id="1760" dir="0" index="1" bw="8" slack="0"/>
<pin id="1761" dir="1" index="2" bw="0" slack="2147483647"/>
</pin_list>
<bind>
<opcode="store(28) " fcode="store"/>
<opset="store_ln0/3 "/>
</bind>
</comp>

<comp id="1763" class="1004" name="store_ln0_store_fu_1763">
<pin_list>
<pin id="1764" dir="0" index="0" bw="8" slack="1"/>
<pin id="1765" dir="0" index="1" bw="8" slack="0"/>
<pin id="1766" dir="1" index="2" bw="0" slack="2147483647"/>
</pin_list>
<bind>
<opcode="store(28) " fcode="store"/>
<opset="store_ln0/3 "/>
</bind>
</comp>

<comp id="1768" class="1004" name="store_ln0_store_fu_1768">
<pin_list>
<pin id="1769" dir="0" index="0" bw="8" slack="1"/>
<pin id="1770" dir="0" index="1" bw="8" slack="0"/>
<pin id="1771" dir="1" index="2" bw="0" slack="2147483647"/>
</pin_list>
<bind>
<opcode="store(28) " fcode="store"/>
<opset="store_ln0/3 "/>
</bind>
</comp>

<comp id="1773" class="1004" name="store_ln0_store_fu_1773">
<pin_list>
<pin id="1774" dir="0" index="0" bw="8" slack="1"/>
<pin id="1775" dir="0" index="1" bw="8" slack="0"/>
<pin id="1776" dir="1" index="2" bw="0" slack="2147483647"/>
</pin_list>
<bind>
<opcode="store(28) " fcode="store"/>
<opset="store_ln0/3 "/>
</bind>
</comp>

<comp id="1778" class="1004" name="store_ln0_store_fu_1778">
<pin_list>
<pin id="1779" dir="0" index="0" bw="8" slack="1"/>
<pin id="1780" dir="0" index="1" bw="8" slack="0"/>
<pin id="1781" dir="1" index="2" bw="0" slack="2147483647"/>
</pin_list>
<bind>
<opcode="store(28) " fcode="store"/>
<opset="store_ln0/3 "/>
</bind>
</comp>

<comp id="1783" class="1004" name="store_ln0_store_fu_1783">
<pin_list>
<pin id="1784" dir="0" index="0" bw="8" slack="1"/>
<pin id="1785" dir="0" index="1" bw="8" slack="0"/>
<pin id="1786" dir="1" index="2" bw="0" slack="2147483647"/>
</pin_list>
<bind>
<opcode="store(28) " fcode="store"/>
<opset="store_ln0/3 "/>
</bind>
</comp>

<comp id="1788" class="1004" name="store_ln0_store_fu_1788">
<pin_list>
<pin id="1789" dir="0" index="0" bw="8" slack="1"/>
<pin id="1790" dir="0" index="1" bw="8" slack="0"/>
<pin id="1791" dir="1" index="2" bw="0" slack="2147483647"/>
</pin_list>
<bind>
<opcode="store(28) " fcode="store"/>
<opset="store_ln0/3 "/>
</bind>
</comp>

<comp id="1793" class="1004" name="store_ln0_store_fu_1793">
<pin_list>
<pin id="1794" dir="0" index="0" bw="8" slack="1"/>
<pin id="1795" dir="0" index="1" bw="8" slack="0"/>
<pin id="1796" dir="1" index="2" bw="0" slack="2147483647"/>
</pin_list>
<bind>
<opcode="store(28) " fcode="store"/>
<opset="store_ln0/3 "/>
</bind>
</comp>

<comp id="1798" class="1004" name="store_ln0_store_fu_1798">
<pin_list>
<pin id="1799" dir="0" index="0" bw="8" slack="1"/>
<pin id="1800" dir="0" index="1" bw="8" slack="0"/>
<pin id="1801" dir="1" index="2" bw="0" slack="2147483647"/>
</pin_list>
<bind>
<opcode="store(28) " fcode="store"/>
<opset="store_ln0/3 "/>
</bind>
</comp>

<comp id="1803" class="1005" name="x_reg_1803">
<pin_list>
<pin id="1804" dir="0" index="0" bw="11" slack="0"/>
<pin id="1805" dir="1" index="1" bw="11" slack="0"/>
</pin_list>
<bind>
<opset="x "/>
</bind>
</comp>

<comp id="1810" class="1005" name="p_0_0_0116617711782_i_reg_1810">
<pin_list>
<pin id="1811" dir="0" index="0" bw="8" slack="0"/>
<pin id="1812" dir="1" index="1" bw="8" slack="0"/>
</pin_list>
<bind>
<opset="p_0_0_0116617711782_i "/>
</bind>
</comp>

<comp id="1817" class="1005" name="p_0_0_0116517731784_i_reg_1817">
<pin_list>
<pin id="1818" dir="0" index="0" bw="8" slack="0"/>
<pin id="1819" dir="1" index="1" bw="8" slack="0"/>
</pin_list>
<bind>
<opset="p_0_0_0116517731784_i "/>
</bind>
</comp>

<comp id="1824" class="1005" name="p_0_0_0116417751786_i_reg_1824">
<pin_list>
<pin id="1825" dir="0" index="0" bw="8" slack="0"/>
<pin id="1826" dir="1" index="1" bw="8" slack="0"/>
</pin_list>
<bind>
<opset="p_0_0_0116417751786_i "/>
</bind>
</comp>

<comp id="1831" class="1005" name="right_reg_1831">
<pin_list>
<pin id="1832" dir="0" index="0" bw="8" slack="0"/>
<pin id="1833" dir="1" index="1" bw="8" slack="0"/>
</pin_list>
<bind>
<opset="right "/>
</bind>
</comp>

<comp id="1839" class="1005" name="right_1_reg_1839">
<pin_list>
<pin id="1840" dir="0" index="0" bw="8" slack="0"/>
<pin id="1841" dir="1" index="1" bw="8" slack="0"/>
</pin_list>
<bind>
<opset="right_1 "/>
</bind>
</comp>

<comp id="1847" class="1005" name="right_2_reg_1847">
<pin_list>
<pin id="1848" dir="0" index="0" bw="8" slack="0"/>
<pin id="1849" dir="1" index="1" bw="8" slack="0"/>
</pin_list>
<bind>
<opset="right_2 "/>
</bind>
</comp>

<comp id="1855" class="1005" name="p_0_0_01179_217651794_i_reg_1855">
<pin_list>
<pin id="1856" dir="0" index="0" bw="8" slack="0"/>
<pin id="1857" dir="1" index="1" bw="8" slack="0"/>
</pin_list>
<bind>
<opset="p_0_0_01179_217651794_i "/>
</bind>
</comp>

<comp id="1862" class="1005" name="p_0_0_01178_217671796_i_reg_1862">
<pin_list>
<pin id="1863" dir="0" index="0" bw="8" slack="0"/>
<pin id="1864" dir="1" index="1" bw="8" slack="0"/>
</pin_list>
<bind>
<opset="p_0_0_01178_217671796_i "/>
</bind>
</comp>

<comp id="1869" class="1005" name="p_0_0_01177_217691798_i_reg_1869">
<pin_list>
<pin id="1870" dir="0" index="0" bw="8" slack="0"/>
<pin id="1871" dir="1" index="1" bw="8" slack="0"/>
</pin_list>
<bind>
<opset="p_0_0_01177_217691798_i "/>
</bind>
</comp>

<comp id="1876" class="1005" name="p_0_0_0_0_011581695_i_reg_1876">
<pin_list>
<pin id="1877" dir="0" index="0" bw="8" slack="0"/>
<pin id="1878" dir="1" index="1" bw="8" slack="0"/>
</pin_list>
<bind>
<opset="p_0_0_0_0_011581695_i "/>
</bind>
</comp>

<comp id="1883" class="1005" name="p_0_1_0_0_011591698_i_reg_1883">
<pin_list>
<pin id="1884" dir="0" index="0" bw="8" slack="0"/>
<pin id="1885" dir="1" index="1" bw="8" slack="0"/>
</pin_list>
<bind>
<opset="p_0_1_0_0_011591698_i "/>
</bind>
</comp>

<comp id="1890" class="1005" name="p_0_2_0_0_011601701_i_reg_1890">
<pin_list>
<pin id="1891" dir="0" index="0" bw="8" slack="0"/>
<pin id="1892" dir="1" index="1" bw="8" slack="0"/>
</pin_list>
<bind>
<opset="p_0_2_0_0_011601701_i "/>
</bind>
</comp>

<comp id="1897" class="1005" name="icmp_ln911_reg_1897">
<pin_list>
<pin id="1898" dir="0" index="0" bw="1" slack="1"/>
<pin id="1899" dir="1" index="1" bw="1" slack="2147483647"/>
</pin_list>
<bind>
<opset="icmp_ln911 "/>
</bind>
</comp>

<comp id="1901" class="1005" name="icmp_ln975_reg_1901">
<pin_list>
<pin id="1902" dir="0" index="0" bw="1" slack="1"/>
<pin id="1903" dir="1" index="1" bw="1" slack="1"/>
</pin_list>
<bind>
<opset="icmp_ln975 "/>
</bind>
</comp>

<comp id="1908" class="1005" name="icmp_ln881_reg_1908">
<pin_list>
<pin id="1909" dir="0" index="0" bw="1" slack="1"/>
<pin id="1910" dir="1" index="1" bw="1" slack="2147483647"/>
</pin_list>
<bind>
<opset="icmp_ln881 "/>
</bind>
</comp>

<comp id="1912" class="1005" name="icmp_ln891_reg_1912">
<pin_list>
<pin id="1913" dir="0" index="0" bw="1" slack="1"/>
<pin id="1914" dir="1" index="1" bw="1" slack="2147483647"/>
</pin_list>
<bind>
<opset="icmp_ln891 "/>
</bind>
</comp>

<comp id="1916" class="1005" name="lineBuffer_addr_reg_1916">
<pin_list>
<pin id="1917" dir="0" index="0" bw="11" slack="1"/>
<pin id="1918" dir="1" index="1" bw="11" slack="1"/>
</pin_list>
<bind>
<opset="lineBuffer_addr "/>
</bind>
</comp>

<comp id="1922" class="1005" name="lineBuffer_2_addr_reg_1922">
<pin_list>
<pin id="1923" dir="0" index="0" bw="11" slack="1"/>
<pin id="1924" dir="1" index="1" bw="11" slack="1"/>
</pin_list>
<bind>
<opset="lineBuffer_2_addr "/>
</bind>
</comp>

<comp id="1928" class="1005" name="icmp_ln957_reg_1928">
<pin_list>
<pin id="1929" dir="0" index="0" bw="1" slack="1"/>
<pin id="1930" dir="1" index="1" bw="1" slack="1"/>
</pin_list>
<bind>
<opset="icmp_ln957 "/>
</bind>
</comp>

<comp id="1944" class="1005" name="icmp_ln1014_reg_1944">
<pin_list>
<pin id="1945" dir="0" index="0" bw="1" slack="2"/>
<pin id="1946" dir="1" index="1" bw="1" slack="3"/>
</pin_list>
<bind>
<opset="icmp_ln1014 "/>
</bind>
</comp>

<comp id="1950" class="1005" name="and_ln1052_reg_1950">
<pin_list>
<pin id="1951" dir="0" index="0" bw="1" slack="3"/>
<pin id="1952" dir="1" index="1" bw="1" slack="2147483647"/>
</pin_list>
<bind>
<opset="and_ln1052 "/>
</bind>
</comp>

<comp id="1954" class="1005" name="p_0_0_0116617711782_i_load_reg_1954">
<pin_list>
<pin id="1955" dir="0" index="0" bw="8" slack="1"/>
<pin id="1956" dir="1" index="1" bw="8" slack="1"/>
</pin_list>
<bind>
<opset="p_0_0_0116617711782_i_load "/>
</bind>
</comp>

<comp id="1960" class="1005" name="p_0_0_0116517731784_i_load_reg_1960">
<pin_list>
<pin id="1961" dir="0" index="0" bw="8" slack="1"/>
<pin id="1962" dir="1" index="1" bw="8" slack="1"/>
</pin_list>
<bind>
<opset="p_0_0_0116517731784_i_load "/>
</bind>
</comp>

<comp id="1966" class="1005" name="p_0_0_0116417751786_i_load_reg_1966">
<pin_list>
<pin id="1967" dir="0" index="0" bw="8" slack="1"/>
<pin id="1968" dir="1" index="1" bw="8" slack="1"/>
</pin_list>
<bind>
<opset="p_0_0_0116417751786_i_load "/>
</bind>
</comp>

<comp id="1972" class="1005" name="right_3_reg_1972">
<pin_list>
<pin id="1973" dir="0" index="0" bw="8" slack="1"/>
<pin id="1974" dir="1" index="1" bw="8" slack="1"/>
</pin_list>
<bind>
<opset="right_3 "/>
</bind>
</comp>

<comp id="1977" class="1005" name="right_4_reg_1977">
<pin_list>
<pin id="1978" dir="0" index="0" bw="8" slack="1"/>
<pin id="1979" dir="1" index="1" bw="8" slack="1"/>
</pin_list>
<bind>
<opset="right_4 "/>
</bind>
</comp>

<comp id="1982" class="1005" name="right_5_reg_1982">
<pin_list>
<pin id="1983" dir="0" index="0" bw="8" slack="1"/>
<pin id="1984" dir="1" index="1" bw="8" slack="1"/>
</pin_list>
<bind>
<opset="right_5 "/>
</bind>
</comp>

<comp id="1987" class="1005" name="p_0_0_01179_217651794_i_load_reg_1987">
<pin_list>
<pin id="1988" dir="0" index="0" bw="8" slack="1"/>
<pin id="1989" dir="1" index="1" bw="8" slack="1"/>
</pin_list>
<bind>
<opset="p_0_0_01179_217651794_i_load "/>
</bind>
</comp>

<comp id="1993" class="1005" name="p_0_0_01178_217671796_i_load_reg_1993">
<pin_list>
<pin id="1994" dir="0" index="0" bw="8" slack="1"/>
<pin id="1995" dir="1" index="1" bw="8" slack="1"/>
</pin_list>
<bind>
<opset="p_0_0_01178_217671796_i_load "/>
</bind>
</comp>

<comp id="1999" class="1005" name="p_0_0_01177_217691798_i_load_reg_1999">
<pin_list>
<pin id="2000" dir="0" index="0" bw="8" slack="1"/>
<pin id="2001" dir="1" index="1" bw="8" slack="1"/>
</pin_list>
<bind>
<opset="p_0_0_01177_217691798_i_load "/>
</bind>
</comp>

<comp id="2005" class="1005" name="p_0_0_0_0_011581695_i_load_reg_2005">
<pin_list>
<pin id="2006" dir="0" index="0" bw="8" slack="1"/>
<pin id="2007" dir="1" index="1" bw="8" slack="1"/>
</pin_list>
<bind>
<opset="p_0_0_0_0_011581695_i_load "/>
</bind>
</comp>

<comp id="2011" class="1005" name="p_0_1_0_0_011591698_i_load_reg_2011">
<pin_list>
<pin id="2012" dir="0" index="0" bw="8" slack="1"/>
<pin id="2013" dir="1" index="1" bw="8" slack="1"/>
</pin_list>
<bind>
<opset="p_0_1_0_0_011591698_i_load "/>
</bind>
</comp>

<comp id="2017" class="1005" name="p_0_2_0_0_011601701_i_load_reg_2017">
<pin_list>
<pin id="2018" dir="0" index="0" bw="8" slack="1"/>
<pin id="2019" dir="1" index="1" bw="8" slack="1"/>
</pin_list>
<bind>
<opset="p_0_2_0_0_011601701_i_load "/>
</bind>
</comp>

<comp id="2023" class="1005" name="select_ln957_3_reg_2023">
<pin_list>
<pin id="2024" dir="0" index="0" bw="8" slack="1"/>
<pin id="2025" dir="1" index="1" bw="8" slack="1"/>
</pin_list>
<bind>
<opset="select_ln957_3 "/>
</bind>
</comp>

<comp id="2028" class="1005" name="select_ln957_4_reg_2028">
<pin_list>
<pin id="2029" dir="0" index="0" bw="8" slack="1"/>
<pin id="2030" dir="1" index="1" bw="8" slack="1"/>
</pin_list>
<bind>
<opset="select_ln957_4 "/>
</bind>
</comp>

<comp id="2033" class="1005" name="select_ln957_5_reg_2033">
<pin_list>
<pin id="2034" dir="0" index="0" bw="8" slack="1"/>
<pin id="2035" dir="1" index="1" bw="8" slack="1"/>
</pin_list>
<bind>
<opset="select_ln957_5 "/>
</bind>
</comp>

<comp id="2038" class="1005" name="select_ln957_6_reg_2038">
<pin_list>
<pin id="2039" dir="0" index="0" bw="8" slack="1"/>
<pin id="2040" dir="1" index="1" bw="8" slack="1"/>
</pin_list>
<bind>
<opset="select_ln957_6 "/>
</bind>
</comp>

<comp id="2043" class="1005" name="select_ln957_7_reg_2043">
<pin_list>
<pin id="2044" dir="0" index="0" bw="8" slack="1"/>
<pin id="2045" dir="1" index="1" bw="8" slack="1"/>
</pin_list>
<bind>
<opset="select_ln957_7 "/>
</bind>
</comp>

<comp id="2048" class="1005" name="select_ln957_8_reg_2048">
<pin_list>
<pin id="2049" dir="0" index="0" bw="8" slack="1"/>
<pin id="2050" dir="1" index="1" bw="8" slack="1"/>
</pin_list>
<bind>
<opset="select_ln957_8 "/>
</bind>
</comp>

<comp id="2053" class="1005" name="select_ln957_9_reg_2053">
<pin_list>
<pin id="2054" dir="0" index="0" bw="8" slack="1"/>
<pin id="2055" dir="1" index="1" bw="8" slack="1"/>
</pin_list>
<bind>
<opset="select_ln957_9 "/>
</bind>
</comp>

<comp id="2058" class="1005" name="select_ln957_10_reg_2058">
<pin_list>
<pin id="2059" dir="0" index="0" bw="8" slack="1"/>
<pin id="2060" dir="1" index="1" bw="8" slack="1"/>
</pin_list>
<bind>
<opset="select_ln957_10 "/>
</bind>
</comp>

<comp id="2063" class="1005" name="select_ln957_11_reg_2063">
<pin_list>
<pin id="2064" dir="0" index="0" bw="8" slack="1"/>
<pin id="2065" dir="1" index="1" bw="8" slack="1"/>
</pin_list>
<bind>
<opset="select_ln957_11 "/>
</bind>
</comp>

<comp id="2068" class="1005" name="r_0_in_i_reg_2068">
<pin_list>
<pin id="2069" dir="0" index="0" bw="10" slack="1"/>
<pin id="2070" dir="1" index="1" bw="10" slack="1"/>
</pin_list>
<bind>
<opset="r_0_in_i "/>
</bind>
</comp>

<comp id="2074" class="1005" name="b_0_in_i_reg_2074">
<pin_list>
<pin id="2075" dir="0" index="0" bw="10" slack="1"/>
<pin id="2076" dir="1" index="1" bw="10" slack="1"/>
</pin_list>
<bind>
<opset="b_0_in_i "/>
</bind>
</comp>

<comp id="2080" class="1005" name="tmp_21_reg_2080">
<pin_list>
<pin id="2081" dir="0" index="0" bw="2" slack="1"/>
<pin id="2082" dir="1" index="1" bw="2" slack="1"/>
</pin_list>
<bind>
<opset="tmp_21 "/>
</bind>
</comp>

<comp id="2085" class="1005" name="tmp_23_reg_2085">
<pin_list>
<pin id="2086" dir="0" index="0" bw="2" slack="1"/>
<pin id="2087" dir="1" index="1" bw="2" slack="1"/>
</pin_list>
<bind>
<opset="tmp_23 "/>
</bind>
</comp>

</comp_list>

<net_list>
<net id="149"><net_src comp="64" pin="0"/><net_sink comp="146" pin=0"/></net>

<net id="153"><net_src comp="64" pin="0"/><net_sink comp="150" pin=0"/></net>

<net id="157"><net_src comp="64" pin="0"/><net_sink comp="154" pin=0"/></net>

<net id="161"><net_src comp="64" pin="0"/><net_sink comp="158" pin=0"/></net>

<net id="165"><net_src comp="64" pin="0"/><net_sink comp="162" pin=0"/></net>

<net id="169"><net_src comp="64" pin="0"/><net_sink comp="166" pin=0"/></net>

<net id="173"><net_src comp="64" pin="0"/><net_sink comp="170" pin=0"/></net>

<net id="177"><net_src comp="64" pin="0"/><net_sink comp="174" pin=0"/></net>

<net id="181"><net_src comp="64" pin="0"/><net_sink comp="178" pin=0"/></net>

<net id="185"><net_src comp="64" pin="0"/><net_sink comp="182" pin=0"/></net>

<net id="189"><net_src comp="64" pin="0"/><net_sink comp="186" pin=0"/></net>

<net id="193"><net_src comp="64" pin="0"/><net_sink comp="190" pin=0"/></net>

<net id="197"><net_src comp="64" pin="0"/><net_sink comp="194" pin=0"/></net>

<net id="201"><net_src comp="84" pin="0"/><net_sink comp="198" pin=0"/></net>

<net id="205"><net_src comp="84" pin="0"/><net_sink comp="202" pin=0"/></net>

<net id="210"><net_src comp="76" pin="0"/><net_sink comp="206" pin=0"/></net>

<net id="211"><net_src comp="34" pin="0"/><net_sink comp="206" pin=1"/></net>

<net id="216"><net_src comp="78" pin="0"/><net_sink comp="212" pin=0"/></net>

<net id="217"><net_src comp="32" pin="0"/><net_sink comp="212" pin=1"/></net>

<net id="222"><net_src comp="80" pin="0"/><net_sink comp="218" pin=0"/></net>

<net id="223"><net_src comp="30" pin="0"/><net_sink comp="218" pin=1"/></net>

<net id="228"><net_src comp="76" pin="0"/><net_sink comp="224" pin=0"/></net>

<net id="229"><net_src comp="28" pin="0"/><net_sink comp="224" pin=1"/></net>

<net id="234"><net_src comp="76" pin="0"/><net_sink comp="230" pin=0"/></net>

<net id="235"><net_src comp="26" pin="0"/><net_sink comp="230" pin=1"/></net>

<net id="240"><net_src comp="76" pin="0"/><net_sink comp="236" pin=0"/></net>

<net id="241"><net_src comp="24" pin="0"/><net_sink comp="236" pin=1"/></net>

<net id="246"><net_src comp="82" pin="0"/><net_sink comp="242" pin=0"/></net>

<net id="247"><net_src comp="22" pin="0"/><net_sink comp="242" pin=1"/></net>

<net id="252"><net_src comp="82" pin="0"/><net_sink comp="248" pin=0"/></net>

<net id="253"><net_src comp="20" pin="0"/><net_sink comp="248" pin=1"/></net>

<net id="258"><net_src comp="82" pin="0"/><net_sink comp="254" pin=0"/></net>

<net id="259"><net_src comp="18" pin="0"/><net_sink comp="254" pin=1"/></net>

<net id="264"><net_src comp="82" pin="0"/><net_sink comp="260" pin=0"/></net>

<net id="265"><net_src comp="16" pin="0"/><net_sink comp="260" pin=1"/></net>

<net id="270"><net_src comp="82" pin="0"/><net_sink comp="266" pin=0"/></net>

<net id="271"><net_src comp="14" pin="0"/><net_sink comp="266" pin=1"/></net>

<net id="276"><net_src comp="82" pin="0"/><net_sink comp="272" pin=0"/></net>

<net id="277"><net_src comp="12" pin="0"/><net_sink comp="272" pin=1"/></net>

<net id="282"><net_src comp="82" pin="0"/><net_sink comp="278" pin=0"/></net>

<net id="283"><net_src comp="10" pin="0"/><net_sink comp="278" pin=1"/></net>

<net id="288"><net_src comp="82" pin="0"/><net_sink comp="284" pin=0"/></net>

<net id="289"><net_src comp="8" pin="0"/><net_sink comp="284" pin=1"/></net>

<net id="294"><net_src comp="82" pin="0"/><net_sink comp="290" pin=0"/></net>

<net id="295"><net_src comp="6" pin="0"/><net_sink comp="290" pin=1"/></net>

<net id="300"><net_src comp="82" pin="0"/><net_sink comp="296" pin=0"/></net>

<net id="301"><net_src comp="4" pin="0"/><net_sink comp="296" pin=1"/></net>

<net id="306"><net_src comp="82" pin="0"/><net_sink comp="302" pin=0"/></net>

<net id="307"><net_src comp="2" pin="0"/><net_sink comp="302" pin=1"/></net>

<net id="312"><net_src comp="82" pin="0"/><net_sink comp="308" pin=0"/></net>

<net id="313"><net_src comp="0" pin="0"/><net_sink comp="308" pin=1"/></net>

<net id="318"><net_src comp="110" pin="0"/><net_sink comp="314" pin=0"/></net>

<net id="319"><net_src comp="36" pin="0"/><net_sink comp="314" pin=1"/></net>

<net id="325"><net_src comp="144" pin="0"/><net_sink comp="320" pin=0"/></net>

<net id="326"><net_src comp="38" pin="0"/><net_sink comp="320" pin=1"/></net>

<net id="332"><net_src comp="202" pin="1"/><net_sink comp="327" pin=0"/></net>

<net id="333"><net_src comp="96" pin="0"/><net_sink comp="327" pin=1"/></net>

<net id="343"><net_src comp="327" pin="3"/><net_sink comp="334" pin=2"/></net>

<net id="349"><net_src comp="198" pin="1"/><net_sink comp="344" pin=0"/></net>

<net id="350"><net_src comp="96" pin="0"/><net_sink comp="344" pin=1"/></net>

<net id="360"><net_src comp="344" pin="3"/><net_sink comp="351" pin=2"/></net>

<net id="361"><net_src comp="314" pin="2"/><net_sink comp="334" pin=1"/></net>

<net id="398"><net_src comp="392" pin="4"/><net_sink comp="389" pin=0"/></net>

<net id="408"><net_src comp="402" pin="4"/><net_sink comp="399" pin=0"/></net>

<net id="418"><net_src comp="412" pin="4"/><net_sink comp="409" pin=0"/></net>

<net id="504"><net_src comp="236" pin="2"/><net_sink comp="500" pin=0"/></net>

<net id="505"><net_src comp="230" pin="2"/><net_sink comp="500" pin=1"/></net>

<net id="510"><net_src comp="236" pin="2"/><net_sink comp="506" pin=0"/></net>

<net id="511"><net_src comp="86" pin="0"/><net_sink comp="506" pin=1"/></net>

<net id="516"><net_src comp="254" pin="2"/><net_sink comp="512" pin=0"/></net>

<net id="521"><net_src comp="248" pin="2"/><net_sink comp="517" pin=0"/></net>

<net id="526"><net_src comp="242" pin="2"/><net_sink comp="522" pin=0"/></net>

<net id="531"><net_src comp="308" pin="2"/><net_sink comp="527" pin=0"/></net>

<net id="536"><net_src comp="302" pin="2"/><net_sink comp="532" pin=0"/></net>

<net id="541"><net_src comp="296" pin="2"/><net_sink comp="537" pin=0"/></net>

<net id="546"><net_src comp="290" pin="2"/><net_sink comp="542" pin=0"/></net>

<net id="551"><net_src comp="284" pin="2"/><net_sink comp="547" pin=0"/></net>

<net id="556"><net_src comp="278" pin="2"/><net_sink comp="552" pin=0"/></net>

<net id="561"><net_src comp="272" pin="2"/><net_sink comp="557" pin=0"/></net>

<net id="566"><net_src comp="266" pin="2"/><net_sink comp="562" pin=0"/></net>

<net id="571"><net_src comp="260" pin="2"/><net_sink comp="567" pin=0"/></net>

<net id="576"><net_src comp="86" pin="0"/><net_sink comp="572" pin=0"/></net>

<net id="584"><net_src comp="577" pin="1"/><net_sink comp="580" pin=0"/></net>

<net id="585"><net_src comp="224" pin="2"/><net_sink comp="580" pin=1"/></net>

<net id="590"><net_src comp="577" pin="1"/><net_sink comp="586" pin=0"/></net>

<net id="591"><net_src comp="88" pin="0"/><net_sink comp="586" pin=1"/></net>

<net id="595"><net_src comp="577" pin="1"/><net_sink comp="592" pin=0"/></net>

<net id="599"><net_src comp="586" pin="2"/><net_sink comp="596" pin=0"/></net>

<net id="600"><net_src comp="596" pin="1"/><net_sink comp="327" pin=2"/></net>

<net id="601"><net_src comp="596" pin="1"/><net_sink comp="344" pin=2"/></net>

<net id="606"><net_src comp="577" pin="1"/><net_sink comp="602" pin=0"/></net>

<net id="607"><net_src comp="206" pin="2"/><net_sink comp="602" pin=1"/></net>

<net id="612"><net_src comp="577" pin="1"/><net_sink comp="608" pin=0"/></net>

<net id="613"><net_src comp="86" pin="0"/><net_sink comp="608" pin=1"/></net>

<net id="618"><net_src comp="218" pin="2"/><net_sink comp="614" pin=0"/></net>

<net id="619"><net_src comp="592" pin="1"/><net_sink comp="614" pin=1"/></net>

<net id="624"><net_src comp="614" pin="2"/><net_sink comp="620" pin=0"/></net>

<net id="625"><net_src comp="98" pin="0"/><net_sink comp="620" pin=1"/></net>

<net id="629"><net_src comp="620" pin="2"/><net_sink comp="626" pin=0"/></net>

<net id="634"><net_src comp="212" pin="2"/><net_sink comp="630" pin=0"/></net>

<net id="635"><net_src comp="626" pin="1"/><net_sink comp="630" pin=1"/></net>

<net id="640"><net_src comp="577" pin="1"/><net_sink comp="636" pin=0"/></net>

<net id="641"><net_src comp="86" pin="0"/><net_sink comp="636" pin=1"/></net>

<net id="646"><net_src comp="506" pin="2"/><net_sink comp="642" pin=0"/></net>

<net id="647"><net_src comp="636" pin="2"/><net_sink comp="642" pin=1"/></net>

<net id="652"><net_src comp="586" pin="2"/><net_sink comp="648" pin=0"/></net>

<net id="665"><net_src comp="662" pin="1"/><net_sink comp="412" pin=2"/></net>

<net id="669"><net_src comp="666" pin="1"/><net_sink comp="402" pin=2"/></net>

<net id="673"><net_src comp="670" pin="1"/><net_sink comp="392" pin=2"/></net>

<net id="695"><net_src comp="334" pin="7"/><net_sink comp="692" pin=0"/></net>

<net id="696"><net_src comp="692" pin="1"/><net_sink comp="383" pin=2"/></net>

<net id="702"><net_src comp="104" pin="0"/><net_sink comp="697" pin=0"/></net>

<net id="703"><net_src comp="334" pin="7"/><net_sink comp="697" pin=1"/></net>

<net id="704"><net_src comp="106" pin="0"/><net_sink comp="697" pin=2"/></net>

<net id="705"><net_src comp="697" pin="3"/><net_sink comp="374" pin=2"/></net>

<net id="711"><net_src comp="104" pin="0"/><net_sink comp="706" pin=0"/></net>

<net id="712"><net_src comp="334" pin="7"/><net_sink comp="706" pin=1"/></net>

<net id="713"><net_src comp="108" pin="0"/><net_sink comp="706" pin=2"/></net>

<net id="714"><net_src comp="706" pin="3"/><net_sink comp="365" pin=2"/></net>

<net id="718"><net_src comp="351" pin="7"/><net_sink comp="715" pin=0"/></net>

<net id="724"><net_src comp="104" pin="0"/><net_sink comp="719" pin=0"/></net>

<net id="725"><net_src comp="351" pin="7"/><net_sink comp="719" pin=1"/></net>

<net id="726"><net_src comp="106" pin="0"/><net_sink comp="719" pin=2"/></net>

<net id="732"><net_src comp="104" pin="0"/><net_sink comp="727" pin=0"/></net>

<net id="733"><net_src comp="351" pin="7"/><net_sink comp="727" pin=1"/></net>

<net id="734"><net_src comp="108" pin="0"/><net_sink comp="727" pin=2"/></net>

<net id="738"><net_src comp="314" pin="2"/><net_sink comp="735" pin=0"/></net>

<net id="739"><net_src comp="735" pin="1"/><net_sink comp="383" pin=0"/></net>

<net id="746"><net_src comp="112" pin="0"/><net_sink comp="740" pin=0"/></net>

<net id="747"><net_src comp="314" pin="2"/><net_sink comp="740" pin=1"/></net>

<net id="748"><net_src comp="106" pin="0"/><net_sink comp="740" pin=2"/></net>

<net id="749"><net_src comp="114" pin="0"/><net_sink comp="740" pin=3"/></net>

<net id="750"><net_src comp="740" pin="4"/><net_sink comp="374" pin=0"/></net>

<net id="757"><net_src comp="112" pin="0"/><net_sink comp="751" pin=0"/></net>

<net id="758"><net_src comp="314" pin="2"/><net_sink comp="751" pin=1"/></net>

<net id="759"><net_src comp="108" pin="0"/><net_sink comp="751" pin=2"/></net>

<net id="760"><net_src comp="116" pin="0"/><net_sink comp="751" pin=3"/></net>

<net id="761"><net_src comp="751" pin="4"/><net_sink comp="365" pin=0"/></net>

<net id="767"><net_src comp="692" pin="1"/><net_sink comp="762" pin=1"/></net>

<net id="768"><net_src comp="662" pin="1"/><net_sink comp="762" pin=2"/></net>

<net id="769"><net_src comp="762" pin="3"/><net_sink comp="412" pin=0"/></net>

<net id="775"><net_src comp="697" pin="3"/><net_sink comp="770" pin=1"/></net>

<net id="776"><net_src comp="666" pin="1"/><net_sink comp="770" pin=2"/></net>

<net id="777"><net_src comp="770" pin="3"/><net_sink comp="402" pin=0"/></net>

<net id="783"><net_src comp="706" pin="3"/><net_sink comp="778" pin=1"/></net>

<net id="784"><net_src comp="670" pin="1"/><net_sink comp="778" pin=2"/></net>

<net id="785"><net_src comp="778" pin="3"/><net_sink comp="392" pin=0"/></net>

<net id="791"><net_src comp="692" pin="1"/><net_sink comp="786" pin=1"/></net>

<net id="792"><net_src comp="683" pin="1"/><net_sink comp="786" pin=2"/></net>

<net id="798"><net_src comp="697" pin="3"/><net_sink comp="793" pin=1"/></net>

<net id="799"><net_src comp="686" pin="1"/><net_sink comp="793" pin=2"/></net>

<net id="805"><net_src comp="706" pin="3"/><net_sink comp="800" pin=1"/></net>

<net id="806"><net_src comp="689" pin="1"/><net_sink comp="800" pin=2"/></net>

<net id="812"><net_src comp="727" pin="3"/><net_sink comp="807" pin=1"/></net>

<net id="813"><net_src comp="659" pin="1"/><net_sink comp="807" pin=2"/></net>

<net id="819"><net_src comp="719" pin="3"/><net_sink comp="814" pin=1"/></net>

<net id="820"><net_src comp="656" pin="1"/><net_sink comp="814" pin=2"/></net>

<net id="826"><net_src comp="715" pin="1"/><net_sink comp="821" pin=1"/></net>

<net id="827"><net_src comp="653" pin="1"/><net_sink comp="821" pin=2"/></net>

<net id="833"><net_src comp="365" pin="4"/><net_sink comp="828" pin=1"/></net>

<net id="834"><net_src comp="680" pin="1"/><net_sink comp="828" pin=2"/></net>

<net id="840"><net_src comp="374" pin="4"/><net_sink comp="835" pin=1"/></net>

<net id="841"><net_src comp="677" pin="1"/><net_sink comp="835" pin=2"/></net>

<net id="847"><net_src comp="383" pin="4"/><net_sink comp="842" pin=1"/></net>

<net id="848"><net_src comp="674" pin="1"/><net_sink comp="842" pin=2"/></net>

<net id="854"><net_src comp="692" pin="1"/><net_sink comp="849" pin=1"/></net>

<net id="855"><net_src comp="383" pin="4"/><net_sink comp="849" pin=2"/></net>

<net id="861"><net_src comp="697" pin="3"/><net_sink comp="856" pin=1"/></net>

<net id="862"><net_src comp="374" pin="4"/><net_sink comp="856" pin=2"/></net>

<net id="868"><net_src comp="706" pin="3"/><net_sink comp="863" pin=1"/></net>

<net id="869"><net_src comp="365" pin="4"/><net_sink comp="863" pin=2"/></net>

<net id="876"><net_src comp="118" pin="0"/><net_sink comp="870" pin=0"/></net>

<net id="877"><net_src comp="863" pin="3"/><net_sink comp="870" pin=1"/></net>

<net id="878"><net_src comp="856" pin="3"/><net_sink comp="870" pin=2"/></net>

<net id="879"><net_src comp="849" pin="3"/><net_sink comp="870" pin=3"/></net>

<net id="880"><net_src comp="870" pin="4"/><net_sink comp="351" pin=1"/></net>

<net id="885"><net_src comp="365" pin="4"/><net_sink comp="881" pin=0"/></net>

<net id="890"><net_src comp="374" pin="4"/><net_sink comp="886" pin=0"/></net>

<net id="895"><net_src comp="383" pin="4"/><net_sink comp="891" pin=0"/></net>

<net id="900"><net_src comp="706" pin="3"/><net_sink comp="896" pin=0"/></net>

<net id="905"><net_src comp="697" pin="3"/><net_sink comp="901" pin=0"/></net>

<net id="910"><net_src comp="692" pin="1"/><net_sink comp="906" pin=0"/></net>

<net id="915"><net_src comp="727" pin="3"/><net_sink comp="911" pin=0"/></net>

<net id="920"><net_src comp="719" pin="3"/><net_sink comp="916" pin=0"/></net>

<net id="925"><net_src comp="715" pin="1"/><net_sink comp="921" pin=0"/></net>

<net id="930"><net_src comp="392" pin="4"/><net_sink comp="926" pin=0"/></net>

<net id="935"><net_src comp="402" pin="4"/><net_sink comp="931" pin=0"/></net>

<net id="940"><net_src comp="412" pin="4"/><net_sink comp="936" pin=0"/></net>

<net id="953"><net_src comp="467" pin="4"/><net_sink comp="950" pin=0"/></net>

<net id="957"><net_src comp="941" pin="1"/><net_sink comp="954" pin=0"/></net>

<net id="962"><net_src comp="950" pin="1"/><net_sink comp="958" pin=0"/></net>

<net id="963"><net_src comp="954" pin="1"/><net_sink comp="958" pin=1"/></net>

<net id="967"><net_src comp="958" pin="2"/><net_sink comp="964" pin=0"/></net>

<net id="973"><net_src comp="120" pin="0"/><net_sink comp="968" pin=0"/></net>

<net id="974"><net_src comp="958" pin="2"/><net_sink comp="968" pin=1"/></net>

<net id="975"><net_src comp="106" pin="0"/><net_sink comp="968" pin=2"/></net>

<net id="980"><net_src comp="122" pin="0"/><net_sink comp="976" pin=0"/></net>

<net id="981"><net_src comp="964" pin="1"/><net_sink comp="976" pin=1"/></net>

<net id="987"><net_src comp="968" pin="3"/><net_sink comp="982" pin=0"/></net>

<net id="988"><net_src comp="976" pin="2"/><net_sink comp="982" pin=1"/></net>

<net id="989"><net_src comp="964" pin="1"/><net_sink comp="982" pin=2"/></net>

<net id="993"><net_src comp="494" pin="4"/><net_sink comp="990" pin=0"/></net>

<net id="997"><net_src comp="440" pin="4"/><net_sink comp="994" pin=0"/></net>

<net id="1002"><net_src comp="990" pin="1"/><net_sink comp="998" pin=0"/></net>

<net id="1003"><net_src comp="994" pin="1"/><net_sink comp="998" pin=1"/></net>

<net id="1007"><net_src comp="998" pin="2"/><net_sink comp="1004" pin=0"/></net>

<net id="1013"><net_src comp="120" pin="0"/><net_sink comp="1008" pin=0"/></net>

<net id="1014"><net_src comp="998" pin="2"/><net_sink comp="1008" pin=1"/></net>

<net id="1015"><net_src comp="106" pin="0"/><net_sink comp="1008" pin=2"/></net>

<net id="1020"><net_src comp="122" pin="0"/><net_sink comp="1016" pin=0"/></net>

<net id="1021"><net_src comp="1004" pin="1"/><net_sink comp="1016" pin=1"/></net>

<net id="1027"><net_src comp="1008" pin="3"/><net_sink comp="1022" pin=0"/></net>

<net id="1028"><net_src comp="1016" pin="2"/><net_sink comp="1022" pin=1"/></net>

<net id="1029"><net_src comp="1004" pin="1"/><net_sink comp="1022" pin=2"/></net>

<net id="1033"><net_src comp="458" pin="4"/><net_sink comp="1030" pin=0"/></net>

<net id="1037"><net_src comp="944" pin="1"/><net_sink comp="1034" pin=0"/></net>

<net id="1042"><net_src comp="1030" pin="1"/><net_sink comp="1038" pin=0"/></net>

<net id="1043"><net_src comp="1034" pin="1"/><net_sink comp="1038" pin=1"/></net>

<net id="1047"><net_src comp="1038" pin="2"/><net_sink comp="1044" pin=0"/></net>

<net id="1053"><net_src comp="120" pin="0"/><net_sink comp="1048" pin=0"/></net>

<net id="1054"><net_src comp="1038" pin="2"/><net_sink comp="1048" pin=1"/></net>

<net id="1055"><net_src comp="106" pin="0"/><net_sink comp="1048" pin=2"/></net>

<net id="1060"><net_src comp="122" pin="0"/><net_sink comp="1056" pin=0"/></net>

<net id="1061"><net_src comp="1044" pin="1"/><net_sink comp="1056" pin=1"/></net>

<net id="1067"><net_src comp="1048" pin="3"/><net_sink comp="1062" pin=0"/></net>

<net id="1068"><net_src comp="1056" pin="2"/><net_sink comp="1062" pin=1"/></net>

<net id="1069"><net_src comp="1044" pin="1"/><net_sink comp="1062" pin=2"/></net>

<net id="1073"><net_src comp="485" pin="4"/><net_sink comp="1070" pin=0"/></net>

<net id="1077"><net_src comp="431" pin="4"/><net_sink comp="1074" pin=0"/></net>

<net id="1082"><net_src comp="1070" pin="1"/><net_sink comp="1078" pin=0"/></net>

<net id="1083"><net_src comp="1074" pin="1"/><net_sink comp="1078" pin=1"/></net>

<net id="1087"><net_src comp="1078" pin="2"/><net_sink comp="1084" pin=0"/></net>

<net id="1093"><net_src comp="120" pin="0"/><net_sink comp="1088" pin=0"/></net>

<net id="1094"><net_src comp="1078" pin="2"/><net_sink comp="1088" pin=1"/></net>

<net id="1095"><net_src comp="106" pin="0"/><net_sink comp="1088" pin=2"/></net>

<net id="1100"><net_src comp="122" pin="0"/><net_sink comp="1096" pin=0"/></net>

<net id="1101"><net_src comp="1084" pin="1"/><net_sink comp="1096" pin=1"/></net>

<net id="1107"><net_src comp="1088" pin="3"/><net_sink comp="1102" pin=0"/></net>

<net id="1108"><net_src comp="1096" pin="2"/><net_sink comp="1102" pin=1"/></net>

<net id="1109"><net_src comp="1084" pin="1"/><net_sink comp="1102" pin=2"/></net>

<net id="1113"><net_src comp="449" pin="4"/><net_sink comp="1110" pin=0"/></net>

<net id="1117"><net_src comp="947" pin="1"/><net_sink comp="1114" pin=0"/></net>

<net id="1122"><net_src comp="1110" pin="1"/><net_sink comp="1118" pin=0"/></net>

<net id="1123"><net_src comp="1114" pin="1"/><net_sink comp="1118" pin=1"/></net>

<net id="1127"><net_src comp="1118" pin="2"/><net_sink comp="1124" pin=0"/></net>

<net id="1133"><net_src comp="120" pin="0"/><net_sink comp="1128" pin=0"/></net>

<net id="1134"><net_src comp="1118" pin="2"/><net_sink comp="1128" pin=1"/></net>

<net id="1135"><net_src comp="106" pin="0"/><net_sink comp="1128" pin=2"/></net>

<net id="1140"><net_src comp="122" pin="0"/><net_sink comp="1136" pin=0"/></net>

<net id="1141"><net_src comp="1124" pin="1"/><net_sink comp="1136" pin=1"/></net>

<net id="1147"><net_src comp="1128" pin="3"/><net_sink comp="1142" pin=0"/></net>

<net id="1148"><net_src comp="1136" pin="2"/><net_sink comp="1142" pin=1"/></net>

<net id="1149"><net_src comp="1124" pin="1"/><net_sink comp="1142" pin=2"/></net>

<net id="1153"><net_src comp="476" pin="4"/><net_sink comp="1150" pin=0"/></net>

<net id="1157"><net_src comp="422" pin="4"/><net_sink comp="1154" pin=0"/></net>

<net id="1162"><net_src comp="1150" pin="1"/><net_sink comp="1158" pin=0"/></net>

<net id="1163"><net_src comp="1154" pin="1"/><net_sink comp="1158" pin=1"/></net>

<net id="1167"><net_src comp="1158" pin="2"/><net_sink comp="1164" pin=0"/></net>

<net id="1173"><net_src comp="120" pin="0"/><net_sink comp="1168" pin=0"/></net>

<net id="1174"><net_src comp="1158" pin="2"/><net_sink comp="1168" pin=1"/></net>

<net id="1175"><net_src comp="106" pin="0"/><net_sink comp="1168" pin=2"/></net>

<net id="1180"><net_src comp="122" pin="0"/><net_sink comp="1176" pin=0"/></net>

<net id="1181"><net_src comp="1164" pin="1"/><net_sink comp="1176" pin=1"/></net>

<net id="1187"><net_src comp="1168" pin="3"/><net_sink comp="1182" pin=0"/></net>

<net id="1188"><net_src comp="1176" pin="2"/><net_sink comp="1182" pin=1"/></net>

<net id="1189"><net_src comp="1164" pin="1"/><net_sink comp="1182" pin=2"/></net>

<net id="1193"><net_src comp="982" pin="3"/><net_sink comp="1190" pin=0"/></net>

<net id="1197"><net_src comp="1062" pin="3"/><net_sink comp="1194" pin=0"/></net>

<net id="1202"><net_src comp="1190" pin="1"/><net_sink comp="1198" pin=0"/></net>

<net id="1203"><net_src comp="1194" pin="1"/><net_sink comp="1198" pin=1"/></net>

<net id="1207"><net_src comp="1198" pin="2"/><net_sink comp="1204" pin=0"/></net>

<net id="1211"><net_src comp="1142" pin="3"/><net_sink comp="1208" pin=0"/></net>

<net id="1216"><net_src comp="1204" pin="1"/><net_sink comp="1212" pin=0"/></net>

<net id="1217"><net_src comp="1208" pin="1"/><net_sink comp="1212" pin=1"/></net>

<net id="1221"><net_src comp="1022" pin="3"/><net_sink comp="1218" pin=0"/></net>

<net id="1225"><net_src comp="1102" pin="3"/><net_sink comp="1222" pin=0"/></net>

<net id="1230"><net_src comp="1218" pin="1"/><net_sink comp="1226" pin=0"/></net>

<net id="1231"><net_src comp="1222" pin="1"/><net_sink comp="1226" pin=1"/></net>

<net id="1235"><net_src comp="1226" pin="2"/><net_sink comp="1232" pin=0"/></net>

<net id="1239"><net_src comp="1182" pin="3"/><net_sink comp="1236" pin=0"/></net>

<net id="1244"><net_src comp="1232" pin="1"/><net_sink comp="1240" pin=0"/></net>

<net id="1245"><net_src comp="1236" pin="1"/><net_sink comp="1240" pin=1"/></net>

<net id="1250"><net_src comp="1212" pin="2"/><net_sink comp="1246" pin=0"/></net>

<net id="1251"><net_src comp="1240" pin="2"/><net_sink comp="1246" pin=1"/></net>

<net id="1256"><net_src comp="1030" pin="1"/><net_sink comp="1252" pin=0"/></net>

<net id="1257"><net_src comp="950" pin="1"/><net_sink comp="1252" pin=1"/></net>

<net id="1262"><net_src comp="1034" pin="1"/><net_sink comp="1258" pin=0"/></net>

<net id="1263"><net_src comp="954" pin="1"/><net_sink comp="1258" pin=1"/></net>

<net id="1267"><net_src comp="1252" pin="2"/><net_sink comp="1264" pin=0"/></net>

<net id="1271"><net_src comp="1258" pin="2"/><net_sink comp="1268" pin=0"/></net>

<net id="1276"><net_src comp="1264" pin="1"/><net_sink comp="1272" pin=0"/></net>

<net id="1277"><net_src comp="1268" pin="1"/><net_sink comp="1272" pin=1"/></net>

<net id="1281"><net_src comp="1272" pin="2"/><net_sink comp="1278" pin=0"/></net>

<net id="1287"><net_src comp="124" pin="0"/><net_sink comp="1282" pin=0"/></net>

<net id="1288"><net_src comp="1272" pin="2"/><net_sink comp="1282" pin=1"/></net>

<net id="1289"><net_src comp="126" pin="0"/><net_sink comp="1282" pin=2"/></net>

<net id="1294"><net_src comp="86" pin="0"/><net_sink comp="1290" pin=0"/></net>

<net id="1295"><net_src comp="1278" pin="1"/><net_sink comp="1290" pin=1"/></net>

<net id="1302"><net_src comp="128" pin="0"/><net_sink comp="1296" pin=0"/></net>

<net id="1303"><net_src comp="1290" pin="2"/><net_sink comp="1296" pin=1"/></net>

<net id="1304"><net_src comp="64" pin="0"/><net_sink comp="1296" pin=2"/></net>

<net id="1305"><net_src comp="126" pin="0"/><net_sink comp="1296" pin=3"/></net>

<net id="1310"><net_src comp="130" pin="0"/><net_sink comp="1306" pin=0"/></net>

<net id="1311"><net_src comp="1296" pin="4"/><net_sink comp="1306" pin=1"/></net>

<net id="1318"><net_src comp="132" pin="0"/><net_sink comp="1312" pin=0"/></net>

<net id="1319"><net_src comp="1272" pin="2"/><net_sink comp="1312" pin=1"/></net>

<net id="1320"><net_src comp="64" pin="0"/><net_sink comp="1312" pin=2"/></net>

<net id="1321"><net_src comp="126" pin="0"/><net_sink comp="1312" pin=3"/></net>

<net id="1327"><net_src comp="1282" pin="3"/><net_sink comp="1322" pin=0"/></net>

<net id="1328"><net_src comp="1306" pin="2"/><net_sink comp="1322" pin=1"/></net>

<net id="1329"><net_src comp="1312" pin="4"/><net_sink comp="1322" pin=2"/></net>

<net id="1333"><net_src comp="399" pin="1"/><net_sink comp="1330" pin=0"/></net>

<net id="1338"><net_src comp="1030" pin="1"/><net_sink comp="1334" pin=0"/></net>

<net id="1339"><net_src comp="1110" pin="1"/><net_sink comp="1334" pin=1"/></net>

<net id="1344"><net_src comp="1034" pin="1"/><net_sink comp="1340" pin=0"/></net>

<net id="1345"><net_src comp="1114" pin="1"/><net_sink comp="1340" pin=1"/></net>

<net id="1349"><net_src comp="1334" pin="2"/><net_sink comp="1346" pin=0"/></net>

<net id="1353"><net_src comp="1340" pin="2"/><net_sink comp="1350" pin=0"/></net>

<net id="1358"><net_src comp="1346" pin="1"/><net_sink comp="1354" pin=0"/></net>

<net id="1359"><net_src comp="1350" pin="1"/><net_sink comp="1354" pin=1"/></net>

<net id="1363"><net_src comp="1354" pin="2"/><net_sink comp="1360" pin=0"/></net>

<net id="1369"><net_src comp="124" pin="0"/><net_sink comp="1364" pin=0"/></net>

<net id="1370"><net_src comp="1354" pin="2"/><net_sink comp="1364" pin=1"/></net>

<net id="1371"><net_src comp="126" pin="0"/><net_sink comp="1364" pin=2"/></net>

<net id="1376"><net_src comp="86" pin="0"/><net_sink comp="1372" pin=0"/></net>

<net id="1377"><net_src comp="1360" pin="1"/><net_sink comp="1372" pin=1"/></net>

<net id="1384"><net_src comp="128" pin="0"/><net_sink comp="1378" pin=0"/></net>

<net id="1385"><net_src comp="1372" pin="2"/><net_sink comp="1378" pin=1"/></net>

<net id="1386"><net_src comp="64" pin="0"/><net_sink comp="1378" pin=2"/></net>

<net id="1387"><net_src comp="126" pin="0"/><net_sink comp="1378" pin=3"/></net>

<net id="1392"><net_src comp="130" pin="0"/><net_sink comp="1388" pin=0"/></net>

<net id="1393"><net_src comp="1378" pin="4"/><net_sink comp="1388" pin=1"/></net>

<net id="1400"><net_src comp="132" pin="0"/><net_sink comp="1394" pin=0"/></net>

<net id="1401"><net_src comp="1354" pin="2"/><net_sink comp="1394" pin=1"/></net>

<net id="1402"><net_src comp="64" pin="0"/><net_sink comp="1394" pin=2"/></net>

<net id="1403"><net_src comp="126" pin="0"/><net_sink comp="1394" pin=3"/></net>

<net id="1409"><net_src comp="1364" pin="3"/><net_sink comp="1404" pin=0"/></net>

<net id="1410"><net_src comp="1388" pin="2"/><net_sink comp="1404" pin=1"/></net>

<net id="1411"><net_src comp="1394" pin="4"/><net_sink comp="1404" pin=2"/></net>

<net id="1416"><net_src comp="1070" pin="1"/><net_sink comp="1412" pin=0"/></net>

<net id="1417"><net_src comp="990" pin="1"/><net_sink comp="1412" pin=1"/></net>

<net id="1422"><net_src comp="1074" pin="1"/><net_sink comp="1418" pin=0"/></net>

<net id="1423"><net_src comp="994" pin="1"/><net_sink comp="1418" pin=1"/></net>

<net id="1427"><net_src comp="1412" pin="2"/><net_sink comp="1424" pin=0"/></net>

<net id="1431"><net_src comp="1418" pin="2"/><net_sink comp="1428" pin=0"/></net>

<net id="1436"><net_src comp="1424" pin="1"/><net_sink comp="1432" pin=0"/></net>

<net id="1437"><net_src comp="1428" pin="1"/><net_sink comp="1432" pin=1"/></net>

<net id="1441"><net_src comp="1432" pin="2"/><net_sink comp="1438" pin=0"/></net>

<net id="1447"><net_src comp="124" pin="0"/><net_sink comp="1442" pin=0"/></net>

<net id="1448"><net_src comp="1432" pin="2"/><net_sink comp="1442" pin=1"/></net>

<net id="1449"><net_src comp="126" pin="0"/><net_sink comp="1442" pin=2"/></net>

<net id="1454"><net_src comp="86" pin="0"/><net_sink comp="1450" pin=0"/></net>

<net id="1455"><net_src comp="1438" pin="1"/><net_sink comp="1450" pin=1"/></net>

<net id="1462"><net_src comp="128" pin="0"/><net_sink comp="1456" pin=0"/></net>

<net id="1463"><net_src comp="1450" pin="2"/><net_sink comp="1456" pin=1"/></net>

<net id="1464"><net_src comp="64" pin="0"/><net_sink comp="1456" pin=2"/></net>

<net id="1465"><net_src comp="126" pin="0"/><net_sink comp="1456" pin=3"/></net>

<net id="1470"><net_src comp="130" pin="0"/><net_sink comp="1466" pin=0"/></net>

<net id="1471"><net_src comp="1456" pin="4"/><net_sink comp="1466" pin=1"/></net>

<net id="1478"><net_src comp="132" pin="0"/><net_sink comp="1472" pin=0"/></net>

<net id="1479"><net_src comp="1432" pin="2"/><net_sink comp="1472" pin=1"/></net>

<net id="1480"><net_src comp="64" pin="0"/><net_sink comp="1472" pin=2"/></net>

<net id="1481"><net_src comp="126" pin="0"/><net_sink comp="1472" pin=3"/></net>

<net id="1487"><net_src comp="1442" pin="3"/><net_sink comp="1482" pin=0"/></net>

<net id="1488"><net_src comp="1466" pin="2"/><net_sink comp="1482" pin=1"/></net>

<net id="1489"><net_src comp="1472" pin="4"/><net_sink comp="1482" pin=2"/></net>

<net id="1494"><net_src comp="1070" pin="1"/><net_sink comp="1490" pin=0"/></net>

<net id="1495"><net_src comp="1150" pin="1"/><net_sink comp="1490" pin=1"/></net>

<net id="1500"><net_src comp="1074" pin="1"/><net_sink comp="1496" pin=0"/></net>

<net id="1501"><net_src comp="1154" pin="1"/><net_sink comp="1496" pin=1"/></net>

<net id="1505"><net_src comp="1490" pin="2"/><net_sink comp="1502" pin=0"/></net>

<net id="1509"><net_src comp="1496" pin="2"/><net_sink comp="1506" pin=0"/></net>

<net id="1514"><net_src comp="1502" pin="1"/><net_sink comp="1510" pin=0"/></net>

<net id="1515"><net_src comp="1506" pin="1"/><net_sink comp="1510" pin=1"/></net>

<net id="1519"><net_src comp="1510" pin="2"/><net_sink comp="1516" pin=0"/></net>

<net id="1525"><net_src comp="124" pin="0"/><net_sink comp="1520" pin=0"/></net>

<net id="1526"><net_src comp="1510" pin="2"/><net_sink comp="1520" pin=1"/></net>

<net id="1527"><net_src comp="126" pin="0"/><net_sink comp="1520" pin=2"/></net>

<net id="1532"><net_src comp="86" pin="0"/><net_sink comp="1528" pin=0"/></net>

<net id="1533"><net_src comp="1516" pin="1"/><net_sink comp="1528" pin=1"/></net>

<net id="1540"><net_src comp="128" pin="0"/><net_sink comp="1534" pin=0"/></net>

<net id="1541"><net_src comp="1528" pin="2"/><net_sink comp="1534" pin=1"/></net>

<net id="1542"><net_src comp="64" pin="0"/><net_sink comp="1534" pin=2"/></net>

<net id="1543"><net_src comp="126" pin="0"/><net_sink comp="1534" pin=3"/></net>

<net id="1548"><net_src comp="130" pin="0"/><net_sink comp="1544" pin=0"/></net>

<net id="1549"><net_src comp="1534" pin="4"/><net_sink comp="1544" pin=1"/></net>

<net id="1556"><net_src comp="132" pin="0"/><net_sink comp="1550" pin=0"/></net>

<net id="1557"><net_src comp="1510" pin="2"/><net_sink comp="1550" pin=1"/></net>

<net id="1558"><net_src comp="64" pin="0"/><net_sink comp="1550" pin=2"/></net>

<net id="1559"><net_src comp="126" pin="0"/><net_sink comp="1550" pin=3"/></net>

<net id="1565"><net_src comp="1520" pin="3"/><net_sink comp="1560" pin=0"/></net>

<net id="1566"><net_src comp="1544" pin="2"/><net_sink comp="1560" pin=1"/></net>

<net id="1567"><net_src comp="1550" pin="4"/><net_sink comp="1560" pin=2"/></net>

<net id="1573"><net_src comp="1246" pin="2"/><net_sink comp="1568" pin=0"/></net>

<net id="1574"><net_src comp="1322" pin="3"/><net_sink comp="1568" pin=1"/></net>

<net id="1575"><net_src comp="1482" pin="3"/><net_sink comp="1568" pin=2"/></net>

<net id="1579"><net_src comp="1568" pin="3"/><net_sink comp="1576" pin=0"/></net>

<net id="1584"><net_src comp="1330" pin="1"/><net_sink comp="1580" pin=0"/></net>

<net id="1585"><net_src comp="1576" pin="1"/><net_sink comp="1580" pin=1"/></net>

<net id="1591"><net_src comp="1246" pin="2"/><net_sink comp="1586" pin=0"/></net>

<net id="1592"><net_src comp="1404" pin="3"/><net_sink comp="1586" pin=1"/></net>

<net id="1593"><net_src comp="1560" pin="3"/><net_sink comp="1586" pin=2"/></net>

<net id="1597"><net_src comp="1586" pin="3"/><net_sink comp="1594" pin=0"/></net>

<net id="1602"><net_src comp="1330" pin="1"/><net_sink comp="1598" pin=0"/></net>

<net id="1603"><net_src comp="1594" pin="1"/><net_sink comp="1598" pin=1"/></net>

<net id="1610"><net_src comp="134" pin="0"/><net_sink comp="1604" pin=0"/></net>

<net id="1611"><net_src comp="1580" pin="2"/><net_sink comp="1604" pin=1"/></net>

<net id="1612"><net_src comp="106" pin="0"/><net_sink comp="1604" pin=2"/></net>

<net id="1613"><net_src comp="126" pin="0"/><net_sink comp="1604" pin=3"/></net>

<net id="1620"><net_src comp="134" pin="0"/><net_sink comp="1614" pin=0"/></net>

<net id="1621"><net_src comp="1598" pin="2"/><net_sink comp="1614" pin=1"/></net>

<net id="1622"><net_src comp="106" pin="0"/><net_sink comp="1614" pin=2"/></net>

<net id="1623"><net_src comp="126" pin="0"/><net_sink comp="1614" pin=3"/></net>

<net id="1641"><net_src comp="136" pin="0"/><net_sink comp="1636" pin=0"/></net>

<net id="1642"><net_src comp="1624" pin="1"/><net_sink comp="1636" pin=1"/></net>

<net id="1643"><net_src comp="138" pin="0"/><net_sink comp="1636" pin=2"/></net>

<net id="1648"><net_src comp="140" pin="0"/><net_sink comp="1644" pin=1"/></net>

<net id="1653"><net_src comp="1636" pin="3"/><net_sink comp="1649" pin=0"/></net>

<net id="1654"><net_src comp="98" pin="0"/><net_sink comp="1649" pin=1"/></net>

<net id="1660"><net_src comp="1649" pin="2"/><net_sink comp="1655" pin=0"/></net>

<net id="1661"><net_src comp="142" pin="0"/><net_sink comp="1655" pin=1"/></net>

<net id="1662"><net_src comp="122" pin="0"/><net_sink comp="1655" pin=2"/></net>

<net id="1667"><net_src comp="1636" pin="3"/><net_sink comp="1663" pin=0"/></net>

<net id="1668"><net_src comp="1644" pin="2"/><net_sink comp="1663" pin=1"/></net>

<net id="1674"><net_src comp="1663" pin="2"/><net_sink comp="1669" pin=0"/></net>

<net id="1675"><net_src comp="1655" pin="3"/><net_sink comp="1669" pin=1"/></net>

<net id="1676"><net_src comp="1633" pin="1"/><net_sink comp="1669" pin=2"/></net>

<net id="1682"><net_src comp="136" pin="0"/><net_sink comp="1677" pin=0"/></net>

<net id="1683"><net_src comp="1627" pin="1"/><net_sink comp="1677" pin=1"/></net>

<net id="1684"><net_src comp="138" pin="0"/><net_sink comp="1677" pin=2"/></net>

<net id="1689"><net_src comp="140" pin="0"/><net_sink comp="1685" pin=1"/></net>

<net id="1694"><net_src comp="1677" pin="3"/><net_sink comp="1690" pin=0"/></net>

<net id="1695"><net_src comp="98" pin="0"/><net_sink comp="1690" pin=1"/></net>

<net id="1701"><net_src comp="1690" pin="2"/><net_sink comp="1696" pin=0"/></net>

<net id="1702"><net_src comp="142" pin="0"/><net_sink comp="1696" pin=1"/></net>

<net id="1703"><net_src comp="122" pin="0"/><net_sink comp="1696" pin=2"/></net>

<net id="1708"><net_src comp="1677" pin="3"/><net_sink comp="1704" pin=0"/></net>

<net id="1709"><net_src comp="1685" pin="2"/><net_sink comp="1704" pin=1"/></net>

<net id="1715"><net_src comp="1704" pin="2"/><net_sink comp="1710" pin=0"/></net>

<net id="1716"><net_src comp="1696" pin="3"/><net_sink comp="1710" pin=1"/></net>

<net id="1717"><net_src comp="1630" pin="1"/><net_sink comp="1710" pin=2"/></net>

<net id="1723"><net_src comp="409" pin="1"/><net_sink comp="1718" pin=1"/></net>

<net id="1724"><net_src comp="1669" pin="3"/><net_sink comp="1718" pin=2"/></net>

<net id="1730"><net_src comp="389" pin="1"/><net_sink comp="1725" pin=1"/></net>

<net id="1731"><net_src comp="1710" pin="3"/><net_sink comp="1725" pin=2"/></net>

<net id="1738"><net_src comp="118" pin="0"/><net_sink comp="1732" pin=0"/></net>

<net id="1739"><net_src comp="1718" pin="3"/><net_sink comp="1732" pin=1"/></net>

<net id="1740"><net_src comp="1725" pin="3"/><net_sink comp="1732" pin=2"/></net>

<net id="1741"><net_src comp="399" pin="1"/><net_sink comp="1732" pin=3"/></net>

<net id="1742"><net_src comp="1732" pin="4"/><net_sink comp="320" pin=2"/></net>

<net id="1747"><net_src comp="40" pin="0"/><net_sink comp="1743" pin=1"/></net>

<net id="1752"><net_src comp="42" pin="0"/><net_sink comp="1748" pin=1"/></net>

<net id="1757"><net_src comp="44" pin="0"/><net_sink comp="1753" pin=1"/></net>

<net id="1762"><net_src comp="46" pin="0"/><net_sink comp="1758" pin=1"/></net>

<net id="1767"><net_src comp="48" pin="0"/><net_sink comp="1763" pin=1"/></net>

<net id="1772"><net_src comp="50" pin="0"/><net_sink comp="1768" pin=1"/></net>

<net id="1777"><net_src comp="52" pin="0"/><net_sink comp="1773" pin=1"/></net>

<net id="1782"><net_src comp="54" pin="0"/><net_sink comp="1778" pin=1"/></net>

<net id="1787"><net_src comp="56" pin="0"/><net_sink comp="1783" pin=1"/></net>

<net id="1792"><net_src comp="58" pin="0"/><net_sink comp="1788" pin=1"/></net>

<net id="1797"><net_src comp="60" pin="0"/><net_sink comp="1793" pin=1"/></net>

<net id="1802"><net_src comp="62" pin="0"/><net_sink comp="1798" pin=1"/></net>

<net id="1806"><net_src comp="146" pin="1"/><net_sink comp="1803" pin=0"/></net>

<net id="1807"><net_src comp="1803" pin="1"/><net_sink comp="572" pin=1"/></net>

<net id="1808"><net_src comp="1803" pin="1"/><net_sink comp="577" pin=0"/></net>

<net id="1809"><net_src comp="1803" pin="1"/><net_sink comp="648" pin=1"/></net>

<net id="1813"><net_src comp="150" pin="1"/><net_sink comp="1810" pin=0"/></net>

<net id="1814"><net_src comp="1810" pin="1"/><net_sink comp="567" pin=1"/></net>

<net id="1815"><net_src comp="1810" pin="1"/><net_sink comp="653" pin=0"/></net>

<net id="1816"><net_src comp="1810" pin="1"/><net_sink comp="921" pin=1"/></net>

<net id="1820"><net_src comp="154" pin="1"/><net_sink comp="1817" pin=0"/></net>

<net id="1821"><net_src comp="1817" pin="1"/><net_sink comp="562" pin=1"/></net>

<net id="1822"><net_src comp="1817" pin="1"/><net_sink comp="656" pin=0"/></net>

<net id="1823"><net_src comp="1817" pin="1"/><net_sink comp="916" pin=1"/></net>

<net id="1827"><net_src comp="158" pin="1"/><net_sink comp="1824" pin=0"/></net>

<net id="1828"><net_src comp="1824" pin="1"/><net_sink comp="557" pin=1"/></net>

<net id="1829"><net_src comp="1824" pin="1"/><net_sink comp="659" pin=0"/></net>

<net id="1830"><net_src comp="1824" pin="1"/><net_sink comp="911" pin=1"/></net>

<net id="1834"><net_src comp="162" pin="1"/><net_sink comp="1831" pin=0"/></net>

<net id="1835"><net_src comp="1831" pin="1"/><net_sink comp="552" pin=1"/></net>

<net id="1836"><net_src comp="1831" pin="1"/><net_sink comp="662" pin=0"/></net>

<net id="1837"><net_src comp="1831" pin="1"/><net_sink comp="906" pin=1"/></net>

<net id="1838"><net_src comp="1831" pin="1"/><net_sink comp="941" pin=0"/></net>

<net id="1842"><net_src comp="166" pin="1"/><net_sink comp="1839" pin=0"/></net>

<net id="1843"><net_src comp="1839" pin="1"/><net_sink comp="547" pin=1"/></net>

<net id="1844"><net_src comp="1839" pin="1"/><net_sink comp="666" pin=0"/></net>

<net id="1845"><net_src comp="1839" pin="1"/><net_sink comp="901" pin=1"/></net>

<net id="1846"><net_src comp="1839" pin="1"/><net_sink comp="944" pin=0"/></net>

<net id="1850"><net_src comp="170" pin="1"/><net_sink comp="1847" pin=0"/></net>

<net id="1851"><net_src comp="1847" pin="1"/><net_sink comp="542" pin=1"/></net>

<net id="1852"><net_src comp="1847" pin="1"/><net_sink comp="670" pin=0"/></net>

<net id="1853"><net_src comp="1847" pin="1"/><net_sink comp="896" pin=1"/></net>

<net id="1854"><net_src comp="1847" pin="1"/><net_sink comp="947" pin=0"/></net>

<net id="1858"><net_src comp="174" pin="1"/><net_sink comp="1855" pin=0"/></net>

<net id="1859"><net_src comp="1855" pin="1"/><net_sink comp="537" pin=1"/></net>

<net id="1860"><net_src comp="1855" pin="1"/><net_sink comp="674" pin=0"/></net>

<net id="1861"><net_src comp="1855" pin="1"/><net_sink comp="891" pin=1"/></net>

<net id="1865"><net_src comp="178" pin="1"/><net_sink comp="1862" pin=0"/></net>

<net id="1866"><net_src comp="1862" pin="1"/><net_sink comp="532" pin=1"/></net>

<net id="1867"><net_src comp="1862" pin="1"/><net_sink comp="677" pin=0"/></net>

<net id="1868"><net_src comp="1862" pin="1"/><net_sink comp="886" pin=1"/></net>

<net id="1872"><net_src comp="182" pin="1"/><net_sink comp="1869" pin=0"/></net>

<net id="1873"><net_src comp="1869" pin="1"/><net_sink comp="527" pin=1"/></net>

<net id="1874"><net_src comp="1869" pin="1"/><net_sink comp="680" pin=0"/></net>

<net id="1875"><net_src comp="1869" pin="1"/><net_sink comp="881" pin=1"/></net>

<net id="1879"><net_src comp="186" pin="1"/><net_sink comp="1876" pin=0"/></net>

<net id="1880"><net_src comp="1876" pin="1"/><net_sink comp="522" pin=1"/></net>

<net id="1881"><net_src comp="1876" pin="1"/><net_sink comp="683" pin=0"/></net>

<net id="1882"><net_src comp="1876" pin="1"/><net_sink comp="936" pin=1"/></net>

<net id="1886"><net_src comp="190" pin="1"/><net_sink comp="1883" pin=0"/></net>

<net id="1887"><net_src comp="1883" pin="1"/><net_sink comp="517" pin=1"/></net>

<net id="1888"><net_src comp="1883" pin="1"/><net_sink comp="686" pin=0"/></net>

<net id="1889"><net_src comp="1883" pin="1"/><net_sink comp="931" pin=1"/></net>

<net id="1893"><net_src comp="194" pin="1"/><net_sink comp="1890" pin=0"/></net>

<net id="1894"><net_src comp="1890" pin="1"/><net_sink comp="512" pin=1"/></net>

<net id="1895"><net_src comp="1890" pin="1"/><net_sink comp="689" pin=0"/></net>

<net id="1896"><net_src comp="1890" pin="1"/><net_sink comp="926" pin=1"/></net>

<net id="1900"><net_src comp="500" pin="2"/><net_sink comp="1897" pin=0"/></net>

<net id="1904"><net_src comp="506" pin="2"/><net_sink comp="1901" pin=0"/></net>

<net id="1905"><net_src comp="1901" pin="1"/><net_sink comp="849" pin=0"/></net>

<net id="1906"><net_src comp="1901" pin="1"/><net_sink comp="856" pin=0"/></net>

<net id="1907"><net_src comp="1901" pin="1"/><net_sink comp="863" pin=0"/></net>

<net id="1911"><net_src comp="580" pin="2"/><net_sink comp="1908" pin=0"/></net>

<net id="1915"><net_src comp="602" pin="2"/><net_sink comp="1912" pin=0"/></net>

<net id="1919"><net_src comp="327" pin="3"/><net_sink comp="1916" pin=0"/></net>

<net id="1920"><net_src comp="1916" pin="1"/><net_sink comp="334" pin=2"/></net>

<net id="1921"><net_src comp="1916" pin="1"/><net_sink comp="334" pin=0"/></net>

<net id="1925"><net_src comp="344" pin="3"/><net_sink comp="1922" pin=0"/></net>

<net id="1926"><net_src comp="1922" pin="1"/><net_sink comp="351" pin=2"/></net>

<net id="1927"><net_src comp="1922" pin="1"/><net_sink comp="351" pin=0"/></net>

<net id="1931"><net_src comp="608" pin="2"/><net_sink comp="1928" pin=0"/></net>

<net id="1932"><net_src comp="1928" pin="1"/><net_sink comp="762" pin=0"/></net>

<net id="1933"><net_src comp="1928" pin="1"/><net_sink comp="770" pin=0"/></net>

<net id="1934"><net_src comp="1928" pin="1"/><net_sink comp="778" pin=0"/></net>

<net id="1935"><net_src comp="1928" pin="1"/><net_sink comp="786" pin=0"/></net>

<net id="1936"><net_src comp="1928" pin="1"/><net_sink comp="793" pin=0"/></net>

<net id="1937"><net_src comp="1928" pin="1"/><net_sink comp="800" pin=0"/></net>

<net id="1938"><net_src comp="1928" pin="1"/><net_sink comp="807" pin=0"/></net>

<net id="1939"><net_src comp="1928" pin="1"/><net_sink comp="814" pin=0"/></net>

<net id="1940"><net_src comp="1928" pin="1"/><net_sink comp="821" pin=0"/></net>

<net id="1941"><net_src comp="1928" pin="1"/><net_sink comp="828" pin=0"/></net>

<net id="1942"><net_src comp="1928" pin="1"/><net_sink comp="835" pin=0"/></net>

<net id="1943"><net_src comp="1928" pin="1"/><net_sink comp="842" pin=0"/></net>

<net id="1947"><net_src comp="630" pin="2"/><net_sink comp="1944" pin=0"/></net>

<net id="1948"><net_src comp="1944" pin="1"/><net_sink comp="1718" pin=0"/></net>

<net id="1949"><net_src comp="1944" pin="1"/><net_sink comp="1725" pin=0"/></net>

<net id="1953"><net_src comp="642" pin="2"/><net_sink comp="1950" pin=0"/></net>

<net id="1957"><net_src comp="653" pin="1"/><net_sink comp="1954" pin=0"/></net>

<net id="1958"><net_src comp="1954" pin="1"/><net_sink comp="494" pin=2"/></net>

<net id="1959"><net_src comp="1954" pin="1"/><net_sink comp="1783" pin=0"/></net>

<net id="1963"><net_src comp="656" pin="1"/><net_sink comp="1960" pin=0"/></net>

<net id="1964"><net_src comp="1960" pin="1"/><net_sink comp="485" pin=2"/></net>

<net id="1965"><net_src comp="1960" pin="1"/><net_sink comp="1778" pin=0"/></net>

<net id="1969"><net_src comp="659" pin="1"/><net_sink comp="1966" pin=0"/></net>

<net id="1970"><net_src comp="1966" pin="1"/><net_sink comp="476" pin=2"/></net>

<net id="1971"><net_src comp="1966" pin="1"/><net_sink comp="1773" pin=0"/></net>

<net id="1975"><net_src comp="662" pin="1"/><net_sink comp="1972" pin=0"/></net>

<net id="1976"><net_src comp="1972" pin="1"/><net_sink comp="1768" pin=0"/></net>

<net id="1980"><net_src comp="666" pin="1"/><net_sink comp="1977" pin=0"/></net>

<net id="1981"><net_src comp="1977" pin="1"/><net_sink comp="1763" pin=0"/></net>

<net id="1985"><net_src comp="670" pin="1"/><net_sink comp="1982" pin=0"/></net>

<net id="1986"><net_src comp="1982" pin="1"/><net_sink comp="1758" pin=0"/></net>

<net id="1990"><net_src comp="674" pin="1"/><net_sink comp="1987" pin=0"/></net>

<net id="1991"><net_src comp="1987" pin="1"/><net_sink comp="440" pin=2"/></net>

<net id="1992"><net_src comp="1987" pin="1"/><net_sink comp="1753" pin=0"/></net>

<net id="1996"><net_src comp="677" pin="1"/><net_sink comp="1993" pin=0"/></net>

<net id="1997"><net_src comp="1993" pin="1"/><net_sink comp="431" pin=2"/></net>

<net id="1998"><net_src comp="1993" pin="1"/><net_sink comp="1748" pin=0"/></net>

<net id="2002"><net_src comp="680" pin="1"/><net_sink comp="1999" pin=0"/></net>

<net id="2003"><net_src comp="1999" pin="1"/><net_sink comp="422" pin=2"/></net>

<net id="2004"><net_src comp="1999" pin="1"/><net_sink comp="1743" pin=0"/></net>

<net id="2008"><net_src comp="683" pin="1"/><net_sink comp="2005" pin=0"/></net>

<net id="2009"><net_src comp="2005" pin="1"/><net_sink comp="467" pin=2"/></net>

<net id="2010"><net_src comp="2005" pin="1"/><net_sink comp="1798" pin=0"/></net>

<net id="2014"><net_src comp="686" pin="1"/><net_sink comp="2011" pin=0"/></net>

<net id="2015"><net_src comp="2011" pin="1"/><net_sink comp="458" pin=2"/></net>

<net id="2016"><net_src comp="2011" pin="1"/><net_sink comp="1793" pin=0"/></net>

<net id="2020"><net_src comp="689" pin="1"/><net_sink comp="2017" pin=0"/></net>

<net id="2021"><net_src comp="2017" pin="1"/><net_sink comp="449" pin=2"/></net>

<net id="2022"><net_src comp="2017" pin="1"/><net_sink comp="1788" pin=0"/></net>

<net id="2026"><net_src comp="786" pin="3"/><net_sink comp="2023" pin=0"/></net>

<net id="2027"><net_src comp="2023" pin="1"/><net_sink comp="467" pin=0"/></net>

<net id="2031"><net_src comp="793" pin="3"/><net_sink comp="2028" pin=0"/></net>

<net id="2032"><net_src comp="2028" pin="1"/><net_sink comp="458" pin=0"/></net>

<net id="2036"><net_src comp="800" pin="3"/><net_sink comp="2033" pin=0"/></net>

<net id="2037"><net_src comp="2033" pin="1"/><net_sink comp="449" pin=0"/></net>

<net id="2041"><net_src comp="807" pin="3"/><net_sink comp="2038" pin=0"/></net>

<net id="2042"><net_src comp="2038" pin="1"/><net_sink comp="476" pin=0"/></net>

<net id="2046"><net_src comp="814" pin="3"/><net_sink comp="2043" pin=0"/></net>

<net id="2047"><net_src comp="2043" pin="1"/><net_sink comp="485" pin=0"/></net>

<net id="2051"><net_src comp="821" pin="3"/><net_sink comp="2048" pin=0"/></net>

<net id="2052"><net_src comp="2048" pin="1"/><net_sink comp="494" pin=0"/></net>

<net id="2056"><net_src comp="828" pin="3"/><net_sink comp="2053" pin=0"/></net>

<net id="2057"><net_src comp="2053" pin="1"/><net_sink comp="422" pin=0"/></net>

<net id="2061"><net_src comp="835" pin="3"/><net_sink comp="2058" pin=0"/></net>

<net id="2062"><net_src comp="2058" pin="1"/><net_sink comp="431" pin=0"/></net>

<net id="2066"><net_src comp="842" pin="3"/><net_sink comp="2063" pin=0"/></net>

<net id="2067"><net_src comp="2063" pin="1"/><net_sink comp="440" pin=0"/></net>

<net id="2071"><net_src comp="1580" pin="2"/><net_sink comp="2068" pin=0"/></net>

<net id="2072"><net_src comp="2068" pin="1"/><net_sink comp="1624" pin=0"/></net>

<net id="2073"><net_src comp="2068" pin="1"/><net_sink comp="1633" pin=0"/></net>

<net id="2077"><net_src comp="1598" pin="2"/><net_sink comp="2074" pin=0"/></net>

<net id="2078"><net_src comp="2074" pin="1"/><net_sink comp="1627" pin=0"/></net>

<net id="2079"><net_src comp="2074" pin="1"/><net_sink comp="1630" pin=0"/></net>

<net id="2083"><net_src comp="1604" pin="4"/><net_sink comp="2080" pin=0"/></net>

<net id="2084"><net_src comp="2080" pin="1"/><net_sink comp="1644" pin=0"/></net>

<net id="2088"><net_src comp="1614" pin="4"/><net_sink comp="2085" pin=0"/></net>

<net id="2089"><net_src comp="2085" pin="1"/><net_sink comp="1685" pin=0"/></net>

</net_list>

</model> 
---------------- Datapath Model END ------------------

* FSMD analyzer results:
  - Output states:
	Port: imgRgb | {4 }
	Port: p_0_0_01177_217691798_i_out | {3 }
	Port: p_0_0_01178_217671796_i_out | {3 }
	Port: p_0_0_01179_217651794_i_out | {3 }
	Port: right_2_out | {3 }
	Port: right_1_out | {3 }
	Port: right_out | {3 }
	Port: p_0_0_0116417751786_i_out | {3 }
	Port: p_0_0_0116517731784_i_out | {3 }
	Port: p_0_0_0116617711782_i_out | {3 }
	Port: p_0_2_0_0_011601701_i_out | {3 }
	Port: p_0_1_0_0_011591698_i_out | {3 }
	Port: p_0_0_0_0_011581695_i_out | {3 }
 - Input state : 
	Port: DebayerRandBatG_Pipeline_VITIS_LOOP_881_2 : p_0_0_01177_217691799_lcssa1835_i | {1 }
	Port: DebayerRandBatG_Pipeline_VITIS_LOOP_881_2 : p_0_0_01178_217671797_lcssa1833_i | {1 }
	Port: DebayerRandBatG_Pipeline_VITIS_LOOP_881_2 : p_0_0_01179_217651795_lcssa1831_i | {1 }
	Port: DebayerRandBatG_Pipeline_VITIS_LOOP_881_2 : p_0_2_0_0_011541792_lcssa1829_i | {1 }
	Port: DebayerRandBatG_Pipeline_VITIS_LOOP_881_2 : p_0_1_0_0_011531790_lcssa1827_i | {1 }
	Port: DebayerRandBatG_Pipeline_VITIS_LOOP_881_2 : p_0_0_0_0_011521788_lcssa1825_i | {1 }
	Port: DebayerRandBatG_Pipeline_VITIS_LOOP_881_2 : p_0_0_0116417751787_lcssa1823_i | {1 }
	Port: DebayerRandBatG_Pipeline_VITIS_LOOP_881_2 : p_0_0_0116517731785_lcssa1821_i | {1 }
	Port: DebayerRandBatG_Pipeline_VITIS_LOOP_881_2 : p_0_0_0116617711783_lcssa1819_i | {1 }
	Port: DebayerRandBatG_Pipeline_VITIS_LOOP_881_2 : p_0_2_0_0_011601699_lcssa1741_i | {1 }
	Port: DebayerRandBatG_Pipeline_VITIS_LOOP_881_2 : p_0_1_0_0_011591696_lcssa1739_i | {1 }
	Port: DebayerRandBatG_Pipeline_VITIS_LOOP_881_2 : p_0_0_0_0_011581693_lcssa1737_i | {1 }
	Port: DebayerRandBatG_Pipeline_VITIS_LOOP_881_2 : y | {1 }
	Port: DebayerRandBatG_Pipeline_VITIS_LOOP_881_2 : height_val4_load | {1 }
	Port: DebayerRandBatG_Pipeline_VITIS_LOOP_881_2 : loopWidth | {1 }
	Port: DebayerRandBatG_Pipeline_VITIS_LOOP_881_2 : empty | {1 }
	Port: DebayerRandBatG_Pipeline_VITIS_LOOP_881_2 : xor_ln1014_1 | {1 }
	Port: DebayerRandBatG_Pipeline_VITIS_LOOP_881_2 : width_val8_load | {1 }
	Port: DebayerRandBatG_Pipeline_VITIS_LOOP_881_2 : imgRB | {2 }
  - Chain level:
	State 1
		store_ln851 : 1
		z : 1
		icmp_ln881 : 2
		x_8 : 2
		br_ln881 : 3
		trunc_ln881 : 2
		zext_ln881 : 3
		icmp_ln891 : 2
		br_ln891 : 3
		lineBuffer_addr : 4
		LineBufVal : 5
		lineBuffer_2_addr : 4
		LineBufVal_3 : 5
		br_ln911 : 1
		icmp_ln957 : 2
		xor_ln1014 : 3
		xor_ln1014_2 : 3
		zext_ln1014 : 3
		icmp_ln1014 : 4
		icmp_ln1052 : 2
		and_ln1052 : 3
		br_ln1052 : 3
		store_ln851 : 3
	State 2
		trunc_ln902 : 1
		tmp_i : 1
		tmp_1_i : 1
		trunc_ln902_1 : 1
		tmp_3_i : 1
		tmp_4_i : 1
		p_0_0_01177_21769_ph_i : 1
		p_0_0_01178_21767_ph_i : 1
		p_0_0_01179_21765_ph_i : 1
		select_ln957 : 2
		select_ln957_1 : 2
		select_ln957_2 : 2
		select_ln957_3 : 2
		select_ln957_4 : 2
		select_ln957_5 : 2
		select_ln957_6 : 2
		select_ln957_7 : 2
		select_ln957_8 : 2
		select_ln957_9 : 2
		select_ln957_10 : 2
		select_ln957_11 : 2
		select_ln975 : 2
		select_ln975_1 : 2
		select_ln975_2 : 2
		LineBufVal_4 : 3
		store_ln987 : 4
		store_ln913 : 2
		store_ln913 : 2
		store_ln913 : 2
		store_ln1018 : 2
		store_ln1018 : 2
		store_ln1018 : 2
		store_ln902 : 2
		store_ln902 : 2
		store_ln902 : 2
		pix_8 : 3
		pix_7 : 3
		pix : 3
		store_ln957 : 4
		store_ln957 : 4
		store_ln957 : 4
	State 3
		zext_ln1023 : 1
		zext_ln1023_1 : 1
		sub_ln1023 : 2
		trunc_ln61 : 3
		tmp_10 : 3
		sub_ln61 : 4
		DRh : 5
		zext_ln1024 : 1
		zext_ln1024_1 : 1
		sub_ln1024 : 2
		trunc_ln61_4 : 3
		tmp_11 : 3
		sub_ln61_4 : 4
		DRv : 5
		zext_ln1025 : 1
		zext_ln1025_1 : 1
		sub_ln1025 : 2
		trunc_ln61_5 : 3
		tmp_12 : 3
		sub_ln61_5 : 4
		DGh : 5
		zext_ln1026 : 1
		zext_ln1026_1 : 1
		sub_ln1026 : 2
		trunc_ln61_6 : 3
		tmp_13 : 3
		sub_ln61_6 : 4
		DGv : 5
		zext_ln1027 : 1
		zext_ln1027_1 : 1
		sub_ln1027 : 2
		trunc_ln61_7 : 3
		tmp_14 : 3
		sub_ln61_7 : 4
		DBh : 5
		zext_ln1028 : 1
		zext_ln1028_1 : 1
		sub_ln1028 : 2
		trunc_ln61_8 : 3
		tmp_15 : 3
		sub_ln61_8 : 4
		DBv : 5
		zext_ln1030 : 6
		zext_ln1030_1 : 6
		add_ln1030 : 7
		zext_ln1030_2 : 8
		zext_ln1030_3 : 6
		add_ln1030_1 : 9
		zext_ln1030_4 : 6
		zext_ln1030_5 : 6
		add_ln1030_2 : 7
		zext_ln1030_6 : 8
		zext_ln1030_7 : 6
		add_ln1030_3 : 9
		icmp_ln1030 : 10
		sub_ln1033 : 2
		sub_ln1033_1 : 2
		sext_ln1033 : 3
		sext_ln1033_1 : 3
		add_ln1033 : 4
		sext_ln1033_2 : 5
		tmp_16 : 5
		sub_ln1033_2 : 6
		lshr_ln1033_1_cast : 7
		sub_ln1033_3 : 8
		zext_ln : 5
		select_ln1033 : 9
		sub_ln1034 : 2
		sub_ln1034_1 : 2
		sext_ln1034 : 3
		sext_ln1034_1 : 3
		add_ln1034 : 4
		sext_ln1034_2 : 5
		tmp_17 : 5
		sub_ln1034_2 : 6
		lshr_ln1034_1_cast : 7
		sub_ln1034_3 : 8
		zext_ln1 : 5
		select_ln1034 : 9
		sub_ln1039 : 2
		sub_ln1039_1 : 2
		sext_ln1039 : 3
		sext_ln1039_1 : 3
		add_ln1039 : 4
		sext_ln1039_2 : 5
		tmp_18 : 5
		sub_ln1039_2 : 6
		lshr_ln1039_1_cast : 7
		sub_ln1039_3 : 8
		zext_ln2 : 5
		select_ln1039 : 9
		sub_ln1040 : 2
		sub_ln1040_1 : 2
		sext_ln1040 : 3
		sext_ln1040_1 : 3
		add_ln1040 : 4
		sext_ln1040_2 : 5
		tmp_19 : 5
		sub_ln1040_2 : 6
		lshr_ln1040_1_cast : 7
		sub_ln1040_3 : 8
		zext_ln3 : 5
		select_ln1040 : 9
		r_0_in_i_v_v : 11
		r_0_in_i_v_v_cast : 12
		r_0_in_i : 13
		b_0_in_i_v_v : 11
		b_0_in_i_v_v_cast : 12
		b_0_in_i : 13
		tmp_21 : 14
		tmp_23 : 14
	State 4
		tmp_20 : 1
		xor_ln1046 : 2
		select_ln1042 : 2
		or_ln1042 : 2
		select_ln1046 : 3
		tmp_22 : 1
		xor_ln1048 : 2
		select_ln1043 : 2
		or_ln1043 : 2
		select_ln1048 : 3
		phi_ln1046 : 4
		phi_ln1048 : 4
		or_ln1054_3_i : 5
		write_ln1054 : 6


============================================================
+ Verbose Summary: Datapath Resource usage 
============================================================

* Functional unit list:
|----------|----------------------------------------------------|---------|---------|
| Operation|                   Functional Unit                  |    FF   |   LUT   |
|----------|----------------------------------------------------|---------|---------|
|          |                  sub_ln1023_fu_958                 |    0    |    15   |
|          |                   sub_ln61_fu_976                  |    0    |    15   |
|          |                  sub_ln1024_fu_998                 |    0    |    15   |
|          |                 sub_ln61_4_fu_1016                 |    0    |    15   |
|          |                 sub_ln1025_fu_1038                 |    0    |    15   |
|          |                 sub_ln61_5_fu_1056                 |    0    |    15   |
|          |                 sub_ln1026_fu_1078                 |    0    |    15   |
|          |                 sub_ln61_6_fu_1096                 |    0    |    15   |
|          |                 sub_ln1027_fu_1118                 |    0    |    15   |
|          |                 sub_ln61_7_fu_1136                 |    0    |    15   |
|          |                 sub_ln1028_fu_1158                 |    0    |    15   |
|          |                 sub_ln61_8_fu_1176                 |    0    |    15   |
|          |                 sub_ln1033_fu_1252                 |    0    |    15   |
|          |                sub_ln1033_1_fu_1258                |    0    |    15   |
|    sub   |                sub_ln1033_2_fu_1290                |    0    |    17   |
|          |                sub_ln1033_3_fu_1306                |    0    |    16   |
|          |                 sub_ln1034_fu_1334                 |    0    |    15   |
|          |                sub_ln1034_1_fu_1340                |    0    |    15   |
|          |                sub_ln1034_2_fu_1372                |    0    |    17   |
|          |                sub_ln1034_3_fu_1388                |    0    |    16   |
|          |                 sub_ln1039_fu_1412                 |    0    |    15   |
|          |                sub_ln1039_1_fu_1418                |    0    |    15   |
|          |                sub_ln1039_2_fu_1450                |    0    |    17   |
|          |                sub_ln1039_3_fu_1466                |    0    |    16   |
|          |                 sub_ln1040_fu_1490                 |    0    |    15   |
|          |                sub_ln1040_1_fu_1496                |    0    |    15   |
|          |                sub_ln1040_2_fu_1528                |    0    |    17   |
|          |                sub_ln1040_3_fu_1544                |    0    |    16   |
|          |                  r_0_in_i_fu_1580                  |    0    |    16   |
|          |                  b_0_in_i_fu_1598                  |    0    |    16   |
|----------|----------------------------------------------------|---------|---------|
|          |                 select_ln957_fu_762                |    0    |    8    |
|          |                select_ln957_1_fu_770               |    0    |    8    |
|          |                select_ln957_2_fu_778               |    0    |    8    |
|          |                select_ln957_3_fu_786               |    0    |    8    |
|          |                select_ln957_4_fu_793               |    0    |    8    |
|          |                select_ln957_5_fu_800               |    0    |    8    |
|          |                select_ln957_6_fu_807               |    0    |    8    |
|          |                select_ln957_7_fu_814               |    0    |    8    |
|          |                select_ln957_8_fu_821               |    0    |    8    |
|          |                select_ln957_9_fu_828               |    0    |    8    |
|          |               select_ln957_10_fu_835               |    0    |    8    |
|          |               select_ln957_11_fu_842               |    0    |    8    |
|          |                 select_ln975_fu_849                |    0    |    8    |
|          |                select_ln975_1_fu_856               |    0    |    8    |
|          |                select_ln975_2_fu_863               |    0    |    8    |
|          |                     DRh_fu_982                     |    0    |    8    |
|  select  |                     DRv_fu_1022                    |    0    |    8    |
|          |                     DGh_fu_1062                    |    0    |    8    |
|          |                     DGv_fu_1102                    |    0    |    8    |
|          |                     DBh_fu_1142                    |    0    |    8    |
|          |                     DBv_fu_1182                    |    0    |    8    |
|          |                select_ln1033_fu_1322               |    0    |    9    |
|          |                select_ln1034_fu_1404               |    0    |    9    |
|          |                select_ln1039_fu_1482               |    0    |    9    |
|          |                select_ln1040_fu_1560               |    0    |    9    |
|          |                r_0_in_i_v_v_fu_1568                |    0    |    9    |
|          |                b_0_in_i_v_v_fu_1586                |    0    |    9    |
|          |                select_ln1042_fu_1655               |    0    |    2    |
|          |                select_ln1046_fu_1669               |    0    |    8    |
|          |                select_ln1043_fu_1696               |    0    |    2    |
|          |                select_ln1048_fu_1710               |    0    |    8    |
|          |                 phi_ln1046_fu_1718                 |    0    |    8    |
|          |                 phi_ln1048_fu_1725                 |    0    |    8    |
|----------|----------------------------------------------------|---------|---------|
|          |                  icmp_ln911_fu_500                 |    0    |    18   |
|          |                  icmp_ln975_fu_506                 |    0    |    18   |
|          |                  icmp_ln881_fu_580                 |    0    |    18   |
|          |                  icmp_ln891_fu_602                 |    0    |    18   |
|   icmp   |                  icmp_ln957_fu_608                 |    0    |    18   |
|          |                 icmp_ln1014_fu_630                 |    0    |    22   |
|          |                 icmp_ln1052_fu_636                 |    0    |    18   |
|          |                 icmp_ln1030_fu_1246                |    0    |    17   |
|          |                 icmp_ln1042_fu_1644                |    0    |    9    |
|          |                 icmp_ln1043_fu_1685                |    0    |    9    |
|----------|----------------------------------------------------|---------|---------|
|          |                     x_8_fu_586                     |    0    |    18   |
|          |                 add_ln1030_fu_1198                 |    0    |    15   |
|          |                add_ln1030_1_fu_1212                |    0    |    16   |
|          |                add_ln1030_2_fu_1226                |    0    |    15   |
|    add   |                add_ln1030_3_fu_1240                |    0    |    16   |
|          |                 add_ln1033_fu_1272                 |    0    |    16   |
|          |                 add_ln1034_fu_1354                 |    0    |    16   |
|          |                 add_ln1039_fu_1432                 |    0    |    16   |
|          |                 add_ln1040_fu_1510                 |    0    |    16   |
|----------|----------------------------------------------------|---------|---------|
|          |                  xor_ln1014_fu_614                 |    0    |    2    |
|    xor   |                 xor_ln1014_2_fu_620                |    0    |    2    |
|          |                 xor_ln1046_fu_1649                 |    0    |    2    |
|          |                 xor_ln1048_fu_1690                 |    0    |    2    |
|----------|----------------------------------------------------|---------|---------|
|    or    |                  or_ln1042_fu_1663                 |    0    |    2    |
|          |                  or_ln1043_fu_1704                 |    0    |    2    |
|----------|----------------------------------------------------|---------|---------|
|    and   |                  and_ln1052_fu_642                 |    0    |    2    |
|----------|----------------------------------------------------|---------|---------|
|          |          width_val8_load_read_read_fu_206          |    0    |    0    |
|          |            xor_ln1014_1_read_read_fu_212           |    0    |    0    |
|          |                   tmp_read_fu_218                  |    0    |    0    |
|          |             loopWidth_read_read_fu_224             |    0    |    0    |
|          |          height_val4_load_read_read_fu_230         |    0    |    0    |
|          |                 y_read_read_fu_236                 |    0    |    0    |
|          |  p_0_0_0_0_011581693_lcssa1737_i_read_read_fu_242  |    0    |    0    |
|          |  p_0_1_0_0_011591696_lcssa1739_i_read_read_fu_248  |    0    |    0    |
|          |  p_0_2_0_0_011601699_lcssa1741_i_read_read_fu_254  |    0    |    0    |
|   read   |  p_0_0_0116617711783_lcssa1819_i_read_read_fu_260  |    0    |    0    |
|          |  p_0_0_0116517731785_lcssa1821_i_read_read_fu_266  |    0    |    0    |
|          |  p_0_0_0116417751787_lcssa1823_i_read_read_fu_272  |    0    |    0    |
|          |  p_0_0_0_0_011521788_lcssa1825_i_read_read_fu_278  |    0    |    0    |
|          |  p_0_1_0_0_011531790_lcssa1827_i_read_read_fu_284  |    0    |    0    |
|          |  p_0_2_0_0_011541792_lcssa1829_i_read_read_fu_290  |    0    |    0    |
|          | p_0_0_01179_217651795_lcssa1831_i_read_read_fu_296 |    0    |    0    |
|          | p_0_0_01178_217671797_lcssa1833_i_read_read_fu_302 |    0    |    0    |
|          | p_0_0_01177_217691799_lcssa1835_i_read_read_fu_308 |    0    |    0    |
|          |                  InPix_read_fu_314                 |    0    |    0    |
|----------|----------------------------------------------------|---------|---------|
|   write  |              write_ln1054_write_fu_320             |    0    |    0    |
|----------|----------------------------------------------------|---------|---------|
|          |                 trunc_ln881_fu_592                 |    0    |    0    |
|          |                 trunc_ln902_fu_692                 |    0    |    0    |
|          |                trunc_ln902_1_fu_715                |    0    |    0    |
|          |                 trunc_ln913_fu_735                 |    0    |    0    |
|          |                  trunc_ln61_fu_964                 |    0    |    0    |
|   trunc  |                trunc_ln61_4_fu_1004                |    0    |    0    |
|          |                trunc_ln61_5_fu_1044                |    0    |    0    |
|          |                trunc_ln61_6_fu_1084                |    0    |    0    |
|          |                trunc_ln61_7_fu_1124                |    0    |    0    |
|          |                trunc_ln61_8_fu_1164                |    0    |    0    |
|          |                trunc_ln1048_fu_1630                |    0    |    0    |
|          |                trunc_ln1046_fu_1633                |    0    |    0    |
|----------|----------------------------------------------------|---------|---------|
|          |                  zext_ln881_fu_596                 |    0    |    0    |
|          |                 zext_ln1014_fu_626                 |    0    |    0    |
|          |                 zext_ln1023_fu_950                 |    0    |    0    |
|          |                zext_ln1023_1_fu_954                |    0    |    0    |
|          |                 zext_ln1024_fu_990                 |    0    |    0    |
|          |                zext_ln1024_1_fu_994                |    0    |    0    |
|          |                 zext_ln1025_fu_1030                |    0    |    0    |
|          |                zext_ln1025_1_fu_1034               |    0    |    0    |
|          |                 zext_ln1026_fu_1070                |    0    |    0    |
|          |                zext_ln1026_1_fu_1074               |    0    |    0    |
|          |                 zext_ln1027_fu_1110                |    0    |    0    |
|   zext   |                zext_ln1027_1_fu_1114               |    0    |    0    |
|          |                 zext_ln1028_fu_1150                |    0    |    0    |
|          |                zext_ln1028_1_fu_1154               |    0    |    0    |
|          |                 zext_ln1030_fu_1190                |    0    |    0    |
|          |                zext_ln1030_1_fu_1194               |    0    |    0    |
|          |                zext_ln1030_2_fu_1204               |    0    |    0    |
|          |                zext_ln1030_3_fu_1208               |    0    |    0    |
|          |                zext_ln1030_4_fu_1218               |    0    |    0    |
|          |                zext_ln1030_5_fu_1222               |    0    |    0    |
|          |                zext_ln1030_6_fu_1232               |    0    |    0    |
|          |                zext_ln1030_7_fu_1236               |    0    |    0    |
|          |                zext_ln1034_1_fu_1330               |    0    |    0    |
|----------|----------------------------------------------------|---------|---------|
|          |                    tmp_i_fu_697                    |    0    |    0    |
|          |                   tmp_1_i_fu_706                   |    0    |    0    |
|          |                   tmp_3_i_fu_719                   |    0    |    0    |
|          |                   tmp_4_i_fu_727                   |    0    |    0    |
|          |                trunc_ln913_2_fu_740                |    0    |    0    |
|          |                trunc_ln913_3_fu_751                |    0    |    0    |
|          |             lshr_ln1033_1_cast_fu_1296             |    0    |    0    |
|partselect|                   zext_ln_fu_1312                  |    0    |    0    |
|          |             lshr_ln1034_1_cast_fu_1378             |    0    |    0    |
|          |                  zext_ln1_fu_1394                  |    0    |    0    |
|          |             lshr_ln1039_1_cast_fu_1456             |    0    |    0    |
|          |                  zext_ln2_fu_1472                  |    0    |    0    |
|          |             lshr_ln1040_1_cast_fu_1534             |    0    |    0    |
|          |                  zext_ln3_fu_1550                  |    0    |    0    |
|          |                   tmp_21_fu_1604                   |    0    |    0    |
|          |                   tmp_23_fu_1614                   |    0    |    0    |
|----------|----------------------------------------------------|---------|---------|
|bitconcatenate|                 LineBufVal_4_fu_870                |    0    |    0    |
|          |                or_ln1054_3_i_fu_1732               |    0    |    0    |
|----------|----------------------------------------------------|---------|---------|
|          |                    tmp_10_fu_968                   |    0    |    0    |
|          |                   tmp_11_fu_1008                   |    0    |    0    |
|          |                   tmp_12_fu_1048                   |    0    |    0    |
|          |                   tmp_13_fu_1088                   |    0    |    0    |
|          |                   tmp_14_fu_1128                   |    0    |    0    |
| bitselect|                   tmp_15_fu_1168                   |    0    |    0    |
|          |                   tmp_16_fu_1282                   |    0    |    0    |
|          |                   tmp_17_fu_1364                   |    0    |    0    |
|          |                   tmp_18_fu_1442                   |    0    |    0    |
|          |                   tmp_19_fu_1520                   |    0    |    0    |
|          |                   tmp_20_fu_1636                   |    0    |    0    |
|          |                   tmp_22_fu_1677                   |    0    |    0    |
|----------|----------------------------------------------------|---------|---------|
|          |                 sext_ln1033_fu_1264                |    0    |    0    |
|          |                sext_ln1033_1_fu_1268               |    0    |    0    |
|          |                sext_ln1033_2_fu_1278               |    0    |    0    |
|          |                 sext_ln1034_fu_1346                |    0    |    0    |
|          |                sext_ln1034_1_fu_1350               |    0    |    0    |
|          |                sext_ln1034_2_fu_1360               |    0    |    0    |
|          |                 sext_ln1039_fu_1424                |    0    |    0    |
|   sext   |                sext_ln1039_1_fu_1428               |    0    |    0    |
|          |                sext_ln1039_2_fu_1438               |    0    |    0    |
|          |                 sext_ln1040_fu_1502                |    0    |    0    |
|          |                sext_ln1040_1_fu_1506               |    0    |    0    |
|          |                sext_ln1040_2_fu_1516               |    0    |    0    |
|          |              r_0_in_i_v_v_cast_fu_1576             |    0    |    0    |
|          |              b_0_in_i_v_v_cast_fu_1594             |    0    |    0    |
|          |               r_0_in_i_cast1_fu_1624               |    0    |    0    |
|          |                 sext_ln1048_fu_1627                |    0    |    0    |
|----------|----------------------------------------------------|---------|---------|
|   Total  |                                                    |    0    |   1045  |
|----------|----------------------------------------------------|---------|---------|

Memories:
+------------+--------+--------+--------+--------+
|            |  BRAM  |   FF   |   LUT  |  URAM  |
+------------+--------+--------+--------+--------+
| lineBuffer |    3   |    0   |    0   |    0   |
|lineBuffer_2|    3   |    0   |    0   |    0   |
+------------+--------+--------+--------+--------+
|    Total   |    6   |    0   |    0   |    0   |
+------------+--------+--------+--------+--------+

* Register list:
+-------------------------------------+--------+
|                                     |   FF   |
+-------------------------------------+--------+
|         and_ln1052_reg_1950         |    1   |
|          b_0_in_i_reg_2074          |   10   |
|            down_1_reg_428           |    8   |
|            down_2_reg_419           |    8   |
|             down_reg_437            |    8   |
|         icmp_ln1014_reg_1944        |    1   |
|         icmp_ln881_reg_1908         |    1   |
|         icmp_ln891_reg_1912         |    1   |
|         icmp_ln911_reg_1897         |    1   |
|         icmp_ln957_reg_1928         |    1   |
|         icmp_ln975_reg_1901         |    1   |
|            left_1_reg_455           |    8   |
|            left_2_reg_446           |    8   |
|             left_reg_464            |    8   |
|      lineBuffer_2_addr_reg_1922     |   11   |
|       lineBuffer_addr_reg_1916      |   11   |
| p_0_0_0116417751786_i_load_reg_1966 |    8   |
|    p_0_0_0116417751786_i_reg_1824   |    8   |
| p_0_0_0116517731784_i_load_reg_1960 |    8   |
|    p_0_0_0116517731784_i_reg_1817   |    8   |
| p_0_0_0116617711782_i_load_reg_1954 |    8   |
|    p_0_0_0116617711782_i_reg_1810   |    8   |
|p_0_0_01177_217691798_i_load_reg_1999|    8   |
|   p_0_0_01177_217691798_i_reg_1869  |    8   |
|    p_0_0_01177_21769_ph_i_reg_362   |    8   |
|p_0_0_01178_217671796_i_load_reg_1993|    8   |
|   p_0_0_01178_217671796_i_reg_1862  |    8   |
|    p_0_0_01178_21767_ph_i_reg_371   |    8   |
|p_0_0_01179_217651794_i_load_reg_1987|    8   |
|   p_0_0_01179_217651794_i_reg_1855  |    8   |
|    p_0_0_01179_21765_ph_i_reg_380   |    8   |
| p_0_0_0_0_011581695_i_load_reg_2005 |    8   |
|    p_0_0_0_0_011581695_i_reg_1876   |    8   |
| p_0_1_0_0_011591698_i_load_reg_2011 |    8   |
|    p_0_1_0_0_011591698_i_reg_1883   |    8   |
| p_0_2_0_0_011601701_i_load_reg_2017 |    8   |
|    p_0_2_0_0_011601701_i_reg_1890   |    8   |
|            pix_7_reg_399            |    8   |
|            pix_8_reg_389            |    8   |
|             pix_reg_409             |    8   |
|          r_0_in_i_reg_2068          |   10   |
|           right_1_reg_1839          |    8   |
|           right_2_reg_1847          |    8   |
|           right_3_reg_1972          |    8   |
|           right_4_reg_1977          |    8   |
|           right_5_reg_1982          |    8   |
|            right_reg_1831           |    8   |
|       select_ln957_10_reg_2058      |    8   |
|       select_ln957_11_reg_2063      |    8   |
|       select_ln957_3_reg_2023       |    8   |
|       select_ln957_4_reg_2028       |    8   |
|       select_ln957_5_reg_2033       |    8   |
|       select_ln957_6_reg_2038       |    8   |
|       select_ln957_7_reg_2043       |    8   |
|       select_ln957_8_reg_2048       |    8   |
|       select_ln957_9_reg_2053       |    8   |
|           tmp_21_reg_2080           |    2   |
|           tmp_23_reg_2085           |    2   |
|             up_1_reg_482            |    8   |
|             up_2_reg_473            |    8   |
|              up_reg_491             |    8   |
|              x_reg_1803             |   11   |
+-------------------------------------+--------+
|                Total                |   448  |
+-------------------------------------+--------+

* Multiplexer (MUX) list: 
|-------------------|------|------|------|--------||---------||---------||---------|
|        Comp       |  Pin | Size |  BW  | S x BW ||  Delay  ||    FF   ||   LUT   |
|-------------------|------|------|------|--------||---------||---------||---------|
| grp_access_fu_334 |  p2  |   2  |   0  |    0   ||    0    ||    9    |
| grp_access_fu_351 |  p2  |   2  |   0  |    0   ||    0    ||    9    |
|-------------------|------|------|------|--------||---------||---------||---------|
|       Total       |      |      |      |    0   ||  0.854  ||    0    ||    18   |
|-------------------|------|------|------|--------||---------||---------||---------|



* Summary:
+-----------+--------+--------+--------+--------+--------+
|           |  BRAM  |  Delay |   FF   |   LUT  |  URAM  |
+-----------+--------+--------+--------+--------+--------+
|  Function |    -   |    -   |    0   |  1045  |    -   |
|   Memory  |    6   |    -   |    0   |    0   |    0   |
|Multiplexer|    -   |    0   |    0   |   18   |    -   |
|  Register |    -   |    -   |   448  |    -   |    -   |
+-----------+--------+--------+--------+--------+--------+
|   Total   |    6   |    0   |   448  |  1063  |    0   |
+-----------+--------+--------+--------+--------+--------+
