#-----------------------------------------------------------
# Vivado v2025.2 (64-bit)
# SW Build 6299465 on Fri Nov 14 19:35:11 GMT 2025
# IP Build 6300035 on Fri Nov 14 10:48:45 MST 2025
# SharedData Build 6298862 on Thu Nov 13 04:50:51 MST 2025
# Start of session at: Tue Apr  7 14:35:03 2026
# Process ID         : 32284
# Current directory  : C:/pcam5
# Command line       : vivado.exe -gui_launcher_event rodinguilauncherevent19268 C:\pcam5\pcam5.xpr
# Log file           : C:/pcam5/vivado.log
# Journal file       : C:/pcam5\vivado.jou
# Running On         : ConnectedFerret
# Platform           : Windows Server 2016 or Windows 10
# Operating System   : 26200
# Processor Detail   : AMD Ryzen 9 6900HS with Radeon Graphics        
# CPU Frequency      : 3294 MHz
# CPU Physical cores : 8
# CPU Logical cores  : 16
# Host memory        : 16354 MB
# Swap memory        : 20513 MB
# Total Virtual      : 36867 MB
# Available Virtual  : 19011 MB
#-----------------------------------------------------------
start_gui
open_project C:/pcam5/pcam5.xpr
WARNING: [Board 49-26] cannot add Board Part xilinx.com:ac701:part0:1.4 available at C:/AMDDesignTools/2025.2/data/xhub/boards\XilinxBoardStore\boards\Xilinx\ac701\1.4\board.xml as part xc7a200tfbg676-2 specified in board_part file is either invalid or not available
WARNING: [Board 49-26] cannot add Board Part xilinx.com:emb-plus-vpr-4616:part0:1.0 available at C:/AMDDesignTools/2025.2/data/xhub/boards\XilinxBoardStore\boards\Xilinx\emb-plus-vpr-4616\1.0\board.xml as part xcve2302-sfva784-2mp-e-s specified in board_part file is either invalid or not available
WARNING: [Board 49-26] cannot add Board Part xilinx.com:emb-plus-vpr-4616:part0:1.1 available at C:/AMDDesignTools/2025.2/data/xhub/boards\XilinxBoardStore\boards\Xilinx\emb-plus-vpr-4616\1.1\board.xml as part xcve2302-sfva784-2mp-e-s specified in board_part file is either invalid or not available
WARNING: [Board 49-26] cannot add Board Part xilinx.com:kc705:part0:1.6 available at C:/AMDDesignTools/2025.2/data/xhub/boards\XilinxBoardStore\boards\Xilinx\kc705\1.6\board.xml as part xc7k325tffg900-2 specified in board_part file is either invalid or not available
WARNING: [Board 49-26] cannot add Board Part xilinx.com:kc705:part0:1.7 available at C:/AMDDesignTools/2025.2/data/xhub/boards\XilinxBoardStore\boards\Xilinx\kc705\1.7\board.xml as part xc7k325tffg900-2 specified in board_part file is either invalid or not available
WARNING: [Board 49-26] cannot add Board Part xilinx.com:kcu105:part0:1.6 available at C:/AMDDesignTools/2025.2/data/xhub/boards\XilinxBoardStore\boards\Xilinx\kcu105\1.6\board.xml as part xcku040-ffva1156-2-e specified in board_part file is either invalid or not available
WARNING: [Board 49-26] cannot add Board Part xilinx.com:kcu105:part0:1.7 available at C:/AMDDesignTools/2025.2/data/xhub/boards\XilinxBoardStore\boards\Xilinx\kcu105\1.7\board.xml as part xcku040-ffva1156-2-e specified in board_part file is either invalid or not available
WARNING: [Board 49-26] cannot add Board Part xilinx.com:kcu116:part0:1.4 available at C:/AMDDesignTools/2025.2/data/xhub/boards\XilinxBoardStore\boards\Xilinx\kcu116\1.4\board.xml as part xcku5p-ffvb676-2-e specified in board_part file is either invalid or not available
WARNING: [Board 49-26] cannot add Board Part xilinx.com:kcu116:part0:1.5 available at C:/AMDDesignTools/2025.2/data/xhub/boards\XilinxBoardStore\boards\Xilinx\kcu116\1.5\board.xml as part xcku5p-ffvb676-2-e specified in board_part file is either invalid or not available
WARNING: [Board 49-26] cannot add Board Part xilinx.com:kcu1500:part0:1.2 available at C:/AMDDesignTools/2025.2/data/xhub/boards\XilinxBoardStore\boards\Xilinx\kcu1500\1.2\board.xml as part xcku115-flvb2104-2-e specified in board_part file is either invalid or not available
WARNING: [Board 49-26] cannot add Board Part xilinx.com:scu35:part0:1.0 available at C:/AMDDesignTools/2025.2/data/xhub/boards\XilinxBoardStore\boards\Xilinx\scu35\1.0\board.xml as part xcsu35p-sbvb625-2-e specified in board_part file is either invalid or not available
WARNING: [Board 49-26] cannot add Board Part xilinx.com:sp701:part0:1.0 available at C:/AMDDesignTools/2025.2/data/xhub/boards\XilinxBoardStore\boards\Xilinx\sp701\1.0\board.xml as part xc7s100fgga676-2 specified in board_part file is either invalid or not available
WARNING: [Board 49-26] cannot add Board Part xilinx.com:sp701:part0:1.1 available at C:/AMDDesignTools/2025.2/data/xhub/boards\XilinxBoardStore\boards\Xilinx\sp701\1.1\board.xml as part xc7s100fgga676-2 specified in board_part file is either invalid or not available
WARNING: [Board 49-26] cannot add Board Part xilinx.com:v80:part0:1.0 available at C:/AMDDesignTools/2025.2/data/xhub/boards\XilinxBoardStore\boards\Xilinx\v80\1.0\board.xml as part xcv80-lsva4737-2mhp-e-s specified in board_part file is either invalid or not available
WARNING: [Board 49-26] cannot add Board Part xilinx.com:vc707:part0:1.4 available at C:/AMDDesignTools/2025.2/data/xhub/boards\XilinxBoardStore\boards\Xilinx\vc707\1.4\board.xml as part xc7vx485tffg1761-2 specified in board_part file is either invalid or not available
WARNING: [Board 49-26] cannot add Board Part xilinx.com:vc707:part0:1.5 available at C:/AMDDesignTools/2025.2/data/xhub/boards\XilinxBoardStore\boards\Xilinx\vc707\1.5\board.xml as part xc7vx485tffg1761-2 specified in board_part file is either invalid or not available
WARNING: [Board 49-26] cannot add Board Part xilinx.com:vc709:part0:1.8 available at C:/AMDDesignTools/2025.2/data/xhub/boards\XilinxBoardStore\boards\Xilinx\vc709\1.8\board.xml as part xc7vx690tffg1761-2 specified in board_part file is either invalid or not available
WARNING: [Board 49-26] cannot add Board Part xilinx.com:vck190:part0:2.2 available at C:/AMDDesignTools/2025.2/data/xhub/boards\XilinxBoardStore\boards\Xilinx\vck190\production\2.2\board.xml as part xcvc1902-vsva2197-2mp-e-s specified in board_part file is either invalid or not available
WARNING: [Board 49-26] cannot add Board Part xilinx.com:vck190:part0:3.0 available at C:/AMDDesignTools/2025.2/data/xhub/boards\XilinxBoardStore\boards\Xilinx\vck190\production\3.0\board.xml as part xcvc1902-vsva2197-2mp-e-s specified in board_part file is either invalid or not available
WARNING: [Board 49-26] cannot add Board Part xilinx.com:vck190:part0:3.1 available at C:/AMDDesignTools/2025.2/data/xhub/boards\XilinxBoardStore\boards\Xilinx\vck190\production\3.1\board.xml as part xcvc1902-vsva2197-2mp-e-s specified in board_part file is either invalid or not available
WARNING: [Board 49-26] cannot add Board Part xilinx.com:vck190:part0:3.2 available at C:/AMDDesignTools/2025.2/data/xhub/boards\XilinxBoardStore\boards\Xilinx\vck190\production\3.2\board.xml as part xcvc1902-vsva2197-2mp-e-s specified in board_part file is either invalid or not available
WARNING: [Board 49-26] cannot add Board Part xilinx.com:vck190:part0:3.3 available at C:/AMDDesignTools/2025.2/data/xhub/boards\XilinxBoardStore\boards\Xilinx\vck190\production\3.3\board.xml as part xcvc1902-vsva2197-2mp-e-s specified in board_part file is either invalid or not available
WARNING: [Board 49-26] cannot add Board Part xilinx.com:vck190:part0:3.4 available at C:/AMDDesignTools/2025.2/data/xhub/boards\XilinxBoardStore\boards\Xilinx\vck190\production\3.4\board.xml as part xcvc1902-vsva2197-2mp-e-s specified in board_part file is either invalid or not available
WARNING: [Board 49-26] cannot add Board Part xilinx.com:vck190_newl:part0:1.0 available at C:/AMDDesignTools/2025.2/data/xhub/boards\XilinxBoardStore\boards\Xilinx\vck190_newl\production\1.0\board.xml as part xcvc1902-vsva2197-2mp-e-s specified in board_part file is either invalid or not available
WARNING: [Board 49-26] cannot add Board Part xilinx.com:vck190_newl:part0:1.1 available at C:/AMDDesignTools/2025.2/data/xhub/boards\XilinxBoardStore\boards\Xilinx\vck190_newl\production\1.1\board.xml as part xcvc1902-vsva2197-2mp-e-s specified in board_part file is either invalid or not available
WARNING: [Board 49-26] cannot add Board Part xilinx.com:vck190_newl:part0:1.2 available at C:/AMDDesignTools/2025.2/data/xhub/boards\XilinxBoardStore\boards\Xilinx\vck190_newl\production\1.2\board.xml as part xcvc1902-vsva2197-2mp-e-s specified in board_part file is either invalid or not available
WARNING: [Board 49-26] cannot add Board Part xilinx.com:vck190_newl:part0:1.3 available at C:/AMDDesignTools/2025.2/data/xhub/boards\XilinxBoardStore\boards\Xilinx\vck190_newl\production\1.3\board.xml as part xcvc1902-vsva2197-2mp-e-s specified in board_part file is either invalid or not available
WARNING: [Board 49-26] cannot add Board Part xilinx.com:vcu108:part0:1.6 available at C:/AMDDesignTools/2025.2/data/xhub/boards\XilinxBoardStore\boards\Xilinx\vcu108\1.6\board.xml as part xcvu095-ffva2104-2-e specified in board_part file is either invalid or not available
WARNING: [Board 49-26] cannot add Board Part xilinx.com:vcu108:part0:1.7 available at C:/AMDDesignTools/2025.2/data/xhub/boards\XilinxBoardStore\boards\Xilinx\vcu108\1.7\board.xml as part xcvu095-ffva2104-2-e specified in board_part file is either invalid or not available
WARNING: [Board 49-26] cannot add Board Part xilinx.com:vcu110:part0:1.4 available at C:/AMDDesignTools/2025.2/data/xhub/boards\XilinxBoardStore\boards\Xilinx\vcu110\1.4\board.xml as part xcvu190-flgc2104-2-e specified in board_part file is either invalid or not available
WARNING: [Board 49-26] cannot add Board Part xilinx.com:vcu118:part0:2.0 available at C:/AMDDesignTools/2025.2/data/xhub/boards\XilinxBoardStore\boards\Xilinx\vcu118\2.0\board.xml as part xcvu9p-flga2104-2l-e specified in board_part file is either invalid or not available
WARNING: [Board 49-26] cannot add Board Part xilinx.com:vcu118:part0:2.3 available at C:/AMDDesignTools/2025.2/data/xhub/boards\XilinxBoardStore\boards\Xilinx\vcu118\2.3\board.xml as part xcvu9p-flga2104-2l-e specified in board_part file is either invalid or not available
WARNING: [Board 49-26] cannot add Board Part xilinx.com:vcu118:part0:2.4 available at C:/AMDDesignTools/2025.2/data/xhub/boards\XilinxBoardStore\boards\Xilinx\vcu118\2.4\board.xml as part xcvu9p-flga2104-2l-e specified in board_part file is either invalid or not available
WARNING: [Board 49-26] cannot add Board Part xilinx.com:vcu128:part0:1.0 available at C:/AMDDesignTools/2025.2/data/xhub/boards\XilinxBoardStore\boards\Xilinx\vcu128\production\1.0\board.xml as part xcvu37p-fsvh2892-2l-e specified in board_part file is either invalid or not available
WARNING: [Board 49-26] cannot add Board Part xilinx.com:vcu129:part0:1.0 available at C:/AMDDesignTools/2025.2/data/xhub/boards\XilinxBoardStore\boards\Xilinx\vcu129\production\1.0\board.xml as part xcvu29p-fsga2577-2l-e specified in board_part file is either invalid or not available
WARNING: [Board 49-26] cannot add Board Part xilinx.com:vcu1525:part0:1.3 available at C:/AMDDesignTools/2025.2/data/xhub/boards\XilinxBoardStore\boards\Xilinx\vcu1525\1.3\board.xml as part xcvu9p-fsgd2104-2l-e specified in board_part file is either invalid or not available
WARNING: [Board 49-26] cannot add Board Part xilinx.com:vek280:part0:1.0 available at C:/AMDDesignTools/2025.2/data/xhub/boards\XilinxBoardStore\boards\Xilinx\vek280\production\1.0\board.xml as part xcve2802-vsvh1760-2mp-e-s specified in board_part file is either invalid or not available
WARNING: [Board 49-26] cannot add Board Part xilinx.com:vek280:part0:1.1 available at C:/AMDDesignTools/2025.2/data/xhub/boards\XilinxBoardStore\boards\Xilinx\vek280\production\1.1\board.xml as part xcve2802-vsvh1760-2mp-e-s specified in board_part file is either invalid or not available
WARNING: [Board 49-26] cannot add Board Part xilinx.com:vek280:part0:1.2 available at C:/AMDDesignTools/2025.2/data/xhub/boards\XilinxBoardStore\boards\Xilinx\vek280\production\1.2\board.xml as part xcve2802-vsvh1760-2mp-e-s specified in board_part file is either invalid or not available
WARNING: [Board 49-26] cannot add Board Part xilinx.com:vek385:part0:1.0 available at C:/AMDDesignTools/2025.2/data/xhub/boards\XilinxBoardStore\boards\Xilinx\vek385\1.0\board.xml as part xc2ve3858-ssva2112-2mp-e-s specified in board_part file is either invalid or not available
WARNING: [Board 49-26] cannot add Board Part xilinx.com:vek385:part0:1.1 available at C:/AMDDesignTools/2025.2/data/xhub/boards\XilinxBoardStore\boards\Xilinx\vek385\1.1\board.xml as part xc2ve3858-ssva2112-2mp-e-s specified in board_part file is either invalid or not available
WARNING: [Board 49-26] cannot add Board Part xilinx.com:vek385_1:part0:1.0 available at C:/AMDDesignTools/2025.2/data/xhub/boards\XilinxBoardStore\boards\Xilinx\vek385_2\1.0\board.xml as part xc2ve3858-ssva2112-2mp-e-s specified in board_part file is either invalid or not available
WARNING: [Board 49-26] cannot add Board Part xilinx.com:vermeo_t1_mpsoc:part0:1.0 available at C:/AMDDesignTools/2025.2/data/xhub/boards\XilinxBoardStore\boards\Xilinx\vermeo_t1_mpsoc\1.0\board.xml as part xczu19eg-ffvd1760-2l-e specified in board_part file is either invalid or not available
WARNING: [Board 49-26] cannot add Board Part xilinx.com:vermeo_t1_rfsoc:part0:1.0 available at C:/AMDDesignTools/2025.2/data/xhub/boards\XilinxBoardStore\boards\Xilinx\vermeo_t1_rfsoc\1.0\board.xml as part xczu21dr-ffvd1156-2l-e specified in board_part file is either invalid or not available
WARNING: [Board 49-26] cannot add Board Part xilinx.com:vhk158:part0:1.0 available at C:/AMDDesignTools/2025.2/data/xhub/boards\XilinxBoardStore\boards\Xilinx\vhk158\production\1.0\board.xml as part xcvh1582-vsva3697-2mp-e-s specified in board_part file is either invalid or not available
WARNING: [Board 49-26] cannot add Board Part xilinx.com:vhk158:part0:1.1 available at C:/AMDDesignTools/2025.2/data/xhub/boards\XilinxBoardStore\boards\Xilinx\vhk158\production\1.1\board.xml as part xcvh1582-vsva3697-2mp-e-s specified in board_part file is either invalid or not available
WARNING: [Board 49-26] cannot add Board Part xilinx.com:vhk158:part0:1.2 available at C:/AMDDesignTools/2025.2/data/xhub/boards\XilinxBoardStore\boards\Xilinx\vhk158\production\1.2\board.xml as part xcvh1582-vsva3697-2mp-e-s specified in board_part file is either invalid or not available
WARNING: [Board 49-26] cannot add Board Part xilinx.com:vmk180:part0:2.2 available at C:/AMDDesignTools/2025.2/data/xhub/boards\XilinxBoardStore\boards\Xilinx\vmk180\production\2.2\board.xml as part xcvm1802-vsva2197-2mp-e-s specified in board_part file is either invalid or not available
WARNING: [Board 49-26] cannot add Board Part xilinx.com:vmk180:part0:3.0 available at C:/AMDDesignTools/2025.2/data/xhub/boards\XilinxBoardStore\boards\Xilinx\vmk180\production\3.0\board.xml as part xcvm1802-vsva2197-2mp-e-s specified in board_part file is either invalid or not available
WARNING: [Board 49-26] cannot add Board Part xilinx.com:vmk180:part0:3.1 available at C:/AMDDesignTools/2025.2/data/xhub/boards\XilinxBoardStore\boards\Xilinx\vmk180\production\3.1\board.xml as part xcvm1802-vsva2197-2mp-e-s specified in board_part file is either invalid or not available
WARNING: [Board 49-26] cannot add Board Part xilinx.com:vmk180:part0:3.2 available at C:/AMDDesignTools/2025.2/data/xhub/boards\XilinxBoardStore\boards\Xilinx\vmk180\production\3.2\board.xml as part xcvm1802-vsva2197-2mp-e-s specified in board_part file is either invalid or not available
WARNING: [Board 49-26] cannot add Board Part xilinx.com:vmk180:part0:3.3 available at C:/AMDDesignTools/2025.2/data/xhub/boards\XilinxBoardStore\boards\Xilinx\vmk180\production\3.3\board.xml as part xcvm1802-vsva2197-2mp-e-s specified in board_part file is either invalid or not available
WARNING: [Board 49-26] cannot add Board Part xilinx.com:vmk180_newl:part0:1.0 available at C:/AMDDesignTools/2025.2/data/xhub/boards\XilinxBoardStore\boards\Xilinx\vmk180_newl\production\1.0\board.xml as part xcvm1802-vsva2197-2mp-e-s specified in board_part file is either invalid or not available
WARNING: [Board 49-26] cannot add Board Part xilinx.com:vmk180_newl:part0:1.1 available at C:/AMDDesignTools/2025.2/data/xhub/boards\XilinxBoardStore\boards\Xilinx\vmk180_newl\production\1.1\board.xml as part xcvm1802-vsva2197-2mp-e-s specified in board_part file is either invalid or not available
WARNING: [Board 49-26] cannot add Board Part xilinx.com:vpk120:part0:1.0 available at C:/AMDDesignTools/2025.2/data/xhub/boards\XilinxBoardStore\boards\Xilinx\vpk120\production\1.0\board.xml as part xcvp1202-vsva2785-2mp-e-s specified in board_part file is either invalid or not available
WARNING: [Board 49-26] cannot add Board Part xilinx.com:vpk120:part0:1.1 available at C:/AMDDesignTools/2025.2/data/xhub/boards\XilinxBoardStore\boards\Xilinx\vpk120\production\1.1\board.xml as part xcvp1202-vsva2785-2mp-e-s specified in board_part file is either invalid or not available
WARNING: [Board 49-26] cannot add Board Part xilinx.com:vpk120:part0:1.2 available at C:/AMDDesignTools/2025.2/data/xhub/boards\XilinxBoardStore\boards\Xilinx\vpk120\production\1.2\board.xml as part xcvp1202-vsva2785-2mp-e-s specified in board_part file is either invalid or not available
WARNING: [Board 49-26] cannot add Board Part xilinx.com:vpk180:part0:1.0 available at C:/AMDDesignTools/2025.2/data/xhub/boards\XilinxBoardStore\boards\Xilinx\vpk180\production\1.0\board.xml as part xcvp1802-lsvc4072-2mp-e-s specified in board_part file is either invalid or not available
WARNING: [Board 49-26] cannot add Board Part xilinx.com:vpk180:part0:1.1 available at C:/AMDDesignTools/2025.2/data/xhub/boards\XilinxBoardStore\boards\Xilinx\vpk180\production\1.1\board.xml as part xcvp1802-lsvc4072-2mp-e-s specified in board_part file is either invalid or not available
WARNING: [Board 49-26] cannot add Board Part xilinx.com:vpk180:part0:1.2 available at C:/AMDDesignTools/2025.2/data/xhub/boards\XilinxBoardStore\boards\Xilinx\vpk180\production\1.2\board.xml as part xcvp1802-lsvc4072-2mp-e-s specified in board_part file is either invalid or not available
WARNING: [Board 49-26] cannot add Board Part xilinx.com:vrk160:part0:1.0 available at C:/AMDDesignTools/2025.2/data/xhub/boards\XilinxBoardStore\boards\Xilinx\vrk160\1.0\board.xml as part xcvr1602-vsva2488-2mp-e-s-es1 specified in board_part file is either invalid or not available
WARNING: [Board 49-26] cannot add Board Part xilinx.com:vrk160:part0:1.1 available at C:/AMDDesignTools/2025.2/data/xhub/boards\XilinxBoardStore\boards\Xilinx\vrk160\1.1\board.xml as part xcvr1602-vsva2488-2mp-e-s-es1 specified in board_part file is either invalid or not available
WARNING: [Board 49-26] cannot add Board Part xilinx.com:zc706:part0:1.4 available at C:/AMDDesignTools/2025.2/data/xhub/boards\XilinxBoardStore\boards\Xilinx\zc706\1.4\board.xml as part xc7z045ffg900-2 specified in board_part file is either invalid or not available
WARNING: [Board 49-26] cannot add Board Part xilinx.com:zc706:part0:1.5 available at C:/AMDDesignTools/2025.2/data/xhub/boards\XilinxBoardStore\boards\Xilinx\zc706\1.5\board.xml as part xc7z045ffg900-2 specified in board_part file is either invalid or not available
WARNING: [Board 49-26] cannot add Board Part xilinx.com:zcu102:part0:3.3 available at C:/AMDDesignTools/2025.2/data/xhub/boards\XilinxBoardStore\boards\Xilinx\zcu102\3.3\board.xml as part xczu9eg-ffvb1156-2-e specified in board_part file is either invalid or not available
WARNING: [Board 49-26] cannot add Board Part xilinx.com:zcu102:part0:3.4 available at C:/AMDDesignTools/2025.2/data/xhub/boards\XilinxBoardStore\boards\Xilinx\zcu102\3.4\board.xml as part xczu9eg-ffvb1156-2-e specified in board_part file is either invalid or not available
WARNING: [Board 49-26] cannot add Board Part xilinx.com:zcu111:part0:1.2 available at C:/AMDDesignTools/2025.2/data/xhub/boards\XilinxBoardStore\boards\Xilinx\zcu111\1.2\board.xml as part xczu28dr-ffvg1517-2-e specified in board_part file is either invalid or not available
WARNING: [Board 49-26] cannot add Board Part xilinx.com:zcu111:part0:1.3 available at C:/AMDDesignTools/2025.2/data/xhub/boards\XilinxBoardStore\boards\Xilinx\zcu111\1.3\board.xml as part xczu28dr-ffvg1517-2-e specified in board_part file is either invalid or not available
WARNING: [Board 49-26] cannot add Board Part xilinx.com:zcu111:part0:1.4 available at C:/AMDDesignTools/2025.2/data/xhub/boards\XilinxBoardStore\boards\Xilinx\zcu111\1.4\board.xml as part xczu28dr-ffvg1517-2-e specified in board_part file is either invalid or not available
WARNING: [Board 49-26] cannot add Board Part xilinx.com:zcu1275:part0:1.0 available at C:/AMDDesignTools/2025.2/data/xhub/boards\XilinxBoardStore\boards\Xilinx\zcu1275\1.0\board.xml as part xczu29dr-ffvf1760-2-e specified in board_part file is either invalid or not available
WARNING: [Board 49-26] cannot add Board Part xilinx.com:zcu1285:part0:1.0 available at C:/AMDDesignTools/2025.2/data/xhub/boards\XilinxBoardStore\boards\Xilinx\zcu1285\1.0\board.xml as part xczu39dr-ffvf1760-2-i specified in board_part file is either invalid or not available
WARNING: [Board 49-26] cannot add Board Part xilinx.com:zcu208:part0:2.0 available at C:/AMDDesignTools/2025.2/data/xhub/boards\XilinxBoardStore\boards\Xilinx\zcu208\production\2.0\board.xml as part xczu48dr-fsvg1517-2-e specified in board_part file is either invalid or not available
WARNING: [Board 49-26] cannot add Board Part xilinx.com:zcu208ld:part0:2.0 available at C:/AMDDesignTools/2025.2/data/xhub/boards\XilinxBoardStore\boards\Xilinx\zcu208ld\production\2.0\board.xml as part xczu58dr-fsvg1517-2-i specified in board_part file is either invalid or not available
WARNING: [Board 49-26] cannot add Board Part xilinx.com:zcu216:part0:2.0 available at C:/AMDDesignTools/2025.2/data/xhub/boards\XilinxBoardStore\boards\Xilinx\zcu216\production\2.0\board.xml as part xczu49dr-ffvf1760-2-e specified in board_part file is either invalid or not available
WARNING: [Board 49-26] cannot add Board Part xilinx.com:zcu216ld:part0:2.0 available at C:/AMDDesignTools/2025.2/data/xhub/boards\XilinxBoardStore\boards\Xilinx\zcu216ld\production\2.0\board.xml as part xczu59dr-ffvf1760-2-i specified in board_part file is either invalid or not available
WARNING: [Board 49-26] cannot add Board Part xilinx.com:zcu670:part0:2.0 available at C:/AMDDesignTools/2025.2/data/xhub/boards\XilinxBoardStore\boards\Xilinx\zcu670\2.0\board.xml as part xczu67dr-fsve1156-2-i specified in board_part file is either invalid or not available
WARNING: [Board 49-26] cannot add Board Part xilinx.com:zcu670ld:part0:1.0 available at C:/AMDDesignTools/2025.2/data/xhub/boards\XilinxBoardStore\boards\Xilinx\zcu670ld\1.0\board.xml as part xczu57dr-fsve1156-2-i specified in board_part file is either invalid or not available
INFO: [Project 1-313] Project file moved from 'C:/Users/henry/Documents/pcam5' since last save.
INFO: [filemgmt 56-1] IP Repository Path: Directory not found as 'C:/FAST-AR/IP'; using path 'C:/Users/henry/Documents/FAST-AR/IP' instead.
Scanning sources...
Finished scanning sources
WARNING: [Board 49-26] cannot add Board Part xilinx.com:ac701:part0:1.4 available at C:/AMDDesignTools/2025.2/data/xhub/boards\XilinxBoardStore\boards\Xilinx\ac701\1.4\board.xml as part xc7a200tfbg676-2 specified in board_part file is either invalid or not available
WARNING: [Board 49-26] cannot add Board Part xilinx.com:emb-plus-vpr-4616:part0:1.0 available at C:/AMDDesignTools/2025.2/data/xhub/boards\XilinxBoardStore\boards\Xilinx\emb-plus-vpr-4616\1.0\board.xml as part xcve2302-sfva784-2mp-e-s specified in board_part file is either invalid or not available
WARNING: [Board 49-26] cannot add Board Part xilinx.com:emb-plus-vpr-4616:part0:1.1 available at C:/AMDDesignTools/2025.2/data/xhub/boards\XilinxBoardStore\boards\Xilinx\emb-plus-vpr-4616\1.1\board.xml as part xcve2302-sfva784-2mp-e-s specified in board_part file is either invalid or not available
WARNING: [Board 49-26] cannot add Board Part xilinx.com:kc705:part0:1.6 available at C:/AMDDesignTools/2025.2/data/xhub/boards\XilinxBoardStore\boards\Xilinx\kc705\1.6\board.xml as part xc7k325tffg900-2 specified in board_part file is either invalid or not available
WARNING: [Board 49-26] cannot add Board Part xilinx.com:kc705:part0:1.7 available at C:/AMDDesignTools/2025.2/data/xhub/boards\XilinxBoardStore\boards\Xilinx\kc705\1.7\board.xml as part xc7k325tffg900-2 specified in board_part file is either invalid or not available
WARNING: [Board 49-26] cannot add Board Part xilinx.com:kcu105:part0:1.6 available at C:/AMDDesignTools/2025.2/data/xhub/boards\XilinxBoardStore\boards\Xilinx\kcu105\1.6\board.xml as part xcku040-ffva1156-2-e specified in board_part file is either invalid or not available
WARNING: [Board 49-26] cannot add Board Part xilinx.com:kcu105:part0:1.7 available at C:/AMDDesignTools/2025.2/data/xhub/boards\XilinxBoardStore\boards\Xilinx\kcu105\1.7\board.xml as part xcku040-ffva1156-2-e specified in board_part file is either invalid or not available
WARNING: [Board 49-26] cannot add Board Part xilinx.com:kcu116:part0:1.4 available at C:/AMDDesignTools/2025.2/data/xhub/boards\XilinxBoardStore\boards\Xilinx\kcu116\1.4\board.xml as part xcku5p-ffvb676-2-e specified in board_part file is either invalid or not available
WARNING: [Board 49-26] cannot add Board Part xilinx.com:kcu116:part0:1.5 available at C:/AMDDesignTools/2025.2/data/xhub/boards\XilinxBoardStore\boards\Xilinx\kcu116\1.5\board.xml as part xcku5p-ffvb676-2-e specified in board_part file is either invalid or not available
WARNING: [Board 49-26] cannot add Board Part xilinx.com:kcu1500:part0:1.2 available at C:/AMDDesignTools/2025.2/data/xhub/boards\XilinxBoardStore\boards\Xilinx\kcu1500\1.2\board.xml as part xcku115-flvb2104-2-e specified in board_part file is either invalid or not available
WARNING: [Board 49-26] cannot add Board Part xilinx.com:scu35:part0:1.0 available at C:/AMDDesignTools/2025.2/data/xhub/boards\XilinxBoardStore\boards\Xilinx\scu35\1.0\board.xml as part xcsu35p-sbvb625-2-e specified in board_part file is either invalid or not available
WARNING: [Board 49-26] cannot add Board Part xilinx.com:sp701:part0:1.0 available at C:/AMDDesignTools/2025.2/data/xhub/boards\XilinxBoardStore\boards\Xilinx\sp701\1.0\board.xml as part xc7s100fgga676-2 specified in board_part file is either invalid or not available
WARNING: [Board 49-26] cannot add Board Part xilinx.com:sp701:part0:1.1 available at C:/AMDDesignTools/2025.2/data/xhub/boards\XilinxBoardStore\boards\Xilinx\sp701\1.1\board.xml as part xc7s100fgga676-2 specified in board_part file is either invalid or not available
WARNING: [Board 49-26] cannot add Board Part xilinx.com:v80:part0:1.0 available at C:/AMDDesignTools/2025.2/data/xhub/boards\XilinxBoardStore\boards\Xilinx\v80\1.0\board.xml as part xcv80-lsva4737-2mhp-e-s specified in board_part file is either invalid or not available
WARNING: [Board 49-26] cannot add Board Part xilinx.com:vc707:part0:1.4 available at C:/AMDDesignTools/2025.2/data/xhub/boards\XilinxBoardStore\boards\Xilinx\vc707\1.4\board.xml as part xc7vx485tffg1761-2 specified in board_part file is either invalid or not available
WARNING: [Board 49-26] cannot add Board Part xilinx.com:vc707:part0:1.5 available at C:/AMDDesignTools/2025.2/data/xhub/boards\XilinxBoardStore\boards\Xilinx\vc707\1.5\board.xml as part xc7vx485tffg1761-2 specified in board_part file is either invalid or not available
WARNING: [Board 49-26] cannot add Board Part xilinx.com:vc709:part0:1.8 available at C:/AMDDesignTools/2025.2/data/xhub/boards\XilinxBoardStore\boards\Xilinx\vc709\1.8\board.xml as part xc7vx690tffg1761-2 specified in board_part file is either invalid or not available
WARNING: [Board 49-26] cannot add Board Part xilinx.com:vck190:part0:2.2 available at C:/AMDDesignTools/2025.2/data/xhub/boards\XilinxBoardStore\boards\Xilinx\vck190\production\2.2\board.xml as part xcvc1902-vsva2197-2mp-e-s specified in board_part file is either invalid or not available
WARNING: [Board 49-26] cannot add Board Part xilinx.com:vck190:part0:3.0 available at C:/AMDDesignTools/2025.2/data/xhub/boards\XilinxBoardStore\boards\Xilinx\vck190\production\3.0\board.xml as part xcvc1902-vsva2197-2mp-e-s specified in board_part file is either invalid or not available
WARNING: [Board 49-26] cannot add Board Part xilinx.com:vck190:part0:3.1 available at C:/AMDDesignTools/2025.2/data/xhub/boards\XilinxBoardStore\boards\Xilinx\vck190\production\3.1\board.xml as part xcvc1902-vsva2197-2mp-e-s specified in board_part file is either invalid or not available
WARNING: [Board 49-26] cannot add Board Part xilinx.com:vck190:part0:3.2 available at C:/AMDDesignTools/2025.2/data/xhub/boards\XilinxBoardStore\boards\Xilinx\vck190\production\3.2\board.xml as part xcvc1902-vsva2197-2mp-e-s specified in board_part file is either invalid or not available
WARNING: [Board 49-26] cannot add Board Part xilinx.com:vck190:part0:3.3 available at C:/AMDDesignTools/2025.2/data/xhub/boards\XilinxBoardStore\boards\Xilinx\vck190\production\3.3\board.xml as part xcvc1902-vsva2197-2mp-e-s specified in board_part file is either invalid or not available
WARNING: [Board 49-26] cannot add Board Part xilinx.com:vck190:part0:3.4 available at C:/AMDDesignTools/2025.2/data/xhub/boards\XilinxBoardStore\boards\Xilinx\vck190\production\3.4\board.xml as part xcvc1902-vsva2197-2mp-e-s specified in board_part file is either invalid or not available
INFO: [Common 17-14] Message 'Board 49-26' appears 100 times and further instances of the messages will be disabled. Use the Tcl command set_msg_config to change the current settings.
INFO: [IP_Flow 19-234] Refreshing IP repositories
INFO: [IP_Flow 19-1700] Loaded user IP repository 'c:/Users/henry/Documents/FAST-AR/IP'.
INFO: [IP_Flow 19-2313] Loaded Vivado IP repository 'C:/AMDDesignTools/2025.2/Vivado/data/ip'.
open_project: Time (s): cpu = 00:00:38 ; elapsed = 00:00:17 . Memory (MB): peak = 1835.891 ; gain = 359.352
update_compile_order -fileset sources_1
reset_run synth_1
INFO: [Project 1-1161] Replacing file C:/pcam5/pcam5.srcs/utils_1/imports/synth_1/pcam_wrapper.dcp with file C:/pcam5/pcam5.runs/synth_1/pcam_wrapper.dcp
launch_runs synth_1 -jobs 16
INFO: [IP_Flow 19-4993] Using cached IP synthesis design for IP pcam_v_demosaic_0_0, cache-ID = b56e97b1daedcdc3; cache size = 49.231 MB.
[Tue Apr  7 14:35:50 2026] Launched pcam_v_demosaic_0_0_synth_1...
Run output will be captured here: C:/pcam5/pcam5.runs/pcam_v_demosaic_0_0_synth_1/runme.log
[Tue Apr  7 14:35:50 2026] Launched synth_1...
Run output will be captured here: C:/pcam5/pcam5.runs/synth_1/runme.log
launch_runs impl_1 -jobs 16
INFO: [IP_Flow 19-4993] Using cached IP synthesis design for IP pcam_v_demosaic_0_0, cache-ID = b56e97b1daedcdc3; cache size = 49.231 MB.
[Tue Apr  7 14:39:16 2026] Launched pcam_v_demosaic_0_0_synth_1...
Run output will be captured here: C:/pcam5/pcam5.runs/pcam_v_demosaic_0_0_synth_1/runme.log
[Tue Apr  7 14:39:16 2026] Launched impl_1...
Run output will be captured here: C:/pcam5/pcam5.runs/impl_1/runme.log
reset_run pcam_v_demosaic_0_0_synth_1
WARNING: [Vivado 12-1017] Problems encountered:
1. Failed to delete one or more files in run directory C:/pcam5/pcam5.runs/pcam_v_demosaic_0_0_synth_1

reset_run synth_1
INFO: [Project 1-1161] Replacing file C:/pcam5/pcam5.srcs/utils_1/imports/synth_1/pcam_wrapper.dcp with file C:/pcam5/pcam5.runs/synth_1/pcam_wrapper.dcp
launch_runs impl_1 -jobs 16
INFO: [IP_Flow 19-4993] Using cached IP synthesis design for IP pcam_v_demosaic_0_0, cache-ID = b56e97b1daedcdc3; cache size = 49.231 MB.
[Tue Apr  7 14:41:34 2026] Launched pcam_v_demosaic_0_0_synth_1, synth_1...
Run output will be captured here:
pcam_v_demosaic_0_0_synth_1: C:/pcam5/pcam5.runs/pcam_v_demosaic_0_0_synth_1/runme.log
synth_1: C:/pcam5/pcam5.runs/synth_1/runme.log
[Tue Apr  7 14:41:34 2026] Launched impl_1...
Run output will be captured here: C:/pcam5/pcam5.runs/impl_1/runme.log
open_bd_design {C:/pcam5/pcam5.srcs/sources_1/bd/pcam/pcam.bd}
Reading block design file <C:/pcam5/pcam5.srcs/sources_1/bd/pcam/pcam.bd>...
Adding component instance block -- xilinx.com:ip:zynq_ultra_ps_e:3.5 - zynq_ultra_ps_e_0
Adding component instance block -- xilinx.com:ip:axi_iic:2.1 - axi_iic_0
Adding component instance block -- xilinx.com:ip:mipi_csi2_rx_subsystem:6.0 - mipi_csi2_rx_subsyst_0
Adding component instance block -- xilinx.com:ip:v_demosaic:1.1 - v_demosaic_0
Adding component instance block -- xilinx.com:ip:clk_wiz:6.0 - clk_wiz_0
Adding component instance block -- xilinx.com:user:downscaler_param:1.0 - downscaler_param_0
Adding component instance block -- xilinx.com:ip:proc_sys_reset:5.0 - sys_rst_vid
Adding component instance block -- xilinx.com:ip:proc_sys_reset:5.0 - sys_rst_csi
Adding component instance block -- xilinx.com:ip:axi_vdma:6.3 - axi_vdma_0
Adding component instance block -- xilinx.com:ip:smartconnect:1.0 - axi_smc
Adding component instance block -- xilinx.com:ip:smartconnect:1.0 - axi_smc_1
Excluding slave segment /zynq_ultra_ps_e_0/SAXIGP0/HPC0_DDR_HIGH from address space /axi_vdma_0/Data_S2MM.
Excluding slave segment /zynq_ultra_ps_e_0/SAXIGP0/HPC0_LPS_OCM from address space /axi_vdma_0/Data_S2MM.
Successfully read diagram <pcam> from block design file <C:/pcam5/pcam5.srcs/sources_1/bd/pcam/pcam.bd>
WARNING: [BD 41-176] The physical port 'dl0_rxinvalidcodehs' specified in the portmap, is not found on the block! 
WARNING: [BD 41-176] The physical port 'dl0_rxulpmesc' specified in the portmap, is not found on the block! 
WARNING: [BD 41-176] The physical port 'dl1_rxinvalidcodehs' specified in the portmap, is not found on the block! 
WARNING: [BD 41-176] The physical port 'dl1_rxulpmesc' specified in the portmap, is not found on the block! 
WARNING: [BD 41-176] The physical port 'dl2_rxinvalidcodehs' specified in the portmap, is not found on the block! 
WARNING: [BD 41-176] The physical port 'dl2_rxulpmesc' specified in the portmap, is not found on the block! 
WARNING: [BD 41-176] The physical port 'dl3_rxulpmesc' specified in the portmap, is not found on the block! 
open_bd_design: Time (s): cpu = 00:00:11 ; elapsed = 00:00:10 . Memory (MB): peak = 2029.395 ; gain = 155.602
set_property location {1 360 -40} [get_bd_cells mipi_csi2_rx_subsyst_0]
set_property location {1 360 -30} [get_bd_cells mipi_csi2_rx_subsyst_0]
set_property location {1 360 -20} [get_bd_cells mipi_csi2_rx_subsyst_0]
set_property location {-10 -120} [get_bd_intf_ports mipi_phy_if_0]
set_property location {-10 -110} [get_bd_intf_ports mipi_phy_if_0]
set_property location {-10 -100} [get_bd_intf_ports mipi_phy_if_0]
set_property location {-10 -90} [get_bd_intf_ports mipi_phy_if_0]
set_property location {-10 -80} [get_bd_intf_ports mipi_phy_if_0]
open_run synth_1 -name synth_1
Design is defaulting to impl run constrset: constrs_1
Design is defaulting to synth run part: xczu3eg-sfvc784-2-e
INFO: [Device 21-403] Loading part xczu3eg-sfvc784-2-e
INFO: [Project 1-5699] Read binary netlist with skipMacroContent - 1
INFO: [Project 1-454] Reading design checkpoint 'c:/pcam5/pcam5.gen/sources_1/bd/pcam/ip/pcam_axi_iic_0_0/pcam_axi_iic_0_0.dcp' for cell 'pcam_i/axi_iic_0'
INFO: [Project 1-454] Reading design checkpoint 'c:/pcam5/pcam5.gen/sources_1/bd/pcam/ip/pcam_axi_smc_0/pcam_axi_smc_0.dcp' for cell 'pcam_i/axi_smc'
INFO: [Project 1-454] Reading design checkpoint 'c:/pcam5/pcam5.gen/sources_1/bd/pcam/ip/pcam_axi_smc_1_0/pcam_axi_smc_1_0.dcp' for cell 'pcam_i/axi_smc_1'
INFO: [Project 1-454] Reading design checkpoint 'c:/pcam5/pcam5.gen/sources_1/bd/pcam/ip/pcam_axi_vdma_0_0/pcam_axi_vdma_0_0.dcp' for cell 'pcam_i/axi_vdma_0'
INFO: [Project 1-454] Reading design checkpoint 'c:/pcam5/pcam5.gen/sources_1/bd/pcam/ip/pcam_clk_wiz_0_0/pcam_clk_wiz_0_0.dcp' for cell 'pcam_i/clk_wiz_0'
INFO: [Project 1-454] Reading design checkpoint 'c:/pcam5/pcam5.gen/sources_1/bd/pcam/ip/pcam_downscaler_param_0_0/pcam_downscaler_param_0_0.dcp' for cell 'pcam_i/downscaler_param_0'
INFO: [Project 1-454] Reading design checkpoint 'c:/pcam5/pcam5.gen/sources_1/bd/pcam/ip/pcam_mipi_csi2_rx_subsyst_0_0/pcam_mipi_csi2_rx_subsyst_0_0.dcp' for cell 'pcam_i/mipi_csi2_rx_subsyst_0'
INFO: [Project 1-454] Reading design checkpoint 'c:/pcam5/pcam5.gen/sources_1/bd/pcam/ip/pcam_proc_sys_reset_1_0/pcam_proc_sys_reset_1_0.dcp' for cell 'pcam_i/sys_rst_csi'
INFO: [Project 1-454] Reading design checkpoint 'c:/pcam5/pcam5.gen/sources_1/bd/pcam/ip/pcam_proc_sys_reset_0_0/pcam_proc_sys_reset_0_0.dcp' for cell 'pcam_i/sys_rst_vid'
INFO: [Project 1-454] Reading design checkpoint 'c:/pcam5/pcam5.gen/sources_1/bd/pcam/ip/pcam_v_demosaic_0_0/pcam_v_demosaic_0_0.dcp' for cell 'pcam_i/v_demosaic_0'
INFO: [Project 1-454] Reading design checkpoint 'c:/pcam5/pcam5.gen/sources_1/bd/pcam/ip/pcam_zynq_ultra_ps_e_0_0/pcam_zynq_ultra_ps_e_0_0.dcp' for cell 'pcam_i/zynq_ultra_ps_e_0'
INFO: [Project 1-454] Reading design checkpoint 'c:/pcam5/pcam5.gen/sources_1/bd/pcam/ip/pcam_mipi_csi2_rx_subsyst_0_0/bd_0/ip/ip_0/bd_c5b0_phy_0.dcp' for cell 'pcam_i/mipi_csi2_rx_subsyst_0/inst/phy'
INFO: [Project 1-454] Reading design checkpoint 'c:/pcam5/pcam5.gen/sources_1/bd/pcam/ip/pcam_mipi_csi2_rx_subsyst_0_0/bd_0/ip/ip_3/bd_c5b0_r_sync_0.dcp' for cell 'pcam_i/mipi_csi2_rx_subsyst_0/inst/r_sync'
INFO: [Project 1-454] Reading design checkpoint 'c:/pcam5/pcam5.gen/sources_1/bd/pcam/ip/pcam_mipi_csi2_rx_subsyst_0_0/bd_0/ip/ip_1/bd_c5b0_rx_0.dcp' for cell 'pcam_i/mipi_csi2_rx_subsyst_0/inst/rx'
INFO: [Project 1-454] Reading design checkpoint 'c:/pcam5/pcam5.gen/sources_1/bd/pcam/ip/pcam_mipi_csi2_rx_subsyst_0_0/bd_0/ip/ip_2/bd_c5b0_vfb_0_0.dcp' for cell 'pcam_i/mipi_csi2_rx_subsyst_0/inst/vfb_0'
Netlist sorting complete. Time (s): cpu = 00:00:00 ; elapsed = 00:00:00.713 . Memory (MB): peak = 3006.488 ; gain = 0.000
INFO: [Netlist 29-17] Analyzing 541 Unisim elements for replacement
INFO: [Netlist 29-28] Unisim Transformation completed in 1 CPU seconds
INFO: [Project 1-479] Netlist was created with Vivado 2025.2
INFO: [Project 1-570] Preparing netlist for logic optimization
WARNING: [Opt 31-32] Removing redundant IBUF since it is not being driven by a top-level port. pcam_i/clk_wiz_0/inst/clkin1_ibuf 
Resolution: The tool has removed redundant IBUF. To resolve this warning, check for redundant IBUF in the input design.
WARNING: [Constraints 18-550] Could not create 'IBUF_LOW_PWR' constraint because net 'pcam_i/clk_wiz_0/clk_in1' is not directly connected to top level port. 'IBUF_LOW_PWR' is ignored for synthesis but preserved for implementation.
Parsing XDC File [c:/pcam5/pcam5.gen/sources_1/bd/pcam/ip/pcam_zynq_ultra_ps_e_0_0/pcam_zynq_ultra_ps_e_0_0.xdc] for cell 'pcam_i/zynq_ultra_ps_e_0/inst'
Finished Parsing XDC File [c:/pcam5/pcam5.gen/sources_1/bd/pcam/ip/pcam_zynq_ultra_ps_e_0_0/pcam_zynq_ultra_ps_e_0_0.xdc] for cell 'pcam_i/zynq_ultra_ps_e_0/inst'
Parsing XDC File [c:/pcam5/pcam5.gen/sources_1/bd/pcam/ip/pcam_axi_iic_0_0/pcam_axi_iic_0_0_board.xdc] for cell 'pcam_i/axi_iic_0/U0'
Finished Parsing XDC File [c:/pcam5/pcam5.gen/sources_1/bd/pcam/ip/pcam_axi_iic_0_0/pcam_axi_iic_0_0_board.xdc] for cell 'pcam_i/axi_iic_0/U0'
Parsing XDC File [c:/pcam5/pcam5.gen/sources_1/bd/pcam/ip/pcam_mipi_csi2_rx_subsyst_0_0/bd_0/ip/ip_0/ip_0/bd_c5b0_phy_0_hssio_rx.xdc] for cell 'pcam_i/mipi_csi2_rx_subsyst_0/inst/phy/inst/inst/bd_c5b0_phy_0_rx_support_i/slave_rx.bd_c5b0_phy_0_rx_hssio_i/inst'
Finished Parsing XDC File [c:/pcam5/pcam5.gen/sources_1/bd/pcam/ip/pcam_mipi_csi2_rx_subsyst_0_0/bd_0/ip/ip_0/ip_0/bd_c5b0_phy_0_hssio_rx.xdc] for cell 'pcam_i/mipi_csi2_rx_subsyst_0/inst/phy/inst/inst/bd_c5b0_phy_0_rx_support_i/slave_rx.bd_c5b0_phy_0_rx_hssio_i/inst'
Parsing XDC File [c:/pcam5/pcam5.gen/sources_1/bd/pcam/ip/pcam_mipi_csi2_rx_subsyst_0_0/bd_0/ip/ip_0/bd_c5b0_phy_0.xdc] for cell 'pcam_i/mipi_csi2_rx_subsyst_0/inst/phy/inst'
Finished Parsing XDC File [c:/pcam5/pcam5.gen/sources_1/bd/pcam/ip/pcam_mipi_csi2_rx_subsyst_0_0/bd_0/ip/ip_0/bd_c5b0_phy_0.xdc] for cell 'pcam_i/mipi_csi2_rx_subsyst_0/inst/phy/inst'
Parsing XDC File [c:/pcam5/pcam5.gen/sources_1/bd/pcam/ip/pcam_mipi_csi2_rx_subsyst_0_0/bd_0/ip/ip_3/bd_c5b0_r_sync_0_board.xdc] for cell 'pcam_i/mipi_csi2_rx_subsyst_0/inst/r_sync/U0'
Finished Parsing XDC File [c:/pcam5/pcam5.gen/sources_1/bd/pcam/ip/pcam_mipi_csi2_rx_subsyst_0_0/bd_0/ip/ip_3/bd_c5b0_r_sync_0_board.xdc] for cell 'pcam_i/mipi_csi2_rx_subsyst_0/inst/r_sync/U0'
Parsing XDC File [c:/pcam5/pcam5.gen/sources_1/bd/pcam/ip/pcam_mipi_csi2_rx_subsyst_0_0/pcam_mipi_csi2_rx_subsyst_0_0_board.xdc] for cell 'pcam_i/mipi_csi2_rx_subsyst_0/inst'
Finished Parsing XDC File [c:/pcam5/pcam5.gen/sources_1/bd/pcam/ip/pcam_mipi_csi2_rx_subsyst_0_0/pcam_mipi_csi2_rx_subsyst_0_0_board.xdc] for cell 'pcam_i/mipi_csi2_rx_subsyst_0/inst'
Parsing XDC File [c:/pcam5/pcam5.gen/sources_1/bd/pcam/ip/pcam_clk_wiz_0_0/pcam_clk_wiz_0_0_board.xdc] for cell 'pcam_i/clk_wiz_0/inst'
Finished Parsing XDC File [c:/pcam5/pcam5.gen/sources_1/bd/pcam/ip/pcam_clk_wiz_0_0/pcam_clk_wiz_0_0_board.xdc] for cell 'pcam_i/clk_wiz_0/inst'
Parsing XDC File [c:/pcam5/pcam5.gen/sources_1/bd/pcam/ip/pcam_clk_wiz_0_0/pcam_clk_wiz_0_0.xdc] for cell 'pcam_i/clk_wiz_0/inst'
INFO: [Timing 38-35] Done setting XDC timing constraints. [c:/pcam5/pcam5.gen/sources_1/bd/pcam/ip/pcam_clk_wiz_0_0/pcam_clk_wiz_0_0.xdc:54]
INFO: [Timing 38-2] Deriving generated clocks [c:/pcam5/pcam5.gen/sources_1/bd/pcam/ip/pcam_clk_wiz_0_0/pcam_clk_wiz_0_0.xdc:54]
Finished Parsing XDC File [c:/pcam5/pcam5.gen/sources_1/bd/pcam/ip/pcam_clk_wiz_0_0/pcam_clk_wiz_0_0.xdc] for cell 'pcam_i/clk_wiz_0/inst'
Parsing XDC File [c:/pcam5/pcam5.gen/sources_1/bd/pcam/ip/pcam_proc_sys_reset_0_0/pcam_proc_sys_reset_0_0_board.xdc] for cell 'pcam_i/sys_rst_vid/U0'
Finished Parsing XDC File [c:/pcam5/pcam5.gen/sources_1/bd/pcam/ip/pcam_proc_sys_reset_0_0/pcam_proc_sys_reset_0_0_board.xdc] for cell 'pcam_i/sys_rst_vid/U0'
Parsing XDC File [c:/pcam5/pcam5.gen/sources_1/bd/pcam/ip/pcam_proc_sys_reset_1_0/pcam_proc_sys_reset_1_0_board.xdc] for cell 'pcam_i/sys_rst_csi/U0'
Finished Parsing XDC File [c:/pcam5/pcam5.gen/sources_1/bd/pcam/ip/pcam_proc_sys_reset_1_0/pcam_proc_sys_reset_1_0_board.xdc] for cell 'pcam_i/sys_rst_csi/U0'
Parsing XDC File [c:/pcam5/pcam5.gen/sources_1/bd/pcam/ip/pcam_axi_vdma_0_0/pcam_axi_vdma_0_0.xdc] for cell 'pcam_i/axi_vdma_0/U0'
Finished Parsing XDC File [c:/pcam5/pcam5.gen/sources_1/bd/pcam/ip/pcam_axi_vdma_0_0/pcam_axi_vdma_0_0.xdc] for cell 'pcam_i/axi_vdma_0/U0'
Parsing XDC File [c:/pcam5/pcam5.gen/sources_1/bd/pcam/ip/pcam_axi_smc_0/bd_0/ip/ip_1/bd_68f8_psr_aclk_0_board.xdc] for cell 'pcam_i/axi_smc/inst/clk_map/psr_aclk/U0'
Finished Parsing XDC File [c:/pcam5/pcam5.gen/sources_1/bd/pcam/ip/pcam_axi_smc_0/bd_0/ip/ip_1/bd_68f8_psr_aclk_0_board.xdc] for cell 'pcam_i/axi_smc/inst/clk_map/psr_aclk/U0'
Parsing XDC File [c:/pcam5/pcam5.gen/sources_1/bd/pcam/ip/pcam_axi_smc_0/smartconnect.xdc] for cell 'pcam_i/axi_smc/inst'
Finished Parsing XDC File [c:/pcam5/pcam5.gen/sources_1/bd/pcam/ip/pcam_axi_smc_0/smartconnect.xdc] for cell 'pcam_i/axi_smc/inst'
Parsing XDC File [c:/pcam5/pcam5.gen/sources_1/bd/pcam/ip/pcam_axi_smc_1_0/bd_0/ip/ip_1/bd_0a2a_psr_aclk_0_board.xdc] for cell 'pcam_i/axi_smc_1/inst/clk_map/psr_aclk/U0'
Finished Parsing XDC File [c:/pcam5/pcam5.gen/sources_1/bd/pcam/ip/pcam_axi_smc_1_0/bd_0/ip/ip_1/bd_0a2a_psr_aclk_0_board.xdc] for cell 'pcam_i/axi_smc_1/inst/clk_map/psr_aclk/U0'
Parsing XDC File [c:/pcam5/pcam5.gen/sources_1/bd/pcam/ip/pcam_axi_smc_1_0/smartconnect.xdc] for cell 'pcam_i/axi_smc_1/inst'
Finished Parsing XDC File [c:/pcam5/pcam5.gen/sources_1/bd/pcam/ip/pcam_axi_smc_1_0/smartconnect.xdc] for cell 'pcam_i/axi_smc_1/inst'
Parsing XDC File [c:/pcam5/pcam5.gen/sources_1/bd/pcam/ip/pcam_mipi_csi2_rx_subsyst_0_0/bd_0/ip/ip_0/bd_c5b0_phy_0_clocks.xdc] for cell 'pcam_i/mipi_csi2_rx_subsyst_0/inst/phy/inst'
Finished Parsing XDC File [c:/pcam5/pcam5.gen/sources_1/bd/pcam/ip/pcam_mipi_csi2_rx_subsyst_0_0/bd_0/ip/ip_0/bd_c5b0_phy_0_clocks.xdc] for cell 'pcam_i/mipi_csi2_rx_subsyst_0/inst/phy/inst'
Parsing XDC File [c:/pcam5/pcam5.gen/sources_1/bd/pcam/ip/pcam_mipi_csi2_rx_subsyst_0_0/pcam_mipi_csi2_rx_subsyst_0_0_fixed_impl.xdc] for cell 'pcam_i/mipi_csi2_rx_subsyst_0/inst'
Finished Parsing XDC File [c:/pcam5/pcam5.gen/sources_1/bd/pcam/ip/pcam_mipi_csi2_rx_subsyst_0_0/pcam_mipi_csi2_rx_subsyst_0_0_fixed_impl.xdc] for cell 'pcam_i/mipi_csi2_rx_subsyst_0/inst'
Parsing XDC File [c:/pcam5/pcam5.gen/sources_1/bd/pcam/ip/pcam_v_demosaic_0_0/pcam_v_demosaic_0_0.xdc] for cell 'pcam_i/v_demosaic_0/inst'
Finished Parsing XDC File [c:/pcam5/pcam5.gen/sources_1/bd/pcam/ip/pcam_v_demosaic_0_0/pcam_v_demosaic_0_0.xdc] for cell 'pcam_i/v_demosaic_0/inst'
Parsing XDC File [c:/pcam5/pcam5.gen/sources_1/bd/pcam/ip/pcam_axi_vdma_0_0/pcam_axi_vdma_0_0_clocks.xdc] for cell 'pcam_i/axi_vdma_0/U0'
Finished Parsing XDC File [c:/pcam5/pcam5.gen/sources_1/bd/pcam/ip/pcam_axi_vdma_0_0/pcam_axi_vdma_0_0_clocks.xdc] for cell 'pcam_i/axi_vdma_0/U0'
WARNING: [XPM_CDC_ARRAY_SINGLE: TCL-1000] The source and destination clocks are the same. 
     Instance: pcam_i/mipi_csi2_rx_subsyst_0/inst/rx/mipi_csi2_rx_ctrl_v1_0_14_top_dut/AXI_LITE.reg_inf/xpm_array_single_01 
  This will add unnecessary latency to the design. Please check the design for the following: 
 1) Manually instantiated XPM_CDC modules: AMD recommends that you remove these modules. 
 2) AMD IP that contains XPM_CDC modules: Verify the connections to the IP to determine whether you can safely ignore this message.
 [C:/AMDDesignTools/2025.2/Vivado/data/ip/xpm/xpm_cdc/tcl/xpm_cdc_array_single.tcl:5]
WARNING: [XPM_CDC_GRAY: TCL-1000] The source and destination clocks are the same. 
     Instance: pcam_i/mipi_csi2_rx_subsyst_0/inst/rx/mipi_csi2_rx_ctrl_v1_0_14_top_dut/AXI_LITE.reg_inf/gen_spkt_fifo/generic_pkt/gnuram_async_fifo.xpm_fifo_base_inst/gen_cdc_pntr.wr_pntr_cdc_inst 
  This will add unnecessary latency to the design. Please check the design for the following: 
 1) Manually instantiated XPM_CDC modules: AMD recommends that you remove these modules. 
 2) AMD IP that contains XPM_CDC modules: Verify the connections to the IP to determine whether you can safely ignore this message.
 [C:/AMDDesignTools/2025.2/Vivado/data/ip/xpm/xpm_cdc/tcl/xpm_cdc_gray.tcl:16]
WARNING: [XPM_CDC_GRAY: TCL-1000] The source and destination clocks are the same. 
     Instance: pcam_i/mipi_csi2_rx_subsyst_0/inst/rx/mipi_csi2_rx_ctrl_v1_0_14_top_dut/AXI_LITE.reg_inf/gen_spkt_fifo/generic_pkt/gnuram_async_fifo.xpm_fifo_base_inst/gen_cdc_pntr.rd_pntr_cdc_inst 
  This will add unnecessary latency to the design. Please check the design for the following: 
 1) Manually instantiated XPM_CDC modules: AMD recommends that you remove these modules. 
 2) AMD IP that contains XPM_CDC modules: Verify the connections to the IP to determine whether you can safely ignore this message.
 [C:/AMDDesignTools/2025.2/Vivado/data/ip/xpm/xpm_cdc/tcl/xpm_cdc_gray.tcl:16]
WARNING: [XPM_CDC_GRAY: TCL-1000] The source and destination clocks are the same. 
     Instance: pcam_i/mipi_csi2_rx_subsyst_0/inst/rx/mipi_csi2_rx_ctrl_v1_0_14_top_dut/AXI_LITE.reg_inf/gen_spkt_fifo/generic_pkt/gnuram_async_fifo.xpm_fifo_base_inst/gen_cdc_pntr.wr_pntr_cdc_dc_inst 
  This will add unnecessary latency to the design. Please check the design for the following: 
 1) Manually instantiated XPM_CDC modules: AMD recommends that you remove these modules. 
 2) AMD IP that contains XPM_CDC modules: Verify the connections to the IP to determine whether you can safely ignore this message.
 [C:/AMDDesignTools/2025.2/Vivado/data/ip/xpm/xpm_cdc/tcl/xpm_cdc_gray.tcl:16]
WARNING: [XPM_CDC_GRAY: TCL-1000] The source and destination clocks are the same. 
     Instance: pcam_i/mipi_csi2_rx_subsyst_0/inst/rx/mipi_csi2_rx_ctrl_v1_0_14_top_dut/AXI_LITE.reg_inf/gen_spkt_fifo/generic_pkt/gnuram_async_fifo.xpm_fifo_base_inst/gen_cdc_pntr.rd_pntr_cdc_dc_inst 
  This will add unnecessary latency to the design. Please check the design for the following: 
 1) Manually instantiated XPM_CDC modules: AMD recommends that you remove these modules. 
 2) AMD IP that contains XPM_CDC modules: Verify the connections to the IP to determine whether you can safely ignore this message.
 [C:/AMDDesignTools/2025.2/Vivado/data/ip/xpm/xpm_cdc/tcl/xpm_cdc_gray.tcl:16]
WARNING: [XPM_CDC_HANDSHAKE: TCL-1000] The source and destination clocks are the same. 
     Instance: pcam_i/mipi_csi2_rx_subsyst_0/inst/rx/mipi_csi2_rx_ctrl_v1_0_14_top_dut/AXI_LITE.isr_cdc/HSC2R_CDC[44].hsc2r_bus_cdc 
  This will add unnecessary latency to the design. Please check the design for the following: 
 1) Manually instantiated XPM_CDC modules: AMD recommends that you remove these modules. 
 2) AMD IP that contains XPM_CDC modules: Verify the connections to the IP to determine whether you can safely ignore this message.
 [C:/AMDDesignTools/2025.2/Vivado/data/ip/xpm/xpm_cdc/tcl/xpm_cdc_handshake.tcl:19]
WARNING: [XPM_CDC_HANDSHAKE: TCL-1000] The source and destination clocks are the same. 
     Instance: pcam_i/mipi_csi2_rx_subsyst_0/inst/rx/mipi_csi2_rx_ctrl_v1_0_14_top_dut/AXI_LITE.isr_cdc/HSC2R_CDC[0].hsc2r_bus_cdc 
  This will add unnecessary latency to the design. Please check the design for the following: 
 1) Manually instantiated XPM_CDC modules: AMD recommends that you remove these modules. 
 2) AMD IP that contains XPM_CDC modules: Verify the connections to the IP to determine whether you can safely ignore this message.
 [C:/AMDDesignTools/2025.2/Vivado/data/ip/xpm/xpm_cdc/tcl/xpm_cdc_handshake.tcl:19]
WARNING: [XPM_CDC_HANDSHAKE: TCL-1000] The source and destination clocks are the same. 
     Instance: pcam_i/mipi_csi2_rx_subsyst_0/inst/rx/mipi_csi2_rx_ctrl_v1_0_14_top_dut/AXI_LITE.isr_cdc/HSC2R_CDC[9].hsc2r_bus_cdc 
  This will add unnecessary latency to the design. Please check the design for the following: 
 1) Manually instantiated XPM_CDC modules: AMD recommends that you remove these modules. 
 2) AMD IP that contains XPM_CDC modules: Verify the connections to the IP to determine whether you can safely ignore this message.
 [C:/AMDDesignTools/2025.2/Vivado/data/ip/xpm/xpm_cdc/tcl/xpm_cdc_handshake.tcl:19]
WARNING: [XPM_CDC_HANDSHAKE: TCL-1000] The source and destination clocks are the same. 
     Instance: pcam_i/mipi_csi2_rx_subsyst_0/inst/rx/mipi_csi2_rx_ctrl_v1_0_14_top_dut/AXI_LITE.isr_cdc/HSC2R_CDC[10].hsc2r_bus_cdc 
  This will add unnecessary latency to the design. Please check the design for the following: 
 1) Manually instantiated XPM_CDC modules: AMD recommends that you remove these modules. 
 2) AMD IP that contains XPM_CDC modules: Verify the connections to the IP to determine whether you can safely ignore this message.
 [C:/AMDDesignTools/2025.2/Vivado/data/ip/xpm/xpm_cdc/tcl/xpm_cdc_handshake.tcl:19]
WARNING: [XPM_CDC_HANDSHAKE: TCL-1000] The source and destination clocks are the same. 
     Instance: pcam_i/mipi_csi2_rx_subsyst_0/inst/rx/mipi_csi2_rx_ctrl_v1_0_14_top_dut/AXI_LITE.isr_cdc/HSC2R_CDC[11].hsc2r_bus_cdc 
  This will add unnecessary latency to the design. Please check the design for the following: 
 1) Manually instantiated XPM_CDC modules: AMD recommends that you remove these modules. 
 2) AMD IP that contains XPM_CDC modules: Verify the connections to the IP to determine whether you can safely ignore this message.
 [C:/AMDDesignTools/2025.2/Vivado/data/ip/xpm/xpm_cdc/tcl/xpm_cdc_handshake.tcl:19]
WARNING: [XPM_CDC_HANDSHAKE: TCL-1000] The source and destination clocks are the same. 
     Instance: pcam_i/mipi_csi2_rx_subsyst_0/inst/rx/mipi_csi2_rx_ctrl_v1_0_14_top_dut/AXI_LITE.isr_cdc/HSC2R_CDC[12].hsc2r_bus_cdc 
  This will add unnecessary latency to the design. Please check the design for the following: 
 1) Manually instantiated XPM_CDC modules: AMD recommends that you remove these modules. 
 2) AMD IP that contains XPM_CDC modules: Verify the connections to the IP to determine whether you can safely ignore this message.
 [C:/AMDDesignTools/2025.2/Vivado/data/ip/xpm/xpm_cdc/tcl/xpm_cdc_handshake.tcl:19]
WARNING: [XPM_CDC_HANDSHAKE: TCL-1000] The source and destination clocks are the same. 
     Instance: pcam_i/mipi_csi2_rx_subsyst_0/inst/rx/mipi_csi2_rx_ctrl_v1_0_14_top_dut/AXI_LITE.isr_cdc/HSC2R_CDC[13].hsc2r_bus_cdc 
  This will add unnecessary latency to the design. Please check the design for the following: 
 1) Manually instantiated XPM_CDC modules: AMD recommends that you remove these modules. 
 2) AMD IP that contains XPM_CDC modules: Verify the connections to the IP to determine whether you can safely ignore this message.
 [C:/AMDDesignTools/2025.2/Vivado/data/ip/xpm/xpm_cdc/tcl/xpm_cdc_handshake.tcl:19]
WARNING: [XPM_CDC_HANDSHAKE: TCL-1000] The source and destination clocks are the same. 
     Instance: pcam_i/mipi_csi2_rx_subsyst_0/inst/rx/mipi_csi2_rx_ctrl_v1_0_14_top_dut/AXI_LITE.isr_cdc/HSC2R_CDC[14].hsc2r_bus_cdc 
  This will add unnecessary latency to the design. Please check the design for the following: 
 1) Manually instantiated XPM_CDC modules: AMD recommends that you remove these modules. 
 2) AMD IP that contains XPM_CDC modules: Verify the connections to the IP to determine whether you can safely ignore this message.
 [C:/AMDDesignTools/2025.2/Vivado/data/ip/xpm/xpm_cdc/tcl/xpm_cdc_handshake.tcl:19]
WARNING: [XPM_CDC_HANDSHAKE: TCL-1000] The source and destination clocks are the same. 
     Instance: pcam_i/mipi_csi2_rx_subsyst_0/inst/rx/mipi_csi2_rx_ctrl_v1_0_14_top_dut/AXI_LITE.isr_cdc/HSC2R_CDC[15].hsc2r_bus_cdc 
  This will add unnecessary latency to the design. Please check the design for the following: 
 1) Manually instantiated XPM_CDC modules: AMD recommends that you remove these modules. 
 2) AMD IP that contains XPM_CDC modules: Verify the connections to the IP to determine whether you can safely ignore this message.
 [C:/AMDDesignTools/2025.2/Vivado/data/ip/xpm/xpm_cdc/tcl/xpm_cdc_handshake.tcl:19]
WARNING: [XPM_CDC_HANDSHAKE: TCL-1000] The source and destination clocks are the same. 
     Instance: pcam_i/mipi_csi2_rx_subsyst_0/inst/rx/mipi_csi2_rx_ctrl_v1_0_14_top_dut/AXI_LITE.isr_cdc/HSC2R_CDC[16].hsc2r_bus_cdc 
  This will add unnecessary latency to the design. Please check the design for the following: 
 1) Manually instantiated XPM_CDC modules: AMD recommends that you remove these modules. 
 2) AMD IP that contains XPM_CDC modules: Verify the connections to the IP to determine whether you can safely ignore this message.
 [C:/AMDDesignTools/2025.2/Vivado/data/ip/xpm/xpm_cdc/tcl/xpm_cdc_handshake.tcl:19]
WARNING: [XPM_CDC_HANDSHAKE: TCL-1000] The source and destination clocks are the same. 
     Instance: pcam_i/mipi_csi2_rx_subsyst_0/inst/rx/mipi_csi2_rx_ctrl_v1_0_14_top_dut/AXI_LITE.isr_cdc/HSC2R_CDC[17].hsc2r_bus_cdc 
  This will add unnecessary latency to the design. Please check the design for the following: 
 1) Manually instantiated XPM_CDC modules: AMD recommends that you remove these modules. 
 2) AMD IP that contains XPM_CDC modules: Verify the connections to the IP to determine whether you can safely ignore this message.
 [C:/AMDDesignTools/2025.2/Vivado/data/ip/xpm/xpm_cdc/tcl/xpm_cdc_handshake.tcl:19]
WARNING: [XPM_CDC_HANDSHAKE: TCL-1000] The source and destination clocks are the same. 
     Instance: pcam_i/mipi_csi2_rx_subsyst_0/inst/rx/mipi_csi2_rx_ctrl_v1_0_14_top_dut/AXI_LITE.isr_cdc/HSC2R_CDC[18].hsc2r_bus_cdc 
  This will add unnecessary latency to the design. Please check the design for the following: 
 1) Manually instantiated XPM_CDC modules: AMD recommends that you remove these modules. 
 2) AMD IP that contains XPM_CDC modules: Verify the connections to the IP to determine whether you can safely ignore this message.
 [C:/AMDDesignTools/2025.2/Vivado/data/ip/xpm/xpm_cdc/tcl/xpm_cdc_handshake.tcl:19]
WARNING: [XPM_CDC_HANDSHAKE: TCL-1000] The source and destination clocks are the same. 
     Instance: pcam_i/mipi_csi2_rx_subsyst_0/inst/rx/mipi_csi2_rx_ctrl_v1_0_14_top_dut/AXI_LITE.isr_cdc/HSC2R_CDC[1].hsc2r_bus_cdc 
  This will add unnecessary latency to the design. Please check the design for the following: 
 1) Manually instantiated XPM_CDC modules: AMD recommends that you remove these modules. 
 2) AMD IP that contains XPM_CDC modules: Verify the connections to the IP to determine whether you can safely ignore this message.
 [C:/AMDDesignTools/2025.2/Vivado/data/ip/xpm/xpm_cdc/tcl/xpm_cdc_handshake.tcl:19]
WARNING: [XPM_CDC_HANDSHAKE: TCL-1000] The source and destination clocks are the same. 
     Instance: pcam_i/mipi_csi2_rx_subsyst_0/inst/rx/mipi_csi2_rx_ctrl_v1_0_14_top_dut/AXI_LITE.isr_cdc/HSC2R_CDC[19].hsc2r_bus_cdc 
  This will add unnecessary latency to the design. Please check the design for the following: 
 1) Manually instantiated XPM_CDC modules: AMD recommends that you remove these modules. 
 2) AMD IP that contains XPM_CDC modules: Verify the connections to the IP to determine whether you can safely ignore this message.
 [C:/AMDDesignTools/2025.2/Vivado/data/ip/xpm/xpm_cdc/tcl/xpm_cdc_handshake.tcl:19]
WARNING: [XPM_CDC_HANDSHAKE: TCL-1000] The source and destination clocks are the same. 
     Instance: pcam_i/mipi_csi2_rx_subsyst_0/inst/rx/mipi_csi2_rx_ctrl_v1_0_14_top_dut/AXI_LITE.isr_cdc/HSC2R_CDC[20].hsc2r_bus_cdc 
  This will add unnecessary latency to the design. Please check the design for the following: 
 1) Manually instantiated XPM_CDC modules: AMD recommends that you remove these modules. 
 2) AMD IP that contains XPM_CDC modules: Verify the connections to the IP to determine whether you can safely ignore this message.
 [C:/AMDDesignTools/2025.2/Vivado/data/ip/xpm/xpm_cdc/tcl/xpm_cdc_handshake.tcl:19]
WARNING: [XPM_CDC_HANDSHAKE: TCL-1000] The source and destination clocks are the same. 
     Instance: pcam_i/mipi_csi2_rx_subsyst_0/inst/rx/mipi_csi2_rx_ctrl_v1_0_14_top_dut/AXI_LITE.isr_cdc/HSC2R_CDC[21].hsc2r_bus_cdc 
  This will add unnecessary latency to the design. Please check the design for the following: 
 1) Manually instantiated XPM_CDC modules: AMD recommends that you remove these modules. 
 2) AMD IP that contains XPM_CDC modules: Verify the connections to the IP to determine whether you can safely ignore this message.
 [C:/AMDDesignTools/2025.2/Vivado/data/ip/xpm/xpm_cdc/tcl/xpm_cdc_handshake.tcl:19]
WARNING: [XPM_CDC_HANDSHAKE: TCL-1000] The source and destination clocks are the same. 
     Instance: pcam_i/mipi_csi2_rx_subsyst_0/inst/rx/mipi_csi2_rx_ctrl_v1_0_14_top_dut/AXI_LITE.isr_cdc/HSC2R_CDC[22].hsc2r_bus_cdc 
  This will add unnecessary latency to the design. Please check the design for the following: 
 1) Manually instantiated XPM_CDC modules: AMD recommends that you remove these modules. 
 2) AMD IP that contains XPM_CDC modules: Verify the connections to the IP to determine whether you can safely ignore this message.
 [C:/AMDDesignTools/2025.2/Vivado/data/ip/xpm/xpm_cdc/tcl/xpm_cdc_handshake.tcl:19]
WARNING: [XPM_CDC_HANDSHAKE: TCL-1000] The source and destination clocks are the same. 
     Instance: pcam_i/mipi_csi2_rx_subsyst_0/inst/rx/mipi_csi2_rx_ctrl_v1_0_14_top_dut/AXI_LITE.isr_cdc/HSC2R_CDC[23].hsc2r_bus_cdc 
  This will add unnecessary latency to the design. Please check the design for the following: 
 1) Manually instantiated XPM_CDC modules: AMD recommends that you remove these modules. 
 2) AMD IP that contains XPM_CDC modules: Verify the connections to the IP to determine whether you can safely ignore this message.
 [C:/AMDDesignTools/2025.2/Vivado/data/ip/xpm/xpm_cdc/tcl/xpm_cdc_handshake.tcl:19]
WARNING: [XPM_CDC_HANDSHAKE: TCL-1000] The source and destination clocks are the same. 
     Instance: pcam_i/mipi_csi2_rx_subsyst_0/inst/rx/mipi_csi2_rx_ctrl_v1_0_14_top_dut/AXI_LITE.isr_cdc/HSC2R_CDC[24].hsc2r_bus_cdc 
  This will add unnecessary latency to the design. Please check the design for the following: 
 1) Manually instantiated XPM_CDC modules: AMD recommends that you remove these modules. 
 2) AMD IP that contains XPM_CDC modules: Verify the connections to the IP to determine whether you can safely ignore this message.
 [C:/AMDDesignTools/2025.2/Vivado/data/ip/xpm/xpm_cdc/tcl/xpm_cdc_handshake.tcl:19]
WARNING: [XPM_CDC_HANDSHAKE: TCL-1000] The source and destination clocks are the same. 
     Instance: pcam_i/mipi_csi2_rx_subsyst_0/inst/rx/mipi_csi2_rx_ctrl_v1_0_14_top_dut/AXI_LITE.isr_cdc/HSC2R_CDC[25].hsc2r_bus_cdc 
  This will add unnecessary latency to the design. Please check the design for the following: 
 1) Manually instantiated XPM_CDC modules: AMD recommends that you remove these modules. 
 2) AMD IP that contains XPM_CDC modules: Verify the connections to the IP to determine whether you can safely ignore this message.
 [C:/AMDDesignTools/2025.2/Vivado/data/ip/xpm/xpm_cdc/tcl/xpm_cdc_handshake.tcl:19]
WARNING: [XPM_CDC_HANDSHAKE: TCL-1000] The source and destination clocks are the same. 
     Instance: pcam_i/mipi_csi2_rx_subsyst_0/inst/rx/mipi_csi2_rx_ctrl_v1_0_14_top_dut/AXI_LITE.isr_cdc/HSC2R_CDC[26].hsc2r_bus_cdc 
  This will add unnecessary latency to the design. Please check the design for the following: 
 1) Manually instantiated XPM_CDC modules: AMD recommends that you remove these modules. 
 2) AMD IP that contains XPM_CDC modules: Verify the connections to the IP to determine whether you can safely ignore this message.
 [C:/AMDDesignTools/2025.2/Vivado/data/ip/xpm/xpm_cdc/tcl/xpm_cdc_handshake.tcl:19]
WARNING: [XPM_CDC_HANDSHAKE: TCL-1000] The source and destination clocks are the same. 
     Instance: pcam_i/mipi_csi2_rx_subsyst_0/inst/rx/mipi_csi2_rx_ctrl_v1_0_14_top_dut/AXI_LITE.isr_cdc/HSC2R_CDC[27].hsc2r_bus_cdc 
  This will add unnecessary latency to the design. Please check the design for the following: 
 1) Manually instantiated XPM_CDC modules: AMD recommends that you remove these modules. 
 2) AMD IP that contains XPM_CDC modules: Verify the connections to the IP to determine whether you can safely ignore this message.
 [C:/AMDDesignTools/2025.2/Vivado/data/ip/xpm/xpm_cdc/tcl/xpm_cdc_handshake.tcl:19]
WARNING: [XPM_CDC_HANDSHAKE: TCL-1000] The source and destination clocks are the same. 
     Instance: pcam_i/mipi_csi2_rx_subsyst_0/inst/rx/mipi_csi2_rx_ctrl_v1_0_14_top_dut/AXI_LITE.isr_cdc/HSC2R_CDC[28].hsc2r_bus_cdc 
  This will add unnecessary latency to the design. Please check the design for the following: 
 1) Manually instantiated XPM_CDC modules: AMD recommends that you remove these modules. 
 2) AMD IP that contains XPM_CDC modules: Verify the connections to the IP to determine whether you can safely ignore this message.
 [C:/AMDDesignTools/2025.2/Vivado/data/ip/xpm/xpm_cdc/tcl/xpm_cdc_handshake.tcl:19]
WARNING: [XPM_CDC_HANDSHAKE: TCL-1000] The source and destination clocks are the same. 
     Instance: pcam_i/mipi_csi2_rx_subsyst_0/inst/rx/mipi_csi2_rx_ctrl_v1_0_14_top_dut/AXI_LITE.isr_cdc/HSC2R_CDC[2].hsc2r_bus_cdc 
  This will add unnecessary latency to the design. Please check the design for the following: 
 1) Manually instantiated XPM_CDC modules: AMD recommends that you remove these modules. 
 2) AMD IP that contains XPM_CDC modules: Verify the connections to the IP to determine whether you can safely ignore this message.
 [C:/AMDDesignTools/2025.2/Vivado/data/ip/xpm/xpm_cdc/tcl/xpm_cdc_handshake.tcl:19]
WARNING: [XPM_CDC_HANDSHAKE: TCL-1000] The source and destination clocks are the same. 
     Instance: pcam_i/mipi_csi2_rx_subsyst_0/inst/rx/mipi_csi2_rx_ctrl_v1_0_14_top_dut/AXI_LITE.isr_cdc/HSC2R_CDC[29].hsc2r_bus_cdc 
  This will add unnecessary latency to the design. Please check the design for the following: 
 1) Manually instantiated XPM_CDC modules: AMD recommends that you remove these modules. 
 2) AMD IP that contains XPM_CDC modules: Verify the connections to the IP to determine whether you can safely ignore this message.
 [C:/AMDDesignTools/2025.2/Vivado/data/ip/xpm/xpm_cdc/tcl/xpm_cdc_handshake.tcl:19]
WARNING: [XPM_CDC_HANDSHAKE: TCL-1000] The source and destination clocks are the same. 
     Instance: pcam_i/mipi_csi2_rx_subsyst_0/inst/rx/mipi_csi2_rx_ctrl_v1_0_14_top_dut/AXI_LITE.isr_cdc/HSC2R_CDC[30].hsc2r_bus_cdc 
  This will add unnecessary latency to the design. Please check the design for the following: 
 1) Manually instantiated XPM_CDC modules: AMD recommends that you remove these modules. 
 2) AMD IP that contains XPM_CDC modules: Verify the connections to the IP to determine whether you can safely ignore this message.
 [C:/AMDDesignTools/2025.2/Vivado/data/ip/xpm/xpm_cdc/tcl/xpm_cdc_handshake.tcl:19]
WARNING: [XPM_CDC_HANDSHAKE: TCL-1000] The source and destination clocks are the same. 
     Instance: pcam_i/mipi_csi2_rx_subsyst_0/inst/rx/mipi_csi2_rx_ctrl_v1_0_14_top_dut/AXI_LITE.isr_cdc/HSC2R_CDC[31].hsc2r_bus_cdc 
  This will add unnecessary latency to the design. Please check the design for the following: 
 1) Manually instantiated XPM_CDC modules: AMD recommends that you remove these modules. 
 2) AMD IP that contains XPM_CDC modules: Verify the connections to the IP to determine whether you can safely ignore this message.
 [C:/AMDDesignTools/2025.2/Vivado/data/ip/xpm/xpm_cdc/tcl/xpm_cdc_handshake.tcl:19]
WARNING: [XPM_CDC_HANDSHAKE: TCL-1000] The source and destination clocks are the same. 
     Instance: pcam_i/mipi_csi2_rx_subsyst_0/inst/rx/mipi_csi2_rx_ctrl_v1_0_14_top_dut/AXI_LITE.isr_cdc/HSC2R_CDC[32].hsc2r_bus_cdc 
  This will add unnecessary latency to the design. Please check the design for the following: 
 1) Manually instantiated XPM_CDC modules: AMD recommends that you remove these modules. 
 2) AMD IP that contains XPM_CDC modules: Verify the connections to the IP to determine whether you can safely ignore this message.
 [C:/AMDDesignTools/2025.2/Vivado/data/ip/xpm/xpm_cdc/tcl/xpm_cdc_handshake.tcl:19]
WARNING: [XPM_CDC_HANDSHAKE: TCL-1000] The source and destination clocks are the same. 
     Instance: pcam_i/mipi_csi2_rx_subsyst_0/inst/rx/mipi_csi2_rx_ctrl_v1_0_14_top_dut/AXI_LITE.isr_cdc/HSC2R_CDC[33].hsc2r_bus_cdc 
  This will add unnecessary latency to the design. Please check the design for the following: 
 1) Manually instantiated XPM_CDC modules: AMD recommends that you remove these modules. 
 2) AMD IP that contains XPM_CDC modules: Verify the connections to the IP to determine whether you can safely ignore this message.
 [C:/AMDDesignTools/2025.2/Vivado/data/ip/xpm/xpm_cdc/tcl/xpm_cdc_handshake.tcl:19]
WARNING: [XPM_CDC_HANDSHAKE: TCL-1000] The source and destination clocks are the same. 
     Instance: pcam_i/mipi_csi2_rx_subsyst_0/inst/rx/mipi_csi2_rx_ctrl_v1_0_14_top_dut/AXI_LITE.isr_cdc/HSC2R_CDC[34].hsc2r_bus_cdc 
  This will add unnecessary latency to the design. Please check the design for the following: 
 1) Manually instantiated XPM_CDC modules: AMD recommends that you remove these modules. 
 2) AMD IP that contains XPM_CDC modules: Verify the connections to the IP to determine whether you can safely ignore this message.
 [C:/AMDDesignTools/2025.2/Vivado/data/ip/xpm/xpm_cdc/tcl/xpm_cdc_handshake.tcl:19]
WARNING: [XPM_CDC_HANDSHAKE: TCL-1000] The source and destination clocks are the same. 
     Instance: pcam_i/mipi_csi2_rx_subsyst_0/inst/rx/mipi_csi2_rx_ctrl_v1_0_14_top_dut/AXI_LITE.isr_cdc/HSC2R_CDC[35].hsc2r_bus_cdc 
  This will add unnecessary latency to the design. Please check the design for the following: 
 1) Manually instantiated XPM_CDC modules: AMD recommends that you remove these modules. 
 2) AMD IP that contains XPM_CDC modules: Verify the connections to the IP to determine whether you can safely ignore this message.
 [C:/AMDDesignTools/2025.2/Vivado/data/ip/xpm/xpm_cdc/tcl/xpm_cdc_handshake.tcl:19]
WARNING: [XPM_CDC_HANDSHAKE: TCL-1000] The source and destination clocks are the same. 
     Instance: pcam_i/mipi_csi2_rx_subsyst_0/inst/rx/mipi_csi2_rx_ctrl_v1_0_14_top_dut/AXI_LITE.isr_cdc/HSC2R_CDC[36].hsc2r_bus_cdc 
  This will add unnecessary latency to the design. Please check the design for the following: 
 1) Manually instantiated XPM_CDC modules: AMD recommends that you remove these modules. 
 2) AMD IP that contains XPM_CDC modules: Verify the connections to the IP to determine whether you can safely ignore this message.
 [C:/AMDDesignTools/2025.2/Vivado/data/ip/xpm/xpm_cdc/tcl/xpm_cdc_handshake.tcl:19]
WARNING: [XPM_CDC_HANDSHAKE: TCL-1000] The source and destination clocks are the same. 
     Instance: pcam_i/mipi_csi2_rx_subsyst_0/inst/rx/mipi_csi2_rx_ctrl_v1_0_14_top_dut/AXI_LITE.isr_cdc/HSC2R_CDC[37].hsc2r_bus_cdc 
  This will add unnecessary latency to the design. Please check the design for the following: 
 1) Manually instantiated XPM_CDC modules: AMD recommends that you remove these modules. 
 2) AMD IP that contains XPM_CDC modules: Verify the connections to the IP to determine whether you can safely ignore this message.
 [C:/AMDDesignTools/2025.2/Vivado/data/ip/xpm/xpm_cdc/tcl/xpm_cdc_handshake.tcl:19]
WARNING: [XPM_CDC_HANDSHAKE: TCL-1000] The source and destination clocks are the same. 
     Instance: pcam_i/mipi_csi2_rx_subsyst_0/inst/rx/mipi_csi2_rx_ctrl_v1_0_14_top_dut/AXI_LITE.isr_cdc/HSC2R_CDC[38].hsc2r_bus_cdc 
  This will add unnecessary latency to the design. Please check the design for the following: 
 1) Manually instantiated XPM_CDC modules: AMD recommends that you remove these modules. 
 2) AMD IP that contains XPM_CDC modules: Verify the connections to the IP to determine whether you can safely ignore this message.
 [C:/AMDDesignTools/2025.2/Vivado/data/ip/xpm/xpm_cdc/tcl/xpm_cdc_handshake.tcl:19]
WARNING: [XPM_CDC_HANDSHAKE: TCL-1000] The source and destination clocks are the same. 
     Instance: pcam_i/mipi_csi2_rx_subsyst_0/inst/rx/mipi_csi2_rx_ctrl_v1_0_14_top_dut/AXI_LITE.isr_cdc/HSC2R_CDC[3].hsc2r_bus_cdc 
  This will add unnecessary latency to the design. Please check the design for the following: 
 1) Manually instantiated XPM_CDC modules: AMD recommends that you remove these modules. 
 2) AMD IP that contains XPM_CDC modules: Verify the connections to the IP to determine whether you can safely ignore this message.
 [C:/AMDDesignTools/2025.2/Vivado/data/ip/xpm/xpm_cdc/tcl/xpm_cdc_handshake.tcl:19]
WARNING: [XPM_CDC_HANDSHAKE: TCL-1000] The source and destination clocks are the same. 
     Instance: pcam_i/mipi_csi2_rx_subsyst_0/inst/rx/mipi_csi2_rx_ctrl_v1_0_14_top_dut/AXI_LITE.isr_cdc/HSC2R_CDC[39].hsc2r_bus_cdc 
  This will add unnecessary latency to the design. Please check the design for the following: 
 1) Manually instantiated XPM_CDC modules: AMD recommends that you remove these modules. 
 2) AMD IP that contains XPM_CDC modules: Verify the connections to the IP to determine whether you can safely ignore this message.
 [C:/AMDDesignTools/2025.2/Vivado/data/ip/xpm/xpm_cdc/tcl/xpm_cdc_handshake.tcl:19]
WARNING: [XPM_CDC_HANDSHAKE: TCL-1000] The source and destination clocks are the same. 
     Instance: pcam_i/mipi_csi2_rx_subsyst_0/inst/rx/mipi_csi2_rx_ctrl_v1_0_14_top_dut/AXI_LITE.isr_cdc/HSC2R_CDC[40].hsc2r_bus_cdc 
  This will add unnecessary latency to the design. Please check the design for the following: 
 1) Manually instantiated XPM_CDC modules: AMD recommends that you remove these modules. 
 2) AMD IP that contains XPM_CDC modules: Verify the connections to the IP to determine whether you can safely ignore this message.
 [C:/AMDDesignTools/2025.2/Vivado/data/ip/xpm/xpm_cdc/tcl/xpm_cdc_handshake.tcl:19]
WARNING: [XPM_CDC_HANDSHAKE: TCL-1000] The source and destination clocks are the same. 
     Instance: pcam_i/mipi_csi2_rx_subsyst_0/inst/rx/mipi_csi2_rx_ctrl_v1_0_14_top_dut/AXI_LITE.isr_cdc/HSC2R_CDC[41].hsc2r_bus_cdc 
  This will add unnecessary latency to the design. Please check the design for the following: 
 1) Manually instantiated XPM_CDC modules: AMD recommends that you remove these modules. 
 2) AMD IP that contains XPM_CDC modules: Verify the connections to the IP to determine whether you can safely ignore this message.
 [C:/AMDDesignTools/2025.2/Vivado/data/ip/xpm/xpm_cdc/tcl/xpm_cdc_handshake.tcl:19]
WARNING: [XPM_CDC_HANDSHAKE: TCL-1000] The source and destination clocks are the same. 
     Instance: pcam_i/mipi_csi2_rx_subsyst_0/inst/rx/mipi_csi2_rx_ctrl_v1_0_14_top_dut/AXI_LITE.isr_cdc/HSC2R_CDC[42].hsc2r_bus_cdc 
  This will add unnecessary latency to the design. Please check the design for the following: 
 1) Manually instantiated XPM_CDC modules: AMD recommends that you remove these modules. 
 2) AMD IP that contains XPM_CDC modules: Verify the connections to the IP to determine whether you can safely ignore this message.
 [C:/AMDDesignTools/2025.2/Vivado/data/ip/xpm/xpm_cdc/tcl/xpm_cdc_handshake.tcl:19]
WARNING: [XPM_CDC_HANDSHAKE: TCL-1000] The source and destination clocks are the same. 
     Instance: pcam_i/mipi_csi2_rx_subsyst_0/inst/rx/mipi_csi2_rx_ctrl_v1_0_14_top_dut/AXI_LITE.isr_cdc/HSC2R_CDC[43].hsc2r_bus_cdc 
  This will add unnecessary latency to the design. Please check the design for the following: 
 1) Manually instantiated XPM_CDC modules: AMD recommends that you remove these modules. 
 2) AMD IP that contains XPM_CDC modules: Verify the connections to the IP to determine whether you can safely ignore this message.
 [C:/AMDDesignTools/2025.2/Vivado/data/ip/xpm/xpm_cdc/tcl/xpm_cdc_handshake.tcl:19]
WARNING: [XPM_CDC_HANDSHAKE: TCL-1000] The source and destination clocks are the same. 
     Instance: pcam_i/mipi_csi2_rx_subsyst_0/inst/rx/mipi_csi2_rx_ctrl_v1_0_14_top_dut/AXI_LITE.isr_cdc/HSC2R_CDC[4].hsc2r_bus_cdc 
  This will add unnecessary latency to the design. Please check the design for the following: 
 1) Manually instantiated XPM_CDC modules: AMD recommends that you remove these modules. 
 2) AMD IP that contains XPM_CDC modules: Verify the connections to the IP to determine whether you can safely ignore this message.
 [C:/AMDDesignTools/2025.2/Vivado/data/ip/xpm/xpm_cdc/tcl/xpm_cdc_handshake.tcl:19]
WARNING: [XPM_CDC_HANDSHAKE: TCL-1000] The source and destination clocks are the same. 
     Instance: pcam_i/mipi_csi2_rx_subsyst_0/inst/rx/mipi_csi2_rx_ctrl_v1_0_14_top_dut/AXI_LITE.isr_cdc/HSC2R_CDC[5].hsc2r_bus_cdc 
  This will add unnecessary latency to the design. Please check the design for the following: 
 1) Manually instantiated XPM_CDC modules: AMD recommends that you remove these modules. 
 2) AMD IP that contains XPM_CDC modules: Verify the connections to the IP to determine whether you can safely ignore this message.
 [C:/AMDDesignTools/2025.2/Vivado/data/ip/xpm/xpm_cdc/tcl/xpm_cdc_handshake.tcl:19]
WARNING: [XPM_CDC_HANDSHAKE: TCL-1000] The source and destination clocks are the same. 
     Instance: pcam_i/mipi_csi2_rx_subsyst_0/inst/rx/mipi_csi2_rx_ctrl_v1_0_14_top_dut/AXI_LITE.isr_cdc/HSC2R_CDC[6].hsc2r_bus_cdc 
  This will add unnecessary latency to the design. Please check the design for the following: 
 1) Manually instantiated XPM_CDC modules: AMD recommends that you remove these modules. 
 2) AMD IP that contains XPM_CDC modules: Verify the connections to the IP to determine whether you can safely ignore this message.
 [C:/AMDDesignTools/2025.2/Vivado/data/ip/xpm/xpm_cdc/tcl/xpm_cdc_handshake.tcl:19]
WARNING: [XPM_CDC_HANDSHAKE: TCL-1000] The source and destination clocks are the same. 
     Instance: pcam_i/mipi_csi2_rx_subsyst_0/inst/rx/mipi_csi2_rx_ctrl_v1_0_14_top_dut/AXI_LITE.isr_cdc/HSC2R_CDC[7].hsc2r_bus_cdc 
  This will add unnecessary latency to the design. Please check the design for the following: 
 1) Manually instantiated XPM_CDC modules: AMD recommends that you remove these modules. 
 2) AMD IP that contains XPM_CDC modules: Verify the connections to the IP to determine whether you can safely ignore this message.
 [C:/AMDDesignTools/2025.2/Vivado/data/ip/xpm/xpm_cdc/tcl/xpm_cdc_handshake.tcl:19]
WARNING: [XPM_CDC_HANDSHAKE: TCL-1000] The source and destination clocks are the same. 
     Instance: pcam_i/mipi_csi2_rx_subsyst_0/inst/rx/mipi_csi2_rx_ctrl_v1_0_14_top_dut/AXI_LITE.isr_cdc/HSC2R_CDC[8].hsc2r_bus_cdc 
  This will add unnecessary latency to the design. Please check the design for the following: 
 1) Manually instantiated XPM_CDC modules: AMD recommends that you remove these modules. 
 2) AMD IP that contains XPM_CDC modules: Verify the connections to the IP to determine whether you can safely ignore this message.
 [C:/AMDDesignTools/2025.2/Vivado/data/ip/xpm/xpm_cdc/tcl/xpm_cdc_handshake.tcl:19]
WARNING: [XPM_CDC_HANDSHAKE: TCL-1000] The source and destination clocks are the same. 
     Instance: pcam_i/mipi_csi2_rx_subsyst_0/inst/rx/mipi_csi2_rx_ctrl_v1_0_14_top_dut/AXI_LITE.isr_cdc/ecc_cdc 
  This will add unnecessary latency to the design. Please check the design for the following: 
 1) Manually instantiated XPM_CDC modules: AMD recommends that you remove these modules. 
 2) AMD IP that contains XPM_CDC modules: Verify the connections to the IP to determine whether you can safely ignore this message.
 [C:/AMDDesignTools/2025.2/Vivado/data/ip/xpm/xpm_cdc/tcl/xpm_cdc_handshake.tcl:19]
WARNING: [XPM_CDC_HANDSHAKE: TCL-1000] The source and destination clocks are the same. 
     Instance: pcam_i/mipi_csi2_rx_subsyst_0/inst/rx/mipi_csi2_rx_ctrl_v1_0_14_top_dut/AXI_LITE.reg_inf/img_info_cdc 
  This will add unnecessary latency to the design. Please check the design for the following: 
 1) Manually instantiated XPM_CDC modules: AMD recommends that you remove these modules. 
 2) AMD IP that contains XPM_CDC modules: Verify the connections to the IP to determine whether you can safely ignore this message.
 [C:/AMDDesignTools/2025.2/Vivado/data/ip/xpm/xpm_cdc/tcl/xpm_cdc_handshake.tcl:19]
WARNING: [XPM_CDC_SINGLE: TCL-1000] The source and destination clocks are the same. 
     Instance: pcam_i/mipi_csi2_rx_subsyst_0/inst/rx/mipi_csi2_rx_ctrl_v1_0_14_top_dut/AXI_LITE.reg_inf/xpm_single_05 
  This will add unnecessary latency to the design. Please check the design for the following: 
 1) Manually instantiated XPM_CDC modules: AMD recommends that you remove these modules. 
 2) AMD IP that contains XPM_CDC modules: Verify the connections to the IP to determine whether you can safely ignore this message.
 [C:/AMDDesignTools/2025.2/Vivado/data/ip/xpm/xpm_cdc/tcl/xpm_cdc_single.tcl:5]
WARNING: [XPM_CDC_SINGLE: TCL-1000] The source and destination clocks are the same. 
     Instance: pcam_i/mipi_csi2_rx_subsyst_0/inst/rx/mipi_csi2_rx_ctrl_v1_0_14_top_dut/AXI_LITE.reg_inf/xpm_single_02 
  This will add unnecessary latency to the design. Please check the design for the following: 
 1) Manually instantiated XPM_CDC modules: AMD recommends that you remove these modules. 
 2) AMD IP that contains XPM_CDC modules: Verify the connections to the IP to determine whether you can safely ignore this message.
 [C:/AMDDesignTools/2025.2/Vivado/data/ip/xpm/xpm_cdc/tcl/xpm_cdc_single.tcl:5]
WARNING: [XPM_CDC_SINGLE: TCL-1000] The source and destination clocks are the same. 
     Instance: pcam_i/mipi_csi2_rx_subsyst_0/inst/rx/mipi_csi2_rx_ctrl_v1_0_14_top_dut/AXI_LITE.reg_inf/xpm_single_vfb_01 
  This will add unnecessary latency to the design. Please check the design for the following: 
 1) Manually instantiated XPM_CDC modules: AMD recommends that you remove these modules. 
 2) AMD IP that contains XPM_CDC modules: Verify the connections to the IP to determine whether you can safely ignore this message.
 [C:/AMDDesignTools/2025.2/Vivado/data/ip/xpm/xpm_cdc/tcl/xpm_cdc_single.tcl:5]
WARNING: [XPM_CDC_SINGLE: TCL-1000] The source and destination clocks are the same. 
     Instance: pcam_i/axi_vdma_0/U0/I_RST_MODULE/GEN_RESET_FOR_S2MM.RESET_I/GEN_RESET_FOR_ASYNC.AXIS_RESET_CDC_I 
  This will add unnecessary latency to the design. Please check the design for the following: 
 1) Manually instantiated XPM_CDC modules: AMD recommends that you remove these modules. 
 2) AMD IP that contains XPM_CDC modules: Verify the connections to the IP to determine whether you can safely ignore this message.
 [C:/AMDDesignTools/2025.2/Vivado/data/ip/xpm/xpm_cdc/tcl/xpm_cdc_single.tcl:5]
WARNING: [XPM_CDC_SINGLE: TCL-1000] The source and destination clocks are the same. 
     Instance: pcam_i/axi_vdma_0/U0/I_RST_MODULE/GEN_RESET_FOR_S2MM.RESET_I/GEN_MIN_FOR_ASYNC.LITE_IDLE_CDC_I 
  This will add unnecessary latency to the design. Please check the design for the following: 
 1) Manually instantiated XPM_CDC modules: AMD recommends that you remove these modules. 
 2) AMD IP that contains XPM_CDC modules: Verify the connections to the IP to determine whether you can safely ignore this message.
 [C:/AMDDesignTools/2025.2/Vivado/data/ip/xpm/xpm_cdc/tcl/xpm_cdc_single.tcl:5]
WARNING: [XPM_CDC_SINGLE: TCL-1000] The source and destination clocks are the same. 
     Instance: pcam_i/axi_vdma_0/U0/I_RST_MODULE/GEN_RESET_FOR_S2MM.RESET_I/GEN_MIN_FOR_ASYNC.LITE_MIN_CDC_I 
  This will add unnecessary latency to the design. Please check the design for the following: 
 1) Manually instantiated XPM_CDC modules: AMD recommends that you remove these modules. 
 2) AMD IP that contains XPM_CDC modules: Verify the connections to the IP to determine whether you can safely ignore this message.
 [C:/AMDDesignTools/2025.2/Vivado/data/ip/xpm/xpm_cdc/tcl/xpm_cdc_single.tcl:5]
WARNING: [XPM_CDC_SINGLE: TCL-1000] The source and destination clocks are the same. 
     Instance: pcam_i/axi_vdma_0/U0/I_RST_MODULE/GEN_RESET_FOR_S2MM.RESET_I/GEN_MIN_FOR_ASYNC.AXIS_IDLE_CDC_I 
  This will add unnecessary latency to the design. Please check the design for the following: 
 1) Manually instantiated XPM_CDC modules: AMD recommends that you remove these modules. 
 2) AMD IP that contains XPM_CDC modules: Verify the connections to the IP to determine whether you can safely ignore this message.
 [C:/AMDDesignTools/2025.2/Vivado/data/ip/xpm/xpm_cdc/tcl/xpm_cdc_single.tcl:5]
WARNING: [XPM_CDC_SINGLE: TCL-1000] The source and destination clocks are the same. 
     Instance: pcam_i/axi_vdma_0/U0/I_RST_MODULE/GEN_RESET_FOR_S2MM.RESET_I/GEN_MIN_FOR_ASYNC.AXIS_MIN_CDC_I 
  This will add unnecessary latency to the design. Please check the design for the following: 
 1) Manually instantiated XPM_CDC modules: AMD recommends that you remove these modules. 
 2) AMD IP that contains XPM_CDC modules: Verify the connections to the IP to determine whether you can safely ignore this message.
 [C:/AMDDesignTools/2025.2/Vivado/data/ip/xpm/xpm_cdc/tcl/xpm_cdc_single.tcl:5]
WARNING: [XPM_CDC_SINGLE: TCL-1000] The source and destination clocks are the same. 
     Instance: pcam_i/axi_vdma_0/U0/I_RST_MODULE/GEN_RESET_FOR_S2MM.RESET_I/GEN_RESET_FOR_ASYNC.HARD_RESET_CDC_I 
  This will add unnecessary latency to the design. Please check the design for the following: 
 1) Manually instantiated XPM_CDC modules: AMD recommends that you remove these modules. 
 2) AMD IP that contains XPM_CDC modules: Verify the connections to the IP to determine whether you can safely ignore this message.
 [C:/AMDDesignTools/2025.2/Vivado/data/ip/xpm/xpm_cdc/tcl/xpm_cdc_single.tcl:5]
WARNING: [XPM_CDC_SINGLE: TCL-1000] The source and destination clocks are the same. 
     Instance: pcam_i/axi_vdma_0/U0/AXI_LITE_REG_INTERFACE_I/GEN_S2MM_LITE_CROSSINGS.GEN_S2MM_CROSSINGS_ASYNC.S2MM_INTRPT_CROSSING_I 
  This will add unnecessary latency to the design. Please check the design for the following: 
 1) Manually instantiated XPM_CDC modules: AMD recommends that you remove these modules. 
 2) AMD IP that contains XPM_CDC modules: Verify the connections to the IP to determine whether you can safely ignore this message.
 [C:/AMDDesignTools/2025.2/Vivado/data/ip/xpm/xpm_cdc/tcl/xpm_cdc_single.tcl:5]
INFO: [Project 1-1714] 322 XPM XDC files have been applied to the design.
INFO: [Opt 31-138] Pushed 0 inverter(s) to 0 load pin(s).
Netlist sorting complete. Time (s): cpu = 00:00:00 ; elapsed = 00:00:00.019 . Memory (MB): peak = 3793.238 ; gain = 0.000
INFO: [Project 1-111] Unisim Transformation Summary:
  A total of 39 instances were transformed.
  DSP48E2 => DSP48E2 (DSP_ALU, DSP_A_B_DATA, DSP_C_DATA, DSP_MULTIPLIER, DSP_M_DATA, DSP_OUTPUT, DSP_PREADD, DSP_PREADD_DATA): 8 instances
  IBUFDS_DPHY => IBUFDS_DPHY (DPHY_DIFFINBUF, IBUFCTRL): 3 instances
  IOBUF => IOBUF (IBUFCTRL, INBUF, OBUFT): 2 instances
  RAM32M => RAM32M (RAMD32(x6), RAMS32(x2)): 3 instances
  RAM32M16 => RAM32M16 (RAMD32(x14), RAMS32(x2)): 23 instances

open_run: Time (s): cpu = 00:00:52 ; elapsed = 00:00:43 . Memory (MB): peak = 4219.586 ; gain = 2186.863
set_property IOSTANDARD MIPI_DPHY_DCI [get_ports [list {mipi_phy_if_0_data_p[1]} {mipi_phy_if_0_data_p[0]} mipi_phy_if_0_clk_p]]
set_property is_loc_fixed true [get_ports [list  IIC_0_scl_io IIC_0_sda_io]]
set_property is_loc_fixed true [get_ports [list  IIC_0_scl_io IIC_0_sda_io]]
set_property is_loc_fixed true [get_ports [list  IIC_0_scl_io IIC_0_sda_io]]
set_property IOSTANDARD LVCMOS12 [get_ports [list IIC_0_scl_io IIC_0_sda_io]]
set_property package_pin "" [get_ports [list  IIC_0_scl_io]]
set_property IOSTANDARD K14 [get_ports [list IIC_0_scl_io]]
ERROR: [Common 17-69] Command failed: Invalid I/O Standard 'K14'
place_ports IIC_0_scl_io K14
place_ports IIC_0_sda_io L14
open_run impl_1
Netlist sorting complete. Time (s): cpu = 00:00:01 ; elapsed = 00:00:00.745 . Memory (MB): peak = 5366.492 ; gain = 0.000
INFO: [Netlist 29-17] Analyzing 488 Unisim elements for replacement
INFO: [Netlist 29-28] Unisim Transformation completed in 2 CPU seconds
INFO: [Project 1-479] Netlist was created with Vivado 2025.2
INFO: [Project 1-570] Preparing netlist for logic optimization
WARNING: [Constraints 18-550] Could not create 'IBUF_LOW_PWR' constraint because net 'pcam_i/clk_wiz_0/clk_in1' is not directly connected to top level port. 'IBUF_LOW_PWR' is ignored for synthesis but preserved for implementation.
Read ShapeDB Complete: Time (s): cpu = 00:00:00 ; elapsed = 00:00:00.096 . Memory (MB): peak = 5366.492 ; gain = 0.000
INFO: [Timing 38-478] Restoring timing data from binary archive.
INFO: [Timing 38-479] Binary timing data restore complete.
INFO: [Project 1-856] Restoring constraints from binary archive.
INFO: [Project 1-853] Binary constraint restore complete.
INFO: [Designutils 20-5722] Start Reading Physical Databases.
Reading placement.
Read Netlist Cache: Time (s): cpu = 00:00:00 ; elapsed = 00:00:00.027 . Memory (MB): peak = 5366.492 ; gain = 0.000
Reading placer database...
Read Device Cache: Time (s): cpu = 00:00:00 ; elapsed = 00:00:00.038 . Memory (MB): peak = 5366.492 ; gain = 0.000
Read PlaceDB: Time (s): cpu = 00:00:02 ; elapsed = 00:00:02 . Memory (MB): peak = 5366.492 ; gain = 0.000
Read PulsedLatchDB: Time (s): cpu = 00:00:00 ; elapsed = 00:00:00 . Memory (MB): peak = 5366.492 ; gain = 0.000
Reading routing.
Read RouteStorage: Time (s): cpu = 00:00:00 ; elapsed = 00:00:00.301 . Memory (MB): peak = 5366.492 ; gain = 0.000
Read Physdb Files: Time (s): cpu = 00:00:02 ; elapsed = 00:00:02 . Memory (MB): peak = 5366.492 ; gain = 0.000
Restored from archive | CPU: 2.000000 secs | Memory: 0.000000 MB |
Finished XDEF File Restore: Time (s): cpu = 00:00:02 ; elapsed = 00:00:02 . Memory (MB): peak = 5366.492 ; gain = 0.000
Netlist sorting complete. Time (s): cpu = 00:00:00 ; elapsed = 00:00:00.013 . Memory (MB): peak = 5366.492 ; gain = 0.000
INFO: [Project 1-111] Unisim Transformation Summary:
  A total of 39 instances were transformed.
  DSP48E2 => DSP48E2 (DSP_ALU, DSP_A_B_DATA, DSP_C_DATA, DSP_MULTIPLIER, DSP_M_DATA, DSP_OUTPUT, DSP_PREADD, DSP_PREADD_DATA): 8 instances
  IBUFDS_DPHY => IBUFDS_DPHY (DPHY_DIFFINBUF, IBUFCTRL): 3 instances
  IOBUF => IOBUF (IBUFCTRL, INBUF, OBUFT): 2 instances
  RAM32M => RAM32M (RAMD32(x6), RAMS32(x2)): 3 instances
  RAM32M16 => RAM32M16 (RAMD32(x14), RAMS32(x2)): 23 instances

open_run: Time (s): cpu = 00:00:25 ; elapsed = 00:00:17 . Memory (MB): peak = 5366.492 ; gain = 0.000
open_report: Time (s): cpu = 00:00:31 ; elapsed = 00:00:23 . Memory (MB): peak = 5560.770 ; gain = 194.277
WARNING: [Timing 38-436] There are set_bus_skew constraint(s) in this design. Please run report_bus_skew to ensure that bus skew requirements are met.
file mkdir C:/pcam5/pcam5.srcs/constrs_1/new
close [ open C:/pcam5/pcam5.srcs/constrs_1/new/mipi.xdc w ]
add_files -fileset constrs_1 C:/pcam5/pcam5.srcs/constrs_1/new/mipi.xdc
set_property target_constrs_file C:/pcam5/pcam5.srcs/constrs_1/new/mipi.xdc [current_fileset -constrset]
current_design synth_1
save_constraints -force
reset_run synth_1
INFO: [Project 1-1161] Replacing file C:/pcam5/pcam5.srcs/utils_1/imports/synth_1/pcam_wrapper.dcp with file C:/pcam5/pcam5.runs/synth_1/pcam_wrapper.dcp
current_design impl_1
launch_runs impl_1 -to_step write_bitstream -jobs 16
INFO: [IP_Flow 19-4993] Using cached IP synthesis design for IP pcam_v_demosaic_0_0, cache-ID = b56e97b1daedcdc3; cache size = 49.231 MB.
WARNING: [Project 1-478] Design 'synth_1' is stale and will not be used when launching 'impl_1'
[Tue Apr  7 14:53:44 2026] Launched pcam_v_demosaic_0_0_synth_1, synth_1...
Run output will be captured here:
pcam_v_demosaic_0_0_synth_1: C:/pcam5/pcam5.runs/pcam_v_demosaic_0_0_synth_1/runme.log
synth_1: C:/pcam5/pcam5.runs/synth_1/runme.log
[Tue Apr  7 14:53:44 2026] Launched impl_1...
Run output will be captured here: C:/pcam5/pcam5.runs/impl_1/runme.log
close_design
reset_run synth_1
reset_run pcam_v_demosaic_0_0_synth_1
WARNING: [Vivado 12-1017] Problems encountered:
1. Failed to delete one or more files in run directory C:/pcam5/pcam5.runs/pcam_v_demosaic_0_0_synth_1

open_bd_design {C:/pcam5/pcam5.srcs/sources_1/bd/pcam/pcam.bd}
INFO: [Ipptcl 7-1463] No Compatible Board Interface found. Board Tab not created in customize GUI
CHECK_NON_LHIVFB_1
CHECK_NON_LHIVFB
validate_bd_design -force
WARNING: [BD 41-1629] Slave segment </zynq_ultra_ps_e_0/SAXIGP0/HPC0_DDR_HIGH> is excluded from all addressing paths.
WARNING: [BD 41-1629] Slave segment </zynq_ultra_ps_e_0/SAXIGP0/HPC0_LPS_OCM> is excluded from all addressing paths.
WARNING: [BD 41-3281] Instance '/axi_vdma_0' is connected on both sides by SmartConnects and cannot automatically configure itself to match the endpoints. Please manually configure its AXI interfaces as required for the design.
WARNING: [BD 41-3281] Instance '/zynq_ultra_ps_e_0' is connected on both sides by SmartConnects and cannot automatically configure itself to match the endpoints. Please manually configure its AXI interfaces as required for the design.
Excluding slave segment /zynq_ultra_ps_e_0/SAXIGP0/HPC0_DDR_HIGH from address space /axi_vdma_0/Data_S2MM.
Excluding slave segment /zynq_ultra_ps_e_0/SAXIGP0/HPC0_LPS_OCM from address space /axi_vdma_0/Data_S2MM.
INFO: [BD 5-943] Reserving offset range <0xA000_0000 [ 64K ]> from slave interface '/axi_smc/S00_AXI' to master interface '/axi_smc/M00_AXI'. This will be used by smartconnect on path for routing.
INFO: [BD 5-943] Reserving offset range <0xA001_0000 [ 64K ]> from slave interface '/axi_smc/S00_AXI' to master interface '/axi_smc/M01_AXI'. This will be used by smartconnect on path for routing.
INFO: [BD 5-943] Reserving offset range <0xA002_0000 [ 4K ]> from slave interface '/axi_smc/S00_AXI' to master interface '/axi_smc/M02_AXI'. This will be used by smartconnect on path for routing.
INFO: [BD 5-943] Reserving offset range <0xA003_0000 [ 64K ]> from slave interface '/axi_smc/S00_AXI' to master interface '/axi_smc/M03_AXI'. This will be used by smartconnect on path for routing.
INFO: [xilinx.com:ip:smartconnect:1.0-1] pcam_axi_smc_0: SmartConnect pcam_axi_smc_0 is in Low-Area Mode.
INFO: [Ipptcl 7-1463] No Compatible Board Interface found. Board Tab not created in customize GUI
xit::source_ipfile: Time (s): cpu = 00:00:03 ; elapsed = 00:00:06 . Memory (MB): peak = 5789.035 ; gain = 0.000
INFO: [BD 5-943] Reserving offset range <0x0000_0000 [ 2G ]> from slave interface '/axi_smc_1/S00_AXI' to master interface '/axi_smc_1/M00_AXI'. This will be used by smartconnect on path for routing.
INFO: [xilinx.com:ip:smartconnect:1.0-1] pcam_axi_smc_1_0: SmartConnect pcam_axi_smc_1_0 is in High-performance Mode.
INFO: [xilinx.com:ip:clk_wiz:6.0-1] /clk_wiz_0 clk_wiz propagate
WARNING: [BD 41-237] Bus Interface property AWUSER_WIDTH does not match between /zynq_ultra_ps_e_0/S_AXI_HPC0_FPD(1) and /axi_smc_1/M00_AXI(0)
WARNING: [BD 41-237] Bus Interface property ARUSER_WIDTH does not match between /zynq_ultra_ps_e_0/S_AXI_HPC0_FPD(1) and /axi_smc_1/M00_AXI(0)
validate_bd_design: Time (s): cpu = 00:00:11 ; elapsed = 00:00:15 . Memory (MB): peak = 5789.035 ; gain = 0.000
delete_bd_objs [get_bd_intf_nets mipi_phy_if_0_1]
delete_bd_objs [get_bd_intf_ports mipi_phy_if_0]
startgroup
make_bd_pins_external  [get_bd_cells mipi_csi2_rx_subsyst_0]
make_bd_intf_pins_external  [get_bd_cells mipi_csi2_rx_subsyst_0]
endgroup
save_bd_design
Wrote  : <C:\pcam5\pcam5.srcs\sources_1\bd\pcam\pcam.bd> 
Wrote  : <C:/pcam5/pcam5.srcs/sources_1/bd/pcam/ui/bd_cec406ff.ui> 
validate_bd_design
WARNING: [BD 41-1629] Slave segment </zynq_ultra_ps_e_0/SAXIGP0/HPC0_DDR_HIGH> is excluded from all addressing paths.
WARNING: [BD 41-1629] Slave segment </zynq_ultra_ps_e_0/SAXIGP0/HPC0_LPS_OCM> is excluded from all addressing paths.
WARNING: [BD 41-3281] Instance '/axi_vdma_0' is connected on both sides by SmartConnects and cannot automatically configure itself to match the endpoints. Please manually configure its AXI interfaces as required for the design.
WARNING: [BD 41-3281] Instance '/zynq_ultra_ps_e_0' is connected on both sides by SmartConnects and cannot automatically configure itself to match the endpoints. Please manually configure its AXI interfaces as required for the design.
Excluding slave segment /zynq_ultra_ps_e_0/SAXIGP0/HPC0_DDR_HIGH from address space /axi_vdma_0/Data_S2MM.
Excluding slave segment /zynq_ultra_ps_e_0/SAXIGP0/HPC0_LPS_OCM from address space /axi_vdma_0/Data_S2MM.
INFO: [BD 5-943] Reserving offset range <0xA000_0000 [ 64K ]> from slave interface '/axi_smc/S00_AXI' to master interface '/axi_smc/M00_AXI'. This will be used by smartconnect on path for routing.
INFO: [BD 5-943] Reserving offset range <0xA001_0000 [ 64K ]> from slave interface '/axi_smc/S00_AXI' to master interface '/axi_smc/M01_AXI'. This will be used by smartconnect on path for routing.
INFO: [BD 5-943] Reserving offset range <0xA002_0000 [ 4K ]> from slave interface '/axi_smc/S00_AXI' to master interface '/axi_smc/M02_AXI'. This will be used by smartconnect on path for routing.
INFO: [BD 5-943] Reserving offset range <0xA003_0000 [ 64K ]> from slave interface '/axi_smc/S00_AXI' to master interface '/axi_smc/M03_AXI'. This will be used by smartconnect on path for routing.
INFO: [xilinx.com:ip:smartconnect:1.0-1] pcam_axi_smc_0: SmartConnect pcam_axi_smc_0 is in Low-Area Mode.
INFO: [Ipptcl 7-1463] No Compatible Board Interface found. Board Tab not created in customize GUI
INFO: [BD 5-943] Reserving offset range <0x0000_0000 [ 2G ]> from slave interface '/axi_smc_1/S00_AXI' to master interface '/axi_smc_1/M00_AXI'. This will be used by smartconnect on path for routing.
INFO: [xilinx.com:ip:smartconnect:1.0-1] pcam_axi_smc_1_0: SmartConnect pcam_axi_smc_1_0 is in High-performance Mode.
INFO: [xilinx.com:ip:clk_wiz:6.0-1] /clk_wiz_0 clk_wiz propagate
WARNING: [BD 41-237] Bus Interface property AWUSER_WIDTH does not match between /zynq_ultra_ps_e_0/S_AXI_HPC0_FPD(1) and /axi_smc_1/M00_AXI(0)
WARNING: [BD 41-237] Bus Interface property ARUSER_WIDTH does not match between /zynq_ultra_ps_e_0/S_AXI_HPC0_FPD(1) and /axi_smc_1/M00_AXI(0)
validate_bd_design: Time (s): cpu = 00:00:18 ; elapsed = 00:00:13 . Memory (MB): peak = 5789.035 ; gain = 0.000
reset_run pcam_axi_smc_1_0_synth_1
reset_run pcam_axi_smc_0_synth_1
save_bd_design
Wrote  : <C:\pcam5\pcam5.srcs\sources_1\bd\pcam\pcam.bd> 
Wrote  : <C:/pcam5/pcam5.srcs/sources_1/bd/pcam/ui/bd_cec406ff.ui> 
launch_runs synth_1 -jobs 16
INFO: [BD 41-1662] The design 'pcam.bd' is already validated. Therefore parameter propagation will not be re-run.
WARNING: [BD 41-2384] Width mismatch when connecting pin: '/v_demosaic_0/s_axis_video_TDEST'(1) to pin: '/mipi_csi2_rx_subsyst_0/video_out_tdest'(10) - Only lower order bits will be connected.
Verilog Output written to : c:/pcam5/pcam5.gen/sources_1/bd/pcam/synth/pcam.v
WARNING: [BD 41-2384] Width mismatch when connecting pin: '/v_demosaic_0/s_axis_video_TDEST'(1) to pin: '/mipi_csi2_rx_subsyst_0/video_out_tdest'(10) - Only lower order bits will be connected.
Verilog Output written to : c:/pcam5/pcam5.gen/sources_1/bd/pcam/sim/pcam.v
Verilog Output written to : c:/pcam5/pcam5.gen/sources_1/bd/pcam/hdl/pcam_wrapper.v
Exporting to file c:/pcam5/pcam5.gen/sources_1/bd/pcam/ip/pcam_mipi_csi2_rx_subsyst_0_0/bd_0/hw_handoff/pcam_mipi_csi2_rx_subsyst_0_0.hwh
Generated Hardware Definition File c:/pcam5/pcam5.gen/sources_1/bd/pcam/ip/pcam_mipi_csi2_rx_subsyst_0_0/bd_0/synth/pcam_mipi_csi2_rx_subsyst_0_0.hwdef
Exporting to file c:/pcam5/pcam5.gen/sources_1/bd/pcam/ip/pcam_axi_smc_0/bd_0/hw_handoff/pcam_axi_smc_0.hwh
Generated Hardware Definition File c:/pcam5/pcam5.gen/sources_1/bd/pcam/ip/pcam_axi_smc_0/bd_0/synth/pcam_axi_smc_0.hwdef
INFO: [BD 41-1029] Generation completed for the IP Integrator block axi_smc .
Exporting to file c:/pcam5/pcam5.gen/sources_1/bd/pcam/ip/pcam_axi_smc_1_0/bd_0/hw_handoff/pcam_axi_smc_1_0.hwh
Generated Hardware Definition File c:/pcam5/pcam5.gen/sources_1/bd/pcam/ip/pcam_axi_smc_1_0/bd_0/synth/pcam_axi_smc_1_0.hwdef
INFO: [BD 41-1029] Generation completed for the IP Integrator block axi_smc_1 .
Exporting to file c:/pcam5/pcam5.gen/sources_1/bd/pcam/hw_handoff/pcam.hwh
Generated Hardware Definition File c:/pcam5/pcam5.gen/sources_1/bd/pcam/synth/pcam.hwdef
INFO: [BD 41-3262] Generated VHDL Instantiation Template file c:/pcam5/pcam5.gen/sources_1/bd/pcam/pcam.vho
INFO: [BD 41-3262] Generated Verilog Instantiation Template file c:/pcam5/pcam5.gen/sources_1/bd/pcam/pcam.veo
INFO: [BD 41-3262] Generated System Verilog Instantiation Template file c:/pcam5/pcam5.gen/sources_1/bd/pcam/pcam_sv.sveo
INFO: [IP_Flow 19-4993] Using cached IP synthesis design for IP pcam_axi_smc_0, cache-ID = 46748b1410a01faf; cache size = 49.231 MB.
INFO: [IP_Flow 19-4993] Using cached IP synthesis design for IP pcam_axi_smc_1_0, cache-ID = c7bbd80f173e5d96; cache size = 49.231 MB.
INFO: [IP_Flow 19-4993] Using cached IP synthesis design for IP pcam_v_demosaic_0_0, cache-ID = b56e97b1daedcdc3; cache size = 49.231 MB.
config_ip_cache: Time (s): cpu = 00:00:05 ; elapsed = 00:00:05 . Memory (MB): peak = 5789.035 ; gain = 0.000
[Tue Apr  7 14:59:20 2026] Launched pcam_v_demosaic_0_0_synth_1...
Run output will be captured here: C:/pcam5/pcam5.runs/pcam_v_demosaic_0_0_synth_1/runme.log
[Tue Apr  7 14:59:20 2026] Launched synth_1...
Run output will be captured here: C:/pcam5/pcam5.runs/synth_1/runme.log
launch_runs: Time (s): cpu = 00:00:13 ; elapsed = 00:00:15 . Memory (MB): peak = 5789.035 ; gain = 0.000
set_property location {1 360 -410} [get_bd_cells axi_iic_0]
launch_runs impl_1 -jobs 16
INFO: [IP_Flow 19-4993] Using cached IP synthesis design for IP pcam_v_demosaic_0_0, cache-ID = b56e97b1daedcdc3; cache size = 49.231 MB.
WARNING: [Project 1-478] Design 'synth_1' is stale and will not be used when launching 'impl_1'
[Tue Apr  7 15:03:04 2026] Launched pcam_v_demosaic_0_0_synth_1...
Run output will be captured here: C:/pcam5/pcam5.runs/pcam_v_demosaic_0_0_synth_1/runme.log
[Tue Apr  7 15:03:04 2026] Launched impl_1...
Run output will be captured here: C:/pcam5/pcam5.runs/impl_1/runme.log
reset_run pcam_v_demosaic_0_0_synth_1
WARNING: [Vivado 12-1017] Problems encountered:
1. Failed to delete one or more files in run directory C:/pcam5/pcam5.runs/pcam_v_demosaic_0_0_synth_1

launch_runs pcam_v_demosaic_0_0_synth_1
INFO: [IP_Flow 19-4993] Using cached IP synthesis design for IP pcam_v_demosaic_0_0, cache-ID = b56e97b1daedcdc3; cache size = 49.231 MB.
[Tue Apr  7 15:07:29 2026] Launched pcam_v_demosaic_0_0_synth_1...
Run output will be captured here: C:/pcam5/pcam5.runs/pcam_v_demosaic_0_0_synth_1/runme.log
wait_on_run pcam_v_demosaic_0_0_synth_1
[Tue Apr  7 15:07:29 2026] Waiting for pcam_v_demosaic_0_0_synth_1 to finish...
[Tue Apr  7 15:07:34 2026] Waiting for pcam_v_demosaic_0_0_synth_1 to finish...
[Tue Apr  7 15:07:39 2026] Waiting for pcam_v_demosaic_0_0_synth_1 to finish...
[Tue Apr  7 15:07:44 2026] Waiting for pcam_v_demosaic_0_0_synth_1 to finish...
[Tue Apr  7 15:07:55 2026] Waiting for pcam_v_demosaic_0_0_synth_1 to finish...
[Tue Apr  7 15:08:05 2026] Waiting for pcam_v_demosaic_0_0_synth_1 to finish...
[Tue Apr  7 15:08:15 2026] Waiting for pcam_v_demosaic_0_0_synth_1 to finish...
[Tue Apr  7 15:08:25 2026] Waiting for pcam_v_demosaic_0_0_synth_1 to finish...
[Tue Apr  7 15:08:45 2026] Waiting for pcam_v_demosaic_0_0_synth_1 to finish...
[Tue Apr  7 15:09:05 2026] Waiting for pcam_v_demosaic_0_0_synth_1 to finish...
[Tue Apr  7 15:09:26 2026] Waiting for pcam_v_demosaic_0_0_synth_1 to finish...
[Tue Apr  7 15:09:46 2026] Waiting for pcam_v_demosaic_0_0_synth_1 to finish...

*** Running vivado
    with args -log pcam_v_demosaic_0_0.vds -m64 -product Vivado -mode batch -messageDb vivado.pb -notrace -source pcam_v_demosaic_0_0.tcl



****** Vivado v2025.2 (64-bit)
  **** SW Build 6299465 on Fri Nov 14 19:35:11 GMT 2025
  **** IP Build 6300035 on Fri Nov 14 10:48:45 MST 2025
  **** SharedData Build 6298862 on Thu Nov 13 04:50:51 MST 2025
  **** Start of session at: Tue Apr  7 15:07:31 2026
    ** Copyright 1986-2022 Xilinx, Inc. All Rights Reserved.
    ** Copyright 2022-2025 Advanced Micro Devices, Inc. All Rights Reserved.

source pcam_v_demosaic_0_0.tcl -notrace
create_project: Time (s): cpu = 00:00:10 ; elapsed = 00:00:07 . Memory (MB): peak = 531.480 ; gain = 220.547
INFO: [IP_Flow 19-234] Refreshing IP repositories
INFO: [IP_Flow 19-1700] Loaded user IP repository 'c:/Users/henry/Documents/FAST-AR/IP'.
INFO: [IP_Flow 19-2313] Loaded Vivado IP repository 'C:/AMDDesignTools/2025.2/Vivado/data/ip'.
!! WARNING !!
"PYTHONPATH" variable is set greater than default max string limit of "519" characters.
Please ignore this, if you have already made changes to your system registry to accept more than
default limit of 519 characters.
!! WARNING !!

****** vitis-run v2025.2 (64-bit)
  **** SW Build 6295257 on 2025-11-13-08:29:27
  **** Start of session at: Tue Apr  7 15:07:45 2026
    ** Copyright 1986-2022 Xilinx, Inc. All Rights Reserved.
    ** Copyright 2022-2025 Advanced Micro Devices, Inc. All Rights Reserved.

ECHO is off.
"PYTHONPATH" variable is set greater than default max string limit of "519" characters.
Please ignore this, if you have already made changes to your system registry to accept more than
default limit of 519 characters.
ECHO is off.
  **** HLS Build v2025.2 6295257
Sourcing Tcl script 'C:/pcam5/pcam5.runs/pcam_v_demosaic_0_0_synth_1/runhls.tcl'
INFO: [HLS 200-1510] Running: open_project -reset prj 
WARNING: [HLS 200-2182] The 'prj' project will not automatically appear within Vitis IDE workspaces and is meant only for TCL batch use.  Please use open_component instead of open_project/open_solution to generate Vitis IDE compatible component files and directory structure.
Resolution: For help on HLS 200-2182 see docs.amd.com/access/sources/dita/topic?Doc_Version=2025.2%20English&url=ug1448-hls-guidance&resourceid=200-2182.html
INFO: [HLS 200-10] Creating and opening solution 'C:/pcam5/pcam5.runs/pcam_v_demosaic_0_0_synth_1/prj'.
INFO: [HLS 200-1510] Running: set_top v_demosaic 
INFO: [HLS 200-1510] Running: open_solution sol 
INFO: [HLS 200-10] Creating and opening solution 'C:/pcam5/pcam5.runs/pcam_v_demosaic_0_0_synth_1/prj/sol'.
INFO: [HLS 200-1505] Using default flow_target 'vivado'
Resolution: For help on HLS 200-1505 see docs.amd.com/access/sources/dita/topic?Doc_Version=2025.2%20English&url=ug1448-hls-guidance&resourceid=200-1505.html
INFO: [HLS 200-1510] Running: set_part xczu3eg-sfvc784-2-e 
INFO: [HLS 200-1611] Setting target device to 'xczu3eg-sfvc784-2-e'
INFO: [HLS 200-1510] Running: add_files -cflags  -I c:/pcam5/pcam5.gen/sources_1/bd/pcam/ip/pcam_v_demosaic_0_0/src/hls -I c:/pcam5/pcam5.gen/sources_1/bd/pcam/ip/pcam_v_demosaic_0_0/src  c:/pcam5/pcam5.gen/sources_1/bd/pcam/ip/pcam_v_demosaic_0_0/src/v_demosaic_config.h 
INFO: [HLS 200-10] Adding design file 'c:/pcam5/pcam5.gen/sources_1/bd/pcam/ip/pcam_v_demosaic_0_0/src/v_demosaic_config.h' to the project
INFO: [HLS 200-1510] Running: add_files -cflags  -I c:/pcam5/pcam5.gen/sources_1/bd/pcam/ip/pcam_v_demosaic_0_0/src/hls -I c:/pcam5/pcam5.gen/sources_1/bd/pcam/ip/pcam_v_demosaic_0_0/src  c:/pcam5/pcam5.gen/sources_1/bd/pcam/ip/pcam_v_demosaic_0_0/src/v_demosaic.cpp 
INFO: [HLS 200-10] Adding design file 'c:/pcam5/pcam5.gen/sources_1/bd/pcam/ip/pcam_v_demosaic_0_0/src/v_demosaic.cpp' to the project
INFO: [HLS 200-1510] Running: add_files -cflags  -I c:/pcam5/pcam5.gen/sources_1/bd/pcam/ip/pcam_v_demosaic_0_0/src/hls -I c:/pcam5/pcam5.gen/sources_1/bd/pcam/ip/pcam_v_demosaic_0_0/src  c:/pcam5/pcam5.gen/sources_1/bd/pcam/ip/pcam_v_demosaic_0_0/src/v_demosaic.h 
INFO: [HLS 200-10] Adding design file 'c:/pcam5/pcam5.gen/sources_1/bd/pcam/ip/pcam_v_demosaic_0_0/src/v_demosaic.h' to the project
INFO: [HLS 200-1510] Running: add_files -cflags  -I c:/pcam5/pcam5.gen/sources_1/bd/pcam/ip/pcam_v_demosaic_0_0/src/hls -I c:/pcam5/pcam5.gen/sources_1/bd/pcam/ip/pcam_v_demosaic_0_0/src  c:/pcam5/pcam5.gen/sources_1/bd/pcam/ip/pcam_v_demosaic_0_0/src/hls_video.h 
INFO: [HLS 200-10] Adding design file 'c:/pcam5/pcam5.gen/sources_1/bd/pcam/ip/pcam_v_demosaic_0_0/src/hls_video.h' to the project
INFO: [HLS 200-1510] Running: add_files -cflags  -I c:/pcam5/pcam5.gen/sources_1/bd/pcam/ip/pcam_v_demosaic_0_0/src/hls -I c:/pcam5/pcam5.gen/sources_1/bd/pcam/ip/pcam_v_demosaic_0_0/src  c:/pcam5/pcam5.gen/sources_1/bd/pcam/ip/pcam_v_demosaic_0_0/src/hls_opencv.h 
INFO: [HLS 200-10] Adding design file 'c:/pcam5/pcam5.gen/sources_1/bd/pcam/ip/pcam_v_demosaic_0_0/src/hls_opencv.h' to the project
INFO: [HLS 200-1510] Running: add_files -cflags  -I c:/pcam5/pcam5.gen/sources_1/bd/pcam/ip/pcam_v_demosaic_0_0/src/hls -I c:/pcam5/pcam5.gen/sources_1/bd/pcam/ip/pcam_v_demosaic_0_0/src  c:/pcam5/pcam5.gen/sources_1/bd/pcam/ip/pcam_v_demosaic_0_0/src/hls/hls_axi_io.h 
INFO: [HLS 200-10] Adding design file 'c:/pcam5/pcam5.gen/sources_1/bd/pcam/ip/pcam_v_demosaic_0_0/src/hls/hls_axi_io.h' to the project
INFO: [HLS 200-1510] Running: add_files -cflags  -I c:/pcam5/pcam5.gen/sources_1/bd/pcam/ip/pcam_v_demosaic_0_0/src/hls -I c:/pcam5/pcam5.gen/sources_1/bd/pcam/ip/pcam_v_demosaic_0_0/src  c:/pcam5/pcam5.gen/sources_1/bd/pcam/ip/pcam_v_demosaic_0_0/src/hls/hls_video_arithm.h 
INFO: [HLS 200-10] Adding design file 'c:/pcam5/pcam5.gen/sources_1/bd/pcam/ip/pcam_v_demosaic_0_0/src/hls/hls_video_arithm.h' to the project
INFO: [HLS 200-1510] Running: add_files -cflags  -I c:/pcam5/pcam5.gen/sources_1/bd/pcam/ip/pcam_v_demosaic_0_0/src/hls -I c:/pcam5/pcam5.gen/sources_1/bd/pcam/ip/pcam_v_demosaic_0_0/src  c:/pcam5/pcam5.gen/sources_1/bd/pcam/ip/pcam_v_demosaic_0_0/src/hls/hls_video_core.h 
INFO: [HLS 200-10] Adding design file 'c:/pcam5/pcam5.gen/sources_1/bd/pcam/ip/pcam_v_demosaic_0_0/src/hls/hls_video_core.h' to the project
INFO: [HLS 200-1510] Running: add_files -cflags  -I c:/pcam5/pcam5.gen/sources_1/bd/pcam/ip/pcam_v_demosaic_0_0/src/hls -I c:/pcam5/pcam5.gen/sources_1/bd/pcam/ip/pcam_v_demosaic_0_0/src  c:/pcam5/pcam5.gen/sources_1/bd/pcam/ip/pcam_v_demosaic_0_0/src/hls/hls_video_fast.h 
INFO: [HLS 200-10] Adding design file 'c:/pcam5/pcam5.gen/sources_1/bd/pcam/ip/pcam_v_demosaic_0_0/src/hls/hls_video_fast.h' to the project
INFO: [HLS 200-1510] Running: add_files -cflags  -I c:/pcam5/pcam5.gen/sources_1/bd/pcam/ip/pcam_v_demosaic_0_0/src/hls -I c:/pcam5/pcam5.gen/sources_1/bd/pcam/ip/pcam_v_demosaic_0_0/src  c:/pcam5/pcam5.gen/sources_1/bd/pcam/ip/pcam_v_demosaic_0_0/src/hls/hls_video_haar.h 
INFO: [HLS 200-10] Adding design file 'c:/pcam5/pcam5.gen/sources_1/bd/pcam/ip/pcam_v_demosaic_0_0/src/hls/hls_video_haar.h' to the project
INFO: [HLS 200-1510] Running: add_files -cflags  -I c:/pcam5/pcam5.gen/sources_1/bd/pcam/ip/pcam_v_demosaic_0_0/src/hls -I c:/pcam5/pcam5.gen/sources_1/bd/pcam/ip/pcam_v_demosaic_0_0/src  c:/pcam5/pcam5.gen/sources_1/bd/pcam/ip/pcam_v_demosaic_0_0/src/hls/hls_video_harris.h 
INFO: [HLS 200-10] Adding design file 'c:/pcam5/pcam5.gen/sources_1/bd/pcam/ip/pcam_v_demosaic_0_0/src/hls/hls_video_harris.h' to the project
INFO: [HLS 200-1510] Running: add_files -cflags  -I c:/pcam5/pcam5.gen/sources_1/bd/pcam/ip/pcam_v_demosaic_0_0/src/hls -I c:/pcam5/pcam5.gen/sources_1/bd/pcam/ip/pcam_v_demosaic_0_0/src  c:/pcam5/pcam5.gen/sources_1/bd/pcam/ip/pcam_v_demosaic_0_0/src/hls/hls_video_histogram.h 
INFO: [HLS 200-10] Adding design file 'c:/pcam5/pcam5.gen/sources_1/bd/pcam/ip/pcam_v_demosaic_0_0/src/hls/hls_video_histogram.h' to the project
INFO: [HLS 200-1510] Running: add_files -cflags  -I c:/pcam5/pcam5.gen/sources_1/bd/pcam/ip/pcam_v_demosaic_0_0/src/hls -I c:/pcam5/pcam5.gen/sources_1/bd/pcam/ip/pcam_v_demosaic_0_0/src  c:/pcam5/pcam5.gen/sources_1/bd/pcam/ip/pcam_v_demosaic_0_0/src/hls/hls_video_hough.h 
INFO: [HLS 200-10] Adding design file 'c:/pcam5/pcam5.gen/sources_1/bd/pcam/ip/pcam_v_demosaic_0_0/src/hls/hls_video_hough.h' to the project
INFO: [HLS 200-1510] Running: add_files -cflags  -I c:/pcam5/pcam5.gen/sources_1/bd/pcam/ip/pcam_v_demosaic_0_0/src/hls -I c:/pcam5/pcam5.gen/sources_1/bd/pcam/ip/pcam_v_demosaic_0_0/src  c:/pcam5/pcam5.gen/sources_1/bd/pcam/ip/pcam_v_demosaic_0_0/src/hls/hls_video_imgbase.h 
INFO: [HLS 200-10] Adding design file 'c:/pcam5/pcam5.gen/sources_1/bd/pcam/ip/pcam_v_demosaic_0_0/src/hls/hls_video_imgbase.h' to the project
INFO: [HLS 200-1510] Running: add_files -cflags  -I c:/pcam5/pcam5.gen/sources_1/bd/pcam/ip/pcam_v_demosaic_0_0/src/hls -I c:/pcam5/pcam5.gen/sources_1/bd/pcam/ip/pcam_v_demosaic_0_0/src  c:/pcam5/pcam5.gen/sources_1/bd/pcam/ip/pcam_v_demosaic_0_0/src/hls/hls_video_imgproc.h 
INFO: [HLS 200-10] Adding design file 'c:/pcam5/pcam5.gen/sources_1/bd/pcam/ip/pcam_v_demosaic_0_0/src/hls/hls_video_imgproc.h' to the project
INFO: [HLS 200-1510] Running: add_files -cflags  -I c:/pcam5/pcam5.gen/sources_1/bd/pcam/ip/pcam_v_demosaic_0_0/src/hls -I c:/pcam5/pcam5.gen/sources_1/bd/pcam/ip/pcam_v_demosaic_0_0/src  c:/pcam5/pcam5.gen/sources_1/bd/pcam/ip/pcam_v_demosaic_0_0/src/hls/hls_video_io.h 
INFO: [HLS 200-10] Adding design file 'c:/pcam5/pcam5.gen/sources_1/bd/pcam/ip/pcam_v_demosaic_0_0/src/hls/hls_video_io.h' to the project
INFO: [HLS 200-1510] Running: add_files -cflags  -I c:/pcam5/pcam5.gen/sources_1/bd/pcam/ip/pcam_v_demosaic_0_0/src/hls -I c:/pcam5/pcam5.gen/sources_1/bd/pcam/ip/pcam_v_demosaic_0_0/src  c:/pcam5/pcam5.gen/sources_1/bd/pcam/ip/pcam_v_demosaic_0_0/src/hls/hls_video_mem.h 
INFO: [HLS 200-10] Adding design file 'c:/pcam5/pcam5.gen/sources_1/bd/pcam/ip/pcam_v_demosaic_0_0/src/hls/hls_video_mem.h' to the project
INFO: [HLS 200-1510] Running: add_files -cflags  -I c:/pcam5/pcam5.gen/sources_1/bd/pcam/ip/pcam_v_demosaic_0_0/src/hls -I c:/pcam5/pcam5.gen/sources_1/bd/pcam/ip/pcam_v_demosaic_0_0/src  c:/pcam5/pcam5.gen/sources_1/bd/pcam/ip/pcam_v_demosaic_0_0/src/hls/hls_video_stereobm.h 
INFO: [HLS 200-10] Adding design file 'c:/pcam5/pcam5.gen/sources_1/bd/pcam/ip/pcam_v_demosaic_0_0/src/hls/hls_video_stereobm.h' to the project
INFO: [HLS 200-1510] Running: add_files -cflags  -I c:/pcam5/pcam5.gen/sources_1/bd/pcam/ip/pcam_v_demosaic_0_0/src/hls -I c:/pcam5/pcam5.gen/sources_1/bd/pcam/ip/pcam_v_demosaic_0_0/src  c:/pcam5/pcam5.gen/sources_1/bd/pcam/ip/pcam_v_demosaic_0_0/src/hls/hls_video_types.h 
INFO: [HLS 200-10] Adding design file 'c:/pcam5/pcam5.gen/sources_1/bd/pcam/ip/pcam_v_demosaic_0_0/src/hls/hls_video_types.h' to the project
INFO: [HLS 200-1510] Running: add_files -cflags  -I c:/pcam5/pcam5.gen/sources_1/bd/pcam/ip/pcam_v_demosaic_0_0/src/hls -I c:/pcam5/pcam5.gen/sources_1/bd/pcam/ip/pcam_v_demosaic_0_0/src  c:/pcam5/pcam5.gen/sources_1/bd/pcam/ip/pcam_v_demosaic_0_0/src/hls/hls_video_undistort.h 
INFO: [HLS 200-10] Adding design file 'c:/pcam5/pcam5.gen/sources_1/bd/pcam/ip/pcam_v_demosaic_0_0/src/hls/hls_video_undistort.h' to the project
INFO: [HLS 200-1510] Running: create_clock -period 6.734 -name ap_clk 
INFO: [SYN 201-201] Setting up clock 'ap_clk' with a period of 6.734ns.
INFO: [HLS 200-1510] Running: config_rtl -module_prefix pcam_v_demosaic_0_0_ 
INFO: [HLS 200-1510] Running: config_export -vendor xilinx.com -library ip -version 1.1 
INFO: [HLS 200-1510] Running: csynth_design 
INFO: [HLS 200-111] Finished File checks and directory preparation: CPU user time: 0 seconds. CPU system time: 0 seconds. Elapsed time: 0.278 seconds; current allocated memory: 138.797 MB.
INFO: [HLS 200-2191] C-Synthesis will use clang-16 as the compiler
INFO: [HLS 200-10] Analyzing design file 'C:/pcam5/pcam5.gen/sources_1/bd/pcam/ip/pcam_v_demosaic_0_0/src/v_demosaic.cpp' ... 
WARNING: [HLS 207-6998] 'Ap_stable' in '#pragma HLS INTERFACE' is deprecated, use 'Stable Pragma' instead (C:/pcam5/pcam5.runs/pcam_v_demosaic_0_0_synth_1/prj/sol/.autopilot/db/v_demosaic.cpp:102:23)
WARNING: [HLS 207-6998] 'Ap_stable' in '#pragma HLS INTERFACE' is deprecated, use 'Stable Pragma' instead (C:/pcam5/pcam5.runs/pcam_v_demosaic_0_0_synth_1/prj/sol/.autopilot/db/v_demosaic.cpp:104:23)
INFO: [HLS 200-111] Finished Source Code Analysis and Preprocessing: CPU user time: 3 seconds. CPU system time: 0 seconds. Elapsed time: 40.687 seconds; current allocated memory: 157.305 MB.
INFO: [HLS 200-777] Using interface defaults for 'Vivado' flow target.
INFO: [HLS 200-1995] There were 25,179 instructions in the design after the 'Compile/Link' phase of compilation. See the Design Size Report for more details (C:/pcam5/pcam5.runs/pcam_v_demosaic_0_0_synth_1/prj/sol/syn/report/csynth_design_size.rpt:2)
INFO: [HLS 200-1995] There were 4,710 instructions in the design after the 'Unroll/Inline (step 1)' phase of compilation. See the Design Size Report for more details (C:/pcam5/pcam5.runs/pcam_v_demosaic_0_0_synth_1/prj/sol/syn/report/csynth_design_size.rpt:2)
INFO: [HLS 200-1995] There were 2,715 instructions in the design after the 'Unroll/Inline (step 2)' phase of compilation. See the Design Size Report for more details (C:/pcam5/pcam5.runs/pcam_v_demosaic_0_0_synth_1/prj/sol/syn/report/csynth_design_size.rpt:2)
INFO: [HLS 200-1995] There were 2,311 instructions in the design after the 'Unroll/Inline (step 3)' phase of compilation. See the Design Size Report for more details (C:/pcam5/pcam5.runs/pcam_v_demosaic_0_0_synth_1/prj/sol/syn/report/csynth_design_size.rpt:2)
INFO: [HLS 200-1995] There were 2,161 instructions in the design after the 'Unroll/Inline (step 4)' phase of compilation. See the Design Size Report for more details (C:/pcam5/pcam5.runs/pcam_v_demosaic_0_0_synth_1/prj/sol/syn/report/csynth_design_size.rpt:2)
INFO: [HLS 200-1995] There were 2,039 instructions in the design after the 'Array/Struct (step 1)' phase of compilation. See the Design Size Report for more details (C:/pcam5/pcam5.runs/pcam_v_demosaic_0_0_synth_1/prj/sol/syn/report/csynth_design_size.rpt:2)
INFO: [HLS 200-1995] There were 1,861 instructions in the design after the 'Array/Struct (step 2)' phase of compilation. See the Design Size Report for more details (C:/pcam5/pcam5.runs/pcam_v_demosaic_0_0_synth_1/prj/sol/syn/report/csynth_design_size.rpt:2)
INFO: [HLS 200-1995] There were 1,871 instructions in the design after the 'Array/Struct (step 3)' phase of compilation. See the Design Size Report for more details (C:/pcam5/pcam5.runs/pcam_v_demosaic_0_0_synth_1/prj/sol/syn/report/csynth_design_size.rpt:2)
INFO: [HLS 200-1995] There were 2,033 instructions in the design after the 'Array/Struct (step 4)' phase of compilation. See the Design Size Report for more details (C:/pcam5/pcam5.runs/pcam_v_demosaic_0_0_synth_1/prj/sol/syn/report/csynth_design_size.rpt:2)
INFO: [HLS 200-1995] There were 2,194 instructions in the design after the 'Array/Struct (step 5)' phase of compilation. See the Design Size Report for more details (C:/pcam5/pcam5.runs/pcam_v_demosaic_0_0_synth_1/prj/sol/syn/report/csynth_design_size.rpt:2)
INFO: [HLS 200-1995] There were 2,165 instructions in the design after the 'Performance (step 1)' phase of compilation. See the Design Size Report for more details (C:/pcam5/pcam5.runs/pcam_v_demosaic_0_0_synth_1/prj/sol/syn/report/csynth_design_size.rpt:2)
INFO: [HLS 200-1995] There were 2,058 instructions in the design after the 'Performance (step 2)' phase of compilation. See the Design Size Report for more details (C:/pcam5/pcam5.runs/pcam_v_demosaic_0_0_synth_1/prj/sol/syn/report/csynth_design_size.rpt:2)
INFO: [HLS 200-1995] There were 1,983 instructions in the design after the 'Performance (step 3)' phase of compilation. See the Design Size Report for more details (C:/pcam5/pcam5.runs/pcam_v_demosaic_0_0_synth_1/prj/sol/syn/report/csynth_design_size.rpt:2)
INFO: [HLS 200-1995] There were 1,974 instructions in the design after the 'Performance (step 4)' phase of compilation. See the Design Size Report for more details (C:/pcam5/pcam5.runs/pcam_v_demosaic_0_0_synth_1/prj/sol/syn/report/csynth_design_size.rpt:2)
INFO: [HLS 200-1995] There were 1,876 instructions in the design after the 'HW Transforms (step 1)' phase of compilation. See the Design Size Report for more details (C:/pcam5/pcam5.runs/pcam_v_demosaic_0_0_synth_1/prj/sol/syn/report/csynth_design_size.rpt:2)
INFO: [HLS 200-1995] There were 1,808 instructions in the design after the 'HW Transforms (step 2)' phase of compilation. See the Design Size Report for more details (C:/pcam5/pcam5.runs/pcam_v_demosaic_0_0_synth_1/prj/sol/syn/report/csynth_design_size.rpt:2)
INFO: [HLS 214-131] Inlining function 'void hls::AXIGetBitFields<8, ap_uint<8> >(ap_uint<8>, int, int, ap_uint<8>&)' into 'void hls::AXIGetBitFields<8, ap_uint<8> >(hls::axis<ap_uint<8>, 1ul, 1ul, 1ul, (unsigned char)56, false>, int, int, ap_uint<8>&)' (c:/pcam5/pcam5.gen/sources_1/bd/pcam/ip/pcam_v_demosaic_0_0/src/hls/hls_axi_io.h:85:5)
INFO: [HLS 214-131] Inlining function 'hls::Scalar<1, ap_uint<8> >::Scalar()' into 'AXIvideo2MultiBayer(hls::stream<hls::axis<ap_uint<8>, 1ul, 1ul, 1ul, (unsigned char)56, false>, 0>&, hls::stream<hls::Scalar<1, ap_uint<8> >, 0>&, unsigned short&, unsigned short&)' (C:/pcam5/pcam5.runs/pcam_v_demosaic_0_0_synth_1/prj/sol/.autopilot/db/v_demosaic.cpp:142:23)
INFO: [HLS 214-131] Inlining function 'void hls::AXIGetBitFields<8, ap_uint<8> >(hls::axis<ap_uint<8>, 1ul, 1ul, 1ul, (unsigned char)56, false>, int, int, ap_uint<8>&)' into 'AXIvideo2MultiBayer(hls::stream<hls::axis<ap_uint<8>, 1ul, 1ul, 1ul, (unsigned char)56, false>, 0>&, hls::stream<hls::Scalar<1, ap_uint<8> >, 0>&, unsigned short&, unsigned short&)' (C:/pcam5/pcam5.runs/pcam_v_demosaic_0_0_synth_1/prj/sol/.autopilot/db/v_demosaic.cpp:182:17)
INFO: [HLS 214-131] Inlining function 'hls::Scalar<3, ap_uint<8> >::Scalar()' into 'DebayerG(hls::stream<hls::Scalar<1, ap_uint<8> >, 0>&, hls::stream<hls::Scalar<3, ap_uint<8> >, 0>&, unsigned short&, unsigned short&, unsigned short&)' (C:/pcam5/pcam5.runs/pcam_v_demosaic_0_0_synth_1/prj/sol/.autopilot/db/v_demosaic.cpp:278:21)
INFO: [HLS 214-131] Inlining function 'hls::Scalar<1, ap_uint<8> >::Scalar()' into 'DebayerG(hls::stream<hls::Scalar<1, ap_uint<8> >, 0>&, hls::stream<hls::Scalar<3, ap_uint<8> >, 0>&, unsigned short&, unsigned short&, unsigned short&)' (C:/pcam5/pcam5.runs/pcam_v_demosaic_0_0_synth_1/prj/sol/.autopilot/db/v_demosaic.cpp:280:23)
INFO: [HLS 214-131] Inlining function 'hls::Scalar<3, ap_uint<8> >::Scalar()' into 'hls::Window<3, 3, hls::Scalar<3, ap_uint<8> > >::Window()' (c:/pcam5/pcam5.gen/sources_1/bd/pcam/ip/pcam_v_demosaic_0_0/src/hls/hls_video_mem.h:65:5)
INFO: [HLS 214-131] Inlining function 'hls::Scalar<3, ap_uint<8> >::Scalar()' into 'DebayerRatBorBatR(hls::stream<hls::Scalar<3, ap_uint<8> >, 0>&, hls::stream<hls::Scalar<3, ap_uint<8> >, 0>&, unsigned short&, unsigned short&, unsigned short&)' (C:/pcam5/pcam5.runs/pcam_v_demosaic_0_0_synth_1/prj/sol/.autopilot/db/v_demosaic.cpp:610:21)
INFO: [HLS 214-131] Inlining function 'hls::Scalar<3, ap_uint<8> >::Scalar()' into 'DebayerRandBatG(hls::stream<hls::Scalar<3, ap_uint<8> >, 0>&, hls::stream<hls::Scalar<3, ap_uint<8> >, 0>&, unsigned short&, unsigned short&, unsigned short&)' (C:/pcam5/pcam5.runs/pcam_v_demosaic_0_0_synth_1/prj/sol/.autopilot/db/v_demosaic.cpp:858:21)
INFO: [HLS 214-131] Inlining function 'hls::Scalar<3, ap_uint<8> >::Scalar()' into 'ZipperRemoval(hls::stream<hls::Scalar<3, ap_uint<8> >, 0>&, hls::stream<hls::Scalar<3, ap_uint<8> >, 0>&, unsigned short&, unsigned short&)' (C:/pcam5/pcam5.runs/pcam_v_demosaic_0_0_synth_1/prj/sol/.autopilot/db/v_demosaic.cpp:1087:21)
INFO: [HLS 214-131] Inlining function 'hls::Scalar<3, ap_uint<8> >::Scalar()' into 'MultiPixStream2AXIvideo(hls::stream<hls::Scalar<3, ap_uint<8> >, 0>&, hls::stream<hls::axis<ap_uint<24>, 1ul, 1ul, 1ul, (unsigned char)56, false>, 0>&, unsigned short&, unsigned short&)' (C:/pcam5/pcam5.runs/pcam_v_demosaic_0_0_synth_1/prj/sol/.autopilot/db/v_demosaic.cpp:215:21)
INFO: [HLS 214-377] Adding 'pixWindow' into disaggregation list because there's array-partition pragma applied on the struct field (C:/pcam5/pcam5.runs/pcam_v_demosaic_0_0_synth_1/prj/sol/.autopilot/db/v_demosaic.cpp:857:66)
INFO: [HLS 214-377] Adding 'pixWindow' into disaggregation list because there's array-partition pragma applied on the struct field (C:/pcam5/pcam5.runs/pcam_v_demosaic_0_0_synth_1/prj/sol/.autopilot/db/v_demosaic.cpp:609:66)
INFO: [HLS 214-377] Adding 'bayerWindow' into disaggregation list because there's array-partition pragma applied on the struct field (C:/pcam5/pcam5.runs/pcam_v_demosaic_0_0_synth_1/prj/sol/.autopilot/db/v_demosaic.cpp:277:18)
INFO: [HLS 214-377] Adding 'pix' into disaggregation list because there's array-partition pragma applied on the struct field (c:/pcam5/pcam5.gen/sources_1/bd/pcam/ip/pcam_v_demosaic_0_0/src/hls/hls_video_core.h:198:1)
INFO: [HLS 214-377] Adding 'outpix' into disaggregation list because there's array-partition pragma applied on the struct field (c:/pcam5/pcam5.gen/sources_1/bd/pcam/ip/pcam_v_demosaic_0_0/src/hls/hls_video_core.h:198:1)
INFO: [HLS 214-377] Adding 'inpix' into disaggregation list because there's array-partition pragma applied on the struct field (c:/pcam5/pcam5.gen/sources_1/bd/pcam/ip/pcam_v_demosaic_0_0/src/hls/hls_video_core.h:198:1)
INFO: [HLS 214-377] Adding 'p' into disaggregation list because there's array-partition pragma applied on the struct field (c:/pcam5/pcam5.gen/sources_1/bd/pcam/ip/pcam_v_demosaic_0_0/src/hls/hls_video_core.h:198:1)
INFO: [HLS 214-377] Adding 'p164' into disaggregation list because there's array-partition pragma applied on the struct field (c:/pcam5/pcam5.gen/sources_1/bd/pcam/ip/pcam_v_demosaic_0_0/src/hls/hls_video_core.h:198:1)
INFO: [HLS 214-377] Adding 'PixBufVal' into disaggregation list because there's array-partition pragma applied on the struct field (c:/pcam5/pcam5.gen/sources_1/bd/pcam/ip/pcam_v_demosaic_0_0/src/hls/hls_video_core.h:198:1)
INFO: [HLS 214-377] Adding 'p253' into disaggregation list because there's array-partition pragma applied on the struct field (c:/pcam5/pcam5.gen/sources_1/bd/pcam/ip/pcam_v_demosaic_0_0/src/hls/hls_video_core.h:198:1)
INFO: [HLS 214-377] Adding 'lineBuffer' into disaggregation list because there's array-partition pragma applied on the struct field (C:/pcam5/pcam5.runs/pcam_v_demosaic_0_0_synth_1/prj/sol/.autopilot/db/v_demosaic.cpp:862:67)
INFO: [HLS 214-377] Adding 'pixBuf' into disaggregation list because there's array-partition pragma applied on the struct field (c:/pcam5/pcam5.gen/sources_1/bd/pcam/ip/pcam_v_demosaic_0_0/src/hls/hls_video_core.h:198:1)
INFO: [HLS 214-377] Adding 'lineBuffer' into disaggregation list because there's array-partition pragma applied on the struct field (C:/pcam5/pcam5.runs/pcam_v_demosaic_0_0_synth_1/prj/sol/.autopilot/db/v_demosaic.cpp:614:67)
INFO: [HLS 214-377] Adding 'linebuf_yuv' into disaggregation list because there's array-partition pragma applied on the struct field (C:/pcam5/pcam5.runs/pcam_v_demosaic_0_0_synth_1/prj/sol/.autopilot/db/v_demosaic.cpp:283:61)
INFO: [HLS 214-210] Disaggregating variable 'pix' (C:/pcam5/pcam5.runs/pcam_v_demosaic_0_0_synth_1/prj/sol/.autopilot/db/v_demosaic.cpp:142:23)
Resolution: For help on HLS 214-210 see docs.amd.com/access/sources/dita/topic?Doc_Version=2025.2%20English&url=ug1448-hls-guidance&resourceid=214-210.html
INFO: [HLS 214-210] Disaggregating variable 'PixBufVal' (C:/pcam5/pcam5.runs/pcam_v_demosaic_0_0_synth_1/prj/sol/.autopilot/db/v_demosaic.cpp:402:39)
Resolution: For help on HLS 214-210 see docs.amd.com/access/sources/dita/topic?Doc_Version=2025.2%20English&url=ug1448-hls-guidance&resourceid=214-210.html
INFO: [HLS 214-210] Disaggregating variable 'linebuf_yuv' (C:/pcam5/pcam5.runs/pcam_v_demosaic_0_0_synth_1/prj/sol/.autopilot/db/v_demosaic.cpp:283:61)
Resolution: For help on HLS 214-210 see docs.amd.com/access/sources/dita/topic?Doc_Version=2025.2%20English&url=ug1448-hls-guidance&resourceid=214-210.html
INFO: [HLS 214-210] Disaggregating variable 'pixBuf' (C:/pcam5/pcam5.runs/pcam_v_demosaic_0_0_synth_1/prj/sol/.autopilot/db/v_demosaic.cpp:281:23)
Resolution: For help on HLS 214-210 see docs.amd.com/access/sources/dita/topic?Doc_Version=2025.2%20English&url=ug1448-hls-guidance&resourceid=214-210.html
INFO: [HLS 214-210] Disaggregating variable 'pix' (C:/pcam5/pcam5.runs/pcam_v_demosaic_0_0_synth_1/prj/sol/.autopilot/db/v_demosaic.cpp:280:23)
Resolution: For help on HLS 214-210 see docs.amd.com/access/sources/dita/topic?Doc_Version=2025.2%20English&url=ug1448-hls-guidance&resourceid=214-210.html
INFO: [HLS 214-210] Disaggregating variable 'outpix' (C:/pcam5/pcam5.runs/pcam_v_demosaic_0_0_synth_1/prj/sol/.autopilot/db/v_demosaic.cpp:278:21)
Resolution: For help on HLS 214-210 see docs.amd.com/access/sources/dita/topic?Doc_Version=2025.2%20English&url=ug1448-hls-guidance&resourceid=214-210.html
INFO: [HLS 214-210] Disaggregating variable 'bayerWindow' (C:/pcam5/pcam5.runs/pcam_v_demosaic_0_0_synth_1/prj/sol/.autopilot/db/v_demosaic.cpp:277:18)
Resolution: For help on HLS 214-210 see docs.amd.com/access/sources/dita/topic?Doc_Version=2025.2%20English&url=ug1448-hls-guidance&resourceid=214-210.html
INFO: [HLS 214-210] Disaggregating variable 'p253' (C:/pcam5/pcam5.runs/pcam_v_demosaic_0_0_synth_1/prj/sol/.autopilot/db/v_demosaic.cpp:748:31)
Resolution: For help on HLS 214-210 see docs.amd.com/access/sources/dita/topic?Doc_Version=2025.2%20English&url=ug1448-hls-guidance&resourceid=214-210.html
INFO: [HLS 214-210] Disaggregating variable 'PixBufVal' (C:/pcam5/pcam5.runs/pcam_v_demosaic_0_0_synth_1/prj/sol/.autopilot/db/v_demosaic.cpp:727:37)
Resolution: For help on HLS 214-210 see docs.amd.com/access/sources/dita/topic?Doc_Version=2025.2%20English&url=ug1448-hls-guidance&resourceid=214-210.html
INFO: [HLS 214-210] Disaggregating variable 'p164' (C:/pcam5/pcam5.runs/pcam_v_demosaic_0_0_synth_1/prj/sol/.autopilot/db/v_demosaic.cpp:712:35)
Resolution: For help on HLS 214-210 see docs.amd.com/access/sources/dita/topic?Doc_Version=2025.2%20English&url=ug1448-hls-guidance&resourceid=214-210.html
INFO: [HLS 214-210] Disaggregating variable 'p' (C:/pcam5/pcam5.runs/pcam_v_demosaic_0_0_synth_1/prj/sol/.autopilot/db/v_demosaic.cpp:702:35)
Resolution: For help on HLS 214-210 see docs.amd.com/access/sources/dita/topic?Doc_Version=2025.2%20English&url=ug1448-hls-guidance&resourceid=214-210.html
INFO: [HLS 214-210] Disaggregating variable 'lineBuffer' (C:/pcam5/pcam5.runs/pcam_v_demosaic_0_0_synth_1/prj/sol/.autopilot/db/v_demosaic.cpp:614:67)
Resolution: For help on HLS 214-210 see docs.amd.com/access/sources/dita/topic?Doc_Version=2025.2%20English&url=ug1448-hls-guidance&resourceid=214-210.html
INFO: [HLS 214-210] Disaggregating variable 'pixBuf' (C:/pcam5/pcam5.runs/pcam_v_demosaic_0_0_synth_1/prj/sol/.autopilot/db/v_demosaic.cpp:612:21)
Resolution: For help on HLS 214-210 see docs.amd.com/access/sources/dita/topic?Doc_Version=2025.2%20English&url=ug1448-hls-guidance&resourceid=214-210.html
INFO: [HLS 214-210] Disaggregating variable 'outpix' (C:/pcam5/pcam5.runs/pcam_v_demosaic_0_0_synth_1/prj/sol/.autopilot/db/v_demosaic.cpp:610:26)
Resolution: For help on HLS 214-210 see docs.amd.com/access/sources/dita/topic?Doc_Version=2025.2%20English&url=ug1448-hls-guidance&resourceid=214-210.html
INFO: [HLS 214-210] Disaggregating variable 'pix' (C:/pcam5/pcam5.runs/pcam_v_demosaic_0_0_synth_1/prj/sol/.autopilot/db/v_demosaic.cpp:610:21)
Resolution: For help on HLS 214-210 see docs.amd.com/access/sources/dita/topic?Doc_Version=2025.2%20English&url=ug1448-hls-guidance&resourceid=214-210.html
INFO: [HLS 214-210] Disaggregating variable 'pixWindow' (C:/pcam5/pcam5.runs/pcam_v_demosaic_0_0_synth_1/prj/sol/.autopilot/db/v_demosaic.cpp:609:66)
Resolution: For help on HLS 214-210 see docs.amd.com/access/sources/dita/topic?Doc_Version=2025.2%20English&url=ug1448-hls-guidance&resourceid=214-210.html
INFO: [HLS 214-210] Disaggregating variable 'p253' (C:/pcam5/pcam5.runs/pcam_v_demosaic_0_0_synth_1/prj/sol/.autopilot/db/v_demosaic.cpp:995:31)
Resolution: For help on HLS 214-210 see docs.amd.com/access/sources/dita/topic?Doc_Version=2025.2%20English&url=ug1448-hls-guidance&resourceid=214-210.html
INFO: [HLS 214-210] Disaggregating variable 'PixBufVal' (C:/pcam5/pcam5.runs/pcam_v_demosaic_0_0_synth_1/prj/sol/.autopilot/db/v_demosaic.cpp:974:37)
Resolution: For help on HLS 214-210 see docs.amd.com/access/sources/dita/topic?Doc_Version=2025.2%20English&url=ug1448-hls-guidance&resourceid=214-210.html
INFO: [HLS 214-210] Disaggregating variable 'p164' (C:/pcam5/pcam5.runs/pcam_v_demosaic_0_0_synth_1/prj/sol/.autopilot/db/v_demosaic.cpp:959:35)
Resolution: For help on HLS 214-210 see docs.amd.com/access/sources/dita/topic?Doc_Version=2025.2%20English&url=ug1448-hls-guidance&resourceid=214-210.html
INFO: [HLS 214-210] Disaggregating variable 'p' (C:/pcam5/pcam5.runs/pcam_v_demosaic_0_0_synth_1/prj/sol/.autopilot/db/v_demosaic.cpp:949:35)
Resolution: For help on HLS 214-210 see docs.amd.com/access/sources/dita/topic?Doc_Version=2025.2%20English&url=ug1448-hls-guidance&resourceid=214-210.html
INFO: [HLS 214-210] Disaggregating variable 'lineBuffer' (C:/pcam5/pcam5.runs/pcam_v_demosaic_0_0_synth_1/prj/sol/.autopilot/db/v_demosaic.cpp:862:67)
Resolution: For help on HLS 214-210 see docs.amd.com/access/sources/dita/topic?Doc_Version=2025.2%20English&url=ug1448-hls-guidance&resourceid=214-210.html
INFO: [HLS 214-210] Disaggregating variable 'pixBuf' (C:/pcam5/pcam5.runs/pcam_v_demosaic_0_0_synth_1/prj/sol/.autopilot/db/v_demosaic.cpp:860:21)
Resolution: For help on HLS 214-210 see docs.amd.com/access/sources/dita/topic?Doc_Version=2025.2%20English&url=ug1448-hls-guidance&resourceid=214-210.html
INFO: [HLS 214-210] Disaggregating variable 'outpix' (C:/pcam5/pcam5.runs/pcam_v_demosaic_0_0_synth_1/prj/sol/.autopilot/db/v_demosaic.cpp:858:26)
Resolution: For help on HLS 214-210 see docs.amd.com/access/sources/dita/topic?Doc_Version=2025.2%20English&url=ug1448-hls-guidance&resourceid=214-210.html
INFO: [HLS 214-210] Disaggregating variable 'pix' (C:/pcam5/pcam5.runs/pcam_v_demosaic_0_0_synth_1/prj/sol/.autopilot/db/v_demosaic.cpp:858:21)
Resolution: For help on HLS 214-210 see docs.amd.com/access/sources/dita/topic?Doc_Version=2025.2%20English&url=ug1448-hls-guidance&resourceid=214-210.html
INFO: [HLS 214-210] Disaggregating variable 'pixWindow' (C:/pcam5/pcam5.runs/pcam_v_demosaic_0_0_synth_1/prj/sol/.autopilot/db/v_demosaic.cpp:857:66)
Resolution: For help on HLS 214-210 see docs.amd.com/access/sources/dita/topic?Doc_Version=2025.2%20English&url=ug1448-hls-guidance&resourceid=214-210.html
INFO: [HLS 214-210] Disaggregating variable 'outpix' (C:/pcam5/pcam5.runs/pcam_v_demosaic_0_0_synth_1/prj/sol/.autopilot/db/v_demosaic.cpp:1087:28)
Resolution: For help on HLS 214-210 see docs.amd.com/access/sources/dita/topic?Doc_Version=2025.2%20English&url=ug1448-hls-guidance&resourceid=214-210.html
INFO: [HLS 214-210] Disaggregating variable 'inpix' (C:/pcam5/pcam5.runs/pcam_v_demosaic_0_0_synth_1/prj/sol/.autopilot/db/v_demosaic.cpp:1087:21)
Resolution: For help on HLS 214-210 see docs.amd.com/access/sources/dita/topic?Doc_Version=2025.2%20English&url=ug1448-hls-guidance&resourceid=214-210.html
INFO: [HLS 214-210] Disaggregating variable 'pix' (C:/pcam5/pcam5.runs/pcam_v_demosaic_0_0_synth_1/prj/sol/.autopilot/db/v_demosaic.cpp:215:21)
Resolution: For help on HLS 214-210 see docs.amd.com/access/sources/dita/topic?Doc_Version=2025.2%20English&url=ug1448-hls-guidance&resourceid=214-210.html
INFO: [HLS 214-291] Loop 'VITIS_LOOP_248_3' is marked as complete unroll implied by the pipeline pragma (C:/pcam5/pcam5.runs/pcam_v_demosaic_0_0_synth_1/prj/sol/.autopilot/db/v_demosaic.cpp:248:31)
INFO: [HLS 214-291] Loop 'VITIS_LOOP_250_4' is marked as complete unroll implied by the pipeline pragma (C:/pcam5/pcam5.runs/pcam_v_demosaic_0_0_synth_1/prj/sol/.autopilot/db/v_demosaic.cpp:250:35)
INFO: [HLS 214-291] Loop 'VITIS_LOOP_1112_3' is marked as complete unroll implied by the pipeline pragma (C:/pcam5/pcam5.runs/pcam_v_demosaic_0_0_synth_1/prj/sol/.autopilot/db/v_demosaic.cpp:1112:32)
INFO: [HLS 214-291] Loop 'VITIS_LOOP_1115_4' is marked as complete unroll implied by the pipeline pragma (C:/pcam5/pcam5.runs/pcam_v_demosaic_0_0_synth_1/prj/sol/.autopilot/db/v_demosaic.cpp:1115:36)
INFO: [HLS 214-291] Loop 'VITIS_LOOP_1135_5' is marked as complete unroll implied by the pipeline pragma (C:/pcam5/pcam5.runs/pcam_v_demosaic_0_0_synth_1/prj/sol/.autopilot/db/v_demosaic.cpp:1135:32)
INFO: [HLS 214-291] Loop 'VITIS_LOOP_894_3' is marked as complete unroll implied by the pipeline pragma (C:/pcam5/pcam5.runs/pcam_v_demosaic_0_0_synth_1/prj/sol/.autopilot/db/v_demosaic.cpp:894:35)
INFO: [HLS 214-291] Loop 'VITIS_LOOP_897_4' is marked as complete unroll implied by the pipeline pragma (C:/pcam5/pcam5.runs/pcam_v_demosaic_0_0_synth_1/prj/sol/.autopilot/db/v_demosaic.cpp:897:39)
INFO: [HLS 214-291] Loop 'VITIS_LOOP_899_5' is marked as complete unroll implied by the pipeline pragma (C:/pcam5/pcam5.runs/pcam_v_demosaic_0_0_synth_1/prj/sol/.autopilot/db/v_demosaic.cpp:899:43)
INFO: [HLS 214-291] Loop 'VITIS_LOOP_907_6' is marked as complete unroll implied by the pipeline pragma (C:/pcam5/pcam5.runs/pcam_v_demosaic_0_0_synth_1/prj/sol/.autopilot/db/v_demosaic.cpp:907:35)
INFO: [HLS 214-291] Loop 'VITIS_LOOP_914_7' is marked as complete unroll implied by the pipeline pragma (C:/pcam5/pcam5.runs/pcam_v_demosaic_0_0_synth_1/prj/sol/.autopilot/db/v_demosaic.cpp:914:39)
INFO: [HLS 214-291] Loop 'VITIS_LOOP_916_8' is marked as complete unroll implied by the pipeline pragma (C:/pcam5/pcam5.runs/pcam_v_demosaic_0_0_synth_1/prj/sol/.autopilot/db/v_demosaic.cpp:916:43)
INFO: [HLS 214-291] Loop 'VITIS_LOOP_929_9' is marked as complete unroll implied by the pipeline pragma (C:/pcam5/pcam5.runs/pcam_v_demosaic_0_0_synth_1/prj/sol/.autopilot/db/v_demosaic.cpp:929:31)
INFO: [HLS 214-291] Loop 'VITIS_LOOP_931_10' is marked as complete unroll implied by the pipeline pragma (C:/pcam5/pcam5.runs/pcam_v_demosaic_0_0_synth_1/prj/sol/.autopilot/db/v_demosaic.cpp:931:36)
INFO: [HLS 214-291] Loop 'VITIS_LOOP_993_17' is marked as complete unroll implied by the pipeline pragma (C:/pcam5/pcam5.runs/pcam_v_demosaic_0_0_synth_1/prj/sol/.autopilot/db/v_demosaic.cpp:993:36)
INFO: [HLS 214-291] Loop 'VITIS_LOOP_999_18' is marked as complete unroll implied by the pipeline pragma (C:/pcam5/pcam5.runs/pcam_v_demosaic_0_0_synth_1/prj/sol/.autopilot/db/v_demosaic.cpp:999:40)
INFO: [HLS 214-291] Loop 'VITIS_LOOP_940_11' is marked as complete unroll implied by the pipeline pragma (C:/pcam5/pcam5.runs/pcam_v_demosaic_0_0_synth_1/prj/sol/.autopilot/db/v_demosaic.cpp:940:36)
INFO: [HLS 214-291] Loop 'VITIS_LOOP_943_12' is marked as complete unroll implied by the pipeline pragma (C:/pcam5/pcam5.runs/pcam_v_demosaic_0_0_synth_1/prj/sol/.autopilot/db/v_demosaic.cpp:943:40)
INFO: [HLS 214-291] Loop 'VITIS_LOOP_963_13' is marked as complete unroll implied by the pipeline pragma (C:/pcam5/pcam5.runs/pcam_v_demosaic_0_0_synth_1/prj/sol/.autopilot/db/v_demosaic.cpp:963:44)
INFO: [HLS 214-291] Loop 'VITIS_LOOP_971_14' is marked as complete unroll implied by the pipeline pragma (C:/pcam5/pcam5.runs/pcam_v_demosaic_0_0_synth_1/prj/sol/.autopilot/db/v_demosaic.cpp:971:36)
INFO: [HLS 214-291] Loop 'VITIS_LOOP_979_15' is marked as complete unroll implied by the pipeline pragma (C:/pcam5/pcam5.runs/pcam_v_demosaic_0_0_synth_1/prj/sol/.autopilot/db/v_demosaic.cpp:979:40)
INFO: [HLS 214-291] Loop 'VITIS_LOOP_981_16' is marked as complete unroll implied by the pipeline pragma (C:/pcam5/pcam5.runs/pcam_v_demosaic_0_0_synth_1/prj/sol/.autopilot/db/v_demosaic.cpp:981:44)
INFO: [HLS 214-291] Loop 'VITIS_LOOP_1006_19' is marked as complete unroll implied by the pipeline pragma (C:/pcam5/pcam5.runs/pcam_v_demosaic_0_0_synth_1/prj/sol/.autopilot/db/v_demosaic.cpp:1006:33)
INFO: [HLS 214-291] Loop 'VITIS_LOOP_646_3' is marked as complete unroll implied by the pipeline pragma (C:/pcam5/pcam5.runs/pcam_v_demosaic_0_0_synth_1/prj/sol/.autopilot/db/v_demosaic.cpp:646:35)
INFO: [HLS 214-291] Loop 'VITIS_LOOP_649_4' is marked as complete unroll implied by the pipeline pragma (C:/pcam5/pcam5.runs/pcam_v_demosaic_0_0_synth_1/prj/sol/.autopilot/db/v_demosaic.cpp:649:39)
INFO: [HLS 214-291] Loop 'VITIS_LOOP_651_5' is marked as complete unroll implied by the pipeline pragma (C:/pcam5/pcam5.runs/pcam_v_demosaic_0_0_synth_1/prj/sol/.autopilot/db/v_demosaic.cpp:651:43)
INFO: [HLS 214-291] Loop 'VITIS_LOOP_660_6' is marked as complete unroll implied by the pipeline pragma (C:/pcam5/pcam5.runs/pcam_v_demosaic_0_0_synth_1/prj/sol/.autopilot/db/v_demosaic.cpp:660:35)
INFO: [HLS 214-291] Loop 'VITIS_LOOP_667_7' is marked as complete unroll implied by the pipeline pragma (C:/pcam5/pcam5.runs/pcam_v_demosaic_0_0_synth_1/prj/sol/.autopilot/db/v_demosaic.cpp:667:39)
INFO: [HLS 214-291] Loop 'VITIS_LOOP_669_8' is marked as complete unroll implied by the pipeline pragma (C:/pcam5/pcam5.runs/pcam_v_demosaic_0_0_synth_1/prj/sol/.autopilot/db/v_demosaic.cpp:669:43)
INFO: [HLS 214-291] Loop 'VITIS_LOOP_682_9' is marked as complete unroll implied by the pipeline pragma (C:/pcam5/pcam5.runs/pcam_v_demosaic_0_0_synth_1/prj/sol/.autopilot/db/v_demosaic.cpp:682:31)
INFO: [HLS 214-291] Loop 'VITIS_LOOP_684_10' is marked as complete unroll implied by the pipeline pragma (C:/pcam5/pcam5.runs/pcam_v_demosaic_0_0_synth_1/prj/sol/.autopilot/db/v_demosaic.cpp:684:36)
INFO: [HLS 214-291] Loop 'VITIS_LOOP_746_17' is marked as complete unroll implied by the pipeline pragma (C:/pcam5/pcam5.runs/pcam_v_demosaic_0_0_synth_1/prj/sol/.autopilot/db/v_demosaic.cpp:746:36)
INFO: [HLS 214-291] Loop 'VITIS_LOOP_752_18' is marked as complete unroll implied by the pipeline pragma (C:/pcam5/pcam5.runs/pcam_v_demosaic_0_0_synth_1/prj/sol/.autopilot/db/v_demosaic.cpp:752:40)
INFO: [HLS 214-291] Loop 'VITIS_LOOP_693_11' is marked as complete unroll implied by the pipeline pragma (C:/pcam5/pcam5.runs/pcam_v_demosaic_0_0_synth_1/prj/sol/.autopilot/db/v_demosaic.cpp:693:36)
INFO: [HLS 214-291] Loop 'VITIS_LOOP_696_12' is marked as complete unroll implied by the pipeline pragma (C:/pcam5/pcam5.runs/pcam_v_demosaic_0_0_synth_1/prj/sol/.autopilot/db/v_demosaic.cpp:696:40)
INFO: [HLS 214-291] Loop 'VITIS_LOOP_716_13' is marked as complete unroll implied by the pipeline pragma (C:/pcam5/pcam5.runs/pcam_v_demosaic_0_0_synth_1/prj/sol/.autopilot/db/v_demosaic.cpp:716:44)
INFO: [HLS 214-291] Loop 'VITIS_LOOP_724_14' is marked as complete unroll implied by the pipeline pragma (C:/pcam5/pcam5.runs/pcam_v_demosaic_0_0_synth_1/prj/sol/.autopilot/db/v_demosaic.cpp:724:36)
INFO: [HLS 214-291] Loop 'VITIS_LOOP_732_15' is marked as complete unroll implied by the pipeline pragma (C:/pcam5/pcam5.runs/pcam_v_demosaic_0_0_synth_1/prj/sol/.autopilot/db/v_demosaic.cpp:732:40)
INFO: [HLS 214-291] Loop 'VITIS_LOOP_734_16' is marked as complete unroll implied by the pipeline pragma (C:/pcam5/pcam5.runs/pcam_v_demosaic_0_0_synth_1/prj/sol/.autopilot/db/v_demosaic.cpp:734:44)
INFO: [HLS 214-291] Loop 'VITIS_LOOP_760_19' is marked as complete unroll implied by the pipeline pragma (C:/pcam5/pcam5.runs/pcam_v_demosaic_0_0_synth_1/prj/sol/.autopilot/db/v_demosaic.cpp:760:32)
INFO: [HLS 214-291] Loop 'VITIS_LOOP_331_5' is marked as complete unroll implied by the pipeline pragma (C:/pcam5/pcam5.runs/pcam_v_demosaic_0_0_synth_1/prj/sol/.autopilot/db/v_demosaic.cpp:331:35)
INFO: [HLS 214-291] Loop 'VITIS_LOOP_334_6' is marked as complete unroll implied by the pipeline pragma (C:/pcam5/pcam5.runs/pcam_v_demosaic_0_0_synth_1/prj/sol/.autopilot/db/v_demosaic.cpp:334:39)
INFO: [HLS 214-291] Loop 'VITIS_LOOP_342_7' is marked as complete unroll implied by the pipeline pragma (C:/pcam5/pcam5.runs/pcam_v_demosaic_0_0_synth_1/prj/sol/.autopilot/db/v_demosaic.cpp:342:35)
INFO: [HLS 214-291] Loop 'VITIS_LOOP_349_8' is marked as complete unroll implied by the pipeline pragma (C:/pcam5/pcam5.runs/pcam_v_demosaic_0_0_synth_1/prj/sol/.autopilot/db/v_demosaic.cpp:349:39)
INFO: [HLS 214-291] Loop 'VITIS_LOOP_361_9' is marked as complete unroll implied by the pipeline pragma (C:/pcam5/pcam5.runs/pcam_v_demosaic_0_0_synth_1/prj/sol/.autopilot/db/v_demosaic.cpp:361:31)
INFO: [HLS 214-291] Loop 'VITIS_LOOP_363_10' is marked as complete unroll implied by the pipeline pragma (C:/pcam5/pcam5.runs/pcam_v_demosaic_0_0_synth_1/prj/sol/.autopilot/db/v_demosaic.cpp:363:36)
INFO: [HLS 214-291] Loop 'VITIS_LOOP_418_16' is marked as complete unroll implied by the pipeline pragma (C:/pcam5/pcam5.runs/pcam_v_demosaic_0_0_synth_1/prj/sol/.autopilot/db/v_demosaic.cpp:418:36)
INFO: [HLS 214-291] Loop 'VITIS_LOOP_422_17' is marked as complete unroll implied by the pipeline pragma (C:/pcam5/pcam5.runs/pcam_v_demosaic_0_0_synth_1/prj/sol/.autopilot/db/v_demosaic.cpp:422:40)
INFO: [HLS 214-291] Loop 'VITIS_LOOP_372_11' is marked as complete unroll implied by the pipeline pragma (C:/pcam5/pcam5.runs/pcam_v_demosaic_0_0_synth_1/prj/sol/.autopilot/db/v_demosaic.cpp:372:36)
INFO: [HLS 214-291] Loop 'VITIS_LOOP_375_12' is marked as complete unroll implied by the pipeline pragma (C:/pcam5/pcam5.runs/pcam_v_demosaic_0_0_synth_1/prj/sol/.autopilot/db/v_demosaic.cpp:375:40)
INFO: [HLS 214-291] Loop 'VITIS_LOOP_391_13' is marked as complete unroll implied by the pipeline pragma (C:/pcam5/pcam5.runs/pcam_v_demosaic_0_0_synth_1/prj/sol/.autopilot/db/v_demosaic.cpp:391:44)
INFO: [HLS 214-291] Loop 'VITIS_LOOP_399_14' is marked as complete unroll implied by the pipeline pragma (C:/pcam5/pcam5.runs/pcam_v_demosaic_0_0_synth_1/prj/sol/.autopilot/db/v_demosaic.cpp:399:36)
INFO: [HLS 214-291] Loop 'VITIS_LOOP_407_15' is marked as complete unroll implied by the pipeline pragma (C:/pcam5/pcam5.runs/pcam_v_demosaic_0_0_synth_1/prj/sol/.autopilot/db/v_demosaic.cpp:407:40)
INFO: [HLS 214-291] Loop 'VITIS_LOOP_429_18' is marked as complete unroll implied by the pipeline pragma (C:/pcam5/pcam5.runs/pcam_v_demosaic_0_0_synth_1/prj/sol/.autopilot/db/v_demosaic.cpp:429:32)
INFO: [HLS 214-291] Loop 'VITIS_LOOP_472_19' is marked as complete unroll implied by the pipeline pragma (C:/pcam5/pcam5.runs/pcam_v_demosaic_0_0_synth_1/prj/sol/.autopilot/db/v_demosaic.cpp:472:40)
INFO: [HLS 214-291] Loop 'VITIS_LOOP_490_20' is marked as complete unroll implied by the pipeline pragma (C:/pcam5/pcam5.runs/pcam_v_demosaic_0_0_synth_1/prj/sol/.autopilot/db/v_demosaic.cpp:490:40)
INFO: [HLS 214-291] Loop 'VITIS_LOOP_499_21' is marked as complete unroll implied by the pipeline pragma (C:/pcam5/pcam5.runs/pcam_v_demosaic_0_0_synth_1/prj/sol/.autopilot/db/v_demosaic.cpp:499:40)
INFO: [HLS 214-291] Loop 'VITIS_LOOP_180_1' is marked as complete unroll implied by the pipeline pragma (C:/pcam5/pcam5.runs/pcam_v_demosaic_0_0_synth_1/prj/sol/.autopilot/db/v_demosaic.cpp:180:31)
INFO: [HLS 214-186] Unrolling loop 'VITIS_LOOP_248_3' (C:/pcam5/pcam5.runs/pcam_v_demosaic_0_0_synth_1/prj/sol/.autopilot/db/v_demosaic.cpp:248:31) in function 'MultiPixStream2AXIvideo' completely with a factor of 1 (C:/pcam5/pcam5.runs/pcam_v_demosaic_0_0_synth_1/prj/sol/.autopilot/db/v_demosaic.cpp:213:0)
INFO: [HLS 214-186] Unrolling loop 'VITIS_LOOP_250_4' (C:/pcam5/pcam5.runs/pcam_v_demosaic_0_0_synth_1/prj/sol/.autopilot/db/v_demosaic.cpp:250:35) in function 'MultiPixStream2AXIvideo' completely with a factor of 3 (C:/pcam5/pcam5.runs/pcam_v_demosaic_0_0_synth_1/prj/sol/.autopilot/db/v_demosaic.cpp:213:0)
INFO: [HLS 214-186] Unrolling loop 'VITIS_LOOP_1112_3' (C:/pcam5/pcam5.runs/pcam_v_demosaic_0_0_synth_1/prj/sol/.autopilot/db/v_demosaic.cpp:1112:32) in function 'ZipperRemoval' completely with a factor of 1 (C:/pcam5/pcam5.runs/pcam_v_demosaic_0_0_synth_1/prj/sol/.autopilot/db/v_demosaic.cpp:1082:0)
INFO: [HLS 214-186] Unrolling loop 'VITIS_LOOP_1115_4' (C:/pcam5/pcam5.runs/pcam_v_demosaic_0_0_synth_1/prj/sol/.autopilot/db/v_demosaic.cpp:1115:36) in function 'ZipperRemoval' completely with a factor of 2 (C:/pcam5/pcam5.runs/pcam_v_demosaic_0_0_synth_1/prj/sol/.autopilot/db/v_demosaic.cpp:1082:0)
INFO: [HLS 214-186] Unrolling loop 'VITIS_LOOP_1135_5' (C:/pcam5/pcam5.runs/pcam_v_demosaic_0_0_synth_1/prj/sol/.autopilot/db/v_demosaic.cpp:1135:32) in function 'ZipperRemoval' completely with a factor of 1 (C:/pcam5/pcam5.runs/pcam_v_demosaic_0_0_synth_1/prj/sol/.autopilot/db/v_demosaic.cpp:1082:0)
INFO: [HLS 214-186] Unrolling loop 'VITIS_LOOP_894_3' (C:/pcam5/pcam5.runs/pcam_v_demosaic_0_0_synth_1/prj/sol/.autopilot/db/v_demosaic.cpp:894:35) in function 'DebayerRandBatG' completely with a factor of 3 (C:/pcam5/pcam5.runs/pcam_v_demosaic_0_0_synth_1/prj/sol/.autopilot/db/v_demosaic.cpp:847:0)
INFO: [HLS 214-186] Unrolling loop 'VITIS_LOOP_897_4' (C:/pcam5/pcam5.runs/pcam_v_demosaic_0_0_synth_1/prj/sol/.autopilot/db/v_demosaic.cpp:897:39) in function 'DebayerRandBatG' completely with a factor of 1 (C:/pcam5/pcam5.runs/pcam_v_demosaic_0_0_synth_1/prj/sol/.autopilot/db/v_demosaic.cpp:847:0)
INFO: [HLS 214-186] Unrolling loop 'VITIS_LOOP_899_5' (C:/pcam5/pcam5.runs/pcam_v_demosaic_0_0_synth_1/prj/sol/.autopilot/db/v_demosaic.cpp:899:43) in function 'DebayerRandBatG' completely with a factor of 3 (C:/pcam5/pcam5.runs/pcam_v_demosaic_0_0_synth_1/prj/sol/.autopilot/db/v_demosaic.cpp:847:0)
INFO: [HLS 214-186] Unrolling loop 'VITIS_LOOP_907_6' (C:/pcam5/pcam5.runs/pcam_v_demosaic_0_0_synth_1/prj/sol/.autopilot/db/v_demosaic.cpp:907:35) in function 'DebayerRandBatG' completely with a factor of 2 (C:/pcam5/pcam5.runs/pcam_v_demosaic_0_0_synth_1/prj/sol/.autopilot/db/v_demosaic.cpp:847:0)
INFO: [HLS 214-186] Unrolling loop 'VITIS_LOOP_914_7' (C:/pcam5/pcam5.runs/pcam_v_demosaic_0_0_synth_1/prj/sol/.autopilot/db/v_demosaic.cpp:914:39) in function 'DebayerRandBatG' completely with a factor of 1 (C:/pcam5/pcam5.runs/pcam_v_demosaic_0_0_synth_1/prj/sol/.autopilot/db/v_demosaic.cpp:847:0)
INFO: [HLS 214-186] Unrolling loop 'VITIS_LOOP_916_8' (C:/pcam5/pcam5.runs/pcam_v_demosaic_0_0_synth_1/prj/sol/.autopilot/db/v_demosaic.cpp:916:43) in function 'DebayerRandBatG' completely with a factor of 3 (C:/pcam5/pcam5.runs/pcam_v_demosaic_0_0_synth_1/prj/sol/.autopilot/db/v_demosaic.cpp:847:0)
INFO: [HLS 214-186] Unrolling loop 'VITIS_LOOP_929_9' (C:/pcam5/pcam5.runs/pcam_v_demosaic_0_0_synth_1/prj/sol/.autopilot/db/v_demosaic.cpp:929:31) in function 'DebayerRandBatG' completely with a factor of 3 (C:/pcam5/pcam5.runs/pcam_v_demosaic_0_0_synth_1/prj/sol/.autopilot/db/v_demosaic.cpp:847:0)
INFO: [HLS 214-186] Unrolling loop 'VITIS_LOOP_931_10' (C:/pcam5/pcam5.runs/pcam_v_demosaic_0_0_synth_1/prj/sol/.autopilot/db/v_demosaic.cpp:931:36) in function 'DebayerRandBatG' completely with a factor of 2 (C:/pcam5/pcam5.runs/pcam_v_demosaic_0_0_synth_1/prj/sol/.autopilot/db/v_demosaic.cpp:847:0)
INFO: [HLS 214-186] Unrolling loop 'VITIS_LOOP_993_17' (C:/pcam5/pcam5.runs/pcam_v_demosaic_0_0_synth_1/prj/sol/.autopilot/db/v_demosaic.cpp:993:36) in function 'DebayerRandBatG' completely with a factor of 3 (C:/pcam5/pcam5.runs/pcam_v_demosaic_0_0_synth_1/prj/sol/.autopilot/db/v_demosaic.cpp:847:0)
INFO: [HLS 214-186] Unrolling loop 'VITIS_LOOP_999_18' (C:/pcam5/pcam5.runs/pcam_v_demosaic_0_0_synth_1/prj/sol/.autopilot/db/v_demosaic.cpp:999:40) in function 'DebayerRandBatG' completely with a factor of 1 (C:/pcam5/pcam5.runs/pcam_v_demosaic_0_0_synth_1/prj/sol/.autopilot/db/v_demosaic.cpp:847:0)
INFO: [HLS 214-186] Unrolling loop 'VITIS_LOOP_940_11' (C:/pcam5/pcam5.runs/pcam_v_demosaic_0_0_synth_1/prj/sol/.autopilot/db/v_demosaic.cpp:940:36) in function 'DebayerRandBatG' completely with a factor of 3 (C:/pcam5/pcam5.runs/pcam_v_demosaic_0_0_synth_1/prj/sol/.autopilot/db/v_demosaic.cpp:847:0)
INFO: [HLS 214-186] Unrolling loop 'VITIS_LOOP_963_13' (C:/pcam5/pcam5.runs/pcam_v_demosaic_0_0_synth_1/prj/sol/.autopilot/db/v_demosaic.cpp:963:44) in function 'DebayerRandBatG' completely with a factor of 2 (C:/pcam5/pcam5.runs/pcam_v_demosaic_0_0_synth_1/prj/sol/.autopilot/db/v_demosaic.cpp:847:0)
INFO: [HLS 214-186] Unrolling loop 'VITIS_LOOP_943_12' (C:/pcam5/pcam5.runs/pcam_v_demosaic_0_0_synth_1/prj/sol/.autopilot/db/v_demosaic.cpp:943:40) in function 'DebayerRandBatG' completely with a factor of 1 (C:/pcam5/pcam5.runs/pcam_v_demosaic_0_0_synth_1/prj/sol/.autopilot/db/v_demosaic.cpp:847:0)
INFO: [HLS 214-186] Unrolling loop 'VITIS_LOOP_971_14' (C:/pcam5/pcam5.runs/pcam_v_demosaic_0_0_synth_1/prj/sol/.autopilot/db/v_demosaic.cpp:971:36) in function 'DebayerRandBatG' completely with a factor of 2 (C:/pcam5/pcam5.runs/pcam_v_demosaic_0_0_synth_1/prj/sol/.autopilot/db/v_demosaic.cpp:847:0)
INFO: [HLS 214-186] Unrolling loop 'VITIS_LOOP_979_15' (C:/pcam5/pcam5.runs/pcam_v_demosaic_0_0_synth_1/prj/sol/.autopilot/db/v_demosaic.cpp:979:40) in function 'DebayerRandBatG' completely with a factor of 1 (C:/pcam5/pcam5.runs/pcam_v_demosaic_0_0_synth_1/prj/sol/.autopilot/db/v_demosaic.cpp:847:0)
INFO: [HLS 214-186] Unrolling loop 'VITIS_LOOP_981_16' (C:/pcam5/pcam5.runs/pcam_v_demosaic_0_0_synth_1/prj/sol/.autopilot/db/v_demosaic.cpp:981:44) in function 'DebayerRandBatG' completely with a factor of 3 (C:/pcam5/pcam5.runs/pcam_v_demosaic_0_0_synth_1/prj/sol/.autopilot/db/v_demosaic.cpp:847:0)
INFO: [HLS 214-186] Unrolling loop 'VITIS_LOOP_1006_19' (C:/pcam5/pcam5.runs/pcam_v_demosaic_0_0_synth_1/prj/sol/.autopilot/db/v_demosaic.cpp:1006:33) in function 'DebayerRandBatG' completely with a factor of 1 (C:/pcam5/pcam5.runs/pcam_v_demosaic_0_0_synth_1/prj/sol/.autopilot/db/v_demosaic.cpp:847:0)
INFO: [HLS 214-186] Unrolling loop 'VITIS_LOOP_646_3' (C:/pcam5/pcam5.runs/pcam_v_demosaic_0_0_synth_1/prj/sol/.autopilot/db/v_demosaic.cpp:646:35) in function 'DebayerRatBorBatR' completely with a factor of 3 (C:/pcam5/pcam5.runs/pcam_v_demosaic_0_0_synth_1/prj/sol/.autopilot/db/v_demosaic.cpp:599:0)
INFO: [HLS 214-186] Unrolling loop 'VITIS_LOOP_649_4' (C:/pcam5/pcam5.runs/pcam_v_demosaic_0_0_synth_1/prj/sol/.autopilot/db/v_demosaic.cpp:649:39) in function 'DebayerRatBorBatR' completely with a factor of 1 (C:/pcam5/pcam5.runs/pcam_v_demosaic_0_0_synth_1/prj/sol/.autopilot/db/v_demosaic.cpp:599:0)
INFO: [HLS 214-186] Unrolling loop 'VITIS_LOOP_651_5' (C:/pcam5/pcam5.runs/pcam_v_demosaic_0_0_synth_1/prj/sol/.autopilot/db/v_demosaic.cpp:651:43) in function 'DebayerRatBorBatR' completely with a factor of 3 (C:/pcam5/pcam5.runs/pcam_v_demosaic_0_0_synth_1/prj/sol/.autopilot/db/v_demosaic.cpp:599:0)
INFO: [HLS 214-186] Unrolling loop 'VITIS_LOOP_660_6' (C:/pcam5/pcam5.runs/pcam_v_demosaic_0_0_synth_1/prj/sol/.autopilot/db/v_demosaic.cpp:660:35) in function 'DebayerRatBorBatR' completely with a factor of 2 (C:/pcam5/pcam5.runs/pcam_v_demosaic_0_0_synth_1/prj/sol/.autopilot/db/v_demosaic.cpp:599:0)
INFO: [HLS 214-186] Unrolling loop 'VITIS_LOOP_667_7' (C:/pcam5/pcam5.runs/pcam_v_demosaic_0_0_synth_1/prj/sol/.autopilot/db/v_demosaic.cpp:667:39) in function 'DebayerRatBorBatR' completely with a factor of 1 (C:/pcam5/pcam5.runs/pcam_v_demosaic_0_0_synth_1/prj/sol/.autopilot/db/v_demosaic.cpp:599:0)
INFO: [HLS 214-186] Unrolling loop 'VITIS_LOOP_669_8' (C:/pcam5/pcam5.runs/pcam_v_demosaic_0_0_synth_1/prj/sol/.autopilot/db/v_demosaic.cpp:669:43) in function 'DebayerRatBorBatR' completely with a factor of 3 (C:/pcam5/pcam5.runs/pcam_v_demosaic_0_0_synth_1/prj/sol/.autopilot/db/v_demosaic.cpp:599:0)
INFO: [HLS 214-186] Unrolling loop 'VITIS_LOOP_682_9' (C:/pcam5/pcam5.runs/pcam_v_demosaic_0_0_synth_1/prj/sol/.autopilot/db/v_demosaic.cpp:682:31) in function 'DebayerRatBorBatR' completely with a factor of 3 (C:/pcam5/pcam5.runs/pcam_v_demosaic_0_0_synth_1/prj/sol/.autopilot/db/v_demosaic.cpp:599:0)
INFO: [HLS 214-186] Unrolling loop 'VITIS_LOOP_684_10' (C:/pcam5/pcam5.runs/pcam_v_demosaic_0_0_synth_1/prj/sol/.autopilot/db/v_demosaic.cpp:684:36) in function 'DebayerRatBorBatR' completely with a factor of 2 (C:/pcam5/pcam5.runs/pcam_v_demosaic_0_0_synth_1/prj/sol/.autopilot/db/v_demosaic.cpp:599:0)
INFO: [HLS 214-186] Unrolling loop 'VITIS_LOOP_746_17' (C:/pcam5/pcam5.runs/pcam_v_demosaic_0_0_synth_1/prj/sol/.autopilot/db/v_demosaic.cpp:746:36) in function 'DebayerRatBorBatR' completely with a factor of 3 (C:/pcam5/pcam5.runs/pcam_v_demosaic_0_0_synth_1/prj/sol/.autopilot/db/v_demosaic.cpp:599:0)
INFO: [HLS 214-186] Unrolling loop 'VITIS_LOOP_752_18' (C:/pcam5/pcam5.runs/pcam_v_demosaic_0_0_synth_1/prj/sol/.autopilot/db/v_demosaic.cpp:752:40) in function 'DebayerRatBorBatR' completely with a factor of 1 (C:/pcam5/pcam5.runs/pcam_v_demosaic_0_0_synth_1/prj/sol/.autopilot/db/v_demosaic.cpp:599:0)
INFO: [HLS 214-186] Unrolling loop 'VITIS_LOOP_693_11' (C:/pcam5/pcam5.runs/pcam_v_demosaic_0_0_synth_1/prj/sol/.autopilot/db/v_demosaic.cpp:693:36) in function 'DebayerRatBorBatR' completely with a factor of 3 (C:/pcam5/pcam5.runs/pcam_v_demosaic_0_0_synth_1/prj/sol/.autopilot/db/v_demosaic.cpp:599:0)
INFO: [HLS 214-186] Unrolling loop 'VITIS_LOOP_716_13' (C:/pcam5/pcam5.runs/pcam_v_demosaic_0_0_synth_1/prj/sol/.autopilot/db/v_demosaic.cpp:716:44) in function 'DebayerRatBorBatR' completely with a factor of 2 (C:/pcam5/pcam5.runs/pcam_v_demosaic_0_0_synth_1/prj/sol/.autopilot/db/v_demosaic.cpp:599:0)
INFO: [HLS 214-186] Unrolling loop 'VITIS_LOOP_696_12' (C:/pcam5/pcam5.runs/pcam_v_demosaic_0_0_synth_1/prj/sol/.autopilot/db/v_demosaic.cpp:696:40) in function 'DebayerRatBorBatR' completely with a factor of 1 (C:/pcam5/pcam5.runs/pcam_v_demosaic_0_0_synth_1/prj/sol/.autopilot/db/v_demosaic.cpp:599:0)
INFO: [HLS 214-186] Unrolling loop 'VITIS_LOOP_724_14' (C:/pcam5/pcam5.runs/pcam_v_demosaic_0_0_synth_1/prj/sol/.autopilot/db/v_demosaic.cpp:724:36) in function 'DebayerRatBorBatR' completely with a factor of 2 (C:/pcam5/pcam5.runs/pcam_v_demosaic_0_0_synth_1/prj/sol/.autopilot/db/v_demosaic.cpp:599:0)
INFO: [HLS 214-186] Unrolling loop 'VITIS_LOOP_732_15' (C:/pcam5/pcam5.runs/pcam_v_demosaic_0_0_synth_1/prj/sol/.autopilot/db/v_demosaic.cpp:732:40) in function 'DebayerRatBorBatR' completely with a factor of 1 (C:/pcam5/pcam5.runs/pcam_v_demosaic_0_0_synth_1/prj/sol/.autopilot/db/v_demosaic.cpp:599:0)
INFO: [HLS 214-186] Unrolling loop 'VITIS_LOOP_734_16' (C:/pcam5/pcam5.runs/pcam_v_demosaic_0_0_synth_1/prj/sol/.autopilot/db/v_demosaic.cpp:734:44) in function 'DebayerRatBorBatR' completely with a factor of 3 (C:/pcam5/pcam5.runs/pcam_v_demosaic_0_0_synth_1/prj/sol/.autopilot/db/v_demosaic.cpp:599:0)
INFO: [HLS 214-186] Unrolling loop 'VITIS_LOOP_760_19' (C:/pcam5/pcam5.runs/pcam_v_demosaic_0_0_synth_1/prj/sol/.autopilot/db/v_demosaic.cpp:760:32) in function 'DebayerRatBorBatR' completely with a factor of 1 (C:/pcam5/pcam5.runs/pcam_v_demosaic_0_0_synth_1/prj/sol/.autopilot/db/v_demosaic.cpp:599:0)
INFO: [HLS 214-186] Unrolling loop 'VITIS_LOOP_331_5' (C:/pcam5/pcam5.runs/pcam_v_demosaic_0_0_synth_1/prj/sol/.autopilot/db/v_demosaic.cpp:331:35) in function 'DebayerG' completely with a factor of 5 (C:/pcam5/pcam5.runs/pcam_v_demosaic_0_0_synth_1/prj/sol/.autopilot/db/v_demosaic.cpp:270:0)
INFO: [HLS 214-186] Unrolling loop 'VITIS_LOOP_334_6' (C:/pcam5/pcam5.runs/pcam_v_demosaic_0_0_synth_1/prj/sol/.autopilot/db/v_demosaic.cpp:334:39) in function 'DebayerG' completely with a factor of 1 (C:/pcam5/pcam5.runs/pcam_v_demosaic_0_0_synth_1/prj/sol/.autopilot/db/v_demosaic.cpp:270:0)
INFO: [HLS 214-186] Unrolling loop 'VITIS_LOOP_342_7' (C:/pcam5/pcam5.runs/pcam_v_demosaic_0_0_synth_1/prj/sol/.autopilot/db/v_demosaic.cpp:342:35) in function 'DebayerG' completely with a factor of 4 (C:/pcam5/pcam5.runs/pcam_v_demosaic_0_0_synth_1/prj/sol/.autopilot/db/v_demosaic.cpp:270:0)
INFO: [HLS 214-186] Unrolling loop 'VITIS_LOOP_349_8' (C:/pcam5/pcam5.runs/pcam_v_demosaic_0_0_synth_1/prj/sol/.autopilot/db/v_demosaic.cpp:349:39) in function 'DebayerG' completely with a factor of 1 (C:/pcam5/pcam5.runs/pcam_v_demosaic_0_0_synth_1/prj/sol/.autopilot/db/v_demosaic.cpp:270:0)
INFO: [HLS 214-186] Unrolling loop 'VITIS_LOOP_361_9' (C:/pcam5/pcam5.runs/pcam_v_demosaic_0_0_synth_1/prj/sol/.autopilot/db/v_demosaic.cpp:361:31) in function 'DebayerG' completely with a factor of 5 (C:/pcam5/pcam5.runs/pcam_v_demosaic_0_0_synth_1/prj/sol/.autopilot/db/v_demosaic.cpp:270:0)
INFO: [HLS 214-186] Unrolling loop 'VITIS_LOOP_363_10' (C:/pcam5/pcam5.runs/pcam_v_demosaic_0_0_synth_1/prj/sol/.autopilot/db/v_demosaic.cpp:363:36) in function 'DebayerG' completely with a factor of 4 (C:/pcam5/pcam5.runs/pcam_v_demosaic_0_0_synth_1/prj/sol/.autopilot/db/v_demosaic.cpp:270:0)
INFO: [HLS 214-186] Unrolling loop 'VITIS_LOOP_418_16' (C:/pcam5/pcam5.runs/pcam_v_demosaic_0_0_synth_1/prj/sol/.autopilot/db/v_demosaic.cpp:418:36) in function 'DebayerG' completely with a factor of 5 (C:/pcam5/pcam5.runs/pcam_v_demosaic_0_0_synth_1/prj/sol/.autopilot/db/v_demosaic.cpp:270:0)
INFO: [HLS 214-186] Unrolling loop 'VITIS_LOOP_422_17' (C:/pcam5/pcam5.runs/pcam_v_demosaic_0_0_synth_1/prj/sol/.autopilot/db/v_demosaic.cpp:422:40) in function 'DebayerG' completely with a factor of 1 (C:/pcam5/pcam5.runs/pcam_v_demosaic_0_0_synth_1/prj/sol/.autopilot/db/v_demosaic.cpp:270:0)
INFO: [HLS 214-186] Unrolling loop 'VITIS_LOOP_372_11' (C:/pcam5/pcam5.runs/pcam_v_demosaic_0_0_synth_1/prj/sol/.autopilot/db/v_demosaic.cpp:372:36) in function 'DebayerG' completely with a factor of 5 (C:/pcam5/pcam5.runs/pcam_v_demosaic_0_0_synth_1/prj/sol/.autopilot/db/v_demosaic.cpp:270:0)
INFO: [HLS 214-186] Unrolling loop 'VITIS_LOOP_391_13' (C:/pcam5/pcam5.runs/pcam_v_demosaic_0_0_synth_1/prj/sol/.autopilot/db/v_demosaic.cpp:391:44) in function 'DebayerG' completely with a factor of 4 (C:/pcam5/pcam5.runs/pcam_v_demosaic_0_0_synth_1/prj/sol/.autopilot/db/v_demosaic.cpp:270:0)
INFO: [HLS 214-186] Unrolling loop 'VITIS_LOOP_375_12' (C:/pcam5/pcam5.runs/pcam_v_demosaic_0_0_synth_1/prj/sol/.autopilot/db/v_demosaic.cpp:375:40) in function 'DebayerG' completely with a factor of 1 (C:/pcam5/pcam5.runs/pcam_v_demosaic_0_0_synth_1/prj/sol/.autopilot/db/v_demosaic.cpp:270:0)
INFO: [HLS 214-186] Unrolling loop 'VITIS_LOOP_399_14' (C:/pcam5/pcam5.runs/pcam_v_demosaic_0_0_synth_1/prj/sol/.autopilot/db/v_demosaic.cpp:399:36) in function 'DebayerG' completely with a factor of 4 (C:/pcam5/pcam5.runs/pcam_v_demosaic_0_0_synth_1/prj/sol/.autopilot/db/v_demosaic.cpp:270:0)
INFO: [HLS 214-186] Unrolling loop 'VITIS_LOOP_407_15' (C:/pcam5/pcam5.runs/pcam_v_demosaic_0_0_synth_1/prj/sol/.autopilot/db/v_demosaic.cpp:407:40) in function 'DebayerG' completely with a factor of 1 (C:/pcam5/pcam5.runs/pcam_v_demosaic_0_0_synth_1/prj/sol/.autopilot/db/v_demosaic.cpp:270:0)
INFO: [HLS 214-186] Unrolling loop 'VITIS_LOOP_429_18' (C:/pcam5/pcam5.runs/pcam_v_demosaic_0_0_synth_1/prj/sol/.autopilot/db/v_demosaic.cpp:429:32) in function 'DebayerG' completely with a factor of 1 (C:/pcam5/pcam5.runs/pcam_v_demosaic_0_0_synth_1/prj/sol/.autopilot/db/v_demosaic.cpp:270:0)
INFO: [HLS 214-186] Unrolling loop 'VITIS_LOOP_499_21' (C:/pcam5/pcam5.runs/pcam_v_demosaic_0_0_synth_1/prj/sol/.autopilot/db/v_demosaic.cpp:499:40) in function 'DebayerG' completely with a factor of 4 (C:/pcam5/pcam5.runs/pcam_v_demosaic_0_0_synth_1/prj/sol/.autopilot/db/v_demosaic.cpp:270:0)
INFO: [HLS 214-186] Unrolling loop 'VITIS_LOOP_490_20' (C:/pcam5/pcam5.runs/pcam_v_demosaic_0_0_synth_1/prj/sol/.autopilot/db/v_demosaic.cpp:490:40) in function 'DebayerG' completely with a factor of 4 (C:/pcam5/pcam5.runs/pcam_v_demosaic_0_0_synth_1/prj/sol/.autopilot/db/v_demosaic.cpp:270:0)
INFO: [HLS 214-186] Unrolling loop 'VITIS_LOOP_472_19' (C:/pcam5/pcam5.runs/pcam_v_demosaic_0_0_synth_1/prj/sol/.autopilot/db/v_demosaic.cpp:472:40) in function 'DebayerG' completely with a factor of 4 (C:/pcam5/pcam5.runs/pcam_v_demosaic_0_0_synth_1/prj/sol/.autopilot/db/v_demosaic.cpp:270:0)
INFO: [HLS 214-186] Unrolling loop 'VITIS_LOOP_180_1' (C:/pcam5/pcam5.runs/pcam_v_demosaic_0_0_synth_1/prj/sol/.autopilot/db/v_demosaic.cpp:180:31) in function 'AXIvideo2MultiBayer' completely with a factor of 1 (C:/pcam5/pcam5.runs/pcam_v_demosaic_0_0_synth_1/prj/sol/.autopilot/db/v_demosaic.cpp:139:0)
INFO: [HLS 214-178] Inlining function 'hls::axis<ap_uint<8>, 1ul, 1ul, 1ul, (unsigned char)56, false>::axis()' into 'AXIvideo2MultiBayer(hls::stream<hls::axis<ap_uint<8>, 1ul, 1ul, 1ul, (unsigned char)56, false>, 0>&, hls::stream<hls::Scalar<1, ap_uint<8> >, 0>&, unsigned short&, unsigned short&)' (C:/pcam5/pcam5.runs/pcam_v_demosaic_0_0_synth_1/prj/sol/.autopilot/db/v_demosaic.cpp:139:0)
INFO: [HLS 214-178] Inlining function 'std::abs(long long)' into 'DebayerG(hls::stream<hls::Scalar<1, ap_uint<8> >, 0>&, hls::stream<hls::Scalar<3, ap_uint<8> >, 0>&, unsigned short&, unsigned short&, unsigned short&)' (C:/pcam5/pcam5.runs/pcam_v_demosaic_0_0_synth_1/prj/sol/.autopilot/db/v_demosaic.cpp:270:0)
INFO: [HLS 214-178] Inlining function 'std::abs(long long)' into 'DebayerRatBorBatR(hls::stream<hls::Scalar<3, ap_uint<8> >, 0>&, hls::stream<hls::Scalar<3, ap_uint<8> >, 0>&, unsigned short&, unsigned short&, unsigned short&)' (C:/pcam5/pcam5.runs/pcam_v_demosaic_0_0_synth_1/prj/sol/.autopilot/db/v_demosaic.cpp:599:0)
INFO: [HLS 214-178] Inlining function 'std::abs(long long)' into 'DebayerRandBatG(hls::stream<hls::Scalar<3, ap_uint<8> >, 0>&, hls::stream<hls::Scalar<3, ap_uint<8> >, 0>&, unsigned short&, unsigned short&, unsigned short&)' (C:/pcam5/pcam5.runs/pcam_v_demosaic_0_0_synth_1/prj/sol/.autopilot/db/v_demosaic.cpp:847:0)
INFO: [HLS 214-178] Inlining function 'hls::axis<ap_uint<24>, 1ul, 1ul, 1ul, (unsigned char)56, false>::axis()' into 'MultiPixStream2AXIvideo(hls::stream<hls::Scalar<3, ap_uint<8> >, 0>&, hls::stream<hls::axis<ap_uint<24>, 1ul, 1ul, 1ul, (unsigned char)56, false>, 0>&, unsigned short&, unsigned short&)' (C:/pcam5/pcam5.runs/pcam_v_demosaic_0_0_synth_1/prj/sol/.autopilot/db/v_demosaic.cpp:213:0)
INFO: [HLS 214-248] Applying array_partition to 'linebuf_yuv': Complete partitioning on dimension 1. (C:/pcam5/pcam5.runs/pcam_v_demosaic_0_0_synth_1/prj/sol/.autopilot/db/v_demosaic.cpp:283:61)
INFO: [HLS 214-248] Applying array_partition to 'lineBuffer': Complete partitioning on dimension 1. (C:/pcam5/pcam5.runs/pcam_v_demosaic_0_0_synth_1/prj/sol/.autopilot/db/v_demosaic.cpp:614:67)
INFO: [HLS 214-248] Applying array_partition to 'upleft': Complete partitioning on dimension 1. (C:/pcam5/pcam5.runs/pcam_v_demosaic_0_0_synth_1/prj/sol/.autopilot/db/v_demosaic.cpp:775:31)
INFO: [HLS 214-248] Applying array_partition to 'upright': Complete partitioning on dimension 1. (C:/pcam5/pcam5.runs/pcam_v_demosaic_0_0_synth_1/prj/sol/.autopilot/db/v_demosaic.cpp:776:31)
INFO: [HLS 214-248] Applying array_partition to 'downleft': Complete partitioning on dimension 1. (C:/pcam5/pcam5.runs/pcam_v_demosaic_0_0_synth_1/prj/sol/.autopilot/db/v_demosaic.cpp:777:31)
INFO: [HLS 214-248] Applying array_partition to 'downright': Complete partitioning on dimension 1. (C:/pcam5/pcam5.runs/pcam_v_demosaic_0_0_synth_1/prj/sol/.autopilot/db/v_demosaic.cpp:778:31)
INFO: [HLS 214-248] Applying array_partition to 'center': Complete partitioning on dimension 1. (C:/pcam5/pcam5.runs/pcam_v_demosaic_0_0_synth_1/prj/sol/.autopilot/db/v_demosaic.cpp:779:31)
INFO: [HLS 214-248] Applying array_partition to 'lineBuffer': Complete partitioning on dimension 1. (C:/pcam5/pcam5.runs/pcam_v_demosaic_0_0_synth_1/prj/sol/.autopilot/db/v_demosaic.cpp:862:67)
INFO: [HLS 214-248] Applying array_partition to 'luma': Complete partitioning on dimension 1. (C:/pcam5/pcam5.runs/pcam_v_demosaic_0_0_synth_1/prj/sol/.autopilot/db/v_demosaic.cpp:1089:16)
INFO: [HLS 214-248] Applying array_partition to 'r': Complete partitioning on dimension 1. (C:/pcam5/pcam5.runs/pcam_v_demosaic_0_0_synth_1/prj/sol/.autopilot/db/v_demosaic.cpp:1090:16)
INFO: [HLS 214-248] Applying array_partition to 'g': Complete partitioning on dimension 1. (C:/pcam5/pcam5.runs/pcam_v_demosaic_0_0_synth_1/prj/sol/.autopilot/db/v_demosaic.cpp:1091:16)
INFO: [HLS 214-248] Applying array_partition to 'b': Complete partitioning on dimension 1. (C:/pcam5/pcam5.runs/pcam_v_demosaic_0_0_synth_1/prj/sol/.autopilot/db/v_demosaic.cpp:1092:16)
INFO: [HLS 214-241] Aggregating fifo (hls::stream) variable 'imgUnzip' with compact=bit mode in 24-bits (C:/pcam5/pcam5.runs/pcam_v_demosaic_0_0_synth_1/prj/sol/.autopilot/db/v_demosaic.cpp:110:21)
INFO: [HLS 214-241] Aggregating fifo (hls::stream) variable 'imgRgb' with compact=bit mode in 24-bits (C:/pcam5/pcam5.runs/pcam_v_demosaic_0_0_synth_1/prj/sol/.autopilot/db/v_demosaic.cpp:109:21)
INFO: [HLS 214-241] Aggregating fifo (hls::stream) variable 'imgRB' with compact=bit mode in 24-bits (C:/pcam5/pcam5.runs/pcam_v_demosaic_0_0_synth_1/prj/sol/.autopilot/db/v_demosaic.cpp:1067:27)
INFO: [HLS 214-241] Aggregating fifo (hls::stream) variable 'imgG' with compact=bit mode in 24-bits (C:/pcam5/pcam5.runs/pcam_v_demosaic_0_0_synth_1/prj/sol/.autopilot/db/v_demosaic.cpp:1067:21)
INFO: [HLS 214-241] Aggregating fifo (hls::stream) variable 'imgBayer' with compact=bit mode in 8-bits (C:/pcam5/pcam5.runs/pcam_v_demosaic_0_0_synth_1/prj/sol/.autopilot/db/v_demosaic.cpp:108:23)
INFO: [HLS 214-376] Pipelining loop< unknown> at C:/pcam5/pcam5.runs/pcam_v_demosaic_0_0_synth_1/prj/sol/.autopilot/db/v_demosaic.cpp:1089:33 due to pipeline_loops threshold
INFO: [HLS 214-376] Pipelining loop< unknown> at C:/pcam5/pcam5.runs/pcam_v_demosaic_0_0_synth_1/prj/sol/.autopilot/db/v_demosaic.cpp:1090:30 due to pipeline_loops threshold
INFO: [HLS 214-376] Pipelining loop< unknown> at C:/pcam5/pcam5.runs/pcam_v_demosaic_0_0_synth_1/prj/sol/.autopilot/db/v_demosaic.cpp:1091:30 due to pipeline_loops threshold
INFO: [HLS 214-376] Pipelining loop< unknown> at C:/pcam5/pcam5.runs/pcam_v_demosaic_0_0_synth_1/prj/sol/.autopilot/db/v_demosaic.cpp:1092:30 due to pipeline_loops threshold
INFO: [HLS 200-111] Finished Compiling Optimization and Transform: CPU user time: 2 seconds. CPU system time: 0 seconds. Elapsed time: 27.34 seconds; current allocated memory: 160.027 MB.
INFO: [HLS 200-111] Finished Checking Pragmas: CPU user time: 0 seconds. CPU system time: 0 seconds. Elapsed time: 0.001 seconds; current allocated memory: 160.027 MB.
INFO: [HLS 200-10] Starting code transformations ...
INFO: [HLS 200-111] Finished Standard Transforms: CPU user time: 0 seconds. CPU system time: 0 seconds. Elapsed time: 0.221 seconds; current allocated memory: 167.105 MB.
INFO: [HLS 200-10] Checking synthesizability ...
INFO: [HLS 200-111] Finished Checking Synthesizability: CPU user time: 0 seconds. CPU system time: 0 seconds. Elapsed time: 0.12 seconds; current allocated memory: 171.703 MB.
WARNING: [XFORM 203-561] Updating loop upper bound from 65535 to 1920 for loop 'VITIS_LOOP_230_2' (C:/pcam5/pcam5.runs/pcam_v_demosaic_0_0_synth_1/prj/sol/.autopilot/db/v_demosaic.cpp:230:43) in function 'MultiPixStream2AXIvideo'.
WARNING: [XFORM 203-561] Ignored invalid trip count directive (MAX (= 1920) < AVE (= 32767)) for loop 'VITIS_LOOP_230_2' (C:/pcam5/pcam5.runs/pcam_v_demosaic_0_0_synth_1/prj/sol/.autopilot/db/v_demosaic.cpp:230:43) in function 'MultiPixStream2AXIvideo'.
WARNING: [XFORM 203-561] Updating loop upper bound from 65535 to 1080 for loop 'VITIS_LOOP_228_1' (C:/pcam5/pcam5.runs/pcam_v_demosaic_0_0_synth_1/prj/sol/.autopilot/db/v_demosaic.cpp:228:39) in function 'MultiPixStream2AXIvideo'.
WARNING: [XFORM 203-561] Ignored invalid trip count directive (MAX (= 1080) < AVE (= 32767)) for loop 'VITIS_LOOP_228_1' (C:/pcam5/pcam5.runs/pcam_v_demosaic_0_0_synth_1/prj/sol/.autopilot/db/v_demosaic.cpp:228:39) in function 'MultiPixStream2AXIvideo'.
WARNING: [XFORM 203-561] Updating loop upper bound from 65536 to 1921 for loop 'VITIS_LOOP_633_2' (C:/pcam5/pcam5.runs/pcam_v_demosaic_0_0_synth_1/prj/sol/.autopilot/db/v_demosaic.cpp:632:13) in function 'DebayerRatBorBatR'.
WARNING: [XFORM 203-561] Ignored invalid trip count directive (MAX (= 1921) < AVE (= 32768)) for loop 'VITIS_LOOP_633_2' (C:/pcam5/pcam5.runs/pcam_v_demosaic_0_0_synth_1/prj/sol/.autopilot/db/v_demosaic.cpp:632:13) in function 'DebayerRatBorBatR'.
WARNING: [XFORM 203-561] Updating loop upper bound from 65536 to 1081 for loop 'VITIS_LOOP_630_1' (C:/pcam5/pcam5.runs/pcam_v_demosaic_0_0_synth_1/prj/sol/.autopilot/db/v_demosaic.cpp:603:9) in function 'DebayerRatBorBatR'.
WARNING: [XFORM 203-561] Ignored invalid trip count directive (MAX (= 1081) < AVE (= 32768)) for loop 'VITIS_LOOP_630_1' (C:/pcam5/pcam5.runs/pcam_v_demosaic_0_0_synth_1/prj/sol/.autopilot/db/v_demosaic.cpp:603:9) in function 'DebayerRatBorBatR'.
WARNING: [XFORM 203-561] Updating loop upper bound from 65536 to 1921 for loop 'VITIS_LOOP_881_2' (C:/pcam5/pcam5.runs/pcam_v_demosaic_0_0_synth_1/prj/sol/.autopilot/db/v_demosaic.cpp:880:13) in function 'DebayerRandBatG'.
WARNING: [XFORM 203-561] Ignored invalid trip count directive (MAX (= 1921) < AVE (= 32768)) for loop 'VITIS_LOOP_881_2' (C:/pcam5/pcam5.runs/pcam_v_demosaic_0_0_synth_1/prj/sol/.autopilot/db/v_demosaic.cpp:880:13) in function 'DebayerRandBatG'.
WARNING: [XFORM 203-561] Updating loop upper bound from 65536 to 1081 for loop 'VITIS_LOOP_878_1' (C:/pcam5/pcam5.runs/pcam_v_demosaic_0_0_synth_1/prj/sol/.autopilot/db/v_demosaic.cpp:851:9) in function 'DebayerRandBatG'.
WARNING: [XFORM 203-561] Ignored invalid trip count directive (MAX (= 1081) < AVE (= 32768)) for loop 'VITIS_LOOP_878_1' (C:/pcam5/pcam5.runs/pcam_v_demosaic_0_0_synth_1/prj/sol/.autopilot/db/v_demosaic.cpp:851:9) in function 'DebayerRandBatG'.
WARNING: [XFORM 203-561] Updating loop upper bound from 65535 to 1920 for loop 'loop_width' (C:/pcam5/pcam5.runs/pcam_v_demosaic_0_0_synth_1/prj/sol/.autopilot/db/v_demosaic.cpp:153:10) in function 'AXIvideo2MultiBayer'.
WARNING: [XFORM 203-561] Ignored invalid trip count directive (MAX (= 1920) < AVE (= 32767)) for loop 'loop_width' (C:/pcam5/pcam5.runs/pcam_v_demosaic_0_0_synth_1/prj/sol/.autopilot/db/v_demosaic.cpp:153:10) in function 'AXIvideo2MultiBayer'.
WARNING: [XFORM 203-561] Updating loop upper bound from 65535 to 1080 for loop 'loop_height' (C:/pcam5/pcam5.runs/pcam_v_demosaic_0_0_synth_1/prj/sol/.autopilot/db/v_demosaic.cpp:153:10) in function 'AXIvideo2MultiBayer'.
WARNING: [XFORM 203-561] Ignored invalid trip count directive (MAX (= 1080) < AVE (= 32767)) for loop 'loop_height' (C:/pcam5/pcam5.runs/pcam_v_demosaic_0_0_synth_1/prj/sol/.autopilot/db/v_demosaic.cpp:153:10) in function 'AXIvideo2MultiBayer'.
WARNING: [HLS 200-805] An internal stream 'imgBayer' (C:/pcam5/pcam5.runs/pcam_v_demosaic_0_0_synth_1/prj/sol/.autopilot/db/v_demosaic.cpp:108) with default size can result in deadlock. Please consider resizing the stream using the directive 'set_directive_stream' or the 'HLS stream' pragma.
WARNING: [HLS 200-805] An internal stream 'imgRgb' (C:/pcam5/pcam5.runs/pcam_v_demosaic_0_0_synth_1/prj/sol/.autopilot/db/v_demosaic.cpp:109) with default size can result in deadlock. Please consider resizing the stream using the directive 'set_directive_stream' or the 'HLS stream' pragma.
WARNING: [HLS 200-805] An internal stream 'imgUnzip' (C:/pcam5/pcam5.runs/pcam_v_demosaic_0_0_synth_1/prj/sol/.autopilot/db/v_demosaic.cpp:110) with default size can result in deadlock. Please consider resizing the stream using the directive 'set_directive_stream' or the 'HLS stream' pragma.
WARNING: [HLS 200-805] An internal stream 'imgG' (C:/pcam5/pcam5.runs/pcam_v_demosaic_0_0_synth_1/prj/sol/.autopilot/db/v_demosaic.cpp:1067) with default size can result in deadlock. Please consider resizing the stream using the directive 'set_directive_stream' or the 'HLS stream' pragma.
WARNING: [HLS 200-805] An internal stream 'imgRB' (C:/pcam5/pcam5.runs/pcam_v_demosaic_0_0_synth_1/prj/sol/.autopilot/db/v_demosaic.cpp:1067) with default size can result in deadlock. Please consider resizing the stream using the directive 'set_directive_stream' or the 'HLS stream' pragma.
INFO: [XFORM 203-712] Applying dataflow to function 'Debayer' (C:/pcam5/pcam5.runs/pcam_v_demosaic_0_0_synth_1/prj/sol/.autopilot/db/v_demosaic.cpp:1067:1), detected/extracted 3 process function(s): 
	 'DebayerG'
	 'DebayerRatBorBatR'
	 'DebayerRandBatG'.
INFO: [XFORM 203-712] Applying dataflow to function 'v_demosaic' (C:/pcam5/pcam5.runs/pcam_v_demosaic_0_0_synth_1/prj/sol/.autopilot/db/v_demosaic.cpp:89), detected/extracted 5 process function(s): 
	 'entry_proc'
	 'AXIvideo2MultiBayer'
	 'Debayer'
	 'ZipperRemoval'
	 'MultiPixStream2AXIvideo'.
INFO: [XFORM 203-401] Performing if-conversion on hyperblock from (C:/pcam5/pcam5.runs/pcam_v_demosaic_0_0_synth_1/prj/sol/.autopilot/db/v_demosaic.cpp:1089:33) to (C:/pcam5/pcam5.runs/pcam_v_demosaic_0_0_synth_1/prj/sol/.autopilot/db/v_demosaic.cpp:1089:33) in function 'ZipperRemoval'... converting 3 basic blocks.
INFO: [XFORM 203-401] Performing if-conversion on hyperblock from (C:/pcam5/pcam5.runs/pcam_v_demosaic_0_0_synth_1/prj/sol/.autopilot/db/v_demosaic.cpp:1090:30) to (C:/pcam5/pcam5.runs/pcam_v_demosaic_0_0_synth_1/prj/sol/.autopilot/db/v_demosaic.cpp:1090:30) in function 'ZipperRemoval'... converting 3 basic blocks.
INFO: [XFORM 203-401] Performing if-conversion on hyperblock from (C:/pcam5/pcam5.runs/pcam_v_demosaic_0_0_synth_1/prj/sol/.autopilot/db/v_demosaic.cpp:1091:30) to (C:/pcam5/pcam5.runs/pcam_v_demosaic_0_0_synth_1/prj/sol/.autopilot/db/v_demosaic.cpp:1091:30) in function 'ZipperRemoval'... converting 3 basic blocks.
INFO: [XFORM 203-401] Performing if-conversion on hyperblock from (C:/pcam5/pcam5.runs/pcam_v_demosaic_0_0_synth_1/prj/sol/.autopilot/db/v_demosaic.cpp:1092:30) to (C:/pcam5/pcam5.runs/pcam_v_demosaic_0_0_synth_1/prj/sol/.autopilot/db/v_demosaic.cpp:1092:30) in function 'ZipperRemoval'... converting 3 basic blocks.
INFO: [XFORM 203-401] Performing if-conversion on hyperblock from (C:/pcam5/pcam5.runs/pcam_v_demosaic_0_0_synth_1/prj/sol/.autopilot/db/v_demosaic.cpp:1129:51) to (C:/pcam5/pcam5.runs/pcam_v_demosaic_0_0_synth_1/prj/sol/.autopilot/db/v_demosaic.cpp:1159:17) in function 'ZipperRemoval'... converting 4 basic blocks.
INFO: [XFORM 203-401] Performing if-conversion on hyperblock from (C:/pcam5/pcam5.runs/pcam_v_demosaic_0_0_synth_1/prj/sol/.autopilot/db/v_demosaic.cpp:1009:27) to (C:/pcam5/pcam5.runs/pcam_v_demosaic_0_0_synth_1/prj/sol/.autopilot/db/v_demosaic.cpp:1052:27) in function 'DebayerRandBatG'... converting 6 basic blocks.
INFO: [XFORM 203-401] Performing if-conversion on hyperblock from (C:/pcam5/pcam5.runs/pcam_v_demosaic_0_0_synth_1/prj/sol/.autopilot/db/v_demosaic.cpp:439:65) to (C:/pcam5/pcam5.runs/pcam_v_demosaic_0_0_synth_1/prj/sol/.autopilot/db/v_demosaic.cpp:585:27) in function 'DebayerG'... converting 4 basic blocks.
INFO: [HLS 200-111] Finished Loop, function and other optimizations: CPU user time: 0 seconds. CPU system time: 0 seconds. Elapsed time: 2.213 seconds; current allocated memory: 198.742 MB.
WARNING: [ANALYSIS 214-52] Found false inter dependency for variable 'lineBuffer.1' (C:/pcam5/pcam5.runs/pcam_v_demosaic_0_0_synth_1/prj/sol/.autopilot/db/v_demosaic.cpp:614).
WARNING: [ANALYSIS 214-52] Found false inter dependency for variable 'lineBuffer' (C:/pcam5/pcam5.runs/pcam_v_demosaic_0_0_synth_1/prj/sol/.autopilot/db/v_demosaic.cpp:614).
WARNING: [ANALYSIS 214-52] Found false intra dependency for variable 'lineBuffer.1' (C:/pcam5/pcam5.runs/pcam_v_demosaic_0_0_synth_1/prj/sol/.autopilot/db/v_demosaic.cpp:614).
WARNING: [ANALYSIS 214-52] Found false intra dependency for variable 'lineBuffer' (C:/pcam5/pcam5.runs/pcam_v_demosaic_0_0_synth_1/prj/sol/.autopilot/db/v_demosaic.cpp:614).
WARNING: [ANALYSIS 214-52] Found false inter dependency for variable 'lineBuffer.2' (C:/pcam5/pcam5.runs/pcam_v_demosaic_0_0_synth_1/prj/sol/.autopilot/db/v_demosaic.cpp:862).
WARNING: [ANALYSIS 214-52] Found false inter dependency for variable 'lineBuffer' (C:/pcam5/pcam5.runs/pcam_v_demosaic_0_0_synth_1/prj/sol/.autopilot/db/v_demosaic.cpp:862).
WARNING: [ANALYSIS 214-52] Found false intra dependency for variable 'lineBuffer.2' (C:/pcam5/pcam5.runs/pcam_v_demosaic_0_0_synth_1/prj/sol/.autopilot/db/v_demosaic.cpp:862).
WARNING: [ANALYSIS 214-52] Found false intra dependency for variable 'lineBuffer' (C:/pcam5/pcam5.runs/pcam_v_demosaic_0_0_synth_1/prj/sol/.autopilot/db/v_demosaic.cpp:862).
WARNING: [ANALYSIS 214-52] Found false inter dependency for variable 'linebuf_yuv.3' (C:/pcam5/pcam5.runs/pcam_v_demosaic_0_0_synth_1/prj/sol/.autopilot/db/v_demosaic.cpp:283).
WARNING: [ANALYSIS 214-52] Found false inter dependency for variable 'linebuf_yuv.2' (C:/pcam5/pcam5.runs/pcam_v_demosaic_0_0_synth_1/prj/sol/.autopilot/db/v_demosaic.cpp:283).
WARNING: [ANALYSIS 214-52] Found false inter dependency for variable 'linebuf_yuv.1' (C:/pcam5/pcam5.runs/pcam_v_demosaic_0_0_synth_1/prj/sol/.autopilot/db/v_demosaic.cpp:283).
WARNING: [ANALYSIS 214-52] Found false inter dependency for variable 'linebuf_yuv' (C:/pcam5/pcam5.runs/pcam_v_demosaic_0_0_synth_1/prj/sol/.autopilot/db/v_demosaic.cpp:283).
WARNING: [ANALYSIS 214-52] Found false intra dependency for variable 'linebuf_yuv.3' (C:/pcam5/pcam5.runs/pcam_v_demosaic_0_0_synth_1/prj/sol/.autopilot/db/v_demosaic.cpp:283).
WARNING: [ANALYSIS 214-52] Found false intra dependency for variable 'linebuf_yuv.2' (C:/pcam5/pcam5.runs/pcam_v_demosaic_0_0_synth_1/prj/sol/.autopilot/db/v_demosaic.cpp:283).
WARNING: [ANALYSIS 214-52] Found false intra dependency for variable 'linebuf_yuv.1' (C:/pcam5/pcam5.runs/pcam_v_demosaic_0_0_synth_1/prj/sol/.autopilot/db/v_demosaic.cpp:283).
WARNING: [ANALYSIS 214-52] Found false intra dependency for variable 'linebuf_yuv' (C:/pcam5/pcam5.runs/pcam_v_demosaic_0_0_synth_1/prj/sol/.autopilot/db/v_demosaic.cpp:283).
INFO: [HLS 200-111] Finished Architecture Synthesis: CPU user time: 1 seconds. CPU system time: 0 seconds. Elapsed time: 0.523 seconds; current allocated memory: 345.664 MB.
INFO: [HLS 200-10] Starting hardware synthesis ...
INFO: [HLS 200-10] Synthesizing 'v_demosaic' ...
WARNING: [SYN 201-103] Legalizing function name 'reg<unsigned short>' to 'reg_unsigned_short_s'.
INFO: [HLS 200-10] ----------------------------------------------------------------
INFO: [HLS 200-42] -- Implementing module 'entry_proc' 
INFO: [HLS 200-10] ----------------------------------------------------------------
INFO: [SCHED 204-11] Starting scheduling ...
INFO: [SCHED 204-11] Finished scheduling.
INFO: [HLS 200-111] Finished Scheduling: CPU user time: 0 seconds. CPU system time: 0 seconds. Elapsed time: 0.205 seconds; current allocated memory: 349.160 MB.
INFO: [BIND 205-100] Starting micro-architecture generation ...
INFO: [BIND 205-101] Performing variable lifetime analysis.
INFO: [BIND 205-101] Exploring resource sharing.
INFO: [BIND 205-101] Binding ...
INFO: [BIND 205-100] Finished micro-architecture generation.
INFO: [HLS 200-111] Finished Binding: CPU user time: 0 seconds. CPU system time: 0 seconds. Elapsed time: 0.033 seconds; current allocated memory: 350.164 MB.
INFO: [HLS 200-10] ----------------------------------------------------------------
INFO: [HLS 200-42] -- Implementing module 'reg_unsigned_short_s' 
INFO: [HLS 200-10] ----------------------------------------------------------------
INFO: [SCHED 204-11] Starting scheduling ...
INFO: [SCHED 204-61] Pipelining function 'reg<unsigned short>'.
INFO: [HLS 200-1470] Pipelining result : Target II = 1, Final II = 1, Depth = 2, function 'reg<unsigned short>'
INFO: [SCHED 204-11] Finished scheduling.
INFO: [HLS 200-111] Finished Scheduling: CPU user time: 0 seconds. CPU system time: 0 seconds. Elapsed time: 0.028 seconds; current allocated memory: 351.059 MB.
INFO: [BIND 205-100] Starting micro-architecture generation ...
INFO: [BIND 205-101] Performing variable lifetime analysis.
INFO: [BIND 205-101] Exploring resource sharing.
INFO: [BIND 205-101] Binding ...
INFO: [BIND 205-100] Finished micro-architecture generation.
INFO: [HLS 200-111] Finished Binding: CPU user time: 0 seconds. CPU system time: 0 seconds. Elapsed time: 0.015 seconds; current allocated memory: 351.078 MB.
INFO: [HLS 200-10] ----------------------------------------------------------------
INFO: [HLS 200-42] -- Implementing module 'AXIvideo2MultiBayer_Pipeline_loop_wait_for_start' 
INFO: [HLS 200-10] ----------------------------------------------------------------
INFO: [SCHED 204-11] Starting scheduling ...
INFO: [SCHED 204-61] Pipelining loop 'loop_wait_for_start'.
INFO: [HLS 200-1470] Pipelining result : Target II = 1, Final II = 1, Depth = 1, loop 'loop_wait_for_start'
INFO: [SCHED 204-11] Finished scheduling.
INFO: [HLS 200-111] Finished Scheduling: CPU user time: 0 seconds. CPU system time: 0 seconds. Elapsed time: 0.022 seconds; current allocated memory: 351.504 MB.
INFO: [BIND 205-100] Starting micro-architecture generation ...
INFO: [BIND 205-101] Performing variable lifetime analysis.
INFO: [BIND 205-101] Exploring resource sharing.
INFO: [BIND 205-101] Binding ...
INFO: [BIND 205-100] Finished micro-architecture generation.
INFO: [HLS 200-111] Finished Binding: CPU user time: 0 seconds. CPU system time: 0 seconds. Elapsed time: 0.022 seconds; current allocated memory: 351.570 MB.
INFO: [HLS 200-10] ----------------------------------------------------------------
INFO: [HLS 200-42] -- Implementing module 'AXIvideo2MultiBayer_Pipeline_loop_width' 
INFO: [HLS 200-10] ----------------------------------------------------------------
INFO: [SCHED 204-11] Starting scheduling ...
INFO: [SCHED 204-61] Pipelining loop 'loop_width'.
INFO: [HLS 200-1470] Pipelining result : Target II = 1, Final II = 1, Depth = 3, loop 'loop_width'
INFO: [SCHED 204-11] Finished scheduling.
INFO: [HLS 200-111] Finished Scheduling: CPU user time: 0 seconds. CPU system time: 0 seconds. Elapsed time: 0.038 seconds; current allocated memory: 351.988 MB.
INFO: [BIND 205-100] Starting micro-architecture generation ...
INFO: [BIND 205-101] Performing variable lifetime analysis.
INFO: [BIND 205-101] Exploring resource sharing.
INFO: [BIND 205-101] Binding ...
INFO: [BIND 205-100] Finished micro-architecture generation.
INFO: [HLS 200-111] Finished Binding: CPU user time: 0 seconds. CPU system time: 0 seconds. Elapsed time: 0.022 seconds; current allocated memory: 352.168 MB.
INFO: [HLS 200-10] ----------------------------------------------------------------
INFO: [HLS 200-42] -- Implementing module 'AXIvideo2MultiBayer_Pipeline_loop_wait_for_eol' 
INFO: [HLS 200-10] ----------------------------------------------------------------
INFO: [SCHED 204-11] Starting scheduling ...
INFO: [SCHED 204-61] Pipelining loop 'loop_wait_for_eol'.
INFO: [HLS 200-1470] Pipelining result : Target II = 1, Final II = 1, Depth = 1, loop 'loop_wait_for_eol'
INFO: [SCHED 204-11] Finished scheduling.
INFO: [HLS 200-111] Finished Scheduling: CPU user time: 0 seconds. CPU system time: 0 seconds. Elapsed time: 0.029 seconds; current allocated memory: 352.305 MB.
INFO: [BIND 205-100] Starting micro-architecture generation ...
INFO: [BIND 205-101] Performing variable lifetime analysis.
INFO: [BIND 205-101] Exploring resource sharing.
INFO: [BIND 205-101] Binding ...
INFO: [BIND 205-100] Finished micro-architecture generation.
INFO: [HLS 200-111] Finished Binding: CPU user time: 0 seconds. CPU system time: 0 seconds. Elapsed time: 1.834 seconds; current allocated memory: 352.383 MB.
INFO: [HLS 200-10] ----------------------------------------------------------------
INFO: [HLS 200-42] -- Implementing module 'AXIvideo2MultiBayer' 
INFO: [HLS 200-10] ----------------------------------------------------------------
INFO: [SCHED 204-11] Starting scheduling ...
INFO: [SCHED 204-11] Finished scheduling.
INFO: [HLS 200-111] Finished Scheduling: CPU user time: 0 seconds. CPU system time: 0 seconds. Elapsed time: 0.026 seconds; current allocated memory: 352.625 MB.
INFO: [BIND 205-100] Starting micro-architecture generation ...
INFO: [BIND 205-101] Performing variable lifetime analysis.
INFO: [BIND 205-101] Exploring resource sharing.
INFO: [BIND 205-101] Binding ...
INFO: [BIND 205-100] Finished micro-architecture generation.
INFO: [HLS 200-111] Finished Binding: CPU user time: 0 seconds. CPU system time: 0 seconds. Elapsed time: 0.021 seconds; current allocated memory: 352.906 MB.
INFO: [HLS 200-10] ----------------------------------------------------------------
INFO: [HLS 200-42] -- Implementing module 'DebayerG_Pipeline_VITIS_LOOP_318_4' 
INFO: [HLS 200-10] ----------------------------------------------------------------
INFO: [SCHED 204-11] Starting scheduling ...
INFO: [HLS 200-486] Changing DSP latency (root=add_ln504_1) to 3 in order to utilize available DSP registers.
INFO: [HLS 200-486] Changing DSP latency (root=add_ln504) to 3 in order to utilize available DSP registers.
INFO: [SCHED 204-61] Pipelining loop 'VITIS_LOOP_318_4'.
INFO: [HLS 200-1470] Pipelining result : Target II = 1, Final II = 1, Depth = 11, loop 'VITIS_LOOP_318_4'
INFO: [SCHED 204-11] Finished scheduling.
INFO: [HLS 200-111] Finished Scheduling: CPU user time: 0 seconds. CPU system time: 0 seconds. Elapsed time: 0.361 seconds; current allocated memory: 362.961 MB.
INFO: [BIND 205-100] Starting micro-architecture generation ...
INFO: [BIND 205-101] Performing variable lifetime analysis.
INFO: [BIND 205-101] Exploring resource sharing.
INFO: [BIND 205-101] Binding ...
INFO: [BIND 205-100] Finished micro-architecture generation.
INFO: [HLS 200-111] Finished Binding: CPU user time: 1 seconds. CPU system time: 0 seconds. Elapsed time: 0.142 seconds; current allocated memory: 363.055 MB.
INFO: [HLS 200-10] ----------------------------------------------------------------
INFO: [HLS 200-42] -- Implementing module 'DebayerG' 
INFO: [HLS 200-10] ----------------------------------------------------------------
INFO: [SCHED 204-11] Starting scheduling ...
INFO: [SCHED 204-11] Finished scheduling.
INFO: [HLS 200-111] Finished Scheduling: CPU user time: 0 seconds. CPU system time: 1 seconds. Elapsed time: 0.146 seconds; current allocated memory: 363.070 MB.
INFO: [BIND 205-100] Starting micro-architecture generation ...
INFO: [BIND 205-101] Performing variable lifetime analysis.
INFO: [BIND 205-101] Exploring resource sharing.
INFO: [BIND 205-101] Binding ...
INFO: [BIND 205-100] Finished micro-architecture generation.
INFO: [HLS 200-111] Finished Binding: CPU user time: 0 seconds. CPU system time: 0 seconds. Elapsed time: 0.026 seconds; current allocated memory: 363.070 MB.
INFO: [HLS 200-10] ----------------------------------------------------------------
INFO: [HLS 200-42] -- Implementing module 'DebayerRatBorBatR_Pipeline_VITIS_LOOP_633_2' 
INFO: [HLS 200-10] ----------------------------------------------------------------
INFO: [SCHED 204-11] Starting scheduling ...
INFO: [SCHED 204-61] Pipelining loop 'VITIS_LOOP_633_2'.
INFO: [HLS 200-1470] Pipelining result : Target II = 1, Final II = 1, Depth = 5, loop 'VITIS_LOOP_633_2'
INFO: [SCHED 204-11] Finished scheduling.
INFO: [HLS 200-111] Finished Scheduling: CPU user time: 0 seconds. CPU system time: 0 seconds. Elapsed time: 0.191 seconds; current allocated memory: 364.203 MB.
INFO: [BIND 205-100] Starting micro-architecture generation ...
INFO: [BIND 205-101] Performing variable lifetime analysis.
INFO: [BIND 205-101] Exploring resource sharing.
INFO: [BIND 205-101] Binding ...
INFO: [BIND 205-100] Finished micro-architecture generation.
INFO: [HLS 200-111] Finished Binding: CPU user time: 0 seconds. CPU system time: 0 seconds. Elapsed time: 0.088 seconds; current allocated memory: 364.203 MB.
INFO: [HLS 200-10] ----------------------------------------------------------------
INFO: [HLS 200-42] -- Implementing module 'DebayerRatBorBatR' 
INFO: [HLS 200-10] ----------------------------------------------------------------
INFO: [SCHED 204-11] Starting scheduling ...
INFO: [SCHED 204-11] Finished scheduling.
INFO: [HLS 200-111] Finished Scheduling: CPU user time: 0 seconds. CPU system time: 0 seconds. Elapsed time: 0.094 seconds; current allocated memory: 364.273 MB.
INFO: [BIND 205-100] Starting micro-architecture generation ...
INFO: [BIND 205-101] Performing variable lifetime analysis.
INFO: [BIND 205-101] Exploring resource sharing.
INFO: [BIND 205-101] Binding ...
INFO: [BIND 205-100] Finished micro-architecture generation.
INFO: [HLS 200-111] Finished Binding: CPU user time: 0 seconds. CPU system time: 0 seconds. Elapsed time: 0.025 seconds; current allocated memory: 364.273 MB.
INFO: [HLS 200-10] ----------------------------------------------------------------
INFO: [HLS 200-42] -- Implementing module 'DebayerRandBatG_Pipeline_VITIS_LOOP_881_2' 
INFO: [HLS 200-10] ----------------------------------------------------------------
INFO: [SCHED 204-11] Starting scheduling ...
INFO: [SCHED 204-61] Pipelining loop 'VITIS_LOOP_881_2'.
INFO: [HLS 200-1470] Pipelining result : Target II = 1, Final II = 1, Depth = 4, loop 'VITIS_LOOP_881_2'
INFO: [SCHED 204-11] Finished scheduling.
INFO: [HLS 200-111] Finished Scheduling: CPU user time: 0 seconds. CPU system time: 0 seconds. Elapsed time: 0.167 seconds; current allocated memory: 365.711 MB.
INFO: [BIND 205-100] Starting micro-architecture generation ...
INFO: [BIND 205-101] Performing variable lifetime analysis.
INFO: [BIND 205-101] Exploring resource sharing.
INFO: [BIND 205-101] Binding ...
INFO: [BIND 205-100] Finished micro-architecture generation.
INFO: [HLS 200-111] Finished Binding: CPU user time: 0 seconds. CPU system time: 0 seconds. Elapsed time: 0.075 seconds; current allocated memory: 365.859 MB.
INFO: [HLS 200-10] ----------------------------------------------------------------
INFO: [HLS 200-42] -- Implementing module 'DebayerRandBatG' 
INFO: [HLS 200-10] ----------------------------------------------------------------
INFO: [SCHED 204-11] Starting scheduling ...
INFO: [SCHED 204-11] Finished scheduling.
INFO: [HLS 200-111] Finished Scheduling: CPU user time: 0 seconds. CPU system time: 0 seconds. Elapsed time: 0.082 seconds; current allocated memory: 365.996 MB.
INFO: [BIND 205-100] Starting micro-architecture generation ...
INFO: [BIND 205-101] Performing variable lifetime analysis.
INFO: [BIND 205-101] Exploring resource sharing.
INFO: [BIND 205-101] Binding ...
INFO: [BIND 205-100] Finished micro-architecture generation.
INFO: [HLS 200-111] Finished Binding: CPU user time: 0 seconds. CPU system time: 0 seconds. Elapsed time: 0.024 seconds; current allocated memory: 366.059 MB.
INFO: [HLS 200-10] ----------------------------------------------------------------
INFO: [HLS 200-42] -- Implementing module 'Debayer' 
INFO: [HLS 200-10] ----------------------------------------------------------------
INFO: [SCHED 204-11] Starting scheduling ...
INFO: [SCHED 204-11] Finished scheduling.
INFO: [HLS 200-111] Finished Scheduling: CPU user time: 0 seconds. CPU system time: 0 seconds. Elapsed time: 0.036 seconds; current allocated memory: 366.105 MB.
INFO: [BIND 205-100] Starting micro-architecture generation ...
INFO: [BIND 205-101] Performing variable lifetime analysis.
INFO: [BIND 205-101] Exploring resource sharing.
INFO: [BIND 205-101] Binding ...
INFO: [BIND 205-100] Finished micro-architecture generation.
INFO: [HLS 200-111] Finished Binding: CPU user time: 0 seconds. CPU system time: 0 seconds. Elapsed time: 0.026 seconds; current allocated memory: 366.328 MB.
INFO: [HLS 200-10] ----------------------------------------------------------------
INFO: [HLS 200-42] -- Implementing module 'ZipperRemoval_Pipeline_VITIS_LOOP_1101_2' 
INFO: [HLS 200-10] ----------------------------------------------------------------
INFO: [SCHED 204-11] Starting scheduling ...
INFO: [SCHED 204-61] Pipelining loop 'VITIS_LOOP_1101_2'.
INFO: [HLS 200-1470] Pipelining result : Target II = 1, Final II = 1, Depth = 4, loop 'VITIS_LOOP_1101_2'
INFO: [SCHED 204-11] Finished scheduling.
INFO: [HLS 200-111] Finished Scheduling: CPU user time: 0 seconds. CPU system time: 0 seconds. Elapsed time: 1.521 seconds; current allocated memory: 366.586 MB.
INFO: [BIND 205-100] Starting micro-architecture generation ...
INFO: [BIND 205-101] Performing variable lifetime analysis.
INFO: [BIND 205-101] Exploring resource sharing.
INFO: [BIND 205-101] Binding ...
INFO: [BIND 205-100] Finished micro-architecture generation.
INFO: [HLS 200-111] Finished Binding: CPU user time: 0 seconds. CPU system time: 0 seconds. Elapsed time: 0.038 seconds; current allocated memory: 366.957 MB.
INFO: [HLS 200-10] ----------------------------------------------------------------
INFO: [HLS 200-42] -- Implementing module 'ZipperRemoval' 
INFO: [HLS 200-10] ----------------------------------------------------------------
INFO: [SCHED 204-11] Starting scheduling ...
INFO: [SCHED 204-11] Finished scheduling.
INFO: [HLS 200-111] Finished Scheduling: CPU user time: 1 seconds. CPU system time: 0 seconds. Elapsed time: 0.048 seconds; current allocated memory: 367.098 MB.
INFO: [BIND 205-100] Starting micro-architecture generation ...
INFO: [BIND 205-101] Performing variable lifetime analysis.
INFO: [BIND 205-101] Exploring resource sharing.
INFO: [BIND 205-101] Binding ...
INFO: [BIND 205-100] Finished micro-architecture generation.
INFO: [HLS 200-111] Finished Binding: CPU user time: 0 seconds. CPU system time: 0 seconds. Elapsed time: 0.023 seconds; current allocated memory: 367.098 MB.
INFO: [HLS 200-10] ----------------------------------------------------------------
INFO: [HLS 200-42] -- Implementing module 'MultiPixStream2AXIvideo_Pipeline_VITIS_LOOP_230_2' 
INFO: [HLS 200-10] ----------------------------------------------------------------
INFO: [SCHED 204-11] Starting scheduling ...
INFO: [SCHED 204-61] Pipelining loop 'VITIS_LOOP_230_2'.
INFO: [HLS 200-1470] Pipelining result : Target II = 1, Final II = 1, Depth = 2, loop 'VITIS_LOOP_230_2'
INFO: [SCHED 204-11] Finished scheduling.
INFO: [HLS 200-111] Finished Scheduling: CPU user time: 0 seconds. CPU system time: 0 seconds. Elapsed time: 0.032 seconds; current allocated memory: 367.301 MB.
INFO: [BIND 205-100] Starting micro-architecture generation ...
INFO: [BIND 205-101] Performing variable lifetime analysis.
INFO: [BIND 205-101] Exploring resource sharing.
INFO: [BIND 205-101] Binding ...
INFO: [BIND 205-100] Finished micro-architecture generation.
INFO: [HLS 200-111] Finished Binding: CPU user time: 0 seconds. CPU system time: 0 seconds. Elapsed time: 0.021 seconds; current allocated memory: 367.414 MB.
INFO: [HLS 200-10] ----------------------------------------------------------------
INFO: [HLS 200-42] -- Implementing module 'MultiPixStream2AXIvideo' 
INFO: [HLS 200-10] ----------------------------------------------------------------
INFO: [SCHED 204-11] Starting scheduling ...
INFO: [SCHED 204-11] Finished scheduling.
INFO: [HLS 200-111] Finished Scheduling: CPU user time: 0 seconds. CPU system time: 0 seconds. Elapsed time: 0.026 seconds; current allocated memory: 367.547 MB.
INFO: [BIND 205-100] Starting micro-architecture generation ...
INFO: [BIND 205-101] Performing variable lifetime analysis.
INFO: [BIND 205-101] Exploring resource sharing.
INFO: [BIND 205-101] Binding ...
INFO: [BIND 205-100] Finished micro-architecture generation.
INFO: [HLS 200-111] Finished Binding: CPU user time: 0 seconds. CPU system time: 0 seconds. Elapsed time: 0.019 seconds; current allocated memory: 367.613 MB.
INFO: [HLS 200-10] ----------------------------------------------------------------
INFO: [HLS 200-42] -- Implementing module 'v_demosaic' 
INFO: [HLS 200-10] ----------------------------------------------------------------
INFO: [SCHED 204-11] Starting scheduling ...
INFO: [SCHED 204-11] Finished scheduling.
INFO: [HLS 200-111] Finished Scheduling: CPU user time: 0 seconds. CPU system time: 0 seconds. Elapsed time: 0.031 seconds; current allocated memory: 367.773 MB.
INFO: [BIND 205-100] Starting micro-architecture generation ...
INFO: [BIND 205-101] Performing variable lifetime analysis.
INFO: [BIND 205-101] Exploring resource sharing.
INFO: [BIND 205-101] Binding ...
INFO: [BIND 205-100] Finished micro-architecture generation.
INFO: [HLS 200-111] Finished Binding: CPU user time: 0 seconds. CPU system time: 0 seconds. Elapsed time: 0.027 seconds; current allocated memory: 367.969 MB.
INFO: [HLS 200-10] ----------------------------------------------------------------
INFO: [HLS 200-10] -- Generating RTL for module 'entry_proc' 
INFO: [HLS 200-10] ----------------------------------------------------------------
INFO: [RTGEN 206-100] Finished creating RTL model for 'entry_proc'.
INFO: [HLS 200-111] Finished Creating RTL model: CPU user time: 0 seconds. CPU system time: 0 seconds. Elapsed time: 0.077 seconds; current allocated memory: 369.180 MB.
INFO: [HLS 200-10] ----------------------------------------------------------------
INFO: [HLS 200-10] -- Generating RTL for module 'reg_unsigned_short_s' 
INFO: [HLS 200-10] ----------------------------------------------------------------
INFO: [HLS 200-1030] Apply Unified Pipeline Control on module 'reg_unsigned_short_s' pipeline 'reg<unsigned short>' pipeline type 'function pipeline'
INFO: [RTGEN 206-100] Finished creating RTL model for 'reg_unsigned_short_s'.
INFO: [HLS 200-111] Finished Creating RTL model: CPU user time: 0 seconds. CPU system time: 0 seconds. Elapsed time: 0.08 seconds; current allocated memory: 370.367 MB.
INFO: [HLS 200-10] ----------------------------------------------------------------
INFO: [HLS 200-10] -- Generating RTL for module 'AXIvideo2MultiBayer_Pipeline_loop_wait_for_start' 
INFO: [HLS 200-10] ----------------------------------------------------------------
INFO: [RTGEN 206-100] Finished creating RTL model for 'AXIvideo2MultiBayer_Pipeline_loop_wait_for_start'.
INFO: [HLS 200-111] Finished Creating RTL model: CPU user time: 0 seconds. CPU system time: 0 seconds. Elapsed time: 0.071 seconds; current allocated memory: 370.832 MB.
INFO: [HLS 200-10] ----------------------------------------------------------------
INFO: [HLS 200-10] -- Generating RTL for module 'AXIvideo2MultiBayer_Pipeline_loop_width' 
INFO: [HLS 200-10] ----------------------------------------------------------------
INFO: [HLS 200-1030] Apply Unified Pipeline Control on module 'AXIvideo2MultiBayer_Pipeline_loop_width' pipeline 'loop_width' pipeline type 'loop pipeline'
INFO: [RTGEN 206-100] Finished creating RTL model for 'AXIvideo2MultiBayer_Pipeline_loop_width'.
INFO: [HLS 200-111] Finished Creating RTL model: CPU user time: 0 seconds. CPU system time: 0 seconds. Elapsed time: 0.081 seconds; current allocated memory: 371.609 MB.
INFO: [HLS 200-10] ----------------------------------------------------------------
INFO: [HLS 200-10] -- Generating RTL for module 'AXIvideo2MultiBayer_Pipeline_loop_wait_for_eol' 
INFO: [HLS 200-10] ----------------------------------------------------------------
INFO: [RTGEN 206-100] Finished creating RTL model for 'AXIvideo2MultiBayer_Pipeline_loop_wait_for_eol'.
INFO: [HLS 200-111] Finished Creating RTL model: CPU user time: 0 seconds. CPU system time: 0 seconds. Elapsed time: 0.089 seconds; current allocated memory: 372.590 MB.
INFO: [HLS 200-10] ----------------------------------------------------------------
INFO: [HLS 200-10] -- Generating RTL for module 'AXIvideo2MultiBayer' 
INFO: [HLS 200-10] ----------------------------------------------------------------
INFO: [RTGEN 206-100] Finished creating RTL model for 'AXIvideo2MultiBayer'.
INFO: [HLS 200-111] Finished Creating RTL model: CPU user time: 0 seconds. CPU system time: 0 seconds. Elapsed time: 0.096 seconds; current allocated memory: 373.879 MB.
INFO: [HLS 200-10] ----------------------------------------------------------------
INFO: [HLS 200-10] -- Generating RTL for module 'DebayerG_Pipeline_VITIS_LOOP_318_4' 
INFO: [HLS 200-10] ----------------------------------------------------------------
INFO: [HLS 200-1030] Apply Unified Pipeline Control on module 'DebayerG_Pipeline_VITIS_LOOP_318_4' pipeline 'VITIS_LOOP_318_4' pipeline type 'loop pipeline'
INFO: [RTGEN 206-100] Generating core module 'mac_muladd_12s_10ns_22s_23_4_1': 2 instance(s).
INFO: [RTGEN 206-100] Generating core module 'mul_12s_10ns_22_1_1': 2 instance(s).
INFO: [RTGEN 206-100] Generating core module 'mul_18s_8ns_18_1_1': 2 instance(s).
INFO: [RTGEN 206-100] Generating core module 'mul_18s_9ns_18_1_1': 2 instance(s).
INFO: [RTGEN 206-100] Finished creating RTL model for 'DebayerG_Pipeline_VITIS_LOOP_318_4'.
INFO: [HLS 200-2168] Implementing memory 'pcam_v_demosaic_0_0_DebayerG_Pipeline_VITIS_LOOP_318_4_DIV1_TABLE_ROM_AUTO_1R' using auto ROMs with 4 copies to ensure enough ports to satisfy II or latency constraints.
INFO: [RTMG 210-279] Implementing memory 'pcam_v_demosaic_0_0_DebayerG_Pipeline_VITIS_LOOP_318_4_DIV2_TABLE_ROM_AUTO_1R' using auto ROMs.
INFO: [RTMG 210-278] Implementing memory 'pcam_v_demosaic_0_0_DebayerG_Pipeline_VITIS_LOOP_318_4_linebuf_yuv_3_RAM_AUTO_1R1W' using auto RAMs.
INFO: [HLS 200-111] Finished Creating RTL model: CPU user time: 0 seconds. CPU system time: 0 seconds. Elapsed time: 1.724 seconds; current allocated memory: 381.445 MB.
INFO: [HLS 200-10] ----------------------------------------------------------------
INFO: [HLS 200-10] -- Generating RTL for module 'DebayerG' 
INFO: [HLS 200-10] ----------------------------------------------------------------
INFO: [RTGEN 206-100] Finished creating RTL model for 'DebayerG'.
INFO: [HLS 200-111] Finished Creating RTL model: CPU user time: 1 seconds. CPU system time: 0 seconds. Elapsed time: 0.426 seconds; current allocated memory: 393.516 MB.
INFO: [HLS 200-10] ----------------------------------------------------------------
INFO: [HLS 200-10] -- Generating RTL for module 'DebayerRatBorBatR_Pipeline_VITIS_LOOP_633_2' 
INFO: [HLS 200-10] ----------------------------------------------------------------
INFO: [HLS 200-1030] Apply Unified Pipeline Control on module 'DebayerRatBorBatR_Pipeline_VITIS_LOOP_633_2' pipeline 'VITIS_LOOP_633_2' pipeline type 'loop pipeline'
INFO: [RTGEN 206-100] Finished creating RTL model for 'DebayerRatBorBatR_Pipeline_VITIS_LOOP_633_2'.
INFO: [RTMG 210-278] Implementing memory 'pcam_v_demosaic_0_0_DebayerRatBorBatR_Pipeline_VITIS_LOOP_633_2_lineBuffer_1_RAM_AUTO_1R1W' using auto RAMs.
INFO: [HLS 200-111] Finished Creating RTL model: CPU user time: 0 seconds. CPU system time: 0 seconds. Elapsed time: 0.228 seconds; current allocated memory: 393.516 MB.
INFO: [HLS 200-10] ----------------------------------------------------------------
INFO: [HLS 200-10] -- Generating RTL for module 'DebayerRatBorBatR' 
INFO: [HLS 200-10] ----------------------------------------------------------------
INFO: [RTGEN 206-100] Finished creating RTL model for 'DebayerRatBorBatR'.
INFO: [HLS 200-111] Finished Creating RTL model: CPU user time: 0 seconds. CPU system time: 0 seconds. Elapsed time: 0.252 seconds; current allocated memory: 401.273 MB.
INFO: [HLS 200-10] ----------------------------------------------------------------
INFO: [HLS 200-10] -- Generating RTL for module 'DebayerRandBatG_Pipeline_VITIS_LOOP_881_2' 
INFO: [HLS 200-10] ----------------------------------------------------------------
INFO: [HLS 200-1030] Apply Unified Pipeline Control on module 'DebayerRandBatG_Pipeline_VITIS_LOOP_881_2' pipeline 'VITIS_LOOP_881_2' pipeline type 'loop pipeline'
INFO: [RTGEN 206-100] Finished creating RTL model for 'DebayerRandBatG_Pipeline_VITIS_LOOP_881_2'.
INFO: [HLS 200-111] Finished Creating RTL model: CPU user time: 0 seconds. CPU system time: 0 seconds. Elapsed time: 0.181 seconds; current allocated memory: 402.348 MB.
INFO: [HLS 200-10] ----------------------------------------------------------------
INFO: [HLS 200-10] -- Generating RTL for module 'DebayerRandBatG' 
INFO: [HLS 200-10] ----------------------------------------------------------------
INFO: [RTGEN 206-100] Finished creating RTL model for 'DebayerRandBatG'.
INFO: [HLS 200-111] Finished Creating RTL model: CPU user time: 0 seconds. CPU system time: 0 seconds. Elapsed time: 0.227 seconds; current allocated memory: 408.957 MB.
INFO: [HLS 200-10] ----------------------------------------------------------------
INFO: [HLS 200-10] -- Generating RTL for module 'Debayer' 
INFO: [HLS 200-10] ----------------------------------------------------------------
WARNING: [RTGEN 206-101] Setting dangling out port 'Debayer/imgRgb_read' to 0.
INFO: [RTGEN 206-100] Finished creating RTL model for 'Debayer'.
INFO: [RTMG 210-285] Implementing FIFO 'imgG_U(pcam_v_demosaic_0_0_fifo_w24_d2_S)' using Shift Registers.
INFO: [RTMG 210-285] Implementing FIFO 'height_val4_c3_U(pcam_v_demosaic_0_0_fifo_w11_d2_S)' using Shift Registers.
INFO: [RTMG 210-285] Implementing FIFO 'width_val8_c4_U(pcam_v_demosaic_0_0_fifo_w11_d2_S)' using Shift Registers.
INFO: [RTMG 210-285] Implementing FIFO 'bayerPhase_val11_c5_U(pcam_v_demosaic_0_0_fifo_w16_d2_S)' using Shift Registers.
INFO: [RTMG 210-285] Implementing FIFO 'imgRB_U(pcam_v_demosaic_0_0_fifo_w24_d2_S)' using Shift Registers.
INFO: [RTMG 210-285] Implementing FIFO 'height_val4_c_U(pcam_v_demosaic_0_0_fifo_w11_d2_S)' using Shift Registers.
INFO: [RTMG 210-285] Implementing FIFO 'width_val8_c_U(pcam_v_demosaic_0_0_fifo_w11_d2_S)' using Shift Registers.
INFO: [RTMG 210-285] Implementing FIFO 'bayerPhase_val11_c_U(pcam_v_demosaic_0_0_fifo_w16_d2_S)' using Shift Registers.
INFO: [RTMG 210-285] Implementing FIFO 'start_for_DebayerRatBorBatR_U0_U(pcam_v_demosaic_0_0_start_for_DebayerRatBorBatR_U0)' using Shift Registers.
INFO: [RTMG 210-285] Implementing FIFO 'start_for_DebayerRandBatG_U0_U(pcam_v_demosaic_0_0_start_for_DebayerRandBatG_U0)' using Shift Registers.
INFO: [HLS 200-111] Finished Creating RTL model: CPU user time: 0 seconds. CPU system time: 0 seconds. Elapsed time: 0.13 seconds; current allocated memory: 410.918 MB.
INFO: [HLS 200-10] ----------------------------------------------------------------
INFO: [HLS 200-10] -- Generating RTL for module 'ZipperRemoval_Pipeline_VITIS_LOOP_1101_2' 
INFO: [HLS 200-10] ----------------------------------------------------------------
INFO: [HLS 200-1030] Apply Unified Pipeline Control on module 'ZipperRemoval_Pipeline_VITIS_LOOP_1101_2' pipeline 'VITIS_LOOP_1101_2' pipeline type 'loop pipeline'
INFO: [RTGEN 206-100] Finished creating RTL model for 'ZipperRemoval_Pipeline_VITIS_LOOP_1101_2'.
INFO: [HLS 200-111] Finished Creating RTL model: CPU user time: 0 seconds. CPU system time: 0 seconds. Elapsed time: 0.121 seconds; current allocated memory: 412.273 MB.
INFO: [HLS 200-10] ----------------------------------------------------------------
INFO: [HLS 200-10] -- Generating RTL for module 'ZipperRemoval' 
INFO: [HLS 200-10] ----------------------------------------------------------------
INFO: [RTGEN 206-100] Finished creating RTL model for 'ZipperRemoval'.
INFO: [HLS 200-111] Finished Creating RTL model: CPU user time: 0 seconds. CPU system time: 0 seconds. Elapsed time: 0.132 seconds; current allocated memory: 414.953 MB.
INFO: [HLS 200-10] ----------------------------------------------------------------
INFO: [HLS 200-10] -- Generating RTL for module 'MultiPixStream2AXIvideo_Pipeline_VITIS_LOOP_230_2' 
INFO: [HLS 200-10] ----------------------------------------------------------------
INFO: [HLS 200-1030] Apply Unified Pipeline Control on module 'MultiPixStream2AXIvideo_Pipeline_VITIS_LOOP_230_2' pipeline 'VITIS_LOOP_230_2' pipeline type 'loop pipeline'
INFO: [RTGEN 206-100] Finished creating RTL model for 'MultiPixStream2AXIvideo_Pipeline_VITIS_LOOP_230_2'.
INFO: [HLS 200-111] Finished Creating RTL model: CPU user time: 1 seconds. CPU system time: 0 seconds. Elapsed time: 0.095 seconds; current allocated memory: 415.961 MB.
INFO: [HLS 200-10] ----------------------------------------------------------------
INFO: [HLS 200-10] -- Generating RTL for module 'MultiPixStream2AXIvideo' 
INFO: [HLS 200-10] ----------------------------------------------------------------
INFO: [RTGEN 206-100] Finished creating RTL model for 'MultiPixStream2AXIvideo'.
INFO: [HLS 200-111] Finished Creating RTL model: CPU user time: 0 seconds. CPU system time: 0 seconds. Elapsed time: 0.095 seconds; current allocated memory: 417.176 MB.
INFO: [HLS 200-10] ----------------------------------------------------------------
INFO: [HLS 200-10] -- Generating RTL for module 'v_demosaic' 
INFO: [HLS 200-10] ----------------------------------------------------------------
WARNING: [RTGEN 206-101] Design contains AXI ports. Reset is fixed to synchronous and active low.
INFO: [RTGEN 206-500] Setting interface mode on port 'v_demosaic/width' to 's_axilite & ap_stable'.
INFO: [RTGEN 206-500] Setting interface mode on port 'v_demosaic/height' to 's_axilite & ap_stable'.
INFO: [RTGEN 206-500] Setting interface mode on port 'v_demosaic/bayer_phase' to 's_axilite & ap_none'.
INFO: [RTGEN 206-500] Setting interface mode on port 'v_demosaic/s_axis_video_V_data_V' to 'axis' (register, both mode).
INFO: [RTGEN 206-500] Setting interface mode on port 'v_demosaic/s_axis_video_V_keep_V' to 'axis' (register, both mode).
INFO: [RTGEN 206-500] Setting interface mode on port 'v_demosaic/s_axis_video_V_strb_V' to 'axis' (register, both mode).
INFO: [RTGEN 206-500] Setting interface mode on port 'v_demosaic/s_axis_video_V_user_V' to 'axis' (register, both mode).
INFO: [RTGEN 206-500] Setting interface mode on port 'v_demosaic/s_axis_video_V_last_V' to 'axis' (register, both mode).
INFO: [RTGEN 206-500] Setting interface mode on port 'v_demosaic/s_axis_video_V_id_V' to 'axis' (register, both mode).
INFO: [RTGEN 206-500] Setting interface mode on port 'v_demosaic/s_axis_video_V_dest_V' to 'axis' (register, both mode).
INFO: [RTGEN 206-500] Setting interface mode on port 'v_demosaic/m_axis_video_V_data_V' to 'axis' (register, both mode).
INFO: [RTGEN 206-500] Setting interface mode on port 'v_demosaic/m_axis_video_V_keep_V' to 'axis' (register, both mode).
INFO: [RTGEN 206-500] Setting interface mode on port 'v_demosaic/m_axis_video_V_strb_V' to 'axis' (register, both mode).
INFO: [RTGEN 206-500] Setting interface mode on port 'v_demosaic/m_axis_video_V_user_V' to 'axis' (register, both mode).
INFO: [RTGEN 206-500] Setting interface mode on port 'v_demosaic/m_axis_video_V_last_V' to 'axis' (register, both mode).
INFO: [RTGEN 206-500] Setting interface mode on port 'v_demosaic/m_axis_video_V_id_V' to 'axis' (register, both mode).
INFO: [RTGEN 206-500] Setting interface mode on port 'v_demosaic/m_axis_video_V_dest_V' to 'axis' (register, both mode).
INFO: [RTGEN 206-500] Setting interface mode on function 'v_demosaic' to 's_axilite & ap_ctrl_hs'.
INFO: [RTGEN 206-100] Bundling port 'width', 'height', 'bayer_phase' and 'return' to AXI-Lite port CTRL.
WARNING: [RTGEN 206-101] RTL name 'fifo_w24_d2_S' is changed to 'fifo_w24_d2_S_x' due to conflict.
INFO: [RTGEN 206-100] Finished creating RTL model for 'v_demosaic'.
INFO: [RTMG 210-285] Implementing FIFO 'bayer_phase_c_U(pcam_v_demosaic_0_0_fifo_w16_d3_S)' using Shift Registers.
INFO: [RTMG 210-285] Implementing FIFO 'imgBayer_U(pcam_v_demosaic_0_0_fifo_w8_d2_S)' using Shift Registers.
INFO: [RTMG 210-285] Implementing FIFO 'imgRgb_U(pcam_v_demosaic_0_0_fifo_w24_d2_S_x)' using Shift Registers.
INFO: [RTMG 210-285] Implementing FIFO 'imgUnzip_U(pcam_v_demosaic_0_0_fifo_w24_d2_S_x)' using Shift Registers.
INFO: [RTMG 210-285] Implementing FIFO 'start_for_Debayer_U0_U(pcam_v_demosaic_0_0_start_for_Debayer_U0)' using Shift Registers.
INFO: [RTMG 210-285] Implementing FIFO 'start_for_ZipperRemoval_U0_U(pcam_v_demosaic_0_0_start_for_ZipperRemoval_U0)' using Shift Registers.
INFO: [RTMG 210-285] Implementing FIFO 'start_for_MultiPixStream2AXIvideo_U0_U(pcam_v_demosaic_0_0_start_for_MultiPixStream2AXIvideo_U0)' using Shift Registers.
INFO: [HLS 200-111] Finished Creating RTL model: CPU user time: 0 seconds. CPU system time: 0 seconds. Elapsed time: 0.122 seconds; current allocated memory: 418.594 MB.
INFO: [HLS 200-111] Finished Generating all RTL models: CPU user time: 0 seconds. CPU system time: 0 seconds. Elapsed time: 0.941 seconds; current allocated memory: 422.422 MB.
INFO: [HLS 200-2225] Wrote inferred directives to file C:/pcam5/pcam5.runs/pcam_v_demosaic_0_0_synth_1/prj/sol/syn/inferred_directives.ini
INFO: [HLS 200-111] Finished Updating report files: CPU user time: 1 seconds. CPU system time: 2 seconds. Elapsed time: 3.372 seconds; current allocated memory: 434.168 MB.
INFO: [VHDL 208-304] Generating VHDL RTL for v_demosaic with prefix pcam_v_demosaic_0_0_.
INFO: [VLOG 209-307] Generating Verilog RTL for v_demosaic with prefix pcam_v_demosaic_0_0_.
INFO: [HLS 200-790] **** Loop Constraint Status: All loop constraints were satisfied.
INFO: [HLS 200-789] **** Estimated Fmax: 208.25 MHz
INFO: [HLS 200-2161] Finished Command csynth_design Elapsed time: 00:01:34; Allocated memory: 295.770 MB.
INFO: [HLS 200-1510] Running: export_design -format ip_catalog 
INFO: [IMPL 213-8] Exporting RTL as a Vivado IP.
!! WARNING !!
"PYTHONPATH" variable is set greater than default max string limit of "519" characters.
Please ignore this, if you have already made changes to your system registry to accept more than
default limit of 519 characters.
!! WARNING !!

****** Vivado v2025.2 (64-bit)
  **** SW Build 6299465 on Fri Nov 14 19:35:11 GMT 2025
  **** IP Build 6300035 on Fri Nov 14 10:48:45 MST 2025
  **** SharedData Build 6298862 on Thu Nov 13 04:50:51 MST 2025
  **** Start of session at: Tue Apr  7 15:09:30 2026
    ** Copyright 1986-2022 Xilinx, Inc. All Rights Reserved.
    ** Copyright 2022-2025 Advanced Micro Devices, Inc. All Rights Reserved.

source run_ippack.tcl -notrace
INFO: calling package_hls_ip ip_types=vitis sysgen json_file=C:/pcam5/pcam5.runs/pcam_v_demosaic_0_0_synth_1/prj/sol/sol_data.json outdir=C:/pcam5/pcam5.runs/pcam_v_demosaic_0_0_synth_1/prj/sol/impl/ip srcdir=C:/pcam5/pcam5.runs/pcam_v_demosaic_0_0_synth_1/prj/sol ippack_options_dict=subcore_use_xci_files false ippack_options_dict=subcore_use_xci_files false
INFO: Copied 1 ipmisc file(s) to C:/pcam5/pcam5.runs/pcam_v_demosaic_0_0_synth_1/prj/sol/impl/ip/misc
INFO: Copied 48 verilog file(s) to C:/pcam5/pcam5.runs/pcam_v_demosaic_0_0_synth_1/prj/sol/impl/ip/hdl/verilog
INFO: Copied 40 vhdl file(s) to C:/pcam5/pcam5.runs/pcam_v_demosaic_0_0_synth_1/prj/sol/impl/ip/hdl/vhdl
INFO: Copied 10 swdriver file(s) to C:/pcam5/pcam5.runs/pcam_v_demosaic_0_0_synth_1/prj/sol/impl/ip/drivers
ipx::create_core: Time (s): cpu = 00:00:08 ; elapsed = 00:00:05 . Memory (MB): peak = 541.746 ; gain = 217.465
INFO: Import ports from HDL: C:/pcam5/pcam5.runs/pcam_v_demosaic_0_0_synth_1/prj/sol/impl/ip/hdl/vhdl/pcam_v_demosaic_0_0_v_demosaic.vhd (pcam_v_demosaic_0_0_v_demosaic)
INFO: Add axi4lite interface s_axi_CTRL
INFO: Add clock interface ap_clk
INFO: Add reset interface ap_rst_n
INFO: Add interrupt interface interrupt
INFO: [IP_Flow 19-234] Refreshing IP repositories
INFO: [IP_Flow 19-1704] No user IP repositories specified
INFO: [IP_Flow 19-2313] Loaded Vivado IP repository 'C:/AMDDesignTools/2025.2/Vivado/data/ip'.
INFO: Add axi4stream interface s_axis_video
INFO: Add axi4stream interface m_axis_video
INFO: Calling post_process_vitis to specialize IP
INFO: Calling post_process_sysgen to specialize IP
Generating sysgen info xml from json file
INFO: Created IP C:/pcam5/pcam5.runs/pcam_v_demosaic_0_0_synth_1/prj/sol/impl/ip/component.xml
INFO: Created IP archive C:/pcam5/pcam5.runs/pcam_v_demosaic_0_0_synth_1/prj/sol/impl/ip/xilinx_com_ip_v_demosaic_1_1.zip
INFO: [Common 17-206] Exiting Vivado at Tue Apr  7 15:09:41 2026...
INFO: [HLS 200-802] Generated output file prj/sol/impl/export.zip
INFO: [HLS 200-2161] Finished Command export_design Elapsed time: 00:00:13; Allocated memory: 4.562 MB.
INFO: [HLS 200-112] Total CPU user time: 13 seconds. Total CPU system time: 4 seconds. Total elapsed time: 112.729 seconds; peak allocated memory: 438.766 MB.
INFO: [vitis-run 60-791] Total elapsed time: 0h 1m 56s
INFO: [vitis-run 60-1662] Stopping dispatch session having empty uuid.
WARNING: [IP_Flow 19-1971] File named "hdl/verilog/pcam_v_demosaic_0_0_AXIvideo2MultiBayer.v" already exists in file group "xilinx_veriloghlssynthesis", cannot add it again.
WARNING: [IP_Flow 19-1971] File named "hdl/verilog/pcam_v_demosaic_0_0_AXIvideo2MultiBayer_Pipeline_loop_wait_for_eol.v" already exists in file group "xilinx_veriloghlssynthesis", cannot add it again.
WARNING: [IP_Flow 19-1971] File named "hdl/verilog/pcam_v_demosaic_0_0_AXIvideo2MultiBayer_Pipeline_loop_wait_for_start.v" already exists in file group "xilinx_veriloghlssynthesis", cannot add it again.
WARNING: [IP_Flow 19-1971] File named "hdl/verilog/pcam_v_demosaic_0_0_AXIvideo2MultiBayer_Pipeline_loop_width.v" already exists in file group "xilinx_veriloghlssynthesis", cannot add it again.
WARNING: [IP_Flow 19-1971] File named "hdl/verilog/pcam_v_demosaic_0_0_CTRL_s_axi.v" already exists in file group "xilinx_veriloghlssynthesis", cannot add it again.
WARNING: [IP_Flow 19-1971] File named "hdl/verilog/pcam_v_demosaic_0_0_Debayer.v" already exists in file group "xilinx_veriloghlssynthesis", cannot add it again.
WARNING: [IP_Flow 19-1971] File named "hdl/verilog/pcam_v_demosaic_0_0_DebayerG.v" already exists in file group "xilinx_veriloghlssynthesis", cannot add it again.
WARNING: [IP_Flow 19-1971] File named "hdl/verilog/pcam_v_demosaic_0_0_DebayerG_Pipeline_VITIS_LOOP_318_4.v" already exists in file group "xilinx_veriloghlssynthesis", cannot add it again.
WARNING: [IP_Flow 19-1971] File named "hdl/verilog/pcam_v_demosaic_0_0_DebayerG_Pipeline_VITIS_LOOP_318_4_DIV1_TABLE_ROM_AUTO_1R.dat" already exists in file group "xilinx_veriloghlssynthesis", cannot add it again.
WARNING: [IP_Flow 19-1971] File named "hdl/verilog/pcam_v_demosaic_0_0_DebayerG_Pipeline_VITIS_LOOP_318_4_DIV1_TABLE_ROM_AUTO_1R.v" already exists in file group "xilinx_veriloghlssynthesis", cannot add it again.
WARNING: [IP_Flow 19-1971] File named "hdl/verilog/pcam_v_demosaic_0_0_DebayerG_Pipeline_VITIS_LOOP_318_4_DIV2_TABLE_ROM_AUTO_1R.dat" already exists in file group "xilinx_veriloghlssynthesis", cannot add it again.
WARNING: [IP_Flow 19-1971] File named "hdl/verilog/pcam_v_demosaic_0_0_DebayerG_Pipeline_VITIS_LOOP_318_4_DIV2_TABLE_ROM_AUTO_1R.v" already exists in file group "xilinx_veriloghlssynthesis", cannot add it again.
WARNING: [IP_Flow 19-1971] File named "hdl/verilog/pcam_v_demosaic_0_0_DebayerG_Pipeline_VITIS_LOOP_318_4_linebuf_yuv_3_RAM_AUTO_1R1W.v" already exists in file group "xilinx_veriloghlssynthesis", cannot add it again.
WARNING: [IP_Flow 19-1971] File named "hdl/verilog/pcam_v_demosaic_0_0_DebayerRandBatG.v" already exists in file group "xilinx_veriloghlssynthesis", cannot add it again.
WARNING: [IP_Flow 19-1971] File named "hdl/verilog/pcam_v_demosaic_0_0_DebayerRandBatG_Pipeline_VITIS_LOOP_881_2.v" already exists in file group "xilinx_veriloghlssynthesis", cannot add it again.
WARNING: [IP_Flow 19-1971] File named "hdl/verilog/pcam_v_demosaic_0_0_DebayerRatBorBatR.v" already exists in file group "xilinx_veriloghlssynthesis", cannot add it again.
WARNING: [IP_Flow 19-1971] File named "hdl/verilog/pcam_v_demosaic_0_0_DebayerRatBorBatR_Pipeline_VITIS_LOOP_633_2.v" already exists in file group "xilinx_veriloghlssynthesis", cannot add it again.
WARNING: [IP_Flow 19-1971] File named "hdl/verilog/pcam_v_demosaic_0_0_DebayerRatBorBatR_Pipeline_VITIS_LOOP_633_2_lineBuffer_1_RAM_AUTO_1R1W.v" already exists in file group "xilinx_veriloghlssynthesis", cannot add it again.
WARNING: [IP_Flow 19-1971] File named "hdl/verilog/pcam_v_demosaic_0_0_entry_proc.v" already exists in file group "xilinx_veriloghlssynthesis", cannot add it again.
WARNING: [IP_Flow 19-1971] File named "hdl/verilog/pcam_v_demosaic_0_0_fifo_w8_d2_S.v" already exists in file group "xilinx_veriloghlssynthesis", cannot add it again.
WARNING: [IP_Flow 19-1971] File named "hdl/verilog/pcam_v_demosaic_0_0_fifo_w11_d2_S.v" already exists in file group "xilinx_veriloghlssynthesis", cannot add it again.
WARNING: [IP_Flow 19-1971] File named "hdl/verilog/pcam_v_demosaic_0_0_fifo_w16_d2_S.v" already exists in file group "xilinx_veriloghlssynthesis", cannot add it again.
WARNING: [IP_Flow 19-1971] File named "hdl/verilog/pcam_v_demosaic_0_0_fifo_w16_d3_S.v" already exists in file group "xilinx_veriloghlssynthesis", cannot add it again.
WARNING: [IP_Flow 19-1971] File named "hdl/verilog/pcam_v_demosaic_0_0_fifo_w24_d2_S.v" already exists in file group "xilinx_veriloghlssynthesis", cannot add it again.
WARNING: [IP_Flow 19-1971] File named "hdl/verilog/pcam_v_demosaic_0_0_fifo_w24_d2_S_x.v" already exists in file group "xilinx_veriloghlssynthesis", cannot add it again.
WARNING: [IP_Flow 19-1971] File named "hdl/verilog/pcam_v_demosaic_0_0_flow_control_loop_pipe_sequential_init.v" already exists in file group "xilinx_veriloghlssynthesis", cannot add it again.
WARNING: [IP_Flow 19-1971] File named "hdl/verilog/pcam_v_demosaic_0_0_hls_deadlock_detection_unit.v" already exists in file group "xilinx_veriloghlssynthesis", cannot add it again.
WARNING: [IP_Flow 19-1971] File named "hdl/verilog/pcam_v_demosaic_0_0_hls_deadlock_detector.vh" already exists in file group "xilinx_veriloghlssynthesis", cannot add it again.
WARNING: [IP_Flow 19-1971] File named "hdl/verilog/pcam_v_demosaic_0_0_hls_deadlock_idx0_monitor.v" already exists in file group "xilinx_veriloghlssynthesis", cannot add it again.
WARNING: [IP_Flow 19-1971] File named "hdl/verilog/pcam_v_demosaic_0_0_hls_deadlock_idx1_monitor.v" already exists in file group "xilinx_veriloghlssynthesis", cannot add it again.
WARNING: [IP_Flow 19-1971] File named "hdl/verilog/pcam_v_demosaic_0_0_hls_deadlock_kernel_monitor_top.vh" already exists in file group "xilinx_veriloghlssynthesis", cannot add it again.
WARNING: [IP_Flow 19-1971] File named "hdl/verilog/pcam_v_demosaic_0_0_hls_deadlock_report_unit.vh" already exists in file group "xilinx_veriloghlssynthesis", cannot add it again.
WARNING: [IP_Flow 19-1971] File named "hdl/verilog/pcam_v_demosaic_0_0_mac_muladd_12s_10ns_22s_23_4_1.v" already exists in file group "xilinx_veriloghlssynthesis", cannot add it again.
WARNING: [IP_Flow 19-1971] File named "hdl/verilog/pcam_v_demosaic_0_0_mul_12s_10ns_22_1_1.v" already exists in file group "xilinx_veriloghlssynthesis", cannot add it again.
WARNING: [IP_Flow 19-1971] File named "hdl/verilog/pcam_v_demosaic_0_0_mul_18s_8ns_18_1_1.v" already exists in file group "xilinx_veriloghlssynthesis", cannot add it again.
WARNING: [IP_Flow 19-1971] File named "hdl/verilog/pcam_v_demosaic_0_0_mul_18s_9ns_18_1_1.v" already exists in file group "xilinx_veriloghlssynthesis", cannot add it again.
WARNING: [IP_Flow 19-1971] File named "hdl/verilog/pcam_v_demosaic_0_0_MultiPixStream2AXIvideo.v" already exists in file group "xilinx_veriloghlssynthesis", cannot add it again.
WARNING: [IP_Flow 19-1971] File named "hdl/verilog/pcam_v_demosaic_0_0_MultiPixStream2AXIvideo_Pipeline_VITIS_LOOP_230_2.v" already exists in file group "xilinx_veriloghlssynthesis", cannot add it again.
WARNING: [IP_Flow 19-1971] File named "hdl/verilog/pcam_v_demosaic_0_0_reg_unsigned_short_s.v" already exists in file group "xilinx_veriloghlssynthesis", cannot add it again.
WARNING: [IP_Flow 19-1971] File named "hdl/verilog/pcam_v_demosaic_0_0_regslice_both.v" already exists in file group "xilinx_veriloghlssynthesis", cannot add it again.
WARNING: [IP_Flow 19-1971] File named "hdl/verilog/pcam_v_demosaic_0_0_start_for_Debayer_U0.v" already exists in file group "xilinx_veriloghlssynthesis", cannot add it again.
WARNING: [IP_Flow 19-1971] File named "hdl/verilog/pcam_v_demosaic_0_0_start_for_DebayerRandBatG_U0.v" already exists in file group "xilinx_veriloghlssynthesis", cannot add it again.
WARNING: [IP_Flow 19-1971] File named "hdl/verilog/pcam_v_demosaic_0_0_start_for_DebayerRatBorBatR_U0.v" already exists in file group "xilinx_veriloghlssynthesis", cannot add it again.
WARNING: [IP_Flow 19-1971] File named "hdl/verilog/pcam_v_demosaic_0_0_start_for_MultiPixStream2AXIvideo_U0.v" already exists in file group "xilinx_veriloghlssynthesis", cannot add it again.
WARNING: [IP_Flow 19-1971] File named "hdl/verilog/pcam_v_demosaic_0_0_start_for_ZipperRemoval_U0.v" already exists in file group "xilinx_veriloghlssynthesis", cannot add it again.
WARNING: [IP_Flow 19-1971] File named "hdl/verilog/pcam_v_demosaic_0_0_ZipperRemoval.v" already exists in file group "xilinx_veriloghlssynthesis", cannot add it again.
WARNING: [IP_Flow 19-1971] File named "hdl/verilog/pcam_v_demosaic_0_0_ZipperRemoval_Pipeline_VITIS_LOOP_1101_2.v" already exists in file group "xilinx_veriloghlssynthesis", cannot add it again.
WARNING: [IP_Flow 19-1971] File named "hdl/verilog/pcam_v_demosaic_0_0_v_demosaic.v" already exists in file group "xilinx_veriloghlssynthesis", cannot add it again.
WARNING: [IP_Flow 19-1971] File named "hdl/verilog/pcam_v_demosaic_0_0_AXIvideo2MultiBayer.v" already exists in file group "xilinx_veriloghlssimulation", cannot add it again.
WARNING: [IP_Flow 19-1971] File named "hdl/verilog/pcam_v_demosaic_0_0_AXIvideo2MultiBayer_Pipeline_loop_wait_for_eol.v" already exists in file group "xilinx_veriloghlssimulation", cannot add it again.
WARNING: [IP_Flow 19-1971] File named "hdl/verilog/pcam_v_demosaic_0_0_AXIvideo2MultiBayer_Pipeline_loop_wait_for_start.v" already exists in file group "xilinx_veriloghlssimulation", cannot add it again.
WARNING: [IP_Flow 19-1971] File named "hdl/verilog/pcam_v_demosaic_0_0_AXIvideo2MultiBayer_Pipeline_loop_width.v" already exists in file group "xilinx_veriloghlssimulation", cannot add it again.
WARNING: [IP_Flow 19-1971] File named "hdl/verilog/pcam_v_demosaic_0_0_CTRL_s_axi.v" already exists in file group "xilinx_veriloghlssimulation", cannot add it again.
WARNING: [IP_Flow 19-1971] File named "hdl/verilog/pcam_v_demosaic_0_0_Debayer.v" already exists in file group "xilinx_veriloghlssimulation", cannot add it again.
WARNING: [IP_Flow 19-1971] File named "hdl/verilog/pcam_v_demosaic_0_0_DebayerG.v" already exists in file group "xilinx_veriloghlssimulation", cannot add it again.
WARNING: [IP_Flow 19-1971] File named "hdl/verilog/pcam_v_demosaic_0_0_DebayerG_Pipeline_VITIS_LOOP_318_4.v" already exists in file group "xilinx_veriloghlssimulation", cannot add it again.
WARNING: [IP_Flow 19-1971] File named "hdl/verilog/pcam_v_demosaic_0_0_DebayerG_Pipeline_VITIS_LOOP_318_4_DIV1_TABLE_ROM_AUTO_1R.dat" already exists in file group "xilinx_veriloghlssimulation", cannot add it again.
WARNING: [IP_Flow 19-1971] File named "hdl/verilog/pcam_v_demosaic_0_0_DebayerG_Pipeline_VITIS_LOOP_318_4_DIV1_TABLE_ROM_AUTO_1R.v" already exists in file group "xilinx_veriloghlssimulation", cannot add it again.
WARNING: [IP_Flow 19-1971] File named "hdl/verilog/pcam_v_demosaic_0_0_DebayerG_Pipeline_VITIS_LOOP_318_4_DIV2_TABLE_ROM_AUTO_1R.dat" already exists in file group "xilinx_veriloghlssimulation", cannot add it again.
WARNING: [IP_Flow 19-1971] File named "hdl/verilog/pcam_v_demosaic_0_0_DebayerG_Pipeline_VITIS_LOOP_318_4_DIV2_TABLE_ROM_AUTO_1R.v" already exists in file group "xilinx_veriloghlssimulation", cannot add it again.
WARNING: [IP_Flow 19-1971] File named "hdl/verilog/pcam_v_demosaic_0_0_DebayerG_Pipeline_VITIS_LOOP_318_4_linebuf_yuv_3_RAM_AUTO_1R1W.v" already exists in file group "xilinx_veriloghlssimulation", cannot add it again.
WARNING: [IP_Flow 19-1971] File named "hdl/verilog/pcam_v_demosaic_0_0_DebayerRandBatG.v" already exists in file group "xilinx_veriloghlssimulation", cannot add it again.
WARNING: [IP_Flow 19-1971] File named "hdl/verilog/pcam_v_demosaic_0_0_DebayerRandBatG_Pipeline_VITIS_LOOP_881_2.v" already exists in file group "xilinx_veriloghlssimulation", cannot add it again.
WARNING: [IP_Flow 19-1971] File named "hdl/verilog/pcam_v_demosaic_0_0_DebayerRatBorBatR.v" already exists in file group "xilinx_veriloghlssimulation", cannot add it again.
WARNING: [IP_Flow 19-1971] File named "hdl/verilog/pcam_v_demosaic_0_0_DebayerRatBorBatR_Pipeline_VITIS_LOOP_633_2.v" already exists in file group "xilinx_veriloghlssimulation", cannot add it again.
WARNING: [IP_Flow 19-1971] File named "hdl/verilog/pcam_v_demosaic_0_0_DebayerRatBorBatR_Pipeline_VITIS_LOOP_633_2_lineBuffer_1_RAM_AUTO_1R1W.v" already exists in file group "xilinx_veriloghlssimulation", cannot add it again.
WARNING: [IP_Flow 19-1971] File named "hdl/verilog/pcam_v_demosaic_0_0_entry_proc.v" already exists in file group "xilinx_veriloghlssimulation", cannot add it again.
WARNING: [IP_Flow 19-1971] File named "hdl/verilog/pcam_v_demosaic_0_0_fifo_w8_d2_S.v" already exists in file group "xilinx_veriloghlssimulation", cannot add it again.
WARNING: [IP_Flow 19-1971] File named "hdl/verilog/pcam_v_demosaic_0_0_fifo_w11_d2_S.v" already exists in file group "xilinx_veriloghlssimulation", cannot add it again.
WARNING: [IP_Flow 19-1971] File named "hdl/verilog/pcam_v_demosaic_0_0_fifo_w16_d2_S.v" already exists in file group "xilinx_veriloghlssimulation", cannot add it again.
WARNING: [IP_Flow 19-1971] File named "hdl/verilog/pcam_v_demosaic_0_0_fifo_w16_d3_S.v" already exists in file group "xilinx_veriloghlssimulation", cannot add it again.
WARNING: [IP_Flow 19-1971] File named "hdl/verilog/pcam_v_demosaic_0_0_fifo_w24_d2_S.v" already exists in file group "xilinx_veriloghlssimulation", cannot add it again.
WARNING: [IP_Flow 19-1971] File named "hdl/verilog/pcam_v_demosaic_0_0_fifo_w24_d2_S_x.v" already exists in file group "xilinx_veriloghlssimulation", cannot add it again.
WARNING: [IP_Flow 19-1971] File named "hdl/verilog/pcam_v_demosaic_0_0_flow_control_loop_pipe_sequential_init.v" already exists in file group "xilinx_veriloghlssimulation", cannot add it again.
WARNING: [IP_Flow 19-1971] File named "hdl/verilog/pcam_v_demosaic_0_0_hls_deadlock_detection_unit.v" already exists in file group "xilinx_veriloghlssimulation", cannot add it again.
WARNING: [IP_Flow 19-1971] File named "hdl/verilog/pcam_v_demosaic_0_0_hls_deadlock_detector.vh" already exists in file group "xilinx_veriloghlssimulation", cannot add it again.
WARNING: [IP_Flow 19-1971] File named "hdl/verilog/pcam_v_demosaic_0_0_hls_deadlock_idx0_monitor.v" already exists in file group "xilinx_veriloghlssimulation", cannot add it again.
WARNING: [IP_Flow 19-1971] File named "hdl/verilog/pcam_v_demosaic_0_0_hls_deadlock_idx1_monitor.v" already exists in file group "xilinx_veriloghlssimulation", cannot add it again.
WARNING: [IP_Flow 19-1971] File named "hdl/verilog/pcam_v_demosaic_0_0_hls_deadlock_kernel_monitor_top.vh" already exists in file group "xilinx_veriloghlssimulation", cannot add it again.
WARNING: [IP_Flow 19-1971] File named "hdl/verilog/pcam_v_demosaic_0_0_hls_deadlock_report_unit.vh" already exists in file group "xilinx_veriloghlssimulation", cannot add it again.
WARNING: [IP_Flow 19-1971] File named "hdl/verilog/pcam_v_demosaic_0_0_mac_muladd_12s_10ns_22s_23_4_1.v" already exists in file group "xilinx_veriloghlssimulation", cannot add it again.
WARNING: [IP_Flow 19-1971] File named "hdl/verilog/pcam_v_demosaic_0_0_mul_12s_10ns_22_1_1.v" already exists in file group "xilinx_veriloghlssimulation", cannot add it again.
WARNING: [IP_Flow 19-1971] File named "hdl/verilog/pcam_v_demosaic_0_0_mul_18s_8ns_18_1_1.v" already exists in file group "xilinx_veriloghlssimulation", cannot add it again.
WARNING: [IP_Flow 19-1971] File named "hdl/verilog/pcam_v_demosaic_0_0_mul_18s_9ns_18_1_1.v" already exists in file group "xilinx_veriloghlssimulation", cannot add it again.
WARNING: [IP_Flow 19-1971] File named "hdl/verilog/pcam_v_demosaic_0_0_MultiPixStream2AXIvideo.v" already exists in file group "xilinx_veriloghlssimulation", cannot add it again.
WARNING: [IP_Flow 19-1971] File named "hdl/verilog/pcam_v_demosaic_0_0_MultiPixStream2AXIvideo_Pipeline_VITIS_LOOP_230_2.v" already exists in file group "xilinx_veriloghlssimulation", cannot add it again.
WARNING: [IP_Flow 19-1971] File named "hdl/verilog/pcam_v_demosaic_0_0_reg_unsigned_short_s.v" already exists in file group "xilinx_veriloghlssimulation", cannot add it again.
WARNING: [IP_Flow 19-1971] File named "hdl/verilog/pcam_v_demosaic_0_0_regslice_both.v" already exists in file group "xilinx_veriloghlssimulation", cannot add it again.
WARNING: [IP_Flow 19-1971] File named "hdl/verilog/pcam_v_demosaic_0_0_start_for_Debayer_U0.v" already exists in file group "xilinx_veriloghlssimulation", cannot add it again.
WARNING: [IP_Flow 19-1971] File named "hdl/verilog/pcam_v_demosaic_0_0_start_for_DebayerRandBatG_U0.v" already exists in file group "xilinx_veriloghlssimulation", cannot add it again.
WARNING: [IP_Flow 19-1971] File named "hdl/verilog/pcam_v_demosaic_0_0_start_for_DebayerRatBorBatR_U0.v" already exists in file group "xilinx_veriloghlssimulation", cannot add it again.
WARNING: [IP_Flow 19-1971] File named "hdl/verilog/pcam_v_demosaic_0_0_start_for_MultiPixStream2AXIvideo_U0.v" already exists in file group "xilinx_veriloghlssimulation", cannot add it again.
WARNING: [IP_Flow 19-1971] File named "hdl/verilog/pcam_v_demosaic_0_0_start_for_ZipperRemoval_U0.v" already exists in file group "xilinx_veriloghlssimulation", cannot add it again.
WARNING: [IP_Flow 19-1971] File named "hdl/verilog/pcam_v_demosaic_0_0_ZipperRemoval.v" already exists in file group "xilinx_veriloghlssimulation", cannot add it again.
WARNING: [IP_Flow 19-1971] File named "hdl/verilog/pcam_v_demosaic_0_0_ZipperRemoval_Pipeline_VITIS_LOOP_1101_2.v" already exists in file group "xilinx_veriloghlssimulation", cannot add it again.
WARNING: [IP_Flow 19-1971] File named "hdl/verilog/pcam_v_demosaic_0_0_v_demosaic.v" already exists in file group "xilinx_veriloghlssimulation", cannot add it again.
compile_c: Time (s): cpu = 00:00:00 ; elapsed = 00:01:58 . Memory (MB): peak = 593.152 ; gain = 0.000
INFO: [IP_Flow 19-4838] Using cached IP synthesis design for IP pcam_v_demosaic_0_0, cache-ID = b56e97b1daedcdc3.
INFO: [Common 17-206] Exiting Vivado at Tue Apr  7 15:09:43 2026...
[Tue Apr  7 15:09:46 2026] pcam_v_demosaic_0_0_synth_1 finished
wait_on_runs: Time (s): cpu = 00:00:20 ; elapsed = 00:02:17 . Memory (MB): peak = 5789.035 ; gain = 0.000
create_ip_run [get_files -of_objects [get_fileset sources_1] C:/pcam5/pcam5.srcs/sources_1/bd/pcam/pcam.bd]
launch_runs pcam_v_demosaic_0_0_synth_1
INFO: [IP_Flow 19-4993] Using cached IP synthesis design for IP pcam_v_demosaic_0_0, cache-ID = b56e97b1daedcdc3; cache size = 49.231 MB.
[Tue Apr  7 15:09:48 2026] Launched pcam_v_demosaic_0_0_synth_1...
Run output will be captured here: C:/pcam5/pcam5.runs/pcam_v_demosaic_0_0_synth_1/runme.log
wait_on_run pcam_v_demosaic_0_0_synth_1
[Tue Apr  7 15:09:48 2026] Waiting for pcam_v_demosaic_0_0_synth_1 to finish...
[Tue Apr  7 15:09:53 2026] Waiting for pcam_v_demosaic_0_0_synth_1 to finish...
[Tue Apr  7 15:09:59 2026] Waiting for pcam_v_demosaic_0_0_synth_1 to finish...
[Tue Apr  7 15:10:04 2026] Waiting for pcam_v_demosaic_0_0_synth_1 to finish...
[Tue Apr  7 15:10:14 2026] Waiting for pcam_v_demosaic_0_0_synth_1 to finish...
[Tue Apr  7 15:10:24 2026] Waiting for pcam_v_demosaic_0_0_synth_1 to finish...
[Tue Apr  7 15:10:34 2026] Waiting for pcam_v_demosaic_0_0_synth_1 to finish...
[Tue Apr  7 15:10:44 2026] Waiting for pcam_v_demosaic_0_0_synth_1 to finish...
[Tue Apr  7 15:11:04 2026] Waiting for pcam_v_demosaic_0_0_synth_1 to finish...
[Tue Apr  7 15:11:25 2026] Waiting for pcam_v_demosaic_0_0_synth_1 to finish...
[Tue Apr  7 15:11:45 2026] Waiting for pcam_v_demosaic_0_0_synth_1 to finish...

*** Running vivado
    with args -log pcam_v_demosaic_0_0.vds -m64 -product Vivado -mode batch -messageDb vivado.pb -notrace -source pcam_v_demosaic_0_0.tcl



****** Vivado v2025.2 (64-bit)
  **** SW Build 6299465 on Fri Nov 14 19:35:11 GMT 2025
  **** IP Build 6300035 on Fri Nov 14 10:48:45 MST 2025
  **** SharedData Build 6298862 on Thu Nov 13 04:50:51 MST 2025
  **** Start of session at: Tue Apr  7 15:09:50 2026
    ** Copyright 1986-2022 Xilinx, Inc. All Rights Reserved.
    ** Copyright 2022-2025 Advanced Micro Devices, Inc. All Rights Reserved.

source pcam_v_demosaic_0_0.tcl -notrace
create_project: Time (s): cpu = 00:00:14 ; elapsed = 00:00:09 . Memory (MB): peak = 534.383 ; gain = 223.844
INFO: [IP_Flow 19-234] Refreshing IP repositories
INFO: [IP_Flow 19-1700] Loaded user IP repository 'c:/Users/henry/Documents/FAST-AR/IP'.
INFO: [IP_Flow 19-2313] Loaded Vivado IP repository 'C:/AMDDesignTools/2025.2/Vivado/data/ip'.
!! WARNING !!
"PYTHONPATH" variable is set greater than default max string limit of "519" characters.
Please ignore this, if you have already made changes to your system registry to accept more than
default limit of 519 characters.
!! WARNING !!

****** vitis-run v2025.2 (64-bit)
  **** SW Build 6295257 on 2025-11-13-08:29:27
  **** Start of session at: Tue Apr  7 15:10:03 2026
    ** Copyright 1986-2022 Xilinx, Inc. All Rights Reserved.
    ** Copyright 2022-2025 Advanced Micro Devices, Inc. All Rights Reserved.

ECHO is off.
"PYTHONPATH" variable is set greater than default max string limit of "519" characters.
Please ignore this, if you have already made changes to your system registry to accept more than
default limit of 519 characters.
ECHO is off.
  **** HLS Build v2025.2 6295257
Sourcing Tcl script 'C:/pcam5/pcam5.runs/pcam_v_demosaic_0_0_synth_1/runhls.tcl'
INFO: [HLS 200-1510] Running: open_project -reset prj 
WARNING: [HLS 200-2182] The 'prj' project will not automatically appear within Vitis IDE workspaces and is meant only for TCL batch use.  Please use open_component instead of open_project/open_solution to generate Vitis IDE compatible component files and directory structure.
Resolution: For help on HLS 200-2182 see docs.amd.com/access/sources/dita/topic?Doc_Version=2025.2%20English&url=ug1448-hls-guidance&resourceid=200-2182.html
INFO: [HLS 200-10] Creating and opening solution 'C:/pcam5/pcam5.runs/pcam_v_demosaic_0_0_synth_1/prj'.
INFO: [HLS 200-1510] Running: set_top v_demosaic 
INFO: [HLS 200-1510] Running: open_solution sol 
INFO: [HLS 200-10] Creating and opening solution 'C:/pcam5/pcam5.runs/pcam_v_demosaic_0_0_synth_1/prj/sol'.
INFO: [HLS 200-1505] Using default flow_target 'vivado'
Resolution: For help on HLS 200-1505 see docs.amd.com/access/sources/dita/topic?Doc_Version=2025.2%20English&url=ug1448-hls-guidance&resourceid=200-1505.html
INFO: [HLS 200-1510] Running: set_part xczu3eg-sfvc784-2-e 
INFO: [HLS 200-1611] Setting target device to 'xczu3eg-sfvc784-2-e'
INFO: [HLS 200-1510] Running: add_files -cflags  -I c:/pcam5/pcam5.gen/sources_1/bd/pcam/ip/pcam_v_demosaic_0_0/src/hls -I c:/pcam5/pcam5.gen/sources_1/bd/pcam/ip/pcam_v_demosaic_0_0/src  c:/pcam5/pcam5.gen/sources_1/bd/pcam/ip/pcam_v_demosaic_0_0/src/v_demosaic_config.h 
INFO: [HLS 200-10] Adding design file 'c:/pcam5/pcam5.gen/sources_1/bd/pcam/ip/pcam_v_demosaic_0_0/src/v_demosaic_config.h' to the project
INFO: [HLS 200-1510] Running: add_files -cflags  -I c:/pcam5/pcam5.gen/sources_1/bd/pcam/ip/pcam_v_demosaic_0_0/src/hls -I c:/pcam5/pcam5.gen/sources_1/bd/pcam/ip/pcam_v_demosaic_0_0/src  c:/pcam5/pcam5.gen/sources_1/bd/pcam/ip/pcam_v_demosaic_0_0/src/v_demosaic.cpp 
INFO: [HLS 200-10] Adding design file 'c:/pcam5/pcam5.gen/sources_1/bd/pcam/ip/pcam_v_demosaic_0_0/src/v_demosaic.cpp' to the project
INFO: [HLS 200-1510] Running: add_files -cflags  -I c:/pcam5/pcam5.gen/sources_1/bd/pcam/ip/pcam_v_demosaic_0_0/src/hls -I c:/pcam5/pcam5.gen/sources_1/bd/pcam/ip/pcam_v_demosaic_0_0/src  c:/pcam5/pcam5.gen/sources_1/bd/pcam/ip/pcam_v_demosaic_0_0/src/v_demosaic.h 
INFO: [HLS 200-10] Adding design file 'c:/pcam5/pcam5.gen/sources_1/bd/pcam/ip/pcam_v_demosaic_0_0/src/v_demosaic.h' to the project
INFO: [HLS 200-1510] Running: add_files -cflags  -I c:/pcam5/pcam5.gen/sources_1/bd/pcam/ip/pcam_v_demosaic_0_0/src/hls -I c:/pcam5/pcam5.gen/sources_1/bd/pcam/ip/pcam_v_demosaic_0_0/src  c:/pcam5/pcam5.gen/sources_1/bd/pcam/ip/pcam_v_demosaic_0_0/src/hls_video.h 
INFO: [HLS 200-10] Adding design file 'c:/pcam5/pcam5.gen/sources_1/bd/pcam/ip/pcam_v_demosaic_0_0/src/hls_video.h' to the project
INFO: [HLS 200-1510] Running: add_files -cflags  -I c:/pcam5/pcam5.gen/sources_1/bd/pcam/ip/pcam_v_demosaic_0_0/src/hls -I c:/pcam5/pcam5.gen/sources_1/bd/pcam/ip/pcam_v_demosaic_0_0/src  c:/pcam5/pcam5.gen/sources_1/bd/pcam/ip/pcam_v_demosaic_0_0/src/hls_opencv.h 
INFO: [HLS 200-10] Adding design file 'c:/pcam5/pcam5.gen/sources_1/bd/pcam/ip/pcam_v_demosaic_0_0/src/hls_opencv.h' to the project
INFO: [HLS 200-1510] Running: add_files -cflags  -I c:/pcam5/pcam5.gen/sources_1/bd/pcam/ip/pcam_v_demosaic_0_0/src/hls -I c:/pcam5/pcam5.gen/sources_1/bd/pcam/ip/pcam_v_demosaic_0_0/src  c:/pcam5/pcam5.gen/sources_1/bd/pcam/ip/pcam_v_demosaic_0_0/src/hls/hls_axi_io.h 
INFO: [HLS 200-10] Adding design file 'c:/pcam5/pcam5.gen/sources_1/bd/pcam/ip/pcam_v_demosaic_0_0/src/hls/hls_axi_io.h' to the project
INFO: [HLS 200-1510] Running: add_files -cflags  -I c:/pcam5/pcam5.gen/sources_1/bd/pcam/ip/pcam_v_demosaic_0_0/src/hls -I c:/pcam5/pcam5.gen/sources_1/bd/pcam/ip/pcam_v_demosaic_0_0/src  c:/pcam5/pcam5.gen/sources_1/bd/pcam/ip/pcam_v_demosaic_0_0/src/hls/hls_video_arithm.h 
INFO: [HLS 200-10] Adding design file 'c:/pcam5/pcam5.gen/sources_1/bd/pcam/ip/pcam_v_demosaic_0_0/src/hls/hls_video_arithm.h' to the project
INFO: [HLS 200-1510] Running: add_files -cflags  -I c:/pcam5/pcam5.gen/sources_1/bd/pcam/ip/pcam_v_demosaic_0_0/src/hls -I c:/pcam5/pcam5.gen/sources_1/bd/pcam/ip/pcam_v_demosaic_0_0/src  c:/pcam5/pcam5.gen/sources_1/bd/pcam/ip/pcam_v_demosaic_0_0/src/hls/hls_video_core.h 
INFO: [HLS 200-10] Adding design file 'c:/pcam5/pcam5.gen/sources_1/bd/pcam/ip/pcam_v_demosaic_0_0/src/hls/hls_video_core.h' to the project
INFO: [HLS 200-1510] Running: add_files -cflags  -I c:/pcam5/pcam5.gen/sources_1/bd/pcam/ip/pcam_v_demosaic_0_0/src/hls -I c:/pcam5/pcam5.gen/sources_1/bd/pcam/ip/pcam_v_demosaic_0_0/src  c:/pcam5/pcam5.gen/sources_1/bd/pcam/ip/pcam_v_demosaic_0_0/src/hls/hls_video_fast.h 
INFO: [HLS 200-10] Adding design file 'c:/pcam5/pcam5.gen/sources_1/bd/pcam/ip/pcam_v_demosaic_0_0/src/hls/hls_video_fast.h' to the project
INFO: [HLS 200-1510] Running: add_files -cflags  -I c:/pcam5/pcam5.gen/sources_1/bd/pcam/ip/pcam_v_demosaic_0_0/src/hls -I c:/pcam5/pcam5.gen/sources_1/bd/pcam/ip/pcam_v_demosaic_0_0/src  c:/pcam5/pcam5.gen/sources_1/bd/pcam/ip/pcam_v_demosaic_0_0/src/hls/hls_video_haar.h 
INFO: [HLS 200-10] Adding design file 'c:/pcam5/pcam5.gen/sources_1/bd/pcam/ip/pcam_v_demosaic_0_0/src/hls/hls_video_haar.h' to the project
INFO: [HLS 200-1510] Running: add_files -cflags  -I c:/pcam5/pcam5.gen/sources_1/bd/pcam/ip/pcam_v_demosaic_0_0/src/hls -I c:/pcam5/pcam5.gen/sources_1/bd/pcam/ip/pcam_v_demosaic_0_0/src  c:/pcam5/pcam5.gen/sources_1/bd/pcam/ip/pcam_v_demosaic_0_0/src/hls/hls_video_harris.h 
INFO: [HLS 200-10] Adding design file 'c:/pcam5/pcam5.gen/sources_1/bd/pcam/ip/pcam_v_demosaic_0_0/src/hls/hls_video_harris.h' to the project
INFO: [HLS 200-1510] Running: add_files -cflags  -I c:/pcam5/pcam5.gen/sources_1/bd/pcam/ip/pcam_v_demosaic_0_0/src/hls -I c:/pcam5/pcam5.gen/sources_1/bd/pcam/ip/pcam_v_demosaic_0_0/src  c:/pcam5/pcam5.gen/sources_1/bd/pcam/ip/pcam_v_demosaic_0_0/src/hls/hls_video_histogram.h 
INFO: [HLS 200-10] Adding design file 'c:/pcam5/pcam5.gen/sources_1/bd/pcam/ip/pcam_v_demosaic_0_0/src/hls/hls_video_histogram.h' to the project
INFO: [HLS 200-1510] Running: add_files -cflags  -I c:/pcam5/pcam5.gen/sources_1/bd/pcam/ip/pcam_v_demosaic_0_0/src/hls -I c:/pcam5/pcam5.gen/sources_1/bd/pcam/ip/pcam_v_demosaic_0_0/src  c:/pcam5/pcam5.gen/sources_1/bd/pcam/ip/pcam_v_demosaic_0_0/src/hls/hls_video_hough.h 
INFO: [HLS 200-10] Adding design file 'c:/pcam5/pcam5.gen/sources_1/bd/pcam/ip/pcam_v_demosaic_0_0/src/hls/hls_video_hough.h' to the project
INFO: [HLS 200-1510] Running: add_files -cflags  -I c:/pcam5/pcam5.gen/sources_1/bd/pcam/ip/pcam_v_demosaic_0_0/src/hls -I c:/pcam5/pcam5.gen/sources_1/bd/pcam/ip/pcam_v_demosaic_0_0/src  c:/pcam5/pcam5.gen/sources_1/bd/pcam/ip/pcam_v_demosaic_0_0/src/hls/hls_video_imgbase.h 
INFO: [HLS 200-10] Adding design file 'c:/pcam5/pcam5.gen/sources_1/bd/pcam/ip/pcam_v_demosaic_0_0/src/hls/hls_video_imgbase.h' to the project
INFO: [HLS 200-1510] Running: add_files -cflags  -I c:/pcam5/pcam5.gen/sources_1/bd/pcam/ip/pcam_v_demosaic_0_0/src/hls -I c:/pcam5/pcam5.gen/sources_1/bd/pcam/ip/pcam_v_demosaic_0_0/src  c:/pcam5/pcam5.gen/sources_1/bd/pcam/ip/pcam_v_demosaic_0_0/src/hls/hls_video_imgproc.h 
INFO: [HLS 200-10] Adding design file 'c:/pcam5/pcam5.gen/sources_1/bd/pcam/ip/pcam_v_demosaic_0_0/src/hls/hls_video_imgproc.h' to the project
INFO: [HLS 200-1510] Running: add_files -cflags  -I c:/pcam5/pcam5.gen/sources_1/bd/pcam/ip/pcam_v_demosaic_0_0/src/hls -I c:/pcam5/pcam5.gen/sources_1/bd/pcam/ip/pcam_v_demosaic_0_0/src  c:/pcam5/pcam5.gen/sources_1/bd/pcam/ip/pcam_v_demosaic_0_0/src/hls/hls_video_io.h 
INFO: [HLS 200-10] Adding design file 'c:/pcam5/pcam5.gen/sources_1/bd/pcam/ip/pcam_v_demosaic_0_0/src/hls/hls_video_io.h' to the project
INFO: [HLS 200-1510] Running: add_files -cflags  -I c:/pcam5/pcam5.gen/sources_1/bd/pcam/ip/pcam_v_demosaic_0_0/src/hls -I c:/pcam5/pcam5.gen/sources_1/bd/pcam/ip/pcam_v_demosaic_0_0/src  c:/pcam5/pcam5.gen/sources_1/bd/pcam/ip/pcam_v_demosaic_0_0/src/hls/hls_video_mem.h 
INFO: [HLS 200-10] Adding design file 'c:/pcam5/pcam5.gen/sources_1/bd/pcam/ip/pcam_v_demosaic_0_0/src/hls/hls_video_mem.h' to the project
INFO: [HLS 200-1510] Running: add_files -cflags  -I c:/pcam5/pcam5.gen/sources_1/bd/pcam/ip/pcam_v_demosaic_0_0/src/hls -I c:/pcam5/pcam5.gen/sources_1/bd/pcam/ip/pcam_v_demosaic_0_0/src  c:/pcam5/pcam5.gen/sources_1/bd/pcam/ip/pcam_v_demosaic_0_0/src/hls/hls_video_stereobm.h 
INFO: [HLS 200-10] Adding design file 'c:/pcam5/pcam5.gen/sources_1/bd/pcam/ip/pcam_v_demosaic_0_0/src/hls/hls_video_stereobm.h' to the project
INFO: [HLS 200-1510] Running: add_files -cflags  -I c:/pcam5/pcam5.gen/sources_1/bd/pcam/ip/pcam_v_demosaic_0_0/src/hls -I c:/pcam5/pcam5.gen/sources_1/bd/pcam/ip/pcam_v_demosaic_0_0/src  c:/pcam5/pcam5.gen/sources_1/bd/pcam/ip/pcam_v_demosaic_0_0/src/hls/hls_video_types.h 
INFO: [HLS 200-10] Adding design file 'c:/pcam5/pcam5.gen/sources_1/bd/pcam/ip/pcam_v_demosaic_0_0/src/hls/hls_video_types.h' to the project
INFO: [HLS 200-1510] Running: add_files -cflags  -I c:/pcam5/pcam5.gen/sources_1/bd/pcam/ip/pcam_v_demosaic_0_0/src/hls -I c:/pcam5/pcam5.gen/sources_1/bd/pcam/ip/pcam_v_demosaic_0_0/src  c:/pcam5/pcam5.gen/sources_1/bd/pcam/ip/pcam_v_demosaic_0_0/src/hls/hls_video_undistort.h 
INFO: [HLS 200-10] Adding design file 'c:/pcam5/pcam5.gen/sources_1/bd/pcam/ip/pcam_v_demosaic_0_0/src/hls/hls_video_undistort.h' to the project
INFO: [HLS 200-1510] Running: create_clock -period 6.734 -name ap_clk 
INFO: [SYN 201-201] Setting up clock 'ap_clk' with a period of 6.734ns.
INFO: [HLS 200-1510] Running: config_rtl -module_prefix pcam_v_demosaic_0_0_ 
INFO: [HLS 200-1510] Running: config_export -vendor xilinx.com -library ip -version 1.1 
INFO: [HLS 200-1510] Running: csynth_design 
INFO: [HLS 200-111] Finished File checks and directory preparation: CPU user time: 0 seconds. CPU system time: 0 seconds. Elapsed time: 0.277 seconds; current allocated memory: 138.672 MB.
INFO: [HLS 200-2191] C-Synthesis will use clang-16 as the compiler
INFO: [HLS 200-10] Analyzing design file 'C:/pcam5/pcam5.gen/sources_1/bd/pcam/ip/pcam_v_demosaic_0_0/src/v_demosaic.cpp' ... 
WARNING: [HLS 207-6998] 'Ap_stable' in '#pragma HLS INTERFACE' is deprecated, use 'Stable Pragma' instead (C:/pcam5/pcam5.runs/pcam_v_demosaic_0_0_synth_1/prj/sol/.autopilot/db/v_demosaic.cpp:102:23)
WARNING: [HLS 207-6998] 'Ap_stable' in '#pragma HLS INTERFACE' is deprecated, use 'Stable Pragma' instead (C:/pcam5/pcam5.runs/pcam_v_demosaic_0_0_synth_1/prj/sol/.autopilot/db/v_demosaic.cpp:104:23)
INFO: [HLS 200-111] Finished Source Code Analysis and Preprocessing: CPU user time: 3 seconds. CPU system time: 0 seconds. Elapsed time: 37.184 seconds; current allocated memory: 157.000 MB.
INFO: [HLS 200-777] Using interface defaults for 'Vivado' flow target.
INFO: [HLS 200-1995] There were 25,179 instructions in the design after the 'Compile/Link' phase of compilation. See the Design Size Report for more details (C:/pcam5/pcam5.runs/pcam_v_demosaic_0_0_synth_1/prj/sol/syn/report/csynth_design_size.rpt:2)
INFO: [HLS 200-1995] There were 4,710 instructions in the design after the 'Unroll/Inline (step 1)' phase of compilation. See the Design Size Report for more details (C:/pcam5/pcam5.runs/pcam_v_demosaic_0_0_synth_1/prj/sol/syn/report/csynth_design_size.rpt:2)
INFO: [HLS 200-1995] There were 2,715 instructions in the design after the 'Unroll/Inline (step 2)' phase of compilation. See the Design Size Report for more details (C:/pcam5/pcam5.runs/pcam_v_demosaic_0_0_synth_1/prj/sol/syn/report/csynth_design_size.rpt:2)
INFO: [HLS 200-1995] There were 2,311 instructions in the design after the 'Unroll/Inline (step 3)' phase of compilation. See the Design Size Report for more details (C:/pcam5/pcam5.runs/pcam_v_demosaic_0_0_synth_1/prj/sol/syn/report/csynth_design_size.rpt:2)
INFO: [HLS 200-1995] There were 2,161 instructions in the design after the 'Unroll/Inline (step 4)' phase of compilation. See the Design Size Report for more details (C:/pcam5/pcam5.runs/pcam_v_demosaic_0_0_synth_1/prj/sol/syn/report/csynth_design_size.rpt:2)
INFO: [HLS 200-1995] There were 2,039 instructions in the design after the 'Array/Struct (step 1)' phase of compilation. See the Design Size Report for more details (C:/pcam5/pcam5.runs/pcam_v_demosaic_0_0_synth_1/prj/sol/syn/report/csynth_design_size.rpt:2)
INFO: [HLS 200-1995] There were 1,861 instructions in the design after the 'Array/Struct (step 2)' phase of compilation. See the Design Size Report for more details (C:/pcam5/pcam5.runs/pcam_v_demosaic_0_0_synth_1/prj/sol/syn/report/csynth_design_size.rpt:2)
INFO: [HLS 200-1995] There were 1,871 instructions in the design after the 'Array/Struct (step 3)' phase of compilation. See the Design Size Report for more details (C:/pcam5/pcam5.runs/pcam_v_demosaic_0_0_synth_1/prj/sol/syn/report/csynth_design_size.rpt:2)
INFO: [HLS 200-1995] There were 2,033 instructions in the design after the 'Array/Struct (step 4)' phase of compilation. See the Design Size Report for more details (C:/pcam5/pcam5.runs/pcam_v_demosaic_0_0_synth_1/prj/sol/syn/report/csynth_design_size.rpt:2)
INFO: [HLS 200-1995] There were 2,194 instructions in the design after the 'Array/Struct (step 5)' phase of compilation. See the Design Size Report for more details (C:/pcam5/pcam5.runs/pcam_v_demosaic_0_0_synth_1/prj/sol/syn/report/csynth_design_size.rpt:2)
INFO: [HLS 200-1995] There were 2,165 instructions in the design after the 'Performance (step 1)' phase of compilation. See the Design Size Report for more details (C:/pcam5/pcam5.runs/pcam_v_demosaic_0_0_synth_1/prj/sol/syn/report/csynth_design_size.rpt:2)
INFO: [HLS 200-1995] There were 2,058 instructions in the design after the 'Performance (step 2)' phase of compilation. See the Design Size Report for more details (C:/pcam5/pcam5.runs/pcam_v_demosaic_0_0_synth_1/prj/sol/syn/report/csynth_design_size.rpt:2)
INFO: [HLS 200-1995] There were 1,983 instructions in the design after the 'Performance (step 3)' phase of compilation. See the Design Size Report for more details (C:/pcam5/pcam5.runs/pcam_v_demosaic_0_0_synth_1/prj/sol/syn/report/csynth_design_size.rpt:2)
INFO: [HLS 200-1995] There were 1,974 instructions in the design after the 'Performance (step 4)' phase of compilation. See the Design Size Report for more details (C:/pcam5/pcam5.runs/pcam_v_demosaic_0_0_synth_1/prj/sol/syn/report/csynth_design_size.rpt:2)
INFO: [HLS 200-1995] There were 1,876 instructions in the design after the 'HW Transforms (step 1)' phase of compilation. See the Design Size Report for more details (C:/pcam5/pcam5.runs/pcam_v_demosaic_0_0_synth_1/prj/sol/syn/report/csynth_design_size.rpt:2)
INFO: [HLS 200-1995] There were 1,808 instructions in the design after the 'HW Transforms (step 2)' phase of compilation. See the Design Size Report for more details (C:/pcam5/pcam5.runs/pcam_v_demosaic_0_0_synth_1/prj/sol/syn/report/csynth_design_size.rpt:2)
INFO: [HLS 214-131] Inlining function 'void hls::AXIGetBitFields<8, ap_uint<8> >(ap_uint<8>, int, int, ap_uint<8>&)' into 'void hls::AXIGetBitFields<8, ap_uint<8> >(hls::axis<ap_uint<8>, 1ul, 1ul, 1ul, (unsigned char)56, false>, int, int, ap_uint<8>&)' (c:/pcam5/pcam5.gen/sources_1/bd/pcam/ip/pcam_v_demosaic_0_0/src/hls/hls_axi_io.h:85:5)
INFO: [HLS 214-131] Inlining function 'hls::Scalar<1, ap_uint<8> >::Scalar()' into 'AXIvideo2MultiBayer(hls::stream<hls::axis<ap_uint<8>, 1ul, 1ul, 1ul, (unsigned char)56, false>, 0>&, hls::stream<hls::Scalar<1, ap_uint<8> >, 0>&, unsigned short&, unsigned short&)' (C:/pcam5/pcam5.runs/pcam_v_demosaic_0_0_synth_1/prj/sol/.autopilot/db/v_demosaic.cpp:142:23)
INFO: [HLS 214-131] Inlining function 'void hls::AXIGetBitFields<8, ap_uint<8> >(hls::axis<ap_uint<8>, 1ul, 1ul, 1ul, (unsigned char)56, false>, int, int, ap_uint<8>&)' into 'AXIvideo2MultiBayer(hls::stream<hls::axis<ap_uint<8>, 1ul, 1ul, 1ul, (unsigned char)56, false>, 0>&, hls::stream<hls::Scalar<1, ap_uint<8> >, 0>&, unsigned short&, unsigned short&)' (C:/pcam5/pcam5.runs/pcam_v_demosaic_0_0_synth_1/prj/sol/.autopilot/db/v_demosaic.cpp:182:17)
INFO: [HLS 214-131] Inlining function 'hls::Scalar<3, ap_uint<8> >::Scalar()' into 'DebayerG(hls::stream<hls::Scalar<1, ap_uint<8> >, 0>&, hls::stream<hls::Scalar<3, ap_uint<8> >, 0>&, unsigned short&, unsigned short&, unsigned short&)' (C:/pcam5/pcam5.runs/pcam_v_demosaic_0_0_synth_1/prj/sol/.autopilot/db/v_demosaic.cpp:278:21)
INFO: [HLS 214-131] Inlining function 'hls::Scalar<1, ap_uint<8> >::Scalar()' into 'DebayerG(hls::stream<hls::Scalar<1, ap_uint<8> >, 0>&, hls::stream<hls::Scalar<3, ap_uint<8> >, 0>&, unsigned short&, unsigned short&, unsigned short&)' (C:/pcam5/pcam5.runs/pcam_v_demosaic_0_0_synth_1/prj/sol/.autopilot/db/v_demosaic.cpp:280:23)
INFO: [HLS 214-131] Inlining function 'hls::Scalar<3, ap_uint<8> >::Scalar()' into 'hls::Window<3, 3, hls::Scalar<3, ap_uint<8> > >::Window()' (c:/pcam5/pcam5.gen/sources_1/bd/pcam/ip/pcam_v_demosaic_0_0/src/hls/hls_video_mem.h:65:5)
INFO: [HLS 214-131] Inlining function 'hls::Scalar<3, ap_uint<8> >::Scalar()' into 'DebayerRatBorBatR(hls::stream<hls::Scalar<3, ap_uint<8> >, 0>&, hls::stream<hls::Scalar<3, ap_uint<8> >, 0>&, unsigned short&, unsigned short&, unsigned short&)' (C:/pcam5/pcam5.runs/pcam_v_demosaic_0_0_synth_1/prj/sol/.autopilot/db/v_demosaic.cpp:610:21)
INFO: [HLS 214-131] Inlining function 'hls::Scalar<3, ap_uint<8> >::Scalar()' into 'DebayerRandBatG(hls::stream<hls::Scalar<3, ap_uint<8> >, 0>&, hls::stream<hls::Scalar<3, ap_uint<8> >, 0>&, unsigned short&, unsigned short&, unsigned short&)' (C:/pcam5/pcam5.runs/pcam_v_demosaic_0_0_synth_1/prj/sol/.autopilot/db/v_demosaic.cpp:858:21)
INFO: [HLS 214-131] Inlining function 'hls::Scalar<3, ap_uint<8> >::Scalar()' into 'ZipperRemoval(hls::stream<hls::Scalar<3, ap_uint<8> >, 0>&, hls::stream<hls::Scalar<3, ap_uint<8> >, 0>&, unsigned short&, unsigned short&)' (C:/pcam5/pcam5.runs/pcam_v_demosaic_0_0_synth_1/prj/sol/.autopilot/db/v_demosaic.cpp:1087:21)
INFO: [HLS 214-131] Inlining function 'hls::Scalar<3, ap_uint<8> >::Scalar()' into 'MultiPixStream2AXIvideo(hls::stream<hls::Scalar<3, ap_uint<8> >, 0>&, hls::stream<hls::axis<ap_uint<24>, 1ul, 1ul, 1ul, (unsigned char)56, false>, 0>&, unsigned short&, unsigned short&)' (C:/pcam5/pcam5.runs/pcam_v_demosaic_0_0_synth_1/prj/sol/.autopilot/db/v_demosaic.cpp:215:21)
INFO: [HLS 214-377] Adding 'pixWindow' into disaggregation list because there's array-partition pragma applied on the struct field (C:/pcam5/pcam5.runs/pcam_v_demosaic_0_0_synth_1/prj/sol/.autopilot/db/v_demosaic.cpp:857:66)
INFO: [HLS 214-377] Adding 'pixWindow' into disaggregation list because there's array-partition pragma applied on the struct field (C:/pcam5/pcam5.runs/pcam_v_demosaic_0_0_synth_1/prj/sol/.autopilot/db/v_demosaic.cpp:609:66)
INFO: [HLS 214-377] Adding 'bayerWindow' into disaggregation list because there's array-partition pragma applied on the struct field (C:/pcam5/pcam5.runs/pcam_v_demosaic_0_0_synth_1/prj/sol/.autopilot/db/v_demosaic.cpp:277:18)
INFO: [HLS 214-377] Adding 'pix' into disaggregation list because there's array-partition pragma applied on the struct field (c:/pcam5/pcam5.gen/sources_1/bd/pcam/ip/pcam_v_demosaic_0_0/src/hls/hls_video_core.h:198:1)
INFO: [HLS 214-377] Adding 'outpix' into disaggregation list because there's array-partition pragma applied on the struct field (c:/pcam5/pcam5.gen/sources_1/bd/pcam/ip/pcam_v_demosaic_0_0/src/hls/hls_video_core.h:198:1)
INFO: [HLS 214-377] Adding 'inpix' into disaggregation list because there's array-partition pragma applied on the struct field (c:/pcam5/pcam5.gen/sources_1/bd/pcam/ip/pcam_v_demosaic_0_0/src/hls/hls_video_core.h:198:1)
INFO: [HLS 214-377] Adding 'p' into disaggregation list because there's array-partition pragma applied on the struct field (c:/pcam5/pcam5.gen/sources_1/bd/pcam/ip/pcam_v_demosaic_0_0/src/hls/hls_video_core.h:198:1)
INFO: [HLS 214-377] Adding 'p164' into disaggregation list because there's array-partition pragma applied on the struct field (c:/pcam5/pcam5.gen/sources_1/bd/pcam/ip/pcam_v_demosaic_0_0/src/hls/hls_video_core.h:198:1)
INFO: [HLS 214-377] Adding 'PixBufVal' into disaggregation list because there's array-partition pragma applied on the struct field (c:/pcam5/pcam5.gen/sources_1/bd/pcam/ip/pcam_v_demosaic_0_0/src/hls/hls_video_core.h:198:1)
INFO: [HLS 214-377] Adding 'p253' into disaggregation list because there's array-partition pragma applied on the struct field (c:/pcam5/pcam5.gen/sources_1/bd/pcam/ip/pcam_v_demosaic_0_0/src/hls/hls_video_core.h:198:1)
INFO: [HLS 214-377] Adding 'lineBuffer' into disaggregation list because there's array-partition pragma applied on the struct field (C:/pcam5/pcam5.runs/pcam_v_demosaic_0_0_synth_1/prj/sol/.autopilot/db/v_demosaic.cpp:862:67)
INFO: [HLS 214-377] Adding 'pixBuf' into disaggregation list because there's array-partition pragma applied on the struct field (c:/pcam5/pcam5.gen/sources_1/bd/pcam/ip/pcam_v_demosaic_0_0/src/hls/hls_video_core.h:198:1)
INFO: [HLS 214-377] Adding 'lineBuffer' into disaggregation list because there's array-partition pragma applied on the struct field (C:/pcam5/pcam5.runs/pcam_v_demosaic_0_0_synth_1/prj/sol/.autopilot/db/v_demosaic.cpp:614:67)
INFO: [HLS 214-377] Adding 'linebuf_yuv' into disaggregation list because there's array-partition pragma applied on the struct field (C:/pcam5/pcam5.runs/pcam_v_demosaic_0_0_synth_1/prj/sol/.autopilot/db/v_demosaic.cpp:283:61)
INFO: [HLS 214-210] Disaggregating variable 'pix' (C:/pcam5/pcam5.runs/pcam_v_demosaic_0_0_synth_1/prj/sol/.autopilot/db/v_demosaic.cpp:142:23)
Resolution: For help on HLS 214-210 see docs.amd.com/access/sources/dita/topic?Doc_Version=2025.2%20English&url=ug1448-hls-guidance&resourceid=214-210.html
INFO: [HLS 214-210] Disaggregating variable 'PixBufVal' (C:/pcam5/pcam5.runs/pcam_v_demosaic_0_0_synth_1/prj/sol/.autopilot/db/v_demosaic.cpp:402:39)
Resolution: For help on HLS 214-210 see docs.amd.com/access/sources/dita/topic?Doc_Version=2025.2%20English&url=ug1448-hls-guidance&resourceid=214-210.html
INFO: [HLS 214-210] Disaggregating variable 'linebuf_yuv' (C:/pcam5/pcam5.runs/pcam_v_demosaic_0_0_synth_1/prj/sol/.autopilot/db/v_demosaic.cpp:283:61)
Resolution: For help on HLS 214-210 see docs.amd.com/access/sources/dita/topic?Doc_Version=2025.2%20English&url=ug1448-hls-guidance&resourceid=214-210.html
INFO: [HLS 214-210] Disaggregating variable 'pixBuf' (C:/pcam5/pcam5.runs/pcam_v_demosaic_0_0_synth_1/prj/sol/.autopilot/db/v_demosaic.cpp:281:23)
Resolution: For help on HLS 214-210 see docs.amd.com/access/sources/dita/topic?Doc_Version=2025.2%20English&url=ug1448-hls-guidance&resourceid=214-210.html
INFO: [HLS 214-210] Disaggregating variable 'pix' (C:/pcam5/pcam5.runs/pcam_v_demosaic_0_0_synth_1/prj/sol/.autopilot/db/v_demosaic.cpp:280:23)
Resolution: For help on HLS 214-210 see docs.amd.com/access/sources/dita/topic?Doc_Version=2025.2%20English&url=ug1448-hls-guidance&resourceid=214-210.html
INFO: [HLS 214-210] Disaggregating variable 'outpix' (C:/pcam5/pcam5.runs/pcam_v_demosaic_0_0_synth_1/prj/sol/.autopilot/db/v_demosaic.cpp:278:21)
Resolution: For help on HLS 214-210 see docs.amd.com/access/sources/dita/topic?Doc_Version=2025.2%20English&url=ug1448-hls-guidance&resourceid=214-210.html
INFO: [HLS 214-210] Disaggregating variable 'bayerWindow' (C:/pcam5/pcam5.runs/pcam_v_demosaic_0_0_synth_1/prj/sol/.autopilot/db/v_demosaic.cpp:277:18)
Resolution: For help on HLS 214-210 see docs.amd.com/access/sources/dita/topic?Doc_Version=2025.2%20English&url=ug1448-hls-guidance&resourceid=214-210.html
INFO: [HLS 214-210] Disaggregating variable 'p253' (C:/pcam5/pcam5.runs/pcam_v_demosaic_0_0_synth_1/prj/sol/.autopilot/db/v_demosaic.cpp:748:31)
Resolution: For help on HLS 214-210 see docs.amd.com/access/sources/dita/topic?Doc_Version=2025.2%20English&url=ug1448-hls-guidance&resourceid=214-210.html
INFO: [HLS 214-210] Disaggregating variable 'PixBufVal' (C:/pcam5/pcam5.runs/pcam_v_demosaic_0_0_synth_1/prj/sol/.autopilot/db/v_demosaic.cpp:727:37)
Resolution: For help on HLS 214-210 see docs.amd.com/access/sources/dita/topic?Doc_Version=2025.2%20English&url=ug1448-hls-guidance&resourceid=214-210.html
INFO: [HLS 214-210] Disaggregating variable 'p164' (C:/pcam5/pcam5.runs/pcam_v_demosaic_0_0_synth_1/prj/sol/.autopilot/db/v_demosaic.cpp:712:35)
Resolution: For help on HLS 214-210 see docs.amd.com/access/sources/dita/topic?Doc_Version=2025.2%20English&url=ug1448-hls-guidance&resourceid=214-210.html
INFO: [HLS 214-210] Disaggregating variable 'p' (C:/pcam5/pcam5.runs/pcam_v_demosaic_0_0_synth_1/prj/sol/.autopilot/db/v_demosaic.cpp:702:35)
Resolution: For help on HLS 214-210 see docs.amd.com/access/sources/dita/topic?Doc_Version=2025.2%20English&url=ug1448-hls-guidance&resourceid=214-210.html
INFO: [HLS 214-210] Disaggregating variable 'lineBuffer' (C:/pcam5/pcam5.runs/pcam_v_demosaic_0_0_synth_1/prj/sol/.autopilot/db/v_demosaic.cpp:614:67)
Resolution: For help on HLS 214-210 see docs.amd.com/access/sources/dita/topic?Doc_Version=2025.2%20English&url=ug1448-hls-guidance&resourceid=214-210.html
INFO: [HLS 214-210] Disaggregating variable 'pixBuf' (C:/pcam5/pcam5.runs/pcam_v_demosaic_0_0_synth_1/prj/sol/.autopilot/db/v_demosaic.cpp:612:21)
Resolution: For help on HLS 214-210 see docs.amd.com/access/sources/dita/topic?Doc_Version=2025.2%20English&url=ug1448-hls-guidance&resourceid=214-210.html
INFO: [HLS 214-210] Disaggregating variable 'outpix' (C:/pcam5/pcam5.runs/pcam_v_demosaic_0_0_synth_1/prj/sol/.autopilot/db/v_demosaic.cpp:610:26)
Resolution: For help on HLS 214-210 see docs.amd.com/access/sources/dita/topic?Doc_Version=2025.2%20English&url=ug1448-hls-guidance&resourceid=214-210.html
INFO: [HLS 214-210] Disaggregating variable 'pix' (C:/pcam5/pcam5.runs/pcam_v_demosaic_0_0_synth_1/prj/sol/.autopilot/db/v_demosaic.cpp:610:21)
Resolution: For help on HLS 214-210 see docs.amd.com/access/sources/dita/topic?Doc_Version=2025.2%20English&url=ug1448-hls-guidance&resourceid=214-210.html
INFO: [HLS 214-210] Disaggregating variable 'pixWindow' (C:/pcam5/pcam5.runs/pcam_v_demosaic_0_0_synth_1/prj/sol/.autopilot/db/v_demosaic.cpp:609:66)
Resolution: For help on HLS 214-210 see docs.amd.com/access/sources/dita/topic?Doc_Version=2025.2%20English&url=ug1448-hls-guidance&resourceid=214-210.html
INFO: [HLS 214-210] Disaggregating variable 'p253' (C:/pcam5/pcam5.runs/pcam_v_demosaic_0_0_synth_1/prj/sol/.autopilot/db/v_demosaic.cpp:995:31)
Resolution: For help on HLS 214-210 see docs.amd.com/access/sources/dita/topic?Doc_Version=2025.2%20English&url=ug1448-hls-guidance&resourceid=214-210.html
INFO: [HLS 214-210] Disaggregating variable 'PixBufVal' (C:/pcam5/pcam5.runs/pcam_v_demosaic_0_0_synth_1/prj/sol/.autopilot/db/v_demosaic.cpp:974:37)
Resolution: For help on HLS 214-210 see docs.amd.com/access/sources/dita/topic?Doc_Version=2025.2%20English&url=ug1448-hls-guidance&resourceid=214-210.html
INFO: [HLS 214-210] Disaggregating variable 'p164' (C:/pcam5/pcam5.runs/pcam_v_demosaic_0_0_synth_1/prj/sol/.autopilot/db/v_demosaic.cpp:959:35)
Resolution: For help on HLS 214-210 see docs.amd.com/access/sources/dita/topic?Doc_Version=2025.2%20English&url=ug1448-hls-guidance&resourceid=214-210.html
INFO: [HLS 214-210] Disaggregating variable 'p' (C:/pcam5/pcam5.runs/pcam_v_demosaic_0_0_synth_1/prj/sol/.autopilot/db/v_demosaic.cpp:949:35)
Resolution: For help on HLS 214-210 see docs.amd.com/access/sources/dita/topic?Doc_Version=2025.2%20English&url=ug1448-hls-guidance&resourceid=214-210.html
INFO: [HLS 214-210] Disaggregating variable 'lineBuffer' (C:/pcam5/pcam5.runs/pcam_v_demosaic_0_0_synth_1/prj/sol/.autopilot/db/v_demosaic.cpp:862:67)
Resolution: For help on HLS 214-210 see docs.amd.com/access/sources/dita/topic?Doc_Version=2025.2%20English&url=ug1448-hls-guidance&resourceid=214-210.html
INFO: [HLS 214-210] Disaggregating variable 'pixBuf' (C:/pcam5/pcam5.runs/pcam_v_demosaic_0_0_synth_1/prj/sol/.autopilot/db/v_demosaic.cpp:860:21)
Resolution: For help on HLS 214-210 see docs.amd.com/access/sources/dita/topic?Doc_Version=2025.2%20English&url=ug1448-hls-guidance&resourceid=214-210.html
INFO: [HLS 214-210] Disaggregating variable 'outpix' (C:/pcam5/pcam5.runs/pcam_v_demosaic_0_0_synth_1/prj/sol/.autopilot/db/v_demosaic.cpp:858:26)
Resolution: For help on HLS 214-210 see docs.amd.com/access/sources/dita/topic?Doc_Version=2025.2%20English&url=ug1448-hls-guidance&resourceid=214-210.html
INFO: [HLS 214-210] Disaggregating variable 'pix' (C:/pcam5/pcam5.runs/pcam_v_demosaic_0_0_synth_1/prj/sol/.autopilot/db/v_demosaic.cpp:858:21)
Resolution: For help on HLS 214-210 see docs.amd.com/access/sources/dita/topic?Doc_Version=2025.2%20English&url=ug1448-hls-guidance&resourceid=214-210.html
INFO: [HLS 214-210] Disaggregating variable 'pixWindow' (C:/pcam5/pcam5.runs/pcam_v_demosaic_0_0_synth_1/prj/sol/.autopilot/db/v_demosaic.cpp:857:66)
Resolution: For help on HLS 214-210 see docs.amd.com/access/sources/dita/topic?Doc_Version=2025.2%20English&url=ug1448-hls-guidance&resourceid=214-210.html
INFO: [HLS 214-210] Disaggregating variable 'outpix' (C:/pcam5/pcam5.runs/pcam_v_demosaic_0_0_synth_1/prj/sol/.autopilot/db/v_demosaic.cpp:1087:28)
Resolution: For help on HLS 214-210 see docs.amd.com/access/sources/dita/topic?Doc_Version=2025.2%20English&url=ug1448-hls-guidance&resourceid=214-210.html
INFO: [HLS 214-210] Disaggregating variable 'inpix' (C:/pcam5/pcam5.runs/pcam_v_demosaic_0_0_synth_1/prj/sol/.autopilot/db/v_demosaic.cpp:1087:21)
Resolution: For help on HLS 214-210 see docs.amd.com/access/sources/dita/topic?Doc_Version=2025.2%20English&url=ug1448-hls-guidance&resourceid=214-210.html
INFO: [HLS 214-210] Disaggregating variable 'pix' (C:/pcam5/pcam5.runs/pcam_v_demosaic_0_0_synth_1/prj/sol/.autopilot/db/v_demosaic.cpp:215:21)
Resolution: For help on HLS 214-210 see docs.amd.com/access/sources/dita/topic?Doc_Version=2025.2%20English&url=ug1448-hls-guidance&resourceid=214-210.html
INFO: [HLS 214-291] Loop 'VITIS_LOOP_248_3' is marked as complete unroll implied by the pipeline pragma (C:/pcam5/pcam5.runs/pcam_v_demosaic_0_0_synth_1/prj/sol/.autopilot/db/v_demosaic.cpp:248:31)
INFO: [HLS 214-291] Loop 'VITIS_LOOP_250_4' is marked as complete unroll implied by the pipeline pragma (C:/pcam5/pcam5.runs/pcam_v_demosaic_0_0_synth_1/prj/sol/.autopilot/db/v_demosaic.cpp:250:35)
INFO: [HLS 214-291] Loop 'VITIS_LOOP_1112_3' is marked as complete unroll implied by the pipeline pragma (C:/pcam5/pcam5.runs/pcam_v_demosaic_0_0_synth_1/prj/sol/.autopilot/db/v_demosaic.cpp:1112:32)
INFO: [HLS 214-291] Loop 'VITIS_LOOP_1115_4' is marked as complete unroll implied by the pipeline pragma (C:/pcam5/pcam5.runs/pcam_v_demosaic_0_0_synth_1/prj/sol/.autopilot/db/v_demosaic.cpp:1115:36)
INFO: [HLS 214-291] Loop 'VITIS_LOOP_1135_5' is marked as complete unroll implied by the pipeline pragma (C:/pcam5/pcam5.runs/pcam_v_demosaic_0_0_synth_1/prj/sol/.autopilot/db/v_demosaic.cpp:1135:32)
INFO: [HLS 214-291] Loop 'VITIS_LOOP_894_3' is marked as complete unroll implied by the pipeline pragma (C:/pcam5/pcam5.runs/pcam_v_demosaic_0_0_synth_1/prj/sol/.autopilot/db/v_demosaic.cpp:894:35)
INFO: [HLS 214-291] Loop 'VITIS_LOOP_897_4' is marked as complete unroll implied by the pipeline pragma (C:/pcam5/pcam5.runs/pcam_v_demosaic_0_0_synth_1/prj/sol/.autopilot/db/v_demosaic.cpp:897:39)
INFO: [HLS 214-291] Loop 'VITIS_LOOP_899_5' is marked as complete unroll implied by the pipeline pragma (C:/pcam5/pcam5.runs/pcam_v_demosaic_0_0_synth_1/prj/sol/.autopilot/db/v_demosaic.cpp:899:43)
INFO: [HLS 214-291] Loop 'VITIS_LOOP_907_6' is marked as complete unroll implied by the pipeline pragma (C:/pcam5/pcam5.runs/pcam_v_demosaic_0_0_synth_1/prj/sol/.autopilot/db/v_demosaic.cpp:907:35)
INFO: [HLS 214-291] Loop 'VITIS_LOOP_914_7' is marked as complete unroll implied by the pipeline pragma (C:/pcam5/pcam5.runs/pcam_v_demosaic_0_0_synth_1/prj/sol/.autopilot/db/v_demosaic.cpp:914:39)
INFO: [HLS 214-291] Loop 'VITIS_LOOP_916_8' is marked as complete unroll implied by the pipeline pragma (C:/pcam5/pcam5.runs/pcam_v_demosaic_0_0_synth_1/prj/sol/.autopilot/db/v_demosaic.cpp:916:43)
INFO: [HLS 214-291] Loop 'VITIS_LOOP_929_9' is marked as complete unroll implied by the pipeline pragma (C:/pcam5/pcam5.runs/pcam_v_demosaic_0_0_synth_1/prj/sol/.autopilot/db/v_demosaic.cpp:929:31)
INFO: [HLS 214-291] Loop 'VITIS_LOOP_931_10' is marked as complete unroll implied by the pipeline pragma (C:/pcam5/pcam5.runs/pcam_v_demosaic_0_0_synth_1/prj/sol/.autopilot/db/v_demosaic.cpp:931:36)
INFO: [HLS 214-291] Loop 'VITIS_LOOP_993_17' is marked as complete unroll implied by the pipeline pragma (C:/pcam5/pcam5.runs/pcam_v_demosaic_0_0_synth_1/prj/sol/.autopilot/db/v_demosaic.cpp:993:36)
INFO: [HLS 214-291] Loop 'VITIS_LOOP_999_18' is marked as complete unroll implied by the pipeline pragma (C:/pcam5/pcam5.runs/pcam_v_demosaic_0_0_synth_1/prj/sol/.autopilot/db/v_demosaic.cpp:999:40)
INFO: [HLS 214-291] Loop 'VITIS_LOOP_940_11' is marked as complete unroll implied by the pipeline pragma (C:/pcam5/pcam5.runs/pcam_v_demosaic_0_0_synth_1/prj/sol/.autopilot/db/v_demosaic.cpp:940:36)
INFO: [HLS 214-291] Loop 'VITIS_LOOP_943_12' is marked as complete unroll implied by the pipeline pragma (C:/pcam5/pcam5.runs/pcam_v_demosaic_0_0_synth_1/prj/sol/.autopilot/db/v_demosaic.cpp:943:40)
INFO: [HLS 214-291] Loop 'VITIS_LOOP_963_13' is marked as complete unroll implied by the pipeline pragma (C:/pcam5/pcam5.runs/pcam_v_demosaic_0_0_synth_1/prj/sol/.autopilot/db/v_demosaic.cpp:963:44)
INFO: [HLS 214-291] Loop 'VITIS_LOOP_971_14' is marked as complete unroll implied by the pipeline pragma (C:/pcam5/pcam5.runs/pcam_v_demosaic_0_0_synth_1/prj/sol/.autopilot/db/v_demosaic.cpp:971:36)
INFO: [HLS 214-291] Loop 'VITIS_LOOP_979_15' is marked as complete unroll implied by the pipeline pragma (C:/pcam5/pcam5.runs/pcam_v_demosaic_0_0_synth_1/prj/sol/.autopilot/db/v_demosaic.cpp:979:40)
INFO: [HLS 214-291] Loop 'VITIS_LOOP_981_16' is marked as complete unroll implied by the pipeline pragma (C:/pcam5/pcam5.runs/pcam_v_demosaic_0_0_synth_1/prj/sol/.autopilot/db/v_demosaic.cpp:981:44)
INFO: [HLS 214-291] Loop 'VITIS_LOOP_1006_19' is marked as complete unroll implied by the pipeline pragma (C:/pcam5/pcam5.runs/pcam_v_demosaic_0_0_synth_1/prj/sol/.autopilot/db/v_demosaic.cpp:1006:33)
INFO: [HLS 214-291] Loop 'VITIS_LOOP_646_3' is marked as complete unroll implied by the pipeline pragma (C:/pcam5/pcam5.runs/pcam_v_demosaic_0_0_synth_1/prj/sol/.autopilot/db/v_demosaic.cpp:646:35)
INFO: [HLS 214-291] Loop 'VITIS_LOOP_649_4' is marked as complete unroll implied by the pipeline pragma (C:/pcam5/pcam5.runs/pcam_v_demosaic_0_0_synth_1/prj/sol/.autopilot/db/v_demosaic.cpp:649:39)
INFO: [HLS 214-291] Loop 'VITIS_LOOP_651_5' is marked as complete unroll implied by the pipeline pragma (C:/pcam5/pcam5.runs/pcam_v_demosaic_0_0_synth_1/prj/sol/.autopilot/db/v_demosaic.cpp:651:43)
INFO: [HLS 214-291] Loop 'VITIS_LOOP_660_6' is marked as complete unroll implied by the pipeline pragma (C:/pcam5/pcam5.runs/pcam_v_demosaic_0_0_synth_1/prj/sol/.autopilot/db/v_demosaic.cpp:660:35)
INFO: [HLS 214-291] Loop 'VITIS_LOOP_667_7' is marked as complete unroll implied by the pipeline pragma (C:/pcam5/pcam5.runs/pcam_v_demosaic_0_0_synth_1/prj/sol/.autopilot/db/v_demosaic.cpp:667:39)
INFO: [HLS 214-291] Loop 'VITIS_LOOP_669_8' is marked as complete unroll implied by the pipeline pragma (C:/pcam5/pcam5.runs/pcam_v_demosaic_0_0_synth_1/prj/sol/.autopilot/db/v_demosaic.cpp:669:43)
INFO: [HLS 214-291] Loop 'VITIS_LOOP_682_9' is marked as complete unroll implied by the pipeline pragma (C:/pcam5/pcam5.runs/pcam_v_demosaic_0_0_synth_1/prj/sol/.autopilot/db/v_demosaic.cpp:682:31)
INFO: [HLS 214-291] Loop 'VITIS_LOOP_684_10' is marked as complete unroll implied by the pipeline pragma (C:/pcam5/pcam5.runs/pcam_v_demosaic_0_0_synth_1/prj/sol/.autopilot/db/v_demosaic.cpp:684:36)
INFO: [HLS 214-291] Loop 'VITIS_LOOP_746_17' is marked as complete unroll implied by the pipeline pragma (C:/pcam5/pcam5.runs/pcam_v_demosaic_0_0_synth_1/prj/sol/.autopilot/db/v_demosaic.cpp:746:36)
INFO: [HLS 214-291] Loop 'VITIS_LOOP_752_18' is marked as complete unroll implied by the pipeline pragma (C:/pcam5/pcam5.runs/pcam_v_demosaic_0_0_synth_1/prj/sol/.autopilot/db/v_demosaic.cpp:752:40)
INFO: [HLS 214-291] Loop 'VITIS_LOOP_693_11' is marked as complete unroll implied by the pipeline pragma (C:/pcam5/pcam5.runs/pcam_v_demosaic_0_0_synth_1/prj/sol/.autopilot/db/v_demosaic.cpp:693:36)
INFO: [HLS 214-291] Loop 'VITIS_LOOP_696_12' is marked as complete unroll implied by the pipeline pragma (C:/pcam5/pcam5.runs/pcam_v_demosaic_0_0_synth_1/prj/sol/.autopilot/db/v_demosaic.cpp:696:40)
INFO: [HLS 214-291] Loop 'VITIS_LOOP_716_13' is marked as complete unroll implied by the pipeline pragma (C:/pcam5/pcam5.runs/pcam_v_demosaic_0_0_synth_1/prj/sol/.autopilot/db/v_demosaic.cpp:716:44)
INFO: [HLS 214-291] Loop 'VITIS_LOOP_724_14' is marked as complete unroll implied by the pipeline pragma (C:/pcam5/pcam5.runs/pcam_v_demosaic_0_0_synth_1/prj/sol/.autopilot/db/v_demosaic.cpp:724:36)
INFO: [HLS 214-291] Loop 'VITIS_LOOP_732_15' is marked as complete unroll implied by the pipeline pragma (C:/pcam5/pcam5.runs/pcam_v_demosaic_0_0_synth_1/prj/sol/.autopilot/db/v_demosaic.cpp:732:40)
INFO: [HLS 214-291] Loop 'VITIS_LOOP_734_16' is marked as complete unroll implied by the pipeline pragma (C:/pcam5/pcam5.runs/pcam_v_demosaic_0_0_synth_1/prj/sol/.autopilot/db/v_demosaic.cpp:734:44)
INFO: [HLS 214-291] Loop 'VITIS_LOOP_760_19' is marked as complete unroll implied by the pipeline pragma (C:/pcam5/pcam5.runs/pcam_v_demosaic_0_0_synth_1/prj/sol/.autopilot/db/v_demosaic.cpp:760:32)
INFO: [HLS 214-291] Loop 'VITIS_LOOP_331_5' is marked as complete unroll implied by the pipeline pragma (C:/pcam5/pcam5.runs/pcam_v_demosaic_0_0_synth_1/prj/sol/.autopilot/db/v_demosaic.cpp:331:35)
INFO: [HLS 214-291] Loop 'VITIS_LOOP_334_6' is marked as complete unroll implied by the pipeline pragma (C:/pcam5/pcam5.runs/pcam_v_demosaic_0_0_synth_1/prj/sol/.autopilot/db/v_demosaic.cpp:334:39)
INFO: [HLS 214-291] Loop 'VITIS_LOOP_342_7' is marked as complete unroll implied by the pipeline pragma (C:/pcam5/pcam5.runs/pcam_v_demosaic_0_0_synth_1/prj/sol/.autopilot/db/v_demosaic.cpp:342:35)
INFO: [HLS 214-291] Loop 'VITIS_LOOP_349_8' is marked as complete unroll implied by the pipeline pragma (C:/pcam5/pcam5.runs/pcam_v_demosaic_0_0_synth_1/prj/sol/.autopilot/db/v_demosaic.cpp:349:39)
INFO: [HLS 214-291] Loop 'VITIS_LOOP_361_9' is marked as complete unroll implied by the pipeline pragma (C:/pcam5/pcam5.runs/pcam_v_demosaic_0_0_synth_1/prj/sol/.autopilot/db/v_demosaic.cpp:361:31)
INFO: [HLS 214-291] Loop 'VITIS_LOOP_363_10' is marked as complete unroll implied by the pipeline pragma (C:/pcam5/pcam5.runs/pcam_v_demosaic_0_0_synth_1/prj/sol/.autopilot/db/v_demosaic.cpp:363:36)
INFO: [HLS 214-291] Loop 'VITIS_LOOP_418_16' is marked as complete unroll implied by the pipeline pragma (C:/pcam5/pcam5.runs/pcam_v_demosaic_0_0_synth_1/prj/sol/.autopilot/db/v_demosaic.cpp:418:36)
INFO: [HLS 214-291] Loop 'VITIS_LOOP_422_17' is marked as complete unroll implied by the pipeline pragma (C:/pcam5/pcam5.runs/pcam_v_demosaic_0_0_synth_1/prj/sol/.autopilot/db/v_demosaic.cpp:422:40)
INFO: [HLS 214-291] Loop 'VITIS_LOOP_372_11' is marked as complete unroll implied by the pipeline pragma (C:/pcam5/pcam5.runs/pcam_v_demosaic_0_0_synth_1/prj/sol/.autopilot/db/v_demosaic.cpp:372:36)
INFO: [HLS 214-291] Loop 'VITIS_LOOP_375_12' is marked as complete unroll implied by the pipeline pragma (C:/pcam5/pcam5.runs/pcam_v_demosaic_0_0_synth_1/prj/sol/.autopilot/db/v_demosaic.cpp:375:40)
INFO: [HLS 214-291] Loop 'VITIS_LOOP_391_13' is marked as complete unroll implied by the pipeline pragma (C:/pcam5/pcam5.runs/pcam_v_demosaic_0_0_synth_1/prj/sol/.autopilot/db/v_demosaic.cpp:391:44)
INFO: [HLS 214-291] Loop 'VITIS_LOOP_399_14' is marked as complete unroll implied by the pipeline pragma (C:/pcam5/pcam5.runs/pcam_v_demosaic_0_0_synth_1/prj/sol/.autopilot/db/v_demosaic.cpp:399:36)
INFO: [HLS 214-291] Loop 'VITIS_LOOP_407_15' is marked as complete unroll implied by the pipeline pragma (C:/pcam5/pcam5.runs/pcam_v_demosaic_0_0_synth_1/prj/sol/.autopilot/db/v_demosaic.cpp:407:40)
INFO: [HLS 214-291] Loop 'VITIS_LOOP_429_18' is marked as complete unroll implied by the pipeline pragma (C:/pcam5/pcam5.runs/pcam_v_demosaic_0_0_synth_1/prj/sol/.autopilot/db/v_demosaic.cpp:429:32)
INFO: [HLS 214-291] Loop 'VITIS_LOOP_472_19' is marked as complete unroll implied by the pipeline pragma (C:/pcam5/pcam5.runs/pcam_v_demosaic_0_0_synth_1/prj/sol/.autopilot/db/v_demosaic.cpp:472:40)
INFO: [HLS 214-291] Loop 'VITIS_LOOP_490_20' is marked as complete unroll implied by the pipeline pragma (C:/pcam5/pcam5.runs/pcam_v_demosaic_0_0_synth_1/prj/sol/.autopilot/db/v_demosaic.cpp:490:40)
INFO: [HLS 214-291] Loop 'VITIS_LOOP_499_21' is marked as complete unroll implied by the pipeline pragma (C:/pcam5/pcam5.runs/pcam_v_demosaic_0_0_synth_1/prj/sol/.autopilot/db/v_demosaic.cpp:499:40)
INFO: [HLS 214-291] Loop 'VITIS_LOOP_180_1' is marked as complete unroll implied by the pipeline pragma (C:/pcam5/pcam5.runs/pcam_v_demosaic_0_0_synth_1/prj/sol/.autopilot/db/v_demosaic.cpp:180:31)
INFO: [HLS 214-186] Unrolling loop 'VITIS_LOOP_248_3' (C:/pcam5/pcam5.runs/pcam_v_demosaic_0_0_synth_1/prj/sol/.autopilot/db/v_demosaic.cpp:248:31) in function 'MultiPixStream2AXIvideo' completely with a factor of 1 (C:/pcam5/pcam5.runs/pcam_v_demosaic_0_0_synth_1/prj/sol/.autopilot/db/v_demosaic.cpp:213:0)
INFO: [HLS 214-186] Unrolling loop 'VITIS_LOOP_250_4' (C:/pcam5/pcam5.runs/pcam_v_demosaic_0_0_synth_1/prj/sol/.autopilot/db/v_demosaic.cpp:250:35) in function 'MultiPixStream2AXIvideo' completely with a factor of 3 (C:/pcam5/pcam5.runs/pcam_v_demosaic_0_0_synth_1/prj/sol/.autopilot/db/v_demosaic.cpp:213:0)
INFO: [HLS 214-186] Unrolling loop 'VITIS_LOOP_1112_3' (C:/pcam5/pcam5.runs/pcam_v_demosaic_0_0_synth_1/prj/sol/.autopilot/db/v_demosaic.cpp:1112:32) in function 'ZipperRemoval' completely with a factor of 1 (C:/pcam5/pcam5.runs/pcam_v_demosaic_0_0_synth_1/prj/sol/.autopilot/db/v_demosaic.cpp:1082:0)
INFO: [HLS 214-186] Unrolling loop 'VITIS_LOOP_1115_4' (C:/pcam5/pcam5.runs/pcam_v_demosaic_0_0_synth_1/prj/sol/.autopilot/db/v_demosaic.cpp:1115:36) in function 'ZipperRemoval' completely with a factor of 2 (C:/pcam5/pcam5.runs/pcam_v_demosaic_0_0_synth_1/prj/sol/.autopilot/db/v_demosaic.cpp:1082:0)
INFO: [HLS 214-186] Unrolling loop 'VITIS_LOOP_1135_5' (C:/pcam5/pcam5.runs/pcam_v_demosaic_0_0_synth_1/prj/sol/.autopilot/db/v_demosaic.cpp:1135:32) in function 'ZipperRemoval' completely with a factor of 1 (C:/pcam5/pcam5.runs/pcam_v_demosaic_0_0_synth_1/prj/sol/.autopilot/db/v_demosaic.cpp:1082:0)
INFO: [HLS 214-186] Unrolling loop 'VITIS_LOOP_894_3' (C:/pcam5/pcam5.runs/pcam_v_demosaic_0_0_synth_1/prj/sol/.autopilot/db/v_demosaic.cpp:894:35) in function 'DebayerRandBatG' completely with a factor of 3 (C:/pcam5/pcam5.runs/pcam_v_demosaic_0_0_synth_1/prj/sol/.autopilot/db/v_demosaic.cpp:847:0)
INFO: [HLS 214-186] Unrolling loop 'VITIS_LOOP_897_4' (C:/pcam5/pcam5.runs/pcam_v_demosaic_0_0_synth_1/prj/sol/.autopilot/db/v_demosaic.cpp:897:39) in function 'DebayerRandBatG' completely with a factor of 1 (C:/pcam5/pcam5.runs/pcam_v_demosaic_0_0_synth_1/prj/sol/.autopilot/db/v_demosaic.cpp:847:0)
INFO: [HLS 214-186] Unrolling loop 'VITIS_LOOP_899_5' (C:/pcam5/pcam5.runs/pcam_v_demosaic_0_0_synth_1/prj/sol/.autopilot/db/v_demosaic.cpp:899:43) in function 'DebayerRandBatG' completely with a factor of 3 (C:/pcam5/pcam5.runs/pcam_v_demosaic_0_0_synth_1/prj/sol/.autopilot/db/v_demosaic.cpp:847:0)
INFO: [HLS 214-186] Unrolling loop 'VITIS_LOOP_907_6' (C:/pcam5/pcam5.runs/pcam_v_demosaic_0_0_synth_1/prj/sol/.autopilot/db/v_demosaic.cpp:907:35) in function 'DebayerRandBatG' completely with a factor of 2 (C:/pcam5/pcam5.runs/pcam_v_demosaic_0_0_synth_1/prj/sol/.autopilot/db/v_demosaic.cpp:847:0)
INFO: [HLS 214-186] Unrolling loop 'VITIS_LOOP_914_7' (C:/pcam5/pcam5.runs/pcam_v_demosaic_0_0_synth_1/prj/sol/.autopilot/db/v_demosaic.cpp:914:39) in function 'DebayerRandBatG' completely with a factor of 1 (C:/pcam5/pcam5.runs/pcam_v_demosaic_0_0_synth_1/prj/sol/.autopilot/db/v_demosaic.cpp:847:0)
INFO: [HLS 214-186] Unrolling loop 'VITIS_LOOP_916_8' (C:/pcam5/pcam5.runs/pcam_v_demosaic_0_0_synth_1/prj/sol/.autopilot/db/v_demosaic.cpp:916:43) in function 'DebayerRandBatG' completely with a factor of 3 (C:/pcam5/pcam5.runs/pcam_v_demosaic_0_0_synth_1/prj/sol/.autopilot/db/v_demosaic.cpp:847:0)
INFO: [HLS 214-186] Unrolling loop 'VITIS_LOOP_929_9' (C:/pcam5/pcam5.runs/pcam_v_demosaic_0_0_synth_1/prj/sol/.autopilot/db/v_demosaic.cpp:929:31) in function 'DebayerRandBatG' completely with a factor of 3 (C:/pcam5/pcam5.runs/pcam_v_demosaic_0_0_synth_1/prj/sol/.autopilot/db/v_demosaic.cpp:847:0)
INFO: [HLS 214-186] Unrolling loop 'VITIS_LOOP_931_10' (C:/pcam5/pcam5.runs/pcam_v_demosaic_0_0_synth_1/prj/sol/.autopilot/db/v_demosaic.cpp:931:36) in function 'DebayerRandBatG' completely with a factor of 2 (C:/pcam5/pcam5.runs/pcam_v_demosaic_0_0_synth_1/prj/sol/.autopilot/db/v_demosaic.cpp:847:0)
INFO: [HLS 214-186] Unrolling loop 'VITIS_LOOP_993_17' (C:/pcam5/pcam5.runs/pcam_v_demosaic_0_0_synth_1/prj/sol/.autopilot/db/v_demosaic.cpp:993:36) in function 'DebayerRandBatG' completely with a factor of 3 (C:/pcam5/pcam5.runs/pcam_v_demosaic_0_0_synth_1/prj/sol/.autopilot/db/v_demosaic.cpp:847:0)
INFO: [HLS 214-186] Unrolling loop 'VITIS_LOOP_999_18' (C:/pcam5/pcam5.runs/pcam_v_demosaic_0_0_synth_1/prj/sol/.autopilot/db/v_demosaic.cpp:999:40) in function 'DebayerRandBatG' completely with a factor of 1 (C:/pcam5/pcam5.runs/pcam_v_demosaic_0_0_synth_1/prj/sol/.autopilot/db/v_demosaic.cpp:847:0)
INFO: [HLS 214-186] Unrolling loop 'VITIS_LOOP_940_11' (C:/pcam5/pcam5.runs/pcam_v_demosaic_0_0_synth_1/prj/sol/.autopilot/db/v_demosaic.cpp:940:36) in function 'DebayerRandBatG' completely with a factor of 3 (C:/pcam5/pcam5.runs/pcam_v_demosaic_0_0_synth_1/prj/sol/.autopilot/db/v_demosaic.cpp:847:0)
INFO: [HLS 214-186] Unrolling loop 'VITIS_LOOP_963_13' (C:/pcam5/pcam5.runs/pcam_v_demosaic_0_0_synth_1/prj/sol/.autopilot/db/v_demosaic.cpp:963:44) in function 'DebayerRandBatG' completely with a factor of 2 (C:/pcam5/pcam5.runs/pcam_v_demosaic_0_0_synth_1/prj/sol/.autopilot/db/v_demosaic.cpp:847:0)
INFO: [HLS 214-186] Unrolling loop 'VITIS_LOOP_943_12' (C:/pcam5/pcam5.runs/pcam_v_demosaic_0_0_synth_1/prj/sol/.autopilot/db/v_demosaic.cpp:943:40) in function 'DebayerRandBatG' completely with a factor of 1 (C:/pcam5/pcam5.runs/pcam_v_demosaic_0_0_synth_1/prj/sol/.autopilot/db/v_demosaic.cpp:847:0)
INFO: [HLS 214-186] Unrolling loop 'VITIS_LOOP_971_14' (C:/pcam5/pcam5.runs/pcam_v_demosaic_0_0_synth_1/prj/sol/.autopilot/db/v_demosaic.cpp:971:36) in function 'DebayerRandBatG' completely with a factor of 2 (C:/pcam5/pcam5.runs/pcam_v_demosaic_0_0_synth_1/prj/sol/.autopilot/db/v_demosaic.cpp:847:0)
INFO: [HLS 214-186] Unrolling loop 'VITIS_LOOP_979_15' (C:/pcam5/pcam5.runs/pcam_v_demosaic_0_0_synth_1/prj/sol/.autopilot/db/v_demosaic.cpp:979:40) in function 'DebayerRandBatG' completely with a factor of 1 (C:/pcam5/pcam5.runs/pcam_v_demosaic_0_0_synth_1/prj/sol/.autopilot/db/v_demosaic.cpp:847:0)
INFO: [HLS 214-186] Unrolling loop 'VITIS_LOOP_981_16' (C:/pcam5/pcam5.runs/pcam_v_demosaic_0_0_synth_1/prj/sol/.autopilot/db/v_demosaic.cpp:981:44) in function 'DebayerRandBatG' completely with a factor of 3 (C:/pcam5/pcam5.runs/pcam_v_demosaic_0_0_synth_1/prj/sol/.autopilot/db/v_demosaic.cpp:847:0)
INFO: [HLS 214-186] Unrolling loop 'VITIS_LOOP_1006_19' (C:/pcam5/pcam5.runs/pcam_v_demosaic_0_0_synth_1/prj/sol/.autopilot/db/v_demosaic.cpp:1006:33) in function 'DebayerRandBatG' completely with a factor of 1 (C:/pcam5/pcam5.runs/pcam_v_demosaic_0_0_synth_1/prj/sol/.autopilot/db/v_demosaic.cpp:847:0)
INFO: [HLS 214-186] Unrolling loop 'VITIS_LOOP_646_3' (C:/pcam5/pcam5.runs/pcam_v_demosaic_0_0_synth_1/prj/sol/.autopilot/db/v_demosaic.cpp:646:35) in function 'DebayerRatBorBatR' completely with a factor of 3 (C:/pcam5/pcam5.runs/pcam_v_demosaic_0_0_synth_1/prj/sol/.autopilot/db/v_demosaic.cpp:599:0)
INFO: [HLS 214-186] Unrolling loop 'VITIS_LOOP_649_4' (C:/pcam5/pcam5.runs/pcam_v_demosaic_0_0_synth_1/prj/sol/.autopilot/db/v_demosaic.cpp:649:39) in function 'DebayerRatBorBatR' completely with a factor of 1 (C:/pcam5/pcam5.runs/pcam_v_demosaic_0_0_synth_1/prj/sol/.autopilot/db/v_demosaic.cpp:599:0)
INFO: [HLS 214-186] Unrolling loop 'VITIS_LOOP_651_5' (C:/pcam5/pcam5.runs/pcam_v_demosaic_0_0_synth_1/prj/sol/.autopilot/db/v_demosaic.cpp:651:43) in function 'DebayerRatBorBatR' completely with a factor of 3 (C:/pcam5/pcam5.runs/pcam_v_demosaic_0_0_synth_1/prj/sol/.autopilot/db/v_demosaic.cpp:599:0)
INFO: [HLS 214-186] Unrolling loop 'VITIS_LOOP_660_6' (C:/pcam5/pcam5.runs/pcam_v_demosaic_0_0_synth_1/prj/sol/.autopilot/db/v_demosaic.cpp:660:35) in function 'DebayerRatBorBatR' completely with a factor of 2 (C:/pcam5/pcam5.runs/pcam_v_demosaic_0_0_synth_1/prj/sol/.autopilot/db/v_demosaic.cpp:599:0)
INFO: [HLS 214-186] Unrolling loop 'VITIS_LOOP_667_7' (C:/pcam5/pcam5.runs/pcam_v_demosaic_0_0_synth_1/prj/sol/.autopilot/db/v_demosaic.cpp:667:39) in function 'DebayerRatBorBatR' completely with a factor of 1 (C:/pcam5/pcam5.runs/pcam_v_demosaic_0_0_synth_1/prj/sol/.autopilot/db/v_demosaic.cpp:599:0)
INFO: [HLS 214-186] Unrolling loop 'VITIS_LOOP_669_8' (C:/pcam5/pcam5.runs/pcam_v_demosaic_0_0_synth_1/prj/sol/.autopilot/db/v_demosaic.cpp:669:43) in function 'DebayerRatBorBatR' completely with a factor of 3 (C:/pcam5/pcam5.runs/pcam_v_demosaic_0_0_synth_1/prj/sol/.autopilot/db/v_demosaic.cpp:599:0)
INFO: [HLS 214-186] Unrolling loop 'VITIS_LOOP_682_9' (C:/pcam5/pcam5.runs/pcam_v_demosaic_0_0_synth_1/prj/sol/.autopilot/db/v_demosaic.cpp:682:31) in function 'DebayerRatBorBatR' completely with a factor of 3 (C:/pcam5/pcam5.runs/pcam_v_demosaic_0_0_synth_1/prj/sol/.autopilot/db/v_demosaic.cpp:599:0)
INFO: [HLS 214-186] Unrolling loop 'VITIS_LOOP_684_10' (C:/pcam5/pcam5.runs/pcam_v_demosaic_0_0_synth_1/prj/sol/.autopilot/db/v_demosaic.cpp:684:36) in function 'DebayerRatBorBatR' completely with a factor of 2 (C:/pcam5/pcam5.runs/pcam_v_demosaic_0_0_synth_1/prj/sol/.autopilot/db/v_demosaic.cpp:599:0)
INFO: [HLS 214-186] Unrolling loop 'VITIS_LOOP_746_17' (C:/pcam5/pcam5.runs/pcam_v_demosaic_0_0_synth_1/prj/sol/.autopilot/db/v_demosaic.cpp:746:36) in function 'DebayerRatBorBatR' completely with a factor of 3 (C:/pcam5/pcam5.runs/pcam_v_demosaic_0_0_synth_1/prj/sol/.autopilot/db/v_demosaic.cpp:599:0)
INFO: [HLS 214-186] Unrolling loop 'VITIS_LOOP_752_18' (C:/pcam5/pcam5.runs/pcam_v_demosaic_0_0_synth_1/prj/sol/.autopilot/db/v_demosaic.cpp:752:40) in function 'DebayerRatBorBatR' completely with a factor of 1 (C:/pcam5/pcam5.runs/pcam_v_demosaic_0_0_synth_1/prj/sol/.autopilot/db/v_demosaic.cpp:599:0)
INFO: [HLS 214-186] Unrolling loop 'VITIS_LOOP_693_11' (C:/pcam5/pcam5.runs/pcam_v_demosaic_0_0_synth_1/prj/sol/.autopilot/db/v_demosaic.cpp:693:36) in function 'DebayerRatBorBatR' completely with a factor of 3 (C:/pcam5/pcam5.runs/pcam_v_demosaic_0_0_synth_1/prj/sol/.autopilot/db/v_demosaic.cpp:599:0)
INFO: [HLS 214-186] Unrolling loop 'VITIS_LOOP_716_13' (C:/pcam5/pcam5.runs/pcam_v_demosaic_0_0_synth_1/prj/sol/.autopilot/db/v_demosaic.cpp:716:44) in function 'DebayerRatBorBatR' completely with a factor of 2 (C:/pcam5/pcam5.runs/pcam_v_demosaic_0_0_synth_1/prj/sol/.autopilot/db/v_demosaic.cpp:599:0)
INFO: [HLS 214-186] Unrolling loop 'VITIS_LOOP_696_12' (C:/pcam5/pcam5.runs/pcam_v_demosaic_0_0_synth_1/prj/sol/.autopilot/db/v_demosaic.cpp:696:40) in function 'DebayerRatBorBatR' completely with a factor of 1 (C:/pcam5/pcam5.runs/pcam_v_demosaic_0_0_synth_1/prj/sol/.autopilot/db/v_demosaic.cpp:599:0)
INFO: [HLS 214-186] Unrolling loop 'VITIS_LOOP_724_14' (C:/pcam5/pcam5.runs/pcam_v_demosaic_0_0_synth_1/prj/sol/.autopilot/db/v_demosaic.cpp:724:36) in function 'DebayerRatBorBatR' completely with a factor of 2 (C:/pcam5/pcam5.runs/pcam_v_demosaic_0_0_synth_1/prj/sol/.autopilot/db/v_demosaic.cpp:599:0)
INFO: [HLS 214-186] Unrolling loop 'VITIS_LOOP_732_15' (C:/pcam5/pcam5.runs/pcam_v_demosaic_0_0_synth_1/prj/sol/.autopilot/db/v_demosaic.cpp:732:40) in function 'DebayerRatBorBatR' completely with a factor of 1 (C:/pcam5/pcam5.runs/pcam_v_demosaic_0_0_synth_1/prj/sol/.autopilot/db/v_demosaic.cpp:599:0)
INFO: [HLS 214-186] Unrolling loop 'VITIS_LOOP_734_16' (C:/pcam5/pcam5.runs/pcam_v_demosaic_0_0_synth_1/prj/sol/.autopilot/db/v_demosaic.cpp:734:44) in function 'DebayerRatBorBatR' completely with a factor of 3 (C:/pcam5/pcam5.runs/pcam_v_demosaic_0_0_synth_1/prj/sol/.autopilot/db/v_demosaic.cpp:599:0)
INFO: [HLS 214-186] Unrolling loop 'VITIS_LOOP_760_19' (C:/pcam5/pcam5.runs/pcam_v_demosaic_0_0_synth_1/prj/sol/.autopilot/db/v_demosaic.cpp:760:32) in function 'DebayerRatBorBatR' completely with a factor of 1 (C:/pcam5/pcam5.runs/pcam_v_demosaic_0_0_synth_1/prj/sol/.autopilot/db/v_demosaic.cpp:599:0)
INFO: [HLS 214-186] Unrolling loop 'VITIS_LOOP_331_5' (C:/pcam5/pcam5.runs/pcam_v_demosaic_0_0_synth_1/prj/sol/.autopilot/db/v_demosaic.cpp:331:35) in function 'DebayerG' completely with a factor of 5 (C:/pcam5/pcam5.runs/pcam_v_demosaic_0_0_synth_1/prj/sol/.autopilot/db/v_demosaic.cpp:270:0)
INFO: [HLS 214-186] Unrolling loop 'VITIS_LOOP_334_6' (C:/pcam5/pcam5.runs/pcam_v_demosaic_0_0_synth_1/prj/sol/.autopilot/db/v_demosaic.cpp:334:39) in function 'DebayerG' completely with a factor of 1 (C:/pcam5/pcam5.runs/pcam_v_demosaic_0_0_synth_1/prj/sol/.autopilot/db/v_demosaic.cpp:270:0)
INFO: [HLS 214-186] Unrolling loop 'VITIS_LOOP_342_7' (C:/pcam5/pcam5.runs/pcam_v_demosaic_0_0_synth_1/prj/sol/.autopilot/db/v_demosaic.cpp:342:35) in function 'DebayerG' completely with a factor of 4 (C:/pcam5/pcam5.runs/pcam_v_demosaic_0_0_synth_1/prj/sol/.autopilot/db/v_demosaic.cpp:270:0)
INFO: [HLS 214-186] Unrolling loop 'VITIS_LOOP_349_8' (C:/pcam5/pcam5.runs/pcam_v_demosaic_0_0_synth_1/prj/sol/.autopilot/db/v_demosaic.cpp:349:39) in function 'DebayerG' completely with a factor of 1 (C:/pcam5/pcam5.runs/pcam_v_demosaic_0_0_synth_1/prj/sol/.autopilot/db/v_demosaic.cpp:270:0)
INFO: [HLS 214-186] Unrolling loop 'VITIS_LOOP_361_9' (C:/pcam5/pcam5.runs/pcam_v_demosaic_0_0_synth_1/prj/sol/.autopilot/db/v_demosaic.cpp:361:31) in function 'DebayerG' completely with a factor of 5 (C:/pcam5/pcam5.runs/pcam_v_demosaic_0_0_synth_1/prj/sol/.autopilot/db/v_demosaic.cpp:270:0)
INFO: [HLS 214-186] Unrolling loop 'VITIS_LOOP_363_10' (C:/pcam5/pcam5.runs/pcam_v_demosaic_0_0_synth_1/prj/sol/.autopilot/db/v_demosaic.cpp:363:36) in function 'DebayerG' completely with a factor of 4 (C:/pcam5/pcam5.runs/pcam_v_demosaic_0_0_synth_1/prj/sol/.autopilot/db/v_demosaic.cpp:270:0)
INFO: [HLS 214-186] Unrolling loop 'VITIS_LOOP_418_16' (C:/pcam5/pcam5.runs/pcam_v_demosaic_0_0_synth_1/prj/sol/.autopilot/db/v_demosaic.cpp:418:36) in function 'DebayerG' completely with a factor of 5 (C:/pcam5/pcam5.runs/pcam_v_demosaic_0_0_synth_1/prj/sol/.autopilot/db/v_demosaic.cpp:270:0)
INFO: [HLS 214-186] Unrolling loop 'VITIS_LOOP_422_17' (C:/pcam5/pcam5.runs/pcam_v_demosaic_0_0_synth_1/prj/sol/.autopilot/db/v_demosaic.cpp:422:40) in function 'DebayerG' completely with a factor of 1 (C:/pcam5/pcam5.runs/pcam_v_demosaic_0_0_synth_1/prj/sol/.autopilot/db/v_demosaic.cpp:270:0)
INFO: [HLS 214-186] Unrolling loop 'VITIS_LOOP_372_11' (C:/pcam5/pcam5.runs/pcam_v_demosaic_0_0_synth_1/prj/sol/.autopilot/db/v_demosaic.cpp:372:36) in function 'DebayerG' completely with a factor of 5 (C:/pcam5/pcam5.runs/pcam_v_demosaic_0_0_synth_1/prj/sol/.autopilot/db/v_demosaic.cpp:270:0)
INFO: [HLS 214-186] Unrolling loop 'VITIS_LOOP_391_13' (C:/pcam5/pcam5.runs/pcam_v_demosaic_0_0_synth_1/prj/sol/.autopilot/db/v_demosaic.cpp:391:44) in function 'DebayerG' completely with a factor of 4 (C:/pcam5/pcam5.runs/pcam_v_demosaic_0_0_synth_1/prj/sol/.autopilot/db/v_demosaic.cpp:270:0)
INFO: [HLS 214-186] Unrolling loop 'VITIS_LOOP_375_12' (C:/pcam5/pcam5.runs/pcam_v_demosaic_0_0_synth_1/prj/sol/.autopilot/db/v_demosaic.cpp:375:40) in function 'DebayerG' completely with a factor of 1 (C:/pcam5/pcam5.runs/pcam_v_demosaic_0_0_synth_1/prj/sol/.autopilot/db/v_demosaic.cpp:270:0)
INFO: [HLS 214-186] Unrolling loop 'VITIS_LOOP_399_14' (C:/pcam5/pcam5.runs/pcam_v_demosaic_0_0_synth_1/prj/sol/.autopilot/db/v_demosaic.cpp:399:36) in function 'DebayerG' completely with a factor of 4 (C:/pcam5/pcam5.runs/pcam_v_demosaic_0_0_synth_1/prj/sol/.autopilot/db/v_demosaic.cpp:270:0)
INFO: [HLS 214-186] Unrolling loop 'VITIS_LOOP_407_15' (C:/pcam5/pcam5.runs/pcam_v_demosaic_0_0_synth_1/prj/sol/.autopilot/db/v_demosaic.cpp:407:40) in function 'DebayerG' completely with a factor of 1 (C:/pcam5/pcam5.runs/pcam_v_demosaic_0_0_synth_1/prj/sol/.autopilot/db/v_demosaic.cpp:270:0)
INFO: [HLS 214-186] Unrolling loop 'VITIS_LOOP_429_18' (C:/pcam5/pcam5.runs/pcam_v_demosaic_0_0_synth_1/prj/sol/.autopilot/db/v_demosaic.cpp:429:32) in function 'DebayerG' completely with a factor of 1 (C:/pcam5/pcam5.runs/pcam_v_demosaic_0_0_synth_1/prj/sol/.autopilot/db/v_demosaic.cpp:270:0)
INFO: [HLS 214-186] Unrolling loop 'VITIS_LOOP_499_21' (C:/pcam5/pcam5.runs/pcam_v_demosaic_0_0_synth_1/prj/sol/.autopilot/db/v_demosaic.cpp:499:40) in function 'DebayerG' completely with a factor of 4 (C:/pcam5/pcam5.runs/pcam_v_demosaic_0_0_synth_1/prj/sol/.autopilot/db/v_demosaic.cpp:270:0)
INFO: [HLS 214-186] Unrolling loop 'VITIS_LOOP_490_20' (C:/pcam5/pcam5.runs/pcam_v_demosaic_0_0_synth_1/prj/sol/.autopilot/db/v_demosaic.cpp:490:40) in function 'DebayerG' completely with a factor of 4 (C:/pcam5/pcam5.runs/pcam_v_demosaic_0_0_synth_1/prj/sol/.autopilot/db/v_demosaic.cpp:270:0)
INFO: [HLS 214-186] Unrolling loop 'VITIS_LOOP_472_19' (C:/pcam5/pcam5.runs/pcam_v_demosaic_0_0_synth_1/prj/sol/.autopilot/db/v_demosaic.cpp:472:40) in function 'DebayerG' completely with a factor of 4 (C:/pcam5/pcam5.runs/pcam_v_demosaic_0_0_synth_1/prj/sol/.autopilot/db/v_demosaic.cpp:270:0)
INFO: [HLS 214-186] Unrolling loop 'VITIS_LOOP_180_1' (C:/pcam5/pcam5.runs/pcam_v_demosaic_0_0_synth_1/prj/sol/.autopilot/db/v_demosaic.cpp:180:31) in function 'AXIvideo2MultiBayer' completely with a factor of 1 (C:/pcam5/pcam5.runs/pcam_v_demosaic_0_0_synth_1/prj/sol/.autopilot/db/v_demosaic.cpp:139:0)
INFO: [HLS 214-178] Inlining function 'hls::axis<ap_uint<8>, 1ul, 1ul, 1ul, (unsigned char)56, false>::axis()' into 'AXIvideo2MultiBayer(hls::stream<hls::axis<ap_uint<8>, 1ul, 1ul, 1ul, (unsigned char)56, false>, 0>&, hls::stream<hls::Scalar<1, ap_uint<8> >, 0>&, unsigned short&, unsigned short&)' (C:/pcam5/pcam5.runs/pcam_v_demosaic_0_0_synth_1/prj/sol/.autopilot/db/v_demosaic.cpp:139:0)
INFO: [HLS 214-178] Inlining function 'std::abs(long long)' into 'DebayerG(hls::stream<hls::Scalar<1, ap_uint<8> >, 0>&, hls::stream<hls::Scalar<3, ap_uint<8> >, 0>&, unsigned short&, unsigned short&, unsigned short&)' (C:/pcam5/pcam5.runs/pcam_v_demosaic_0_0_synth_1/prj/sol/.autopilot/db/v_demosaic.cpp:270:0)
INFO: [HLS 214-178] Inlining function 'std::abs(long long)' into 'DebayerRatBorBatR(hls::stream<hls::Scalar<3, ap_uint<8> >, 0>&, hls::stream<hls::Scalar<3, ap_uint<8> >, 0>&, unsigned short&, unsigned short&, unsigned short&)' (C:/pcam5/pcam5.runs/pcam_v_demosaic_0_0_synth_1/prj/sol/.autopilot/db/v_demosaic.cpp:599:0)
INFO: [HLS 214-178] Inlining function 'std::abs(long long)' into 'DebayerRandBatG(hls::stream<hls::Scalar<3, ap_uint<8> >, 0>&, hls::stream<hls::Scalar<3, ap_uint<8> >, 0>&, unsigned short&, unsigned short&, unsigned short&)' (C:/pcam5/pcam5.runs/pcam_v_demosaic_0_0_synth_1/prj/sol/.autopilot/db/v_demosaic.cpp:847:0)
INFO: [HLS 214-178] Inlining function 'hls::axis<ap_uint<24>, 1ul, 1ul, 1ul, (unsigned char)56, false>::axis()' into 'MultiPixStream2AXIvideo(hls::stream<hls::Scalar<3, ap_uint<8> >, 0>&, hls::stream<hls::axis<ap_uint<24>, 1ul, 1ul, 1ul, (unsigned char)56, false>, 0>&, unsigned short&, unsigned short&)' (C:/pcam5/pcam5.runs/pcam_v_demosaic_0_0_synth_1/prj/sol/.autopilot/db/v_demosaic.cpp:213:0)
INFO: [HLS 214-248] Applying array_partition to 'linebuf_yuv': Complete partitioning on dimension 1. (C:/pcam5/pcam5.runs/pcam_v_demosaic_0_0_synth_1/prj/sol/.autopilot/db/v_demosaic.cpp:283:61)
INFO: [HLS 214-248] Applying array_partition to 'lineBuffer': Complete partitioning on dimension 1. (C:/pcam5/pcam5.runs/pcam_v_demosaic_0_0_synth_1/prj/sol/.autopilot/db/v_demosaic.cpp:614:67)
INFO: [HLS 214-248] Applying array_partition to 'upleft': Complete partitioning on dimension 1. (C:/pcam5/pcam5.runs/pcam_v_demosaic_0_0_synth_1/prj/sol/.autopilot/db/v_demosaic.cpp:775:31)
INFO: [HLS 214-248] Applying array_partition to 'upright': Complete partitioning on dimension 1. (C:/pcam5/pcam5.runs/pcam_v_demosaic_0_0_synth_1/prj/sol/.autopilot/db/v_demosaic.cpp:776:31)
INFO: [HLS 214-248] Applying array_partition to 'downleft': Complete partitioning on dimension 1. (C:/pcam5/pcam5.runs/pcam_v_demosaic_0_0_synth_1/prj/sol/.autopilot/db/v_demosaic.cpp:777:31)
INFO: [HLS 214-248] Applying array_partition to 'downright': Complete partitioning on dimension 1. (C:/pcam5/pcam5.runs/pcam_v_demosaic_0_0_synth_1/prj/sol/.autopilot/db/v_demosaic.cpp:778:31)
INFO: [HLS 214-248] Applying array_partition to 'center': Complete partitioning on dimension 1. (C:/pcam5/pcam5.runs/pcam_v_demosaic_0_0_synth_1/prj/sol/.autopilot/db/v_demosaic.cpp:779:31)
INFO: [HLS 214-248] Applying array_partition to 'lineBuffer': Complete partitioning on dimension 1. (C:/pcam5/pcam5.runs/pcam_v_demosaic_0_0_synth_1/prj/sol/.autopilot/db/v_demosaic.cpp:862:67)
INFO: [HLS 214-248] Applying array_partition to 'luma': Complete partitioning on dimension 1. (C:/pcam5/pcam5.runs/pcam_v_demosaic_0_0_synth_1/prj/sol/.autopilot/db/v_demosaic.cpp:1089:16)
INFO: [HLS 214-248] Applying array_partition to 'r': Complete partitioning on dimension 1. (C:/pcam5/pcam5.runs/pcam_v_demosaic_0_0_synth_1/prj/sol/.autopilot/db/v_demosaic.cpp:1090:16)
INFO: [HLS 214-248] Applying array_partition to 'g': Complete partitioning on dimension 1. (C:/pcam5/pcam5.runs/pcam_v_demosaic_0_0_synth_1/prj/sol/.autopilot/db/v_demosaic.cpp:1091:16)
INFO: [HLS 214-248] Applying array_partition to 'b': Complete partitioning on dimension 1. (C:/pcam5/pcam5.runs/pcam_v_demosaic_0_0_synth_1/prj/sol/.autopilot/db/v_demosaic.cpp:1092:16)
INFO: [HLS 214-241] Aggregating fifo (hls::stream) variable 'imgUnzip' with compact=bit mode in 24-bits (C:/pcam5/pcam5.runs/pcam_v_demosaic_0_0_synth_1/prj/sol/.autopilot/db/v_demosaic.cpp:110:21)
INFO: [HLS 214-241] Aggregating fifo (hls::stream) variable 'imgRgb' with compact=bit mode in 24-bits (C:/pcam5/pcam5.runs/pcam_v_demosaic_0_0_synth_1/prj/sol/.autopilot/db/v_demosaic.cpp:109:21)
INFO: [HLS 214-241] Aggregating fifo (hls::stream) variable 'imgRB' with compact=bit mode in 24-bits (C:/pcam5/pcam5.runs/pcam_v_demosaic_0_0_synth_1/prj/sol/.autopilot/db/v_demosaic.cpp:1067:27)
INFO: [HLS 214-241] Aggregating fifo (hls::stream) variable 'imgG' with compact=bit mode in 24-bits (C:/pcam5/pcam5.runs/pcam_v_demosaic_0_0_synth_1/prj/sol/.autopilot/db/v_demosaic.cpp:1067:21)
INFO: [HLS 214-241] Aggregating fifo (hls::stream) variable 'imgBayer' with compact=bit mode in 8-bits (C:/pcam5/pcam5.runs/pcam_v_demosaic_0_0_synth_1/prj/sol/.autopilot/db/v_demosaic.cpp:108:23)
INFO: [HLS 214-376] Pipelining loop< unknown> at C:/pcam5/pcam5.runs/pcam_v_demosaic_0_0_synth_1/prj/sol/.autopilot/db/v_demosaic.cpp:1089:33 due to pipeline_loops threshold
INFO: [HLS 214-376] Pipelining loop< unknown> at C:/pcam5/pcam5.runs/pcam_v_demosaic_0_0_synth_1/prj/sol/.autopilot/db/v_demosaic.cpp:1090:30 due to pipeline_loops threshold
INFO: [HLS 214-376] Pipelining loop< unknown> at C:/pcam5/pcam5.runs/pcam_v_demosaic_0_0_synth_1/prj/sol/.autopilot/db/v_demosaic.cpp:1091:30 due to pipeline_loops threshold
INFO: [HLS 214-376] Pipelining loop< unknown> at C:/pcam5/pcam5.runs/pcam_v_demosaic_0_0_synth_1/prj/sol/.autopilot/db/v_demosaic.cpp:1092:30 due to pipeline_loops threshold
INFO: [HLS 200-111] Finished Compiling Optimization and Transform: CPU user time: 2 seconds. CPU system time: 0 seconds. Elapsed time: 28.821 seconds; current allocated memory: 159.770 MB.
INFO: [HLS 200-111] Finished Checking Pragmas: CPU user time: 0 seconds. CPU system time: 0 seconds. Elapsed time: 0.003 seconds; current allocated memory: 159.770 MB.
INFO: [HLS 200-10] Starting code transformations ...
INFO: [HLS 200-111] Finished Standard Transforms: CPU user time: 0 seconds. CPU system time: 0 seconds. Elapsed time: 0.121 seconds; current allocated memory: 166.898 MB.
INFO: [HLS 200-10] Checking synthesizability ...
INFO: [HLS 200-111] Finished Checking Synthesizability: CPU user time: 0 seconds. CPU system time: 0 seconds. Elapsed time: 0.113 seconds; current allocated memory: 171.289 MB.
WARNING: [XFORM 203-561] Updating loop upper bound from 65535 to 1920 for loop 'VITIS_LOOP_230_2' (C:/pcam5/pcam5.runs/pcam_v_demosaic_0_0_synth_1/prj/sol/.autopilot/db/v_demosaic.cpp:230:43) in function 'MultiPixStream2AXIvideo'.
WARNING: [XFORM 203-561] Ignored invalid trip count directive (MAX (= 1920) < AVE (= 32767)) for loop 'VITIS_LOOP_230_2' (C:/pcam5/pcam5.runs/pcam_v_demosaic_0_0_synth_1/prj/sol/.autopilot/db/v_demosaic.cpp:230:43) in function 'MultiPixStream2AXIvideo'.
WARNING: [XFORM 203-561] Updating loop upper bound from 65535 to 1080 for loop 'VITIS_LOOP_228_1' (C:/pcam5/pcam5.runs/pcam_v_demosaic_0_0_synth_1/prj/sol/.autopilot/db/v_demosaic.cpp:228:39) in function 'MultiPixStream2AXIvideo'.
WARNING: [XFORM 203-561] Ignored invalid trip count directive (MAX (= 1080) < AVE (= 32767)) for loop 'VITIS_LOOP_228_1' (C:/pcam5/pcam5.runs/pcam_v_demosaic_0_0_synth_1/prj/sol/.autopilot/db/v_demosaic.cpp:228:39) in function 'MultiPixStream2AXIvideo'.
WARNING: [XFORM 203-561] Updating loop upper bound from 65536 to 1921 for loop 'VITIS_LOOP_633_2' (C:/pcam5/pcam5.runs/pcam_v_demosaic_0_0_synth_1/prj/sol/.autopilot/db/v_demosaic.cpp:632:13) in function 'DebayerRatBorBatR'.
WARNING: [XFORM 203-561] Ignored invalid trip count directive (MAX (= 1921) < AVE (= 32768)) for loop 'VITIS_LOOP_633_2' (C:/pcam5/pcam5.runs/pcam_v_demosaic_0_0_synth_1/prj/sol/.autopilot/db/v_demosaic.cpp:632:13) in function 'DebayerRatBorBatR'.
WARNING: [XFORM 203-561] Updating loop upper bound from 65536 to 1081 for loop 'VITIS_LOOP_630_1' (C:/pcam5/pcam5.runs/pcam_v_demosaic_0_0_synth_1/prj/sol/.autopilot/db/v_demosaic.cpp:603:9) in function 'DebayerRatBorBatR'.
WARNING: [XFORM 203-561] Ignored invalid trip count directive (MAX (= 1081) < AVE (= 32768)) for loop 'VITIS_LOOP_630_1' (C:/pcam5/pcam5.runs/pcam_v_demosaic_0_0_synth_1/prj/sol/.autopilot/db/v_demosaic.cpp:603:9) in function 'DebayerRatBorBatR'.
WARNING: [XFORM 203-561] Updating loop upper bound from 65536 to 1921 for loop 'VITIS_LOOP_881_2' (C:/pcam5/pcam5.runs/pcam_v_demosaic_0_0_synth_1/prj/sol/.autopilot/db/v_demosaic.cpp:880:13) in function 'DebayerRandBatG'.
WARNING: [XFORM 203-561] Ignored invalid trip count directive (MAX (= 1921) < AVE (= 32768)) for loop 'VITIS_LOOP_881_2' (C:/pcam5/pcam5.runs/pcam_v_demosaic_0_0_synth_1/prj/sol/.autopilot/db/v_demosaic.cpp:880:13) in function 'DebayerRandBatG'.
WARNING: [XFORM 203-561] Updating loop upper bound from 65536 to 1081 for loop 'VITIS_LOOP_878_1' (C:/pcam5/pcam5.runs/pcam_v_demosaic_0_0_synth_1/prj/sol/.autopilot/db/v_demosaic.cpp:851:9) in function 'DebayerRandBatG'.
WARNING: [XFORM 203-561] Ignored invalid trip count directive (MAX (= 1081) < AVE (= 32768)) for loop 'VITIS_LOOP_878_1' (C:/pcam5/pcam5.runs/pcam_v_demosaic_0_0_synth_1/prj/sol/.autopilot/db/v_demosaic.cpp:851:9) in function 'DebayerRandBatG'.
WARNING: [XFORM 203-561] Updating loop upper bound from 65535 to 1920 for loop 'loop_width' (C:/pcam5/pcam5.runs/pcam_v_demosaic_0_0_synth_1/prj/sol/.autopilot/db/v_demosaic.cpp:153:10) in function 'AXIvideo2MultiBayer'.
WARNING: [XFORM 203-561] Ignored invalid trip count directive (MAX (= 1920) < AVE (= 32767)) for loop 'loop_width' (C:/pcam5/pcam5.runs/pcam_v_demosaic_0_0_synth_1/prj/sol/.autopilot/db/v_demosaic.cpp:153:10) in function 'AXIvideo2MultiBayer'.
WARNING: [XFORM 203-561] Updating loop upper bound from 65535 to 1080 for loop 'loop_height' (C:/pcam5/pcam5.runs/pcam_v_demosaic_0_0_synth_1/prj/sol/.autopilot/db/v_demosaic.cpp:153:10) in function 'AXIvideo2MultiBayer'.
WARNING: [XFORM 203-561] Ignored invalid trip count directive (MAX (= 1080) < AVE (= 32767)) for loop 'loop_height' (C:/pcam5/pcam5.runs/pcam_v_demosaic_0_0_synth_1/prj/sol/.autopilot/db/v_demosaic.cpp:153:10) in function 'AXIvideo2MultiBayer'.
WARNING: [HLS 200-805] An internal stream 'imgBayer' (C:/pcam5/pcam5.runs/pcam_v_demosaic_0_0_synth_1/prj/sol/.autopilot/db/v_demosaic.cpp:108) with default size can result in deadlock. Please consider resizing the stream using the directive 'set_directive_stream' or the 'HLS stream' pragma.
WARNING: [HLS 200-805] An internal stream 'imgRgb' (C:/pcam5/pcam5.runs/pcam_v_demosaic_0_0_synth_1/prj/sol/.autopilot/db/v_demosaic.cpp:109) with default size can result in deadlock. Please consider resizing the stream using the directive 'set_directive_stream' or the 'HLS stream' pragma.
WARNING: [HLS 200-805] An internal stream 'imgUnzip' (C:/pcam5/pcam5.runs/pcam_v_demosaic_0_0_synth_1/prj/sol/.autopilot/db/v_demosaic.cpp:110) with default size can result in deadlock. Please consider resizing the stream using the directive 'set_directive_stream' or the 'HLS stream' pragma.
WARNING: [HLS 200-805] An internal stream 'imgG' (C:/pcam5/pcam5.runs/pcam_v_demosaic_0_0_synth_1/prj/sol/.autopilot/db/v_demosaic.cpp:1067) with default size can result in deadlock. Please consider resizing the stream using the directive 'set_directive_stream' or the 'HLS stream' pragma.
WARNING: [HLS 200-805] An internal stream 'imgRB' (C:/pcam5/pcam5.runs/pcam_v_demosaic_0_0_synth_1/prj/sol/.autopilot/db/v_demosaic.cpp:1067) with default size can result in deadlock. Please consider resizing the stream using the directive 'set_directive_stream' or the 'HLS stream' pragma.
INFO: [XFORM 203-712] Applying dataflow to function 'Debayer' (C:/pcam5/pcam5.runs/pcam_v_demosaic_0_0_synth_1/prj/sol/.autopilot/db/v_demosaic.cpp:1067:1), detected/extracted 3 process function(s): 
	 'DebayerG'
	 'DebayerRatBorBatR'
	 'DebayerRandBatG'.
INFO: [XFORM 203-712] Applying dataflow to function 'v_demosaic' (C:/pcam5/pcam5.runs/pcam_v_demosaic_0_0_synth_1/prj/sol/.autopilot/db/v_demosaic.cpp:89), detected/extracted 5 process function(s): 
	 'entry_proc'
	 'AXIvideo2MultiBayer'
	 'Debayer'
	 'ZipperRemoval'
	 'MultiPixStream2AXIvideo'.
INFO: [XFORM 203-401] Performing if-conversion on hyperblock from (C:/pcam5/pcam5.runs/pcam_v_demosaic_0_0_synth_1/prj/sol/.autopilot/db/v_demosaic.cpp:1089:33) to (C:/pcam5/pcam5.runs/pcam_v_demosaic_0_0_synth_1/prj/sol/.autopilot/db/v_demosaic.cpp:1089:33) in function 'ZipperRemoval'... converting 3 basic blocks.
INFO: [XFORM 203-401] Performing if-conversion on hyperblock from (C:/pcam5/pcam5.runs/pcam_v_demosaic_0_0_synth_1/prj/sol/.autopilot/db/v_demosaic.cpp:1090:30) to (C:/pcam5/pcam5.runs/pcam_v_demosaic_0_0_synth_1/prj/sol/.autopilot/db/v_demosaic.cpp:1090:30) in function 'ZipperRemoval'... converting 3 basic blocks.
INFO: [XFORM 203-401] Performing if-conversion on hyperblock from (C:/pcam5/pcam5.runs/pcam_v_demosaic_0_0_synth_1/prj/sol/.autopilot/db/v_demosaic.cpp:1091:30) to (C:/pcam5/pcam5.runs/pcam_v_demosaic_0_0_synth_1/prj/sol/.autopilot/db/v_demosaic.cpp:1091:30) in function 'ZipperRemoval'... converting 3 basic blocks.
INFO: [XFORM 203-401] Performing if-conversion on hyperblock from (C:/pcam5/pcam5.runs/pcam_v_demosaic_0_0_synth_1/prj/sol/.autopilot/db/v_demosaic.cpp:1092:30) to (C:/pcam5/pcam5.runs/pcam_v_demosaic_0_0_synth_1/prj/sol/.autopilot/db/v_demosaic.cpp:1092:30) in function 'ZipperRemoval'... converting 3 basic blocks.
INFO: [XFORM 203-401] Performing if-conversion on hyperblock from (C:/pcam5/pcam5.runs/pcam_v_demosaic_0_0_synth_1/prj/sol/.autopilot/db/v_demosaic.cpp:1129:51) to (C:/pcam5/pcam5.runs/pcam_v_demosaic_0_0_synth_1/prj/sol/.autopilot/db/v_demosaic.cpp:1159:17) in function 'ZipperRemoval'... converting 4 basic blocks.
INFO: [XFORM 203-401] Performing if-conversion on hyperblock from (C:/pcam5/pcam5.runs/pcam_v_demosaic_0_0_synth_1/prj/sol/.autopilot/db/v_demosaic.cpp:1009:27) to (C:/pcam5/pcam5.runs/pcam_v_demosaic_0_0_synth_1/prj/sol/.autopilot/db/v_demosaic.cpp:1052:27) in function 'DebayerRandBatG'... converting 6 basic blocks.
INFO: [XFORM 203-401] Performing if-conversion on hyperblock from (C:/pcam5/pcam5.runs/pcam_v_demosaic_0_0_synth_1/prj/sol/.autopilot/db/v_demosaic.cpp:439:65) to (C:/pcam5/pcam5.runs/pcam_v_demosaic_0_0_synth_1/prj/sol/.autopilot/db/v_demosaic.cpp:585:27) in function 'DebayerG'... converting 4 basic blocks.
INFO: [HLS 200-111] Finished Loop, function and other optimizations: CPU user time: 1 seconds. CPU system time: 0 seconds. Elapsed time: 3.841 seconds; current allocated memory: 197.555 MB.
WARNING: [ANALYSIS 214-52] Found false inter dependency for variable 'lineBuffer.1' (C:/pcam5/pcam5.runs/pcam_v_demosaic_0_0_synth_1/prj/sol/.autopilot/db/v_demosaic.cpp:614).
WARNING: [ANALYSIS 214-52] Found false inter dependency for variable 'lineBuffer' (C:/pcam5/pcam5.runs/pcam_v_demosaic_0_0_synth_1/prj/sol/.autopilot/db/v_demosaic.cpp:614).
WARNING: [ANALYSIS 214-52] Found false intra dependency for variable 'lineBuffer.1' (C:/pcam5/pcam5.runs/pcam_v_demosaic_0_0_synth_1/prj/sol/.autopilot/db/v_demosaic.cpp:614).
WARNING: [ANALYSIS 214-52] Found false intra dependency for variable 'lineBuffer' (C:/pcam5/pcam5.runs/pcam_v_demosaic_0_0_synth_1/prj/sol/.autopilot/db/v_demosaic.cpp:614).
WARNING: [ANALYSIS 214-52] Found false inter dependency for variable 'lineBuffer.2' (C:/pcam5/pcam5.runs/pcam_v_demosaic_0_0_synth_1/prj/sol/.autopilot/db/v_demosaic.cpp:862).
WARNING: [ANALYSIS 214-52] Found false inter dependency for variable 'lineBuffer' (C:/pcam5/pcam5.runs/pcam_v_demosaic_0_0_synth_1/prj/sol/.autopilot/db/v_demosaic.cpp:862).
WARNING: [ANALYSIS 214-52] Found false intra dependency for variable 'lineBuffer.2' (C:/pcam5/pcam5.runs/pcam_v_demosaic_0_0_synth_1/prj/sol/.autopilot/db/v_demosaic.cpp:862).
WARNING: [ANALYSIS 214-52] Found false intra dependency for variable 'lineBuffer' (C:/pcam5/pcam5.runs/pcam_v_demosaic_0_0_synth_1/prj/sol/.autopilot/db/v_demosaic.cpp:862).
WARNING: [ANALYSIS 214-52] Found false inter dependency for variable 'linebuf_yuv.3' (C:/pcam5/pcam5.runs/pcam_v_demosaic_0_0_synth_1/prj/sol/.autopilot/db/v_demosaic.cpp:283).
WARNING: [ANALYSIS 214-52] Found false inter dependency for variable 'linebuf_yuv.2' (C:/pcam5/pcam5.runs/pcam_v_demosaic_0_0_synth_1/prj/sol/.autopilot/db/v_demosaic.cpp:283).
WARNING: [ANALYSIS 214-52] Found false inter dependency for variable 'linebuf_yuv.1' (C:/pcam5/pcam5.runs/pcam_v_demosaic_0_0_synth_1/prj/sol/.autopilot/db/v_demosaic.cpp:283).
WARNING: [ANALYSIS 214-52] Found false inter dependency for variable 'linebuf_yuv' (C:/pcam5/pcam5.runs/pcam_v_demosaic_0_0_synth_1/prj/sol/.autopilot/db/v_demosaic.cpp:283).
WARNING: [ANALYSIS 214-52] Found false intra dependency for variable 'linebuf_yuv.3' (C:/pcam5/pcam5.runs/pcam_v_demosaic_0_0_synth_1/prj/sol/.autopilot/db/v_demosaic.cpp:283).
WARNING: [ANALYSIS 214-52] Found false intra dependency for variable 'linebuf_yuv.2' (C:/pcam5/pcam5.runs/pcam_v_demosaic_0_0_synth_1/prj/sol/.autopilot/db/v_demosaic.cpp:283).
WARNING: [ANALYSIS 214-52] Found false intra dependency for variable 'linebuf_yuv.1' (C:/pcam5/pcam5.runs/pcam_v_demosaic_0_0_synth_1/prj/sol/.autopilot/db/v_demosaic.cpp:283).
WARNING: [ANALYSIS 214-52] Found false intra dependency for variable 'linebuf_yuv' (C:/pcam5/pcam5.runs/pcam_v_demosaic_0_0_synth_1/prj/sol/.autopilot/db/v_demosaic.cpp:283).
INFO: [HLS 200-111] Finished Architecture Synthesis: CPU user time: 0 seconds. CPU system time: 0 seconds. Elapsed time: 0.471 seconds; current allocated memory: 346.281 MB.
INFO: [HLS 200-10] Starting hardware synthesis ...
INFO: [HLS 200-10] Synthesizing 'v_demosaic' ...
WARNING: [SYN 201-103] Legalizing function name 'reg<unsigned short>' to 'reg_unsigned_short_s'.
INFO: [HLS 200-10] ----------------------------------------------------------------
INFO: [HLS 200-42] -- Implementing module 'entry_proc' 
INFO: [HLS 200-10] ----------------------------------------------------------------
INFO: [SCHED 204-11] Starting scheduling ...
INFO: [SCHED 204-11] Finished scheduling.
INFO: [HLS 200-111] Finished Scheduling: CPU user time: 0 seconds. CPU system time: 0 seconds. Elapsed time: 1.424 seconds; current allocated memory: 349.363 MB.
INFO: [BIND 205-100] Starting micro-architecture generation ...
INFO: [BIND 205-101] Performing variable lifetime analysis.
INFO: [BIND 205-101] Exploring resource sharing.
INFO: [BIND 205-101] Binding ...
INFO: [BIND 205-100] Finished micro-architecture generation.
INFO: [HLS 200-111] Finished Binding: CPU user time: 0 seconds. CPU system time: 0 seconds. Elapsed time: 0.018 seconds; current allocated memory: 350.363 MB.
INFO: [HLS 200-10] ----------------------------------------------------------------
INFO: [HLS 200-42] -- Implementing module 'reg_unsigned_short_s' 
INFO: [HLS 200-10] ----------------------------------------------------------------
INFO: [SCHED 204-11] Starting scheduling ...
INFO: [SCHED 204-61] Pipelining function 'reg<unsigned short>'.
INFO: [HLS 200-1470] Pipelining result : Target II = 1, Final II = 1, Depth = 2, function 'reg<unsigned short>'
INFO: [SCHED 204-11] Finished scheduling.
INFO: [HLS 200-111] Finished Scheduling: CPU user time: 0 seconds. CPU system time: 0 seconds. Elapsed time: 0.023 seconds; current allocated memory: 351.137 MB.
INFO: [BIND 205-100] Starting micro-architecture generation ...
INFO: [BIND 205-101] Performing variable lifetime analysis.
INFO: [BIND 205-101] Exploring resource sharing.
INFO: [BIND 205-101] Binding ...
INFO: [BIND 205-100] Finished micro-architecture generation.
INFO: [HLS 200-111] Finished Binding: CPU user time: 0 seconds. CPU system time: 0 seconds. Elapsed time: 0.016 seconds; current allocated memory: 351.156 MB.
INFO: [HLS 200-10] ----------------------------------------------------------------
INFO: [HLS 200-42] -- Implementing module 'AXIvideo2MultiBayer_Pipeline_loop_wait_for_start' 
INFO: [HLS 200-10] ----------------------------------------------------------------
INFO: [SCHED 204-11] Starting scheduling ...
INFO: [SCHED 204-61] Pipelining loop 'loop_wait_for_start'.
INFO: [HLS 200-1470] Pipelining result : Target II = 1, Final II = 1, Depth = 1, loop 'loop_wait_for_start'
INFO: [SCHED 204-11] Finished scheduling.
INFO: [HLS 200-111] Finished Scheduling: CPU user time: 0 seconds. CPU system time: 0 seconds. Elapsed time: 0.029 seconds; current allocated memory: 351.492 MB.
INFO: [BIND 205-100] Starting micro-architecture generation ...
INFO: [BIND 205-101] Performing variable lifetime analysis.
INFO: [BIND 205-101] Exploring resource sharing.
INFO: [BIND 205-101] Binding ...
INFO: [BIND 205-100] Finished micro-architecture generation.
INFO: [HLS 200-111] Finished Binding: CPU user time: 0 seconds. CPU system time: 0 seconds. Elapsed time: 0.018 seconds; current allocated memory: 351.656 MB.
INFO: [HLS 200-10] ----------------------------------------------------------------
INFO: [HLS 200-42] -- Implementing module 'AXIvideo2MultiBayer_Pipeline_loop_width' 
INFO: [HLS 200-10] ----------------------------------------------------------------
INFO: [SCHED 204-11] Starting scheduling ...
INFO: [SCHED 204-61] Pipelining loop 'loop_width'.
INFO: [HLS 200-1470] Pipelining result : Target II = 1, Final II = 1, Depth = 3, loop 'loop_width'
INFO: [SCHED 204-11] Finished scheduling.
INFO: [HLS 200-111] Finished Scheduling: CPU user time: 1 seconds. CPU system time: 0 seconds. Elapsed time: 0.038 seconds; current allocated memory: 352.238 MB.
INFO: [BIND 205-100] Starting micro-architecture generation ...
INFO: [BIND 205-101] Performing variable lifetime analysis.
INFO: [BIND 205-101] Exploring resource sharing.
INFO: [BIND 205-101] Binding ...
INFO: [BIND 205-100] Finished micro-architecture generation.
INFO: [HLS 200-111] Finished Binding: CPU user time: 0 seconds. CPU system time: 0 seconds. Elapsed time: 0.024 seconds; current allocated memory: 352.383 MB.
INFO: [HLS 200-10] ----------------------------------------------------------------
INFO: [HLS 200-42] -- Implementing module 'AXIvideo2MultiBayer_Pipeline_loop_wait_for_eol' 
INFO: [HLS 200-10] ----------------------------------------------------------------
INFO: [SCHED 204-11] Starting scheduling ...
INFO: [SCHED 204-61] Pipelining loop 'loop_wait_for_eol'.
INFO: [HLS 200-1470] Pipelining result : Target II = 1, Final II = 1, Depth = 1, loop 'loop_wait_for_eol'
INFO: [SCHED 204-11] Finished scheduling.
INFO: [HLS 200-111] Finished Scheduling: CPU user time: 0 seconds. CPU system time: 0 seconds. Elapsed time: 1.841 seconds; current allocated memory: 352.531 MB.
INFO: [BIND 205-100] Starting micro-architecture generation ...
INFO: [BIND 205-101] Performing variable lifetime analysis.
INFO: [BIND 205-101] Exploring resource sharing.
INFO: [BIND 205-101] Binding ...
INFO: [BIND 205-100] Finished micro-architecture generation.
INFO: [HLS 200-111] Finished Binding: CPU user time: 0 seconds. CPU system time: 0 seconds. Elapsed time: 0.024 seconds; current allocated memory: 352.531 MB.
INFO: [HLS 200-10] ----------------------------------------------------------------
INFO: [HLS 200-42] -- Implementing module 'AXIvideo2MultiBayer' 
INFO: [HLS 200-10] ----------------------------------------------------------------
INFO: [SCHED 204-11] Starting scheduling ...
INFO: [SCHED 204-11] Finished scheduling.
INFO: [HLS 200-111] Finished Scheduling: CPU user time: 0 seconds. CPU system time: 0 seconds. Elapsed time: 0.044 seconds; current allocated memory: 352.883 MB.
INFO: [BIND 205-100] Starting micro-architecture generation ...
INFO: [BIND 205-101] Performing variable lifetime analysis.
INFO: [BIND 205-101] Exploring resource sharing.
INFO: [BIND 205-101] Binding ...
INFO: [BIND 205-100] Finished micro-architecture generation.
INFO: [HLS 200-111] Finished Binding: CPU user time: 0 seconds. CPU system time: 0 seconds. Elapsed time: 0.04 seconds; current allocated memory: 353.098 MB.
INFO: [HLS 200-10] ----------------------------------------------------------------
INFO: [HLS 200-42] -- Implementing module 'DebayerG_Pipeline_VITIS_LOOP_318_4' 
INFO: [HLS 200-10] ----------------------------------------------------------------
INFO: [SCHED 204-11] Starting scheduling ...
INFO: [HLS 200-486] Changing DSP latency (root=add_ln504_1) to 3 in order to utilize available DSP registers.
INFO: [HLS 200-486] Changing DSP latency (root=add_ln504) to 3 in order to utilize available DSP registers.
INFO: [SCHED 204-61] Pipelining loop 'VITIS_LOOP_318_4'.
INFO: [HLS 200-1470] Pipelining result : Target II = 1, Final II = 1, Depth = 11, loop 'VITIS_LOOP_318_4'
INFO: [SCHED 204-11] Finished scheduling.
INFO: [HLS 200-111] Finished Scheduling: CPU user time: 0 seconds. CPU system time: 0 seconds. Elapsed time: 0.348 seconds; current allocated memory: 363.539 MB.
INFO: [BIND 205-100] Starting micro-architecture generation ...
INFO: [BIND 205-101] Performing variable lifetime analysis.
INFO: [BIND 205-101] Exploring resource sharing.
INFO: [BIND 205-101] Binding ...
INFO: [BIND 205-100] Finished micro-architecture generation.
INFO: [HLS 200-111] Finished Binding: CPU user time: 0 seconds. CPU system time: 0 seconds. Elapsed time: 0.151 seconds; current allocated memory: 363.598 MB.
INFO: [HLS 200-10] ----------------------------------------------------------------
INFO: [HLS 200-42] -- Implementing module 'DebayerG' 
INFO: [HLS 200-10] ----------------------------------------------------------------
INFO: [SCHED 204-11] Starting scheduling ...
INFO: [SCHED 204-11] Finished scheduling.
INFO: [HLS 200-111] Finished Scheduling: CPU user time: 0 seconds. CPU system time: 0 seconds. Elapsed time: 0.157 seconds; current allocated memory: 363.598 MB.
INFO: [BIND 205-100] Starting micro-architecture generation ...
INFO: [BIND 205-101] Performing variable lifetime analysis.
INFO: [BIND 205-101] Exploring resource sharing.
INFO: [BIND 205-101] Binding ...
INFO: [BIND 205-100] Finished micro-architecture generation.
INFO: [HLS 200-111] Finished Binding: CPU user time: 0 seconds. CPU system time: 0 seconds. Elapsed time: 0.038 seconds; current allocated memory: 363.598 MB.
INFO: [HLS 200-10] ----------------------------------------------------------------
INFO: [HLS 200-42] -- Implementing module 'DebayerRatBorBatR_Pipeline_VITIS_LOOP_633_2' 
INFO: [HLS 200-10] ----------------------------------------------------------------
INFO: [SCHED 204-11] Starting scheduling ...
INFO: [SCHED 204-61] Pipelining loop 'VITIS_LOOP_633_2'.
INFO: [HLS 200-1470] Pipelining result : Target II = 1, Final II = 1, Depth = 5, loop 'VITIS_LOOP_633_2'
INFO: [SCHED 204-11] Finished scheduling.
INFO: [HLS 200-111] Finished Scheduling: CPU user time: 1 seconds. CPU system time: 0 seconds. Elapsed time: 0.228 seconds; current allocated memory: 364.062 MB.
INFO: [BIND 205-100] Starting micro-architecture generation ...
INFO: [BIND 205-101] Performing variable lifetime analysis.
INFO: [BIND 205-101] Exploring resource sharing.
INFO: [BIND 205-101] Binding ...
INFO: [BIND 205-100] Finished micro-architecture generation.
INFO: [HLS 200-111] Finished Binding: CPU user time: 0 seconds. CPU system time: 0 seconds. Elapsed time: 0.099 seconds; current allocated memory: 364.062 MB.
INFO: [HLS 200-10] ----------------------------------------------------------------
INFO: [HLS 200-42] -- Implementing module 'DebayerRatBorBatR' 
INFO: [HLS 200-10] ----------------------------------------------------------------
INFO: [SCHED 204-11] Starting scheduling ...
INFO: [SCHED 204-11] Finished scheduling.
INFO: [HLS 200-111] Finished Scheduling: CPU user time: 0 seconds. CPU system time: 0 seconds. Elapsed time: 0.098 seconds; current allocated memory: 364.070 MB.
INFO: [BIND 205-100] Starting micro-architecture generation ...
INFO: [BIND 205-101] Performing variable lifetime analysis.
INFO: [BIND 205-101] Exploring resource sharing.
INFO: [BIND 205-101] Binding ...
INFO: [BIND 205-100] Finished micro-architecture generation.
INFO: [HLS 200-111] Finished Binding: CPU user time: 0 seconds. CPU system time: 0 seconds. Elapsed time: 0.031 seconds; current allocated memory: 364.082 MB.
INFO: [HLS 200-10] ----------------------------------------------------------------
INFO: [HLS 200-42] -- Implementing module 'DebayerRandBatG_Pipeline_VITIS_LOOP_881_2' 
INFO: [HLS 200-10] ----------------------------------------------------------------
INFO: [SCHED 204-11] Starting scheduling ...
INFO: [SCHED 204-61] Pipelining loop 'VITIS_LOOP_881_2'.
INFO: [HLS 200-1470] Pipelining result : Target II = 1, Final II = 1, Depth = 4, loop 'VITIS_LOOP_881_2'
INFO: [SCHED 204-11] Finished scheduling.
INFO: [HLS 200-111] Finished Scheduling: CPU user time: 0 seconds. CPU system time: 0 seconds. Elapsed time: 0.165 seconds; current allocated memory: 366.035 MB.
INFO: [BIND 205-100] Starting micro-architecture generation ...
INFO: [BIND 205-101] Performing variable lifetime analysis.
INFO: [BIND 205-101] Exploring resource sharing.
INFO: [BIND 205-101] Binding ...
INFO: [BIND 205-100] Finished micro-architecture generation.
INFO: [HLS 200-111] Finished Binding: CPU user time: 0 seconds. CPU system time: 0 seconds. Elapsed time: 0.084 seconds; current allocated memory: 366.051 MB.
INFO: [HLS 200-10] ----------------------------------------------------------------
INFO: [HLS 200-42] -- Implementing module 'DebayerRandBatG' 
INFO: [HLS 200-10] ----------------------------------------------------------------
INFO: [SCHED 204-11] Starting scheduling ...
INFO: [SCHED 204-11] Finished scheduling.
INFO: [HLS 200-111] Finished Scheduling: CPU user time: 0 seconds. CPU system time: 0 seconds. Elapsed time: 0.081 seconds; current allocated memory: 366.098 MB.
INFO: [BIND 205-100] Starting micro-architecture generation ...
INFO: [BIND 205-101] Performing variable lifetime analysis.
INFO: [BIND 205-101] Exploring resource sharing.
INFO: [BIND 205-101] Binding ...
INFO: [BIND 205-100] Finished micro-architecture generation.
INFO: [HLS 200-111] Finished Binding: CPU user time: 0 seconds. CPU system time: 0 seconds. Elapsed time: 0.025 seconds; current allocated memory: 366.148 MB.
INFO: [HLS 200-10] ----------------------------------------------------------------
INFO: [HLS 200-42] -- Implementing module 'Debayer' 
INFO: [HLS 200-10] ----------------------------------------------------------------
INFO: [SCHED 204-11] Starting scheduling ...
INFO: [SCHED 204-11] Finished scheduling.
INFO: [HLS 200-111] Finished Scheduling: CPU user time: 0 seconds. CPU system time: 0 seconds. Elapsed time: 0.043 seconds; current allocated memory: 366.402 MB.
INFO: [BIND 205-100] Starting micro-architecture generation ...
INFO: [BIND 205-101] Performing variable lifetime analysis.
INFO: [BIND 205-101] Exploring resource sharing.
INFO: [BIND 205-101] Binding ...
INFO: [BIND 205-100] Finished micro-architecture generation.
INFO: [HLS 200-111] Finished Binding: CPU user time: 0 seconds. CPU system time: 0 seconds. Elapsed time: 1.385 seconds; current allocated memory: 366.598 MB.
INFO: [HLS 200-10] ----------------------------------------------------------------
INFO: [HLS 200-42] -- Implementing module 'ZipperRemoval_Pipeline_VITIS_LOOP_1101_2' 
INFO: [HLS 200-10] ----------------------------------------------------------------
INFO: [SCHED 204-11] Starting scheduling ...
INFO: [SCHED 204-61] Pipelining loop 'VITIS_LOOP_1101_2'.
INFO: [HLS 200-1470] Pipelining result : Target II = 1, Final II = 1, Depth = 4, loop 'VITIS_LOOP_1101_2'
INFO: [SCHED 204-11] Finished scheduling.
INFO: [HLS 200-111] Finished Scheduling: CPU user time: 0 seconds. CPU system time: 0 seconds. Elapsed time: 0.082 seconds; current allocated memory: 367.152 MB.
INFO: [BIND 205-100] Starting micro-architecture generation ...
INFO: [BIND 205-101] Performing variable lifetime analysis.
INFO: [BIND 205-101] Exploring resource sharing.
INFO: [BIND 205-101] Binding ...
INFO: [BIND 205-100] Finished micro-architecture generation.
INFO: [HLS 200-111] Finished Binding: CPU user time: 0 seconds. CPU system time: 0 seconds. Elapsed time: 0.037 seconds; current allocated memory: 367.555 MB.
INFO: [HLS 200-10] ----------------------------------------------------------------
INFO: [HLS 200-42] -- Implementing module 'ZipperRemoval' 
INFO: [HLS 200-10] ----------------------------------------------------------------
INFO: [SCHED 204-11] Starting scheduling ...
INFO: [SCHED 204-11] Finished scheduling.
INFO: [HLS 200-111] Finished Scheduling: CPU user time: 0 seconds. CPU system time: 0 seconds. Elapsed time: 0.053 seconds; current allocated memory: 367.785 MB.
INFO: [BIND 205-100] Starting micro-architecture generation ...
INFO: [BIND 205-101] Performing variable lifetime analysis.
INFO: [BIND 205-101] Exploring resource sharing.
INFO: [BIND 205-101] Binding ...
INFO: [BIND 205-100] Finished micro-architecture generation.
INFO: [HLS 200-111] Finished Binding: CPU user time: 0 seconds. CPU system time: 0 seconds. Elapsed time: 0.022 seconds; current allocated memory: 367.789 MB.
INFO: [HLS 200-10] ----------------------------------------------------------------
INFO: [HLS 200-42] -- Implementing module 'MultiPixStream2AXIvideo_Pipeline_VITIS_LOOP_230_2' 
INFO: [HLS 200-10] ----------------------------------------------------------------
INFO: [SCHED 204-11] Starting scheduling ...
INFO: [SCHED 204-61] Pipelining loop 'VITIS_LOOP_230_2'.
INFO: [HLS 200-1470] Pipelining result : Target II = 1, Final II = 1, Depth = 2, loop 'VITIS_LOOP_230_2'
INFO: [SCHED 204-11] Finished scheduling.
INFO: [HLS 200-111] Finished Scheduling: CPU user time: 0 seconds. CPU system time: 0 seconds. Elapsed time: 0.036 seconds; current allocated memory: 367.984 MB.
INFO: [BIND 205-100] Starting micro-architecture generation ...
INFO: [BIND 205-101] Performing variable lifetime analysis.
INFO: [BIND 205-101] Exploring resource sharing.
INFO: [BIND 205-101] Binding ...
INFO: [BIND 205-100] Finished micro-architecture generation.
INFO: [HLS 200-111] Finished Binding: CPU user time: 0 seconds. CPU system time: 0 seconds. Elapsed time: 0.019 seconds; current allocated memory: 368.109 MB.
INFO: [HLS 200-10] ----------------------------------------------------------------
INFO: [HLS 200-42] -- Implementing module 'MultiPixStream2AXIvideo' 
INFO: [HLS 200-10] ----------------------------------------------------------------
INFO: [SCHED 204-11] Starting scheduling ...
INFO: [SCHED 204-11] Finished scheduling.
INFO: [HLS 200-111] Finished Scheduling: CPU user time: 0 seconds. CPU system time: 0 seconds. Elapsed time: 0.029 seconds; current allocated memory: 368.309 MB.
INFO: [BIND 205-100] Starting micro-architecture generation ...
INFO: [BIND 205-101] Performing variable lifetime analysis.
INFO: [BIND 205-101] Exploring resource sharing.
INFO: [BIND 205-101] Binding ...
INFO: [BIND 205-100] Finished micro-architecture generation.
INFO: [HLS 200-111] Finished Binding: CPU user time: 0 seconds. CPU system time: 0 seconds. Elapsed time: 0.022 seconds; current allocated memory: 368.434 MB.
INFO: [HLS 200-10] ----------------------------------------------------------------
INFO: [HLS 200-42] -- Implementing module 'v_demosaic' 
INFO: [HLS 200-10] ----------------------------------------------------------------
INFO: [SCHED 204-11] Starting scheduling ...
INFO: [SCHED 204-11] Finished scheduling.
INFO: [HLS 200-111] Finished Scheduling: CPU user time: 0 seconds. CPU system time: 0 seconds. Elapsed time: 1.719 seconds; current allocated memory: 368.703 MB.
INFO: [BIND 205-100] Starting micro-architecture generation ...
INFO: [BIND 205-101] Performing variable lifetime analysis.
INFO: [BIND 205-101] Exploring resource sharing.
INFO: [BIND 205-101] Binding ...
INFO: [BIND 205-100] Finished micro-architecture generation.
INFO: [HLS 200-111] Finished Binding: CPU user time: 0 seconds. CPU system time: 0 seconds. Elapsed time: 0.034 seconds; current allocated memory: 368.902 MB.
INFO: [HLS 200-10] ----------------------------------------------------------------
INFO: [HLS 200-10] -- Generating RTL for module 'entry_proc' 
INFO: [HLS 200-10] ----------------------------------------------------------------
INFO: [RTGEN 206-100] Finished creating RTL model for 'entry_proc'.
INFO: [HLS 200-111] Finished Creating RTL model: CPU user time: 0 seconds. CPU system time: 0 seconds. Elapsed time: 0.068 seconds; current allocated memory: 370.027 MB.
INFO: [HLS 200-10] ----------------------------------------------------------------
INFO: [HLS 200-10] -- Generating RTL for module 'reg_unsigned_short_s' 
INFO: [HLS 200-10] ----------------------------------------------------------------
INFO: [HLS 200-1030] Apply Unified Pipeline Control on module 'reg_unsigned_short_s' pipeline 'reg<unsigned short>' pipeline type 'function pipeline'
INFO: [RTGEN 206-100] Finished creating RTL model for 'reg_unsigned_short_s'.
INFO: [HLS 200-111] Finished Creating RTL model: CPU user time: 0 seconds. CPU system time: 0 seconds. Elapsed time: 0.086 seconds; current allocated memory: 371.141 MB.
INFO: [HLS 200-10] ----------------------------------------------------------------
INFO: [HLS 200-10] -- Generating RTL for module 'AXIvideo2MultiBayer_Pipeline_loop_wait_for_start' 
INFO: [HLS 200-10] ----------------------------------------------------------------
INFO: [RTGEN 206-100] Finished creating RTL model for 'AXIvideo2MultiBayer_Pipeline_loop_wait_for_start'.
INFO: [HLS 200-111] Finished Creating RTL model: CPU user time: 1 seconds. CPU system time: 0 seconds. Elapsed time: 0.079 seconds; current allocated memory: 371.418 MB.
INFO: [HLS 200-10] ----------------------------------------------------------------
INFO: [HLS 200-10] -- Generating RTL for module 'AXIvideo2MultiBayer_Pipeline_loop_width' 
INFO: [HLS 200-10] ----------------------------------------------------------------
INFO: [HLS 200-1030] Apply Unified Pipeline Control on module 'AXIvideo2MultiBayer_Pipeline_loop_width' pipeline 'loop_width' pipeline type 'loop pipeline'
INFO: [RTGEN 206-100] Finished creating RTL model for 'AXIvideo2MultiBayer_Pipeline_loop_width'.
INFO: [HLS 200-111] Finished Creating RTL model: CPU user time: 0 seconds. CPU system time: 0 seconds. Elapsed time: 0.089 seconds; current allocated memory: 372.113 MB.
INFO: [HLS 200-10] ----------------------------------------------------------------
INFO: [HLS 200-10] -- Generating RTL for module 'AXIvideo2MultiBayer_Pipeline_loop_wait_for_eol' 
INFO: [HLS 200-10] ----------------------------------------------------------------
INFO: [RTGEN 206-100] Finished creating RTL model for 'AXIvideo2MultiBayer_Pipeline_loop_wait_for_eol'.
INFO: [HLS 200-111] Finished Creating RTL model: CPU user time: 0 seconds. CPU system time: 0 seconds. Elapsed time: 0.106 seconds; current allocated memory: 373.125 MB.
INFO: [HLS 200-10] ----------------------------------------------------------------
INFO: [HLS 200-10] -- Generating RTL for module 'AXIvideo2MultiBayer' 
INFO: [HLS 200-10] ----------------------------------------------------------------
INFO: [RTGEN 206-100] Finished creating RTL model for 'AXIvideo2MultiBayer'.
INFO: [HLS 200-111] Finished Creating RTL model: CPU user time: 0 seconds. CPU system time: 0 seconds. Elapsed time: 0.115 seconds; current allocated memory: 374.562 MB.
INFO: [HLS 200-10] ----------------------------------------------------------------
INFO: [HLS 200-10] -- Generating RTL for module 'DebayerG_Pipeline_VITIS_LOOP_318_4' 
INFO: [HLS 200-10] ----------------------------------------------------------------
INFO: [HLS 200-1030] Apply Unified Pipeline Control on module 'DebayerG_Pipeline_VITIS_LOOP_318_4' pipeline 'VITIS_LOOP_318_4' pipeline type 'loop pipeline'
INFO: [RTGEN 206-100] Generating core module 'mac_muladd_12s_10ns_22s_23_4_1': 2 instance(s).
INFO: [RTGEN 206-100] Generating core module 'mul_12s_10ns_22_1_1': 2 instance(s).
INFO: [RTGEN 206-100] Generating core module 'mul_18s_8ns_18_1_1': 2 instance(s).
INFO: [RTGEN 206-100] Generating core module 'mul_18s_9ns_18_1_1': 2 instance(s).
INFO: [RTGEN 206-100] Finished creating RTL model for 'DebayerG_Pipeline_VITIS_LOOP_318_4'.
INFO: [HLS 200-2168] Implementing memory 'pcam_v_demosaic_0_0_DebayerG_Pipeline_VITIS_LOOP_318_4_DIV1_TABLE_ROM_AUTO_1R' using auto ROMs with 4 copies to ensure enough ports to satisfy II or latency constraints.
INFO: [RTMG 210-279] Implementing memory 'pcam_v_demosaic_0_0_DebayerG_Pipeline_VITIS_LOOP_318_4_DIV2_TABLE_ROM_AUTO_1R' using auto ROMs.
INFO: [RTMG 210-278] Implementing memory 'pcam_v_demosaic_0_0_DebayerG_Pipeline_VITIS_LOOP_318_4_linebuf_yuv_3_RAM_AUTO_1R1W' using auto RAMs.
INFO: [HLS 200-111] Finished Creating RTL model: CPU user time: 0 seconds. CPU system time: 0 seconds. Elapsed time: 0.302 seconds; current allocated memory: 382.020 MB.
INFO: [HLS 200-10] ----------------------------------------------------------------
INFO: [HLS 200-10] -- Generating RTL for module 'DebayerG' 
INFO: [HLS 200-10] ----------------------------------------------------------------
INFO: [RTGEN 206-100] Finished creating RTL model for 'DebayerG'.
INFO: [HLS 200-111] Finished Creating RTL model: CPU user time: 0 seconds. CPU system time: 0 seconds. Elapsed time: 0.432 seconds; current allocated memory: 394.059 MB.
INFO: [HLS 200-10] ----------------------------------------------------------------
INFO: [HLS 200-10] -- Generating RTL for module 'DebayerRatBorBatR_Pipeline_VITIS_LOOP_633_2' 
INFO: [HLS 200-10] ----------------------------------------------------------------
INFO: [HLS 200-1030] Apply Unified Pipeline Control on module 'DebayerRatBorBatR_Pipeline_VITIS_LOOP_633_2' pipeline 'VITIS_LOOP_633_2' pipeline type 'loop pipeline'
INFO: [RTGEN 206-100] Finished creating RTL model for 'DebayerRatBorBatR_Pipeline_VITIS_LOOP_633_2'.
INFO: [RTMG 210-278] Implementing memory 'pcam_v_demosaic_0_0_DebayerRatBorBatR_Pipeline_VITIS_LOOP_633_2_lineBuffer_1_RAM_AUTO_1R1W' using auto RAMs.
INFO: [HLS 200-111] Finished Creating RTL model: CPU user time: 1 seconds. CPU system time: 0 seconds. Elapsed time: 0.228 seconds; current allocated memory: 394.059 MB.
INFO: [HLS 200-10] ----------------------------------------------------------------
INFO: [HLS 200-10] -- Generating RTL for module 'DebayerRatBorBatR' 
INFO: [HLS 200-10] ----------------------------------------------------------------
INFO: [RTGEN 206-100] Finished creating RTL model for 'DebayerRatBorBatR'.
INFO: [HLS 200-111] Finished Creating RTL model: CPU user time: 0 seconds. CPU system time: 0 seconds. Elapsed time: 0.297 seconds; current allocated memory: 401.805 MB.
INFO: [HLS 200-10] ----------------------------------------------------------------
INFO: [HLS 200-10] -- Generating RTL for module 'DebayerRandBatG_Pipeline_VITIS_LOOP_881_2' 
INFO: [HLS 200-10] ----------------------------------------------------------------
INFO: [HLS 200-1030] Apply Unified Pipeline Control on module 'DebayerRandBatG_Pipeline_VITIS_LOOP_881_2' pipeline 'VITIS_LOOP_881_2' pipeline type 'loop pipeline'
INFO: [RTGEN 206-100] Finished creating RTL model for 'DebayerRandBatG_Pipeline_VITIS_LOOP_881_2'.
INFO: [HLS 200-111] Finished Creating RTL model: CPU user time: 0 seconds. CPU system time: 0 seconds. Elapsed time: 0.2 seconds; current allocated memory: 403.383 MB.
INFO: [HLS 200-10] ----------------------------------------------------------------
INFO: [HLS 200-10] -- Generating RTL for module 'DebayerRandBatG' 
INFO: [HLS 200-10] ----------------------------------------------------------------
INFO: [RTGEN 206-100] Finished creating RTL model for 'DebayerRandBatG'.
INFO: [HLS 200-111] Finished Creating RTL model: CPU user time: 0 seconds. CPU system time: 0 seconds. Elapsed time: 0.57 seconds; current allocated memory: 410.145 MB.
INFO: [HLS 200-10] ----------------------------------------------------------------
INFO: [HLS 200-10] -- Generating RTL for module 'Debayer' 
INFO: [HLS 200-10] ----------------------------------------------------------------
WARNING: [RTGEN 206-101] Setting dangling out port 'Debayer/imgRgb_read' to 0.
INFO: [RTGEN 206-100] Finished creating RTL model for 'Debayer'.
INFO: [RTMG 210-285] Implementing FIFO 'imgG_U(pcam_v_demosaic_0_0_fifo_w24_d2_S)' using Shift Registers.
INFO: [RTMG 210-285] Implementing FIFO 'height_val4_c3_U(pcam_v_demosaic_0_0_fifo_w11_d2_S)' using Shift Registers.
INFO: [RTMG 210-285] Implementing FIFO 'width_val8_c4_U(pcam_v_demosaic_0_0_fifo_w11_d2_S)' using Shift Registers.
INFO: [RTMG 210-285] Implementing FIFO 'bayerPhase_val11_c5_U(pcam_v_demosaic_0_0_fifo_w16_d2_S)' using Shift Registers.
INFO: [RTMG 210-285] Implementing FIFO 'imgRB_U(pcam_v_demosaic_0_0_fifo_w24_d2_S)' using Shift Registers.
INFO: [RTMG 210-285] Implementing FIFO 'height_val4_c_U(pcam_v_demosaic_0_0_fifo_w11_d2_S)' using Shift Registers.
INFO: [RTMG 210-285] Implementing FIFO 'width_val8_c_U(pcam_v_demosaic_0_0_fifo_w11_d2_S)' using Shift Registers.
INFO: [RTMG 210-285] Implementing FIFO 'bayerPhase_val11_c_U(pcam_v_demosaic_0_0_fifo_w16_d2_S)' using Shift Registers.
INFO: [RTMG 210-285] Implementing FIFO 'start_for_DebayerRatBorBatR_U0_U(pcam_v_demosaic_0_0_start_for_DebayerRatBorBatR_U0)' using Shift Registers.
INFO: [RTMG 210-285] Implementing FIFO 'start_for_DebayerRandBatG_U0_U(pcam_v_demosaic_0_0_start_for_DebayerRandBatG_U0)' using Shift Registers.
INFO: [HLS 200-111] Finished Creating RTL model: CPU user time: 0 seconds. CPU system time: 1 seconds. Elapsed time: 0.165 seconds; current allocated memory: 411.207 MB.
INFO: [HLS 200-10] ----------------------------------------------------------------
INFO: [HLS 200-10] -- Generating RTL for module 'ZipperRemoval_Pipeline_VITIS_LOOP_1101_2' 
INFO: [HLS 200-10] ----------------------------------------------------------------
INFO: [HLS 200-1030] Apply Unified Pipeline Control on module 'ZipperRemoval_Pipeline_VITIS_LOOP_1101_2' pipeline 'VITIS_LOOP_1101_2' pipeline type 'loop pipeline'
INFO: [RTGEN 206-100] Finished creating RTL model for 'ZipperRemoval_Pipeline_VITIS_LOOP_1101_2'.
INFO: [HLS 200-111] Finished Creating RTL model: CPU user time: 0 seconds. CPU system time: 0 seconds. Elapsed time: 0.168 seconds; current allocated memory: 412.996 MB.
INFO: [HLS 200-10] ----------------------------------------------------------------
INFO: [HLS 200-10] -- Generating RTL for module 'ZipperRemoval' 
INFO: [HLS 200-10] ----------------------------------------------------------------
INFO: [RTGEN 206-100] Finished creating RTL model for 'ZipperRemoval'.
INFO: [HLS 200-111] Finished Creating RTL model: CPU user time: 1 seconds. CPU system time: 0 seconds. Elapsed time: 0.17 seconds; current allocated memory: 414.871 MB.
INFO: [HLS 200-10] ----------------------------------------------------------------
INFO: [HLS 200-10] -- Generating RTL for module 'MultiPixStream2AXIvideo_Pipeline_VITIS_LOOP_230_2' 
INFO: [HLS 200-10] ----------------------------------------------------------------
INFO: [HLS 200-1030] Apply Unified Pipeline Control on module 'MultiPixStream2AXIvideo_Pipeline_VITIS_LOOP_230_2' pipeline 'VITIS_LOOP_230_2' pipeline type 'loop pipeline'
INFO: [RTGEN 206-100] Finished creating RTL model for 'MultiPixStream2AXIvideo_Pipeline_VITIS_LOOP_230_2'.
INFO: [HLS 200-111] Finished Creating RTL model: CPU user time: 0 seconds. CPU system time: 0 seconds. Elapsed time: 0.121 seconds; current allocated memory: 416.289 MB.
INFO: [HLS 200-10] ----------------------------------------------------------------
INFO: [HLS 200-10] -- Generating RTL for module 'MultiPixStream2AXIvideo' 
INFO: [HLS 200-10] ----------------------------------------------------------------
INFO: [RTGEN 206-100] Finished creating RTL model for 'MultiPixStream2AXIvideo'.
INFO: [HLS 200-111] Finished Creating RTL model: CPU user time: 0 seconds. CPU system time: 0 seconds. Elapsed time: 1.388 seconds; current allocated memory: 417.285 MB.
INFO: [HLS 200-10] ----------------------------------------------------------------
INFO: [HLS 200-10] -- Generating RTL for module 'v_demosaic' 
INFO: [HLS 200-10] ----------------------------------------------------------------
WARNING: [RTGEN 206-101] Design contains AXI ports. Reset is fixed to synchronous and active low.
INFO: [RTGEN 206-500] Setting interface mode on port 'v_demosaic/width' to 's_axilite & ap_stable'.
INFO: [RTGEN 206-500] Setting interface mode on port 'v_demosaic/height' to 's_axilite & ap_stable'.
INFO: [RTGEN 206-500] Setting interface mode on port 'v_demosaic/bayer_phase' to 's_axilite & ap_none'.
INFO: [RTGEN 206-500] Setting interface mode on port 'v_demosaic/s_axis_video_V_data_V' to 'axis' (register, both mode).
INFO: [RTGEN 206-500] Setting interface mode on port 'v_demosaic/s_axis_video_V_keep_V' to 'axis' (register, both mode).
INFO: [RTGEN 206-500] Setting interface mode on port 'v_demosaic/s_axis_video_V_strb_V' to 'axis' (register, both mode).
INFO: [RTGEN 206-500] Setting interface mode on port 'v_demosaic/s_axis_video_V_user_V' to 'axis' (register, both mode).
INFO: [RTGEN 206-500] Setting interface mode on port 'v_demosaic/s_axis_video_V_last_V' to 'axis' (register, both mode).
INFO: [RTGEN 206-500] Setting interface mode on port 'v_demosaic/s_axis_video_V_id_V' to 'axis' (register, both mode).
INFO: [RTGEN 206-500] Setting interface mode on port 'v_demosaic/s_axis_video_V_dest_V' to 'axis' (register, both mode).
INFO: [RTGEN 206-500] Setting interface mode on port 'v_demosaic/m_axis_video_V_data_V' to 'axis' (register, both mode).
INFO: [RTGEN 206-500] Setting interface mode on port 'v_demosaic/m_axis_video_V_keep_V' to 'axis' (register, both mode).
INFO: [RTGEN 206-500] Setting interface mode on port 'v_demosaic/m_axis_video_V_strb_V' to 'axis' (register, both mode).
INFO: [RTGEN 206-500] Setting interface mode on port 'v_demosaic/m_axis_video_V_user_V' to 'axis' (register, both mode).
INFO: [RTGEN 206-500] Setting interface mode on port 'v_demosaic/m_axis_video_V_last_V' to 'axis' (register, both mode).
INFO: [RTGEN 206-500] Setting interface mode on port 'v_demosaic/m_axis_video_V_id_V' to 'axis' (register, both mode).
INFO: [RTGEN 206-500] Setting interface mode on port 'v_demosaic/m_axis_video_V_dest_V' to 'axis' (register, both mode).
INFO: [RTGEN 206-500] Setting interface mode on function 'v_demosaic' to 's_axilite & ap_ctrl_hs'.
INFO: [RTGEN 206-100] Bundling port 'width', 'height', 'bayer_phase' and 'return' to AXI-Lite port CTRL.
WARNING: [RTGEN 206-101] RTL name 'fifo_w24_d2_S' is changed to 'fifo_w24_d2_S_x' due to conflict.
INFO: [RTGEN 206-100] Finished creating RTL model for 'v_demosaic'.
INFO: [RTMG 210-285] Implementing FIFO 'bayer_phase_c_U(pcam_v_demosaic_0_0_fifo_w16_d3_S)' using Shift Registers.
INFO: [RTMG 210-285] Implementing FIFO 'imgBayer_U(pcam_v_demosaic_0_0_fifo_w8_d2_S)' using Shift Registers.
INFO: [RTMG 210-285] Implementing FIFO 'imgRgb_U(pcam_v_demosaic_0_0_fifo_w24_d2_S_x)' using Shift Registers.
INFO: [RTMG 210-285] Implementing FIFO 'imgUnzip_U(pcam_v_demosaic_0_0_fifo_w24_d2_S_x)' using Shift Registers.
INFO: [RTMG 210-285] Implementing FIFO 'start_for_Debayer_U0_U(pcam_v_demosaic_0_0_start_for_Debayer_U0)' using Shift Registers.
INFO: [RTMG 210-285] Implementing FIFO 'start_for_ZipperRemoval_U0_U(pcam_v_demosaic_0_0_start_for_ZipperRemoval_U0)' using Shift Registers.
INFO: [RTMG 210-285] Implementing FIFO 'start_for_MultiPixStream2AXIvideo_U0_U(pcam_v_demosaic_0_0_start_for_MultiPixStream2AXIvideo_U0)' using Shift Registers.
INFO: [HLS 200-111] Finished Creating RTL model: CPU user time: 0 seconds. CPU system time: 0 seconds. Elapsed time: 0.131 seconds; current allocated memory: 418.617 MB.
INFO: [HLS 200-111] Finished Generating all RTL models: CPU user time: 0 seconds. CPU system time: 0 seconds. Elapsed time: 0.946 seconds; current allocated memory: 422.348 MB.
INFO: [HLS 200-2225] Wrote inferred directives to file C:/pcam5/pcam5.runs/pcam_v_demosaic_0_0_synth_1/prj/sol/syn/inferred_directives.ini
INFO: [HLS 200-111] Finished Updating report files: CPU user time: 1 seconds. CPU system time: 2 seconds. Elapsed time: 3.225 seconds; current allocated memory: 434.660 MB.
INFO: [VHDL 208-304] Generating VHDL RTL for v_demosaic with prefix pcam_v_demosaic_0_0_.
INFO: [VLOG 209-307] Generating Verilog RTL for v_demosaic with prefix pcam_v_demosaic_0_0_.
INFO: [HLS 200-790] **** Loop Constraint Status: All loop constraints were satisfied.
INFO: [HLS 200-789] **** Estimated Fmax: 208.25 MHz
INFO: [HLS 200-2161] Finished Command csynth_design Elapsed time: 00:01:31; Allocated memory: 296.227 MB.
INFO: [HLS 200-1510] Running: export_design -format ip_catalog 
INFO: [IMPL 213-8] Exporting RTL as a Vivado IP.
!! WARNING !!
"PYTHONPATH" variable is set greater than default max string limit of "519" characters.
Please ignore this, if you have already made changes to your system registry to accept more than
default limit of 519 characters.
!! WARNING !!

****** Vivado v2025.2 (64-bit)
  **** SW Build 6299465 on Fri Nov 14 19:35:11 GMT 2025
  **** IP Build 6300035 on Fri Nov 14 10:48:45 MST 2025
  **** SharedData Build 6298862 on Thu Nov 13 04:50:51 MST 2025
  **** Start of session at: Tue Apr  7 15:11:43 2026
    ** Copyright 1986-2022 Xilinx, Inc. All Rights Reserved.
    ** Copyright 2022-2025 Advanced Micro Devices, Inc. All Rights Reserved.

source run_ippack.tcl -notrace
INFO: calling package_hls_ip ip_types=vitis sysgen json_file=C:/pcam5/pcam5.runs/pcam_v_demosaic_0_0_synth_1/prj/sol/sol_data.json outdir=C:/pcam5/pcam5.runs/pcam_v_demosaic_0_0_synth_1/prj/sol/impl/ip srcdir=C:/pcam5/pcam5.runs/pcam_v_demosaic_0_0_synth_1/prj/sol ippack_options_dict=subcore_use_xci_files false ippack_options_dict=subcore_use_xci_files false
INFO: Copied 1 ipmisc file(s) to C:/pcam5/pcam5.runs/pcam_v_demosaic_0_0_synth_1/prj/sol/impl/ip/misc
INFO: Copied 48 verilog file(s) to C:/pcam5/pcam5.runs/pcam_v_demosaic_0_0_synth_1/prj/sol/impl/ip/hdl/verilog
INFO: Copied 40 vhdl file(s) to C:/pcam5/pcam5.runs/pcam_v_demosaic_0_0_synth_1/prj/sol/impl/ip/hdl/vhdl
INFO: Copied 10 swdriver file(s) to C:/pcam5/pcam5.runs/pcam_v_demosaic_0_0_synth_1/prj/sol/impl/ip/drivers
ipx::create_core: Time (s): cpu = 00:00:11 ; elapsed = 00:00:06 . Memory (MB): peak = 541.219 ; gain = 215.918
INFO: Import ports from HDL: C:/pcam5/pcam5.runs/pcam_v_demosaic_0_0_synth_1/prj/sol/impl/ip/hdl/vhdl/pcam_v_demosaic_0_0_v_demosaic.vhd (pcam_v_demosaic_0_0_v_demosaic)
INFO: Add axi4lite interface s_axi_CTRL
INFO: Add clock interface ap_clk
INFO: Add reset interface ap_rst_n
INFO: Add interrupt interface interrupt
INFO: [IP_Flow 19-234] Refreshing IP repositories
INFO: [IP_Flow 19-1704] No user IP repositories specified
INFO: [IP_Flow 19-2313] Loaded Vivado IP repository 'C:/AMDDesignTools/2025.2/Vivado/data/ip'.
INFO: Add axi4stream interface s_axis_video
INFO: Add axi4stream interface m_axis_video
INFO: Calling post_process_vitis to specialize IP
INFO: Calling post_process_sysgen to specialize IP
Generating sysgen info xml from json file
INFO: Created IP C:/pcam5/pcam5.runs/pcam_v_demosaic_0_0_synth_1/prj/sol/impl/ip/component.xml
INFO: Created IP archive C:/pcam5/pcam5.runs/pcam_v_demosaic_0_0_synth_1/prj/sol/impl/ip/xilinx_com_ip_v_demosaic_1_1.zip
INFO: [Common 17-206] Exiting Vivado at Tue Apr  7 15:11:55 2026...
INFO: [HLS 200-802] Generated output file prj/sol/impl/export.zip
INFO: [HLS 200-2161] Finished Command export_design Elapsed time: 00:00:13; Allocated memory: 4.215 MB.
INFO: [HLS 200-112] Total CPU user time: 13 seconds. Total CPU system time: 4 seconds. Total elapsed time: 110 seconds; peak allocated memory: 438.914 MB.
INFO: [vitis-run 60-791] Total elapsed time: 0h 1m 51s
INFO: [vitis-run 60-1662] Stopping dispatch session having empty uuid.
WARNING: [IP_Flow 19-1971] File named "hdl/verilog/pcam_v_demosaic_0_0_AXIvideo2MultiBayer.v" already exists in file group "xilinx_veriloghlssynthesis", cannot add it again.
WARNING: [IP_Flow 19-1971] File named "hdl/verilog/pcam_v_demosaic_0_0_AXIvideo2MultiBayer_Pipeline_loop_wait_for_eol.v" already exists in file group "xilinx_veriloghlssynthesis", cannot add it again.
WARNING: [IP_Flow 19-1971] File named "hdl/verilog/pcam_v_demosaic_0_0_AXIvideo2MultiBayer_Pipeline_loop_wait_for_start.v" already exists in file group "xilinx_veriloghlssynthesis", cannot add it again.
WARNING: [IP_Flow 19-1971] File named "hdl/verilog/pcam_v_demosaic_0_0_AXIvideo2MultiBayer_Pipeline_loop_width.v" already exists in file group "xilinx_veriloghlssynthesis", cannot add it again.
WARNING: [IP_Flow 19-1971] File named "hdl/verilog/pcam_v_demosaic_0_0_CTRL_s_axi.v" already exists in file group "xilinx_veriloghlssynthesis", cannot add it again.
WARNING: [IP_Flow 19-1971] File named "hdl/verilog/pcam_v_demosaic_0_0_Debayer.v" already exists in file group "xilinx_veriloghlssynthesis", cannot add it again.
WARNING: [IP_Flow 19-1971] File named "hdl/verilog/pcam_v_demosaic_0_0_DebayerG.v" already exists in file group "xilinx_veriloghlssynthesis", cannot add it again.
WARNING: [IP_Flow 19-1971] File named "hdl/verilog/pcam_v_demosaic_0_0_DebayerG_Pipeline_VITIS_LOOP_318_4.v" already exists in file group "xilinx_veriloghlssynthesis", cannot add it again.
WARNING: [IP_Flow 19-1971] File named "hdl/verilog/pcam_v_demosaic_0_0_DebayerG_Pipeline_VITIS_LOOP_318_4_DIV1_TABLE_ROM_AUTO_1R.dat" already exists in file group "xilinx_veriloghlssynthesis", cannot add it again.
WARNING: [IP_Flow 19-1971] File named "hdl/verilog/pcam_v_demosaic_0_0_DebayerG_Pipeline_VITIS_LOOP_318_4_DIV1_TABLE_ROM_AUTO_1R.v" already exists in file group "xilinx_veriloghlssynthesis", cannot add it again.
WARNING: [IP_Flow 19-1971] File named "hdl/verilog/pcam_v_demosaic_0_0_DebayerG_Pipeline_VITIS_LOOP_318_4_DIV2_TABLE_ROM_AUTO_1R.dat" already exists in file group "xilinx_veriloghlssynthesis", cannot add it again.
WARNING: [IP_Flow 19-1971] File named "hdl/verilog/pcam_v_demosaic_0_0_DebayerG_Pipeline_VITIS_LOOP_318_4_DIV2_TABLE_ROM_AUTO_1R.v" already exists in file group "xilinx_veriloghlssynthesis", cannot add it again.
WARNING: [IP_Flow 19-1971] File named "hdl/verilog/pcam_v_demosaic_0_0_DebayerG_Pipeline_VITIS_LOOP_318_4_linebuf_yuv_3_RAM_AUTO_1R1W.v" already exists in file group "xilinx_veriloghlssynthesis", cannot add it again.
WARNING: [IP_Flow 19-1971] File named "hdl/verilog/pcam_v_demosaic_0_0_DebayerRandBatG.v" already exists in file group "xilinx_veriloghlssynthesis", cannot add it again.
WARNING: [IP_Flow 19-1971] File named "hdl/verilog/pcam_v_demosaic_0_0_DebayerRandBatG_Pipeline_VITIS_LOOP_881_2.v" already exists in file group "xilinx_veriloghlssynthesis", cannot add it again.
WARNING: [IP_Flow 19-1971] File named "hdl/verilog/pcam_v_demosaic_0_0_DebayerRatBorBatR.v" already exists in file group "xilinx_veriloghlssynthesis", cannot add it again.
WARNING: [IP_Flow 19-1971] File named "hdl/verilog/pcam_v_demosaic_0_0_DebayerRatBorBatR_Pipeline_VITIS_LOOP_633_2.v" already exists in file group "xilinx_veriloghlssynthesis", cannot add it again.
WARNING: [IP_Flow 19-1971] File named "hdl/verilog/pcam_v_demosaic_0_0_DebayerRatBorBatR_Pipeline_VITIS_LOOP_633_2_lineBuffer_1_RAM_AUTO_1R1W.v" already exists in file group "xilinx_veriloghlssynthesis", cannot add it again.
WARNING: [IP_Flow 19-1971] File named "hdl/verilog/pcam_v_demosaic_0_0_entry_proc.v" already exists in file group "xilinx_veriloghlssynthesis", cannot add it again.
WARNING: [IP_Flow 19-1971] File named "hdl/verilog/pcam_v_demosaic_0_0_fifo_w8_d2_S.v" already exists in file group "xilinx_veriloghlssynthesis", cannot add it again.
WARNING: [IP_Flow 19-1971] File named "hdl/verilog/pcam_v_demosaic_0_0_fifo_w11_d2_S.v" already exists in file group "xilinx_veriloghlssynthesis", cannot add it again.
WARNING: [IP_Flow 19-1971] File named "hdl/verilog/pcam_v_demosaic_0_0_fifo_w16_d2_S.v" already exists in file group "xilinx_veriloghlssynthesis", cannot add it again.
WARNING: [IP_Flow 19-1971] File named "hdl/verilog/pcam_v_demosaic_0_0_fifo_w16_d3_S.v" already exists in file group "xilinx_veriloghlssynthesis", cannot add it again.
WARNING: [IP_Flow 19-1971] File named "hdl/verilog/pcam_v_demosaic_0_0_fifo_w24_d2_S.v" already exists in file group "xilinx_veriloghlssynthesis", cannot add it again.
WARNING: [IP_Flow 19-1971] File named "hdl/verilog/pcam_v_demosaic_0_0_fifo_w24_d2_S_x.v" already exists in file group "xilinx_veriloghlssynthesis", cannot add it again.
WARNING: [IP_Flow 19-1971] File named "hdl/verilog/pcam_v_demosaic_0_0_flow_control_loop_pipe_sequential_init.v" already exists in file group "xilinx_veriloghlssynthesis", cannot add it again.
WARNING: [IP_Flow 19-1971] File named "hdl/verilog/pcam_v_demosaic_0_0_hls_deadlock_detection_unit.v" already exists in file group "xilinx_veriloghlssynthesis", cannot add it again.
WARNING: [IP_Flow 19-1971] File named "hdl/verilog/pcam_v_demosaic_0_0_hls_deadlock_detector.vh" already exists in file group "xilinx_veriloghlssynthesis", cannot add it again.
WARNING: [IP_Flow 19-1971] File named "hdl/verilog/pcam_v_demosaic_0_0_hls_deadlock_idx0_monitor.v" already exists in file group "xilinx_veriloghlssynthesis", cannot add it again.
WARNING: [IP_Flow 19-1971] File named "hdl/verilog/pcam_v_demosaic_0_0_hls_deadlock_idx1_monitor.v" already exists in file group "xilinx_veriloghlssynthesis", cannot add it again.
WARNING: [IP_Flow 19-1971] File named "hdl/verilog/pcam_v_demosaic_0_0_hls_deadlock_kernel_monitor_top.vh" already exists in file group "xilinx_veriloghlssynthesis", cannot add it again.
WARNING: [IP_Flow 19-1971] File named "hdl/verilog/pcam_v_demosaic_0_0_hls_deadlock_report_unit.vh" already exists in file group "xilinx_veriloghlssynthesis", cannot add it again.
WARNING: [IP_Flow 19-1971] File named "hdl/verilog/pcam_v_demosaic_0_0_mac_muladd_12s_10ns_22s_23_4_1.v" already exists in file group "xilinx_veriloghlssynthesis", cannot add it again.
WARNING: [IP_Flow 19-1971] File named "hdl/verilog/pcam_v_demosaic_0_0_mul_12s_10ns_22_1_1.v" already exists in file group "xilinx_veriloghlssynthesis", cannot add it again.
WARNING: [IP_Flow 19-1971] File named "hdl/verilog/pcam_v_demosaic_0_0_mul_18s_8ns_18_1_1.v" already exists in file group "xilinx_veriloghlssynthesis", cannot add it again.
WARNING: [IP_Flow 19-1971] File named "hdl/verilog/pcam_v_demosaic_0_0_mul_18s_9ns_18_1_1.v" already exists in file group "xilinx_veriloghlssynthesis", cannot add it again.
WARNING: [IP_Flow 19-1971] File named "hdl/verilog/pcam_v_demosaic_0_0_MultiPixStream2AXIvideo.v" already exists in file group "xilinx_veriloghlssynthesis", cannot add it again.
WARNING: [IP_Flow 19-1971] File named "hdl/verilog/pcam_v_demosaic_0_0_MultiPixStream2AXIvideo_Pipeline_VITIS_LOOP_230_2.v" already exists in file group "xilinx_veriloghlssynthesis", cannot add it again.
WARNING: [IP_Flow 19-1971] File named "hdl/verilog/pcam_v_demosaic_0_0_reg_unsigned_short_s.v" already exists in file group "xilinx_veriloghlssynthesis", cannot add it again.
WARNING: [IP_Flow 19-1971] File named "hdl/verilog/pcam_v_demosaic_0_0_regslice_both.v" already exists in file group "xilinx_veriloghlssynthesis", cannot add it again.
WARNING: [IP_Flow 19-1971] File named "hdl/verilog/pcam_v_demosaic_0_0_start_for_Debayer_U0.v" already exists in file group "xilinx_veriloghlssynthesis", cannot add it again.
WARNING: [IP_Flow 19-1971] File named "hdl/verilog/pcam_v_demosaic_0_0_start_for_DebayerRandBatG_U0.v" already exists in file group "xilinx_veriloghlssynthesis", cannot add it again.
WARNING: [IP_Flow 19-1971] File named "hdl/verilog/pcam_v_demosaic_0_0_start_for_DebayerRatBorBatR_U0.v" already exists in file group "xilinx_veriloghlssynthesis", cannot add it again.
WARNING: [IP_Flow 19-1971] File named "hdl/verilog/pcam_v_demosaic_0_0_start_for_MultiPixStream2AXIvideo_U0.v" already exists in file group "xilinx_veriloghlssynthesis", cannot add it again.
WARNING: [IP_Flow 19-1971] File named "hdl/verilog/pcam_v_demosaic_0_0_start_for_ZipperRemoval_U0.v" already exists in file group "xilinx_veriloghlssynthesis", cannot add it again.
WARNING: [IP_Flow 19-1971] File named "hdl/verilog/pcam_v_demosaic_0_0_ZipperRemoval.v" already exists in file group "xilinx_veriloghlssynthesis", cannot add it again.
WARNING: [IP_Flow 19-1971] File named "hdl/verilog/pcam_v_demosaic_0_0_ZipperRemoval_Pipeline_VITIS_LOOP_1101_2.v" already exists in file group "xilinx_veriloghlssynthesis", cannot add it again.
WARNING: [IP_Flow 19-1971] File named "hdl/verilog/pcam_v_demosaic_0_0_v_demosaic.v" already exists in file group "xilinx_veriloghlssynthesis", cannot add it again.
WARNING: [IP_Flow 19-1971] File named "hdl/verilog/pcam_v_demosaic_0_0_AXIvideo2MultiBayer.v" already exists in file group "xilinx_veriloghlssimulation", cannot add it again.
WARNING: [IP_Flow 19-1971] File named "hdl/verilog/pcam_v_demosaic_0_0_AXIvideo2MultiBayer_Pipeline_loop_wait_for_eol.v" already exists in file group "xilinx_veriloghlssimulation", cannot add it again.
WARNING: [IP_Flow 19-1971] File named "hdl/verilog/pcam_v_demosaic_0_0_AXIvideo2MultiBayer_Pipeline_loop_wait_for_start.v" already exists in file group "xilinx_veriloghlssimulation", cannot add it again.
WARNING: [IP_Flow 19-1971] File named "hdl/verilog/pcam_v_demosaic_0_0_AXIvideo2MultiBayer_Pipeline_loop_width.v" already exists in file group "xilinx_veriloghlssimulation", cannot add it again.
WARNING: [IP_Flow 19-1971] File named "hdl/verilog/pcam_v_demosaic_0_0_CTRL_s_axi.v" already exists in file group "xilinx_veriloghlssimulation", cannot add it again.
WARNING: [IP_Flow 19-1971] File named "hdl/verilog/pcam_v_demosaic_0_0_Debayer.v" already exists in file group "xilinx_veriloghlssimulation", cannot add it again.
WARNING: [IP_Flow 19-1971] File named "hdl/verilog/pcam_v_demosaic_0_0_DebayerG.v" already exists in file group "xilinx_veriloghlssimulation", cannot add it again.
WARNING: [IP_Flow 19-1971] File named "hdl/verilog/pcam_v_demosaic_0_0_DebayerG_Pipeline_VITIS_LOOP_318_4.v" already exists in file group "xilinx_veriloghlssimulation", cannot add it again.
WARNING: [IP_Flow 19-1971] File named "hdl/verilog/pcam_v_demosaic_0_0_DebayerG_Pipeline_VITIS_LOOP_318_4_DIV1_TABLE_ROM_AUTO_1R.dat" already exists in file group "xilinx_veriloghlssimulation", cannot add it again.
WARNING: [IP_Flow 19-1971] File named "hdl/verilog/pcam_v_demosaic_0_0_DebayerG_Pipeline_VITIS_LOOP_318_4_DIV1_TABLE_ROM_AUTO_1R.v" already exists in file group "xilinx_veriloghlssimulation", cannot add it again.
WARNING: [IP_Flow 19-1971] File named "hdl/verilog/pcam_v_demosaic_0_0_DebayerG_Pipeline_VITIS_LOOP_318_4_DIV2_TABLE_ROM_AUTO_1R.dat" already exists in file group "xilinx_veriloghlssimulation", cannot add it again.
WARNING: [IP_Flow 19-1971] File named "hdl/verilog/pcam_v_demosaic_0_0_DebayerG_Pipeline_VITIS_LOOP_318_4_DIV2_TABLE_ROM_AUTO_1R.v" already exists in file group "xilinx_veriloghlssimulation", cannot add it again.
WARNING: [IP_Flow 19-1971] File named "hdl/verilog/pcam_v_demosaic_0_0_DebayerG_Pipeline_VITIS_LOOP_318_4_linebuf_yuv_3_RAM_AUTO_1R1W.v" already exists in file group "xilinx_veriloghlssimulation", cannot add it again.
WARNING: [IP_Flow 19-1971] File named "hdl/verilog/pcam_v_demosaic_0_0_DebayerRandBatG.v" already exists in file group "xilinx_veriloghlssimulation", cannot add it again.
WARNING: [IP_Flow 19-1971] File named "hdl/verilog/pcam_v_demosaic_0_0_DebayerRandBatG_Pipeline_VITIS_LOOP_881_2.v" already exists in file group "xilinx_veriloghlssimulation", cannot add it again.
WARNING: [IP_Flow 19-1971] File named "hdl/verilog/pcam_v_demosaic_0_0_DebayerRatBorBatR.v" already exists in file group "xilinx_veriloghlssimulation", cannot add it again.
WARNING: [IP_Flow 19-1971] File named "hdl/verilog/pcam_v_demosaic_0_0_DebayerRatBorBatR_Pipeline_VITIS_LOOP_633_2.v" already exists in file group "xilinx_veriloghlssimulation", cannot add it again.
WARNING: [IP_Flow 19-1971] File named "hdl/verilog/pcam_v_demosaic_0_0_DebayerRatBorBatR_Pipeline_VITIS_LOOP_633_2_lineBuffer_1_RAM_AUTO_1R1W.v" already exists in file group "xilinx_veriloghlssimulation", cannot add it again.
WARNING: [IP_Flow 19-1971] File named "hdl/verilog/pcam_v_demosaic_0_0_entry_proc.v" already exists in file group "xilinx_veriloghlssimulation", cannot add it again.
WARNING: [IP_Flow 19-1971] File named "hdl/verilog/pcam_v_demosaic_0_0_fifo_w8_d2_S.v" already exists in file group "xilinx_veriloghlssimulation", cannot add it again.
WARNING: [IP_Flow 19-1971] File named "hdl/verilog/pcam_v_demosaic_0_0_fifo_w11_d2_S.v" already exists in file group "xilinx_veriloghlssimulation", cannot add it again.
WARNING: [IP_Flow 19-1971] File named "hdl/verilog/pcam_v_demosaic_0_0_fifo_w16_d2_S.v" already exists in file group "xilinx_veriloghlssimulation", cannot add it again.
WARNING: [IP_Flow 19-1971] File named "hdl/verilog/pcam_v_demosaic_0_0_fifo_w16_d3_S.v" already exists in file group "xilinx_veriloghlssimulation", cannot add it again.
WARNING: [IP_Flow 19-1971] File named "hdl/verilog/pcam_v_demosaic_0_0_fifo_w24_d2_S.v" already exists in file group "xilinx_veriloghlssimulation", cannot add it again.
WARNING: [IP_Flow 19-1971] File named "hdl/verilog/pcam_v_demosaic_0_0_fifo_w24_d2_S_x.v" already exists in file group "xilinx_veriloghlssimulation", cannot add it again.
WARNING: [IP_Flow 19-1971] File named "hdl/verilog/pcam_v_demosaic_0_0_flow_control_loop_pipe_sequential_init.v" already exists in file group "xilinx_veriloghlssimulation", cannot add it again.
WARNING: [IP_Flow 19-1971] File named "hdl/verilog/pcam_v_demosaic_0_0_hls_deadlock_detection_unit.v" already exists in file group "xilinx_veriloghlssimulation", cannot add it again.
WARNING: [IP_Flow 19-1971] File named "hdl/verilog/pcam_v_demosaic_0_0_hls_deadlock_detector.vh" already exists in file group "xilinx_veriloghlssimulation", cannot add it again.
WARNING: [IP_Flow 19-1971] File named "hdl/verilog/pcam_v_demosaic_0_0_hls_deadlock_idx0_monitor.v" already exists in file group "xilinx_veriloghlssimulation", cannot add it again.
WARNING: [IP_Flow 19-1971] File named "hdl/verilog/pcam_v_demosaic_0_0_hls_deadlock_idx1_monitor.v" already exists in file group "xilinx_veriloghlssimulation", cannot add it again.
WARNING: [IP_Flow 19-1971] File named "hdl/verilog/pcam_v_demosaic_0_0_hls_deadlock_kernel_monitor_top.vh" already exists in file group "xilinx_veriloghlssimulation", cannot add it again.
WARNING: [IP_Flow 19-1971] File named "hdl/verilog/pcam_v_demosaic_0_0_hls_deadlock_report_unit.vh" already exists in file group "xilinx_veriloghlssimulation", cannot add it again.
WARNING: [IP_Flow 19-1971] File named "hdl/verilog/pcam_v_demosaic_0_0_mac_muladd_12s_10ns_22s_23_4_1.v" already exists in file group "xilinx_veriloghlssimulation", cannot add it again.
WARNING: [IP_Flow 19-1971] File named "hdl/verilog/pcam_v_demosaic_0_0_mul_12s_10ns_22_1_1.v" already exists in file group "xilinx_veriloghlssimulation", cannot add it again.
WARNING: [IP_Flow 19-1971] File named "hdl/verilog/pcam_v_demosaic_0_0_mul_18s_8ns_18_1_1.v" already exists in file group "xilinx_veriloghlssimulation", cannot add it again.
WARNING: [IP_Flow 19-1971] File named "hdl/verilog/pcam_v_demosaic_0_0_mul_18s_9ns_18_1_1.v" already exists in file group "xilinx_veriloghlssimulation", cannot add it again.
WARNING: [IP_Flow 19-1971] File named "hdl/verilog/pcam_v_demosaic_0_0_MultiPixStream2AXIvideo.v" already exists in file group "xilinx_veriloghlssimulation", cannot add it again.
WARNING: [IP_Flow 19-1971] File named "hdl/verilog/pcam_v_demosaic_0_0_MultiPixStream2AXIvideo_Pipeline_VITIS_LOOP_230_2.v" already exists in file group "xilinx_veriloghlssimulation", cannot add it again.
WARNING: [IP_Flow 19-1971] File named "hdl/verilog/pcam_v_demosaic_0_0_reg_unsigned_short_s.v" already exists in file group "xilinx_veriloghlssimulation", cannot add it again.
WARNING: [IP_Flow 19-1971] File named "hdl/verilog/pcam_v_demosaic_0_0_regslice_both.v" already exists in file group "xilinx_veriloghlssimulation", cannot add it again.
WARNING: [IP_Flow 19-1971] File named "hdl/verilog/pcam_v_demosaic_0_0_start_for_Debayer_U0.v" already exists in file group "xilinx_veriloghlssimulation", cannot add it again.
WARNING: [IP_Flow 19-1971] File named "hdl/verilog/pcam_v_demosaic_0_0_start_for_DebayerRandBatG_U0.v" already exists in file group "xilinx_veriloghlssimulation", cannot add it again.
WARNING: [IP_Flow 19-1971] File named "hdl/verilog/pcam_v_demosaic_0_0_start_for_DebayerRatBorBatR_U0.v" already exists in file group "xilinx_veriloghlssimulation", cannot add it again.
WARNING: [IP_Flow 19-1971] File named "hdl/verilog/pcam_v_demosaic_0_0_start_for_MultiPixStream2AXIvideo_U0.v" already exists in file group "xilinx_veriloghlssimulation", cannot add it again.
WARNING: [IP_Flow 19-1971] File named "hdl/verilog/pcam_v_demosaic_0_0_start_for_ZipperRemoval_U0.v" already exists in file group "xilinx_veriloghlssimulation", cannot add it again.
WARNING: [IP_Flow 19-1971] File named "hdl/verilog/pcam_v_demosaic_0_0_ZipperRemoval.v" already exists in file group "xilinx_veriloghlssimulation", cannot add it again.
WARNING: [IP_Flow 19-1971] File named "hdl/verilog/pcam_v_demosaic_0_0_ZipperRemoval_Pipeline_VITIS_LOOP_1101_2.v" already exists in file group "xilinx_veriloghlssimulation", cannot add it again.
WARNING: [IP_Flow 19-1971] File named "hdl/verilog/pcam_v_demosaic_0_0_v_demosaic.v" already exists in file group "xilinx_veriloghlssimulation", cannot add it again.
compile_c: Time (s): cpu = 00:00:00 ; elapsed = 00:01:53 . Memory (MB): peak = 592.227 ; gain = 0.000
INFO: [IP_Flow 19-4838] Using cached IP synthesis design for IP pcam_v_demosaic_0_0, cache-ID = b56e97b1daedcdc3.
INFO: [Common 17-206] Exiting Vivado at Tue Apr  7 15:11:56 2026...
[Tue Apr  7 15:12:00 2026] pcam_v_demosaic_0_0_synth_1 finished
wait_on_runs: Time (s): cpu = 00:00:12 ; elapsed = 00:02:12 . Memory (MB): peak = 5789.035 ; gain = 0.000
refresh_design
ERROR: [Common 17-52] User Interrupt
close_design
close_bd_design [get_bd_designs pcam]
Wrote  : <C:/pcam5/pcam5.srcs/sources_1/bd/pcam/ui/bd_cec406ff.ui> 
reset_target all [get_files  C:/pcam5/pcam5.srcs/sources_1/bd/pcam/pcam.bd]
export_ip_user_files -of_objects  [get_files  C:/pcam5/pcam5.srcs/sources_1/bd/pcam/pcam.bd] -sync -no_script -force -quiet
delete_ip_run [get_files -of_objects [get_fileset sources_1] C:/pcam5/pcam5.srcs/sources_1/bd/pcam/pcam.bd]
WARNING: [Vivado 12-1017] Problems encountered:
1. Failed to delete one or more files in run directory C:/pcam5/pcam5.runs/pcam_zynq_ultra_ps_e_0_0_synth_1

WARNING: [Vivado 12-1017] Problems encountered:
1. Failed to delete one or more files in run directory C:/pcam5/pcam5.runs/pcam_axi_iic_0_0_synth_1

WARNING: [Vivado 12-1017] Problems encountered:
1. Failed to delete one or more files in run directory C:/pcam5/pcam5.runs/pcam_mipi_csi2_rx_subsyst_0_0_synth_1

WARNING: [Vivado 12-1017] Problems encountered:
1. Failed to delete one or more files in run directory C:/pcam5/pcam5.runs/bd_c5b0_phy_0_synth_1

WARNING: [Vivado 12-1017] Problems encountered:
1. Failed to delete one or more files in run directory C:/pcam5/pcam5.runs/bd_c5b0_rx_0_synth_1

WARNING: [Vivado 12-1017] Problems encountered:
1. Failed to delete one or more files in run directory C:/pcam5/pcam5.runs/bd_c5b0_vfb_0_0_synth_1

WARNING: [Vivado 12-1017] Problems encountered:
1. Failed to delete one or more files in run directory C:/pcam5/pcam5.runs/bd_c5b0_r_sync_0_synth_1

WARNING: [Vivado 12-1017] Problems encountered:
1. Failed to delete one or more files in run directory C:/pcam5/pcam5.runs/pcam_v_demosaic_0_0_synth_1

WARNING: [Vivado 12-1017] Problems encountered:
1. Failed to delete one or more files in run directory C:/pcam5/pcam5.runs/pcam_clk_wiz_0_0_synth_1

WARNING: [Vivado 12-1017] Problems encountered:
1. Failed to delete one or more files in run directory C:/pcam5/pcam5.runs/pcam_downscaler_param_0_0_synth_1

WARNING: [Vivado 12-1017] Problems encountered:
1. Failed to delete one or more files in run directory C:/pcam5/pcam5.runs/pcam_proc_sys_reset_0_0_synth_1

WARNING: [Vivado 12-1017] Problems encountered:
1. Failed to delete one or more files in run directory C:/pcam5/pcam5.runs/pcam_proc_sys_reset_1_0_synth_1

WARNING: [Vivado 12-1017] Problems encountered:
1. Failed to delete one or more files in run directory C:/pcam5/pcam5.runs/pcam_axi_vdma_0_0_synth_1

delete_ip_run: Time (s): cpu = 00:00:10 ; elapsed = 00:00:09 . Memory (MB): peak = 5789.035 ; gain = 0.000
generate_target all [get_files  C:/pcam5/pcam5.srcs/sources_1/bd/pcam/pcam.bd]
Excluding slave segment /zynq_ultra_ps_e_0/SAXIGP0/HPC0_DDR_HIGH from address space /axi_vdma_0/Data_S2MM.
Excluding slave segment /zynq_ultra_ps_e_0/SAXIGP0/HPC0_LPS_OCM from address space /axi_vdma_0/Data_S2MM.
WARNING: [BD 41-176] The physical port 'dl0_rxinvalidcodehs' specified in the portmap, is not found on the block! 
WARNING: [BD 41-176] The physical port 'dl0_rxulpmesc' specified in the portmap, is not found on the block! 
WARNING: [BD 41-176] The physical port 'dl1_rxinvalidcodehs' specified in the portmap, is not found on the block! 
WARNING: [BD 41-176] The physical port 'dl1_rxulpmesc' specified in the portmap, is not found on the block! 
WARNING: [BD 41-176] The physical port 'dl2_rxinvalidcodehs' specified in the portmap, is not found on the block! 
WARNING: [BD 41-176] The physical port 'dl2_rxulpmesc' specified in the portmap, is not found on the block! 
WARNING: [BD 41-176] The physical port 'dl3_rxulpmesc' specified in the portmap, is not found on the block! 
INFO: [BD 41-1662] The design 'pcam.bd' is already validated. Therefore parameter propagation will not be re-run.
WARNING: [BD 41-2384] Width mismatch when connecting pin: '/v_demosaic_0/s_axis_video_TDEST'(1) to pin: '/mipi_csi2_rx_subsyst_0/video_out_tdest'(10) - Only lower order bits will be connected.
Verilog Output written to : c:/pcam5/pcam5.gen/sources_1/bd/pcam/synth/pcam.v
WARNING: [BD 41-2384] Width mismatch when connecting pin: '/v_demosaic_0/s_axis_video_TDEST'(1) to pin: '/mipi_csi2_rx_subsyst_0/video_out_tdest'(10) - Only lower order bits will be connected.
Verilog Output written to : c:/pcam5/pcam5.gen/sources_1/bd/pcam/sim/pcam.v
Verilog Output written to : c:/pcam5/pcam5.gen/sources_1/bd/pcam/hdl/pcam_wrapper.v
INFO: [xilinx.com:ip:zynq_ultra_ps_e:3.5-0] pcam_zynq_ultra_ps_e_0_0: 
Changes in your design (including the PCW configuration settings) are not automatically exported from Vivado to Amd's SDK, Petalinux or Yocto.
This is by design to avoid disrupting existing embedded development efforts. To have any changes of your design taking effect in the embedded software flow please export your
design by going through Vivado's main menu, click on File, then Export finally select Export Hardware, please ensure you click on the Include BitStream option.
The auto-generated HDF file is all you need to import in Amd's SDK, Petalinux or Yocto for your changes to be reflected in the Embedded Software Flow.
For more information, please consult PG201, section: Exporting PCW Settings to Embedded Software Flows
INFO: [PSU-0] Address Range of DDR (0x7ff00000 to 0x7fffffff) is reserved by PMU for internal purpose.
INFO: [IP_Flow 19-5611] Unable to find an associated reset port for the interface 'M_AXI_HPM0_FPD'. A default connection has been created.
INFO: [IP_Flow 19-5611] Unable to find an associated reset port for the interface 'S_AXI_HPC0_FPD'. A default connection has been created.
INFO: [BD 41-1029] Generation completed for the IP Integrator block zynq_ultra_ps_e_0 .
INFO: [BD 41-1029] Generation completed for the IP Integrator block axi_iic_0 .
WARNING: [IP_Flow 19-5378] Port width mismatch for bus parameter 'M00_AXIS.TDATA_NUM_BYTES'. Logical port width '4' and physical port width '16' do not match.
WARNING: [IP_Flow 19-5378] Port width mismatch for bus parameter 'M00_AXIS.TUSER_WIDTH'. Logical port width '96' and physical port width '384' do not match.
WARNING: [IP_Flow 19-5378] Port width mismatch for bus parameter 'M00_AXIS.TDEST_WIDTH'. Logical port width '4' and physical port width '16' do not match.
WARNING: [IP_Flow 19-5378] Port width mismatch for bus parameter 'M01_AXIS.TDATA_NUM_BYTES'. Logical port width '4' and physical port width '16' do not match.
WARNING: [IP_Flow 19-5378] Port width mismatch for bus parameter 'M01_AXIS.TUSER_WIDTH'. Logical port width '96' and physical port width '384' do not match.
WARNING: [IP_Flow 19-5378] Port width mismatch for bus parameter 'M01_AXIS.TDEST_WIDTH'. Logical port width '4' and physical port width '16' do not match.
WARNING: [IP_Flow 19-5378] Port width mismatch for bus parameter 'M02_AXIS.TDATA_NUM_BYTES'. Logical port width '4' and physical port width '16' do not match.
WARNING: [IP_Flow 19-5378] Port width mismatch for bus parameter 'M02_AXIS.TUSER_WIDTH'. Logical port width '96' and physical port width '384' do not match.
WARNING: [IP_Flow 19-5378] Port width mismatch for bus parameter 'M02_AXIS.TDEST_WIDTH'. Logical port width '4' and physical port width '16' do not match.
WARNING: [IP_Flow 19-5378] Port width mismatch for bus parameter 'M03_AXIS.TDATA_NUM_BYTES'. Logical port width '4' and physical port width '16' do not match.
WARNING: [IP_Flow 19-5378] Port width mismatch for bus parameter 'M03_AXIS.TUSER_WIDTH'. Logical port width '96' and physical port width '384' do not match.
WARNING: [IP_Flow 19-5378] Port width mismatch for bus parameter 'M03_AXIS.TDEST_WIDTH'. Logical port width '4' and physical port width '16' do not match.
Exporting to file c:/pcam5/pcam5.gen/sources_1/bd/pcam/ip/pcam_mipi_csi2_rx_subsyst_0_0/bd_0/hw_handoff/pcam_mipi_csi2_rx_subsyst_0_0.hwh
Generated Hardware Definition File c:/pcam5/pcam5.gen/sources_1/bd/pcam/ip/pcam_mipi_csi2_rx_subsyst_0_0/bd_0/synth/pcam_mipi_csi2_rx_subsyst_0_0.hwdef
INFO: [BD 41-1029] Generation completed for the IP Integrator block mipi_csi2_rx_subsyst_0 .
WARNING: [IP_Flow 19-1971] File named "sim/pcam_v_demosaic_0_0.v" already exists in file group "xilinx_verilogsimulationwrapper", cannot add it again.
INFO: [BD 41-1029] Generation completed for the IP Integrator block v_demosaic_0 .
INFO: [BD 41-1029] Generation completed for the IP Integrator block clk_wiz_0 .
INFO: [BD 41-1029] Generation completed for the IP Integrator block downscaler_param_0 .
INFO: [BD 41-1029] Generation completed for the IP Integrator block sys_rst_vid .
INFO: [BD 41-1029] Generation completed for the IP Integrator block sys_rst_csi .
WARNING: [IP_Flow 19-4994] Overwriting existing constraint file 'c:/pcam5/pcam5.gen/sources_1/bd/pcam/ip/pcam_axi_vdma_0_0/pcam_axi_vdma_0_0_ooc.xdc'
INFO: [BD 41-1029] Generation completed for the IP Integrator block axi_vdma_0 .
WARNING: [BD 41-2384] Width mismatch when connecting pin: '/s00_nodes/s00_ar_node/s_sc_payld'(170) to pin: '/s00_nodes/S_SC_AR_payld'(166) - Only lower order bits will be connected.
WARNING: [BD 41-2384] Width mismatch when connecting pin: '/s00_nodes/s00_aw_node/s_sc_payld'(170) to pin: '/s00_nodes/S_SC_AW_payld'(166) - Only lower order bits will be connected.
WARNING: [BD 41-2384] Width mismatch when connecting pin: '/m00_nodes/m00_b_node/s_sc_payld'(9) to pin: '/m00_nodes/S_SC_B_payld'(7) - Only lower order bits will be connected.
WARNING: [BD 41-2384] Width mismatch when connecting pin: '/m00_nodes/m00_r_node/s_sc_payld'(55) to pin: '/m00_nodes/S_SC_R_payld'(53) - Only lower order bits will be connected.
WARNING: [BD 41-2384] Width mismatch when connecting pin: '/m01_nodes/m01_b_node/s_sc_payld'(9) to pin: '/m01_nodes/S_SC_B_payld'(7) - Only lower order bits will be connected.
WARNING: [BD 41-2384] Width mismatch when connecting pin: '/m01_nodes/m01_r_node/s_sc_payld'(55) to pin: '/m01_nodes/S_SC_R_payld'(53) - Only lower order bits will be connected.
WARNING: [BD 41-2384] Width mismatch when connecting pin: '/m02_nodes/m02_b_node/s_sc_payld'(9) to pin: '/m02_nodes/S_SC_B_payld'(7) - Only lower order bits will be connected.
WARNING: [BD 41-2384] Width mismatch when connecting pin: '/m02_nodes/m02_r_node/s_sc_payld'(55) to pin: '/m02_nodes/S_SC_R_payld'(53) - Only lower order bits will be connected.
WARNING: [BD 41-2384] Width mismatch when connecting pin: '/m03_nodes/m03_b_node/s_sc_payld'(9) to pin: '/m03_nodes/S_SC_B_payld'(7) - Only lower order bits will be connected.
WARNING: [BD 41-2384] Width mismatch when connecting pin: '/m03_nodes/m03_r_node/s_sc_payld'(55) to pin: '/m03_nodes/S_SC_R_payld'(53) - Only lower order bits will be connected.
WARNING: [BD 41-2384] Width mismatch when connecting pin: '/m00_sc2axi/s_sc_ar_payld'(166) to pin: '/m00_nodes/M_SC_AR_payld'(170) - Only lower order bits will be connected.
WARNING: [BD 41-2384] Width mismatch when connecting pin: '/m00_sc2axi/s_sc_aw_payld'(166) to pin: '/m00_nodes/M_SC_AW_payld'(170) - Only lower order bits will be connected.
WARNING: [BD 41-2384] Width mismatch when connecting pin: '/m01_sc2axi/s_sc_ar_payld'(166) to pin: '/m01_nodes/M_SC_AR_payld'(170) - Only lower order bits will be connected.
WARNING: [BD 41-2384] Width mismatch when connecting pin: '/m01_sc2axi/s_sc_aw_payld'(166) to pin: '/m01_nodes/M_SC_AW_payld'(170) - Only lower order bits will be connected.
WARNING: [BD 41-2384] Width mismatch when connecting pin: '/m02_sc2axi/s_sc_ar_payld'(166) to pin: '/m02_nodes/M_SC_AR_payld'(170) - Only lower order bits will be connected.
WARNING: [BD 41-2384] Width mismatch when connecting pin: '/m02_sc2axi/s_sc_aw_payld'(166) to pin: '/m02_nodes/M_SC_AW_payld'(170) - Only lower order bits will be connected.
WARNING: [BD 41-2384] Width mismatch when connecting pin: '/m03_sc2axi/s_sc_ar_payld'(166) to pin: '/m03_nodes/M_SC_AR_payld'(170) - Only lower order bits will be connected.
WARNING: [BD 41-2384] Width mismatch when connecting pin: '/m03_sc2axi/s_sc_aw_payld'(166) to pin: '/m03_nodes/M_SC_AW_payld'(170) - Only lower order bits will be connected.
WARNING: [BD 41-2384] Width mismatch when connecting pin: '/s00_axi2sc/s_sc_b_payld'(7) to pin: '/s00_nodes/M_SC_B_payld'(9) - Only lower order bits will be connected.
WARNING: [BD 41-2384] Width mismatch when connecting pin: '/s00_axi2sc/s_sc_r_payld'(53) to pin: '/s00_nodes/M_SC_R_payld'(55) - Only lower order bits will be connected.
WARNING: [BD 41-2384] Width mismatch when connecting pin: '/s00_nodes/s00_ar_node/s_sc_payld'(170) to pin: '/s00_nodes/S_SC_AR_payld'(166) - Only lower order bits will be connected.
WARNING: [BD 41-2384] Width mismatch when connecting pin: '/s00_nodes/s00_aw_node/s_sc_payld'(170) to pin: '/s00_nodes/S_SC_AW_payld'(166) - Only lower order bits will be connected.
WARNING: [BD 41-2384] Width mismatch when connecting pin: '/m00_nodes/m00_b_node/s_sc_payld'(9) to pin: '/m00_nodes/S_SC_B_payld'(7) - Only lower order bits will be connected.
WARNING: [BD 41-2384] Width mismatch when connecting pin: '/m00_nodes/m00_r_node/s_sc_payld'(55) to pin: '/m00_nodes/S_SC_R_payld'(53) - Only lower order bits will be connected.
WARNING: [BD 41-2384] Width mismatch when connecting pin: '/m01_nodes/m01_b_node/s_sc_payld'(9) to pin: '/m01_nodes/S_SC_B_payld'(7) - Only lower order bits will be connected.
WARNING: [BD 41-2384] Width mismatch when connecting pin: '/m01_nodes/m01_r_node/s_sc_payld'(55) to pin: '/m01_nodes/S_SC_R_payld'(53) - Only lower order bits will be connected.
WARNING: [BD 41-2384] Width mismatch when connecting pin: '/m02_nodes/m02_b_node/s_sc_payld'(9) to pin: '/m02_nodes/S_SC_B_payld'(7) - Only lower order bits will be connected.
WARNING: [BD 41-2384] Width mismatch when connecting pin: '/m02_nodes/m02_r_node/s_sc_payld'(55) to pin: '/m02_nodes/S_SC_R_payld'(53) - Only lower order bits will be connected.
WARNING: [BD 41-2384] Width mismatch when connecting pin: '/m03_nodes/m03_b_node/s_sc_payld'(9) to pin: '/m03_nodes/S_SC_B_payld'(7) - Only lower order bits will be connected.
WARNING: [BD 41-2384] Width mismatch when connecting pin: '/m03_nodes/m03_r_node/s_sc_payld'(55) to pin: '/m03_nodes/S_SC_R_payld'(53) - Only lower order bits will be connected.
WARNING: [BD 41-2384] Width mismatch when connecting pin: '/m00_sc2axi/s_sc_ar_payld'(166) to pin: '/m00_nodes/M_SC_AR_payld'(170) - Only lower order bits will be connected.
WARNING: [BD 41-2384] Width mismatch when connecting pin: '/m00_sc2axi/s_sc_aw_payld'(166) to pin: '/m00_nodes/M_SC_AW_payld'(170) - Only lower order bits will be connected.
WARNING: [BD 41-2384] Width mismatch when connecting pin: '/m01_sc2axi/s_sc_ar_payld'(166) to pin: '/m01_nodes/M_SC_AR_payld'(170) - Only lower order bits will be connected.
WARNING: [BD 41-2384] Width mismatch when connecting pin: '/m01_sc2axi/s_sc_aw_payld'(166) to pin: '/m01_nodes/M_SC_AW_payld'(170) - Only lower order bits will be connected.
WARNING: [BD 41-2384] Width mismatch when connecting pin: '/m02_sc2axi/s_sc_ar_payld'(166) to pin: '/m02_nodes/M_SC_AR_payld'(170) - Only lower order bits will be connected.
WARNING: [BD 41-2384] Width mismatch when connecting pin: '/m02_sc2axi/s_sc_aw_payld'(166) to pin: '/m02_nodes/M_SC_AW_payld'(170) - Only lower order bits will be connected.
WARNING: [BD 41-2384] Width mismatch when connecting pin: '/m03_sc2axi/s_sc_ar_payld'(166) to pin: '/m03_nodes/M_SC_AR_payld'(170) - Only lower order bits will be connected.
WARNING: [BD 41-2384] Width mismatch when connecting pin: '/m03_sc2axi/s_sc_aw_payld'(166) to pin: '/m03_nodes/M_SC_AW_payld'(170) - Only lower order bits will be connected.
WARNING: [BD 41-2384] Width mismatch when connecting pin: '/s00_axi2sc/s_sc_b_payld'(7) to pin: '/s00_nodes/M_SC_B_payld'(9) - Only lower order bits will be connected.
WARNING: [BD 41-2384] Width mismatch when connecting pin: '/s00_axi2sc/s_sc_r_payld'(53) to pin: '/s00_nodes/M_SC_R_payld'(55) - Only lower order bits will be connected.
Exporting to file c:/pcam5/pcam5.gen/sources_1/bd/pcam/ip/pcam_axi_smc_0/bd_0/hw_handoff/pcam_axi_smc_0.hwh
Generated Hardware Definition File c:/pcam5/pcam5.gen/sources_1/bd/pcam/ip/pcam_axi_smc_0/bd_0/synth/pcam_axi_smc_0.hwdef
INFO: [BD 41-1029] Generation completed for the IP Integrator block axi_smc .
Exporting to file c:/pcam5/pcam5.gen/sources_1/bd/pcam/ip/pcam_axi_smc_1_0/bd_0/hw_handoff/pcam_axi_smc_1_0.hwh
Generated Hardware Definition File c:/pcam5/pcam5.gen/sources_1/bd/pcam/ip/pcam_axi_smc_1_0/bd_0/synth/pcam_axi_smc_1_0.hwdef
INFO: [BD 41-1029] Generation completed for the IP Integrator block axi_smc_1 .
Exporting to file c:/pcam5/pcam5.gen/sources_1/bd/pcam/hw_handoff/pcam.hwh
Generated Hardware Definition File c:/pcam5/pcam5.gen/sources_1/bd/pcam/synth/pcam.hwdef
INFO: [BD 41-3262] Generated VHDL Instantiation Template file c:/pcam5/pcam5.gen/sources_1/bd/pcam/pcam.vho
INFO: [BD 41-3262] Generated Verilog Instantiation Template file c:/pcam5/pcam5.gen/sources_1/bd/pcam/pcam.veo
INFO: [BD 41-3262] Generated System Verilog Instantiation Template file c:/pcam5/pcam5.gen/sources_1/bd/pcam/pcam_sv.sveo
generate_target: Time (s): cpu = 00:00:51 ; elapsed = 00:00:53 . Memory (MB): peak = 5789.035 ; gain = 0.000
catch { config_ip_cache -export [get_ips -all pcam_zynq_ultra_ps_e_0_0] }
INFO: [IP_Flow 19-4993] Using cached IP synthesis design for IP pcam_zynq_ultra_ps_e_0_0, cache-ID = 775170298abd22f1; cache size = 49.231 MB.
catch { config_ip_cache -export [get_ips -all pcam_axi_iic_0_0] }
INFO: [IP_Flow 19-4993] Using cached IP synthesis design for IP pcam_axi_iic_0_0, cache-ID = 6b82729b2ebbeadc; cache size = 49.231 MB.
catch { config_ip_cache -export [get_ips -all pcam_mipi_csi2_rx_subsyst_0_0] }
INFO: [IP_Flow 19-4993] Using cached IP synthesis design for IP pcam_mipi_csi2_rx_subsyst_0_0, cache-ID = bfc5e8bd2c02dae3; cache size = 49.231 MB.
catch { config_ip_cache -export [get_ips -all bd_c5b0_phy_0] }
INFO: [IP_Flow 19-4993] Using cached IP synthesis design for IP bd_c5b0_phy_0, cache-ID = 93a60c31e5ca296d; cache size = 49.231 MB.
catch { config_ip_cache -export [get_ips -all bd_c5b0_rx_0] }
INFO: [IP_Flow 19-4993] Using cached IP synthesis design for IP bd_c5b0_rx_0, cache-ID = fe894f8560d0cad2; cache size = 49.231 MB.
catch { config_ip_cache -export [get_ips -all bd_c5b0_vfb_0_0] }
INFO: [IP_Flow 19-4993] Using cached IP synthesis design for IP bd_c5b0_vfb_0_0, cache-ID = da876cc649b3d219; cache size = 49.231 MB.
catch { config_ip_cache -export [get_ips -all bd_c5b0_r_sync_0] }
INFO: [IP_Flow 19-4993] Using cached IP synthesis design for IP bd_c5b0_r_sync_0, cache-ID = c2836f2b6906df78; cache size = 49.231 MB.
catch { config_ip_cache -export [get_ips -all pcam_v_demosaic_0_0] }
INFO: [IP_Flow 19-4993] Using cached IP synthesis design for IP pcam_v_demosaic_0_0, cache-ID = b56e97b1daedcdc3; cache size = 49.231 MB.
catch { config_ip_cache -export [get_ips -all pcam_clk_wiz_0_0] }
INFO: [IP_Flow 19-4993] Using cached IP synthesis design for IP pcam_clk_wiz_0_0, cache-ID = 41dac716628f4446; cache size = 49.231 MB.
catch { config_ip_cache -export [get_ips -all pcam_downscaler_param_0_0] }
INFO: [IP_Flow 19-4993] Using cached IP synthesis design for IP pcam_downscaler_param_0_0, cache-ID = 8965ab9cb9ac4568; cache size = 49.231 MB.
catch { config_ip_cache -export [get_ips -all pcam_proc_sys_reset_0_0] }
INFO: [IP_Flow 19-4993] Using cached IP synthesis design for IP pcam_proc_sys_reset_0_0, cache-ID = 958d05889ebb37ea; cache size = 49.231 MB.
catch { config_ip_cache -export [get_ips -all pcam_proc_sys_reset_1_0] }
INFO: [IP_Flow 19-4993] Using cached IP synthesis design for IP pcam_proc_sys_reset_1_0, cache-ID = c2836f2b6906df78; cache size = 49.231 MB.
catch { config_ip_cache -export [get_ips -all pcam_axi_vdma_0_0] }
INFO: [IP_Flow 19-4993] Using cached IP synthesis design for IP pcam_axi_vdma_0_0, cache-ID = 60f02baf9a2efb59; cache size = 49.231 MB.
catch { config_ip_cache -export [get_ips -all pcam_axi_smc_0] }
catch { config_ip_cache -export [get_ips -all pcam_axi_smc_1_0] }
export_ip_user_files -of_objects [get_files C:/pcam5/pcam5.srcs/sources_1/bd/pcam/pcam.bd] -no_script -sync -force -quiet
create_ip_run [get_files -of_objects [get_fileset sources_1] C:/pcam5/pcam5.srcs/sources_1/bd/pcam/pcam.bd]
launch_runs pcam_axi_smc_0_synth_1 pcam_axi_smc_1_0_synth_1 -jobs 16
[Tue Apr  7 15:15:06 2026] Launched pcam_axi_smc_0_synth_1, pcam_axi_smc_1_0_synth_1...
Run output will be captured here:
pcam_axi_smc_0_synth_1: C:/pcam5/pcam5.runs/pcam_axi_smc_0_synth_1/runme.log
pcam_axi_smc_1_0_synth_1: C:/pcam5/pcam5.runs/pcam_axi_smc_1_0_synth_1/runme.log
export_simulation -lib_map_path [list {modelsim=C:/pcam5/pcam5.cache/compile_simlib/modelsim} {questa=C:/pcam5/pcam5.cache/compile_simlib/questa} {riviera=C:/pcam5/pcam5.cache/compile_simlib/riviera} {activehdl=C:/pcam5/pcam5.cache/compile_simlib/activehdl}] -of_objects [get_files C:/pcam5/pcam5.srcs/sources_1/bd/pcam/pcam.bd] -directory C:/pcam5/pcam5.ip_user_files/sim_scripts -ip_user_files_dir C:/pcam5/pcam5.ip_user_files -ipstatic_source_dir C:/pcam5/pcam5.ip_user_files/ipstatic -use_ip_compiled_libs -force -quiet
